codice_zona,nome_zona,data,giorno,ora,affollamento_medio,longitudine,latitudine
piazza_porta_ravegnana,Piazza Porta Ravegnana,2026-09-16T21:00:00+00:00,3-Mercoledi,23,0,11.346786132701961,44.4942259928551
biblioteca_ruffilli,Biblioteca Ruffilli,2026-09-16T21:00:00+00:00,3-Mercoledi,23,0,11.354926937578657,44.49379360311267
velostazione,Velostazione,2026-09-16T21:00:00+00:00,3-Mercoledi,23,0,11.345568423884524,44.50352386626166
comune_liber_paradisus,Comune / Piazza Liber Paradisus,2026-09-16T21:00:00+00:00,3-Mercoledi,23,0,11.340078869439344,44.50963022646414
parco_zucca,Parco della Zucca,2026-09-16T21:00:00+00:00,3-Mercoledi,23,0,11.350633924100899,44.51289217630053
certosa,Certosa,2026-09-16T21:00:00+00:00,3-Mercoledi,23,0,11.307060780642725,44.496582005814055
serre_giardini_margherita,Le Serre dei Giardini Margherita,2026-09-16T21:00:00+00:00,3-Mercoledi,23,0,11.34918685728514,44.48327710584824
casa_carducci,Casa Carducci,2026-09-16T21:00:00+00:00,3-Mercoledi,23,0,11.357189683658326,44.48793199445139
borgo_panigale_biblioteca,Biblioteca Borgo Panigale,2026-09-16T21:00:00+00:00,3-Mercoledi,23,0,11.265670638184051,44.52280679104457
giardino_lennon_parker,Giardino Parker - Lennon,2026-09-16T21:00:00+00:00,3-Mercoledi,23,0,11.357721592278907,44.50388698316799
museo_per_la_memoria,Museo per la Memoria di Ustica,2026-09-16T21:00:00+00:00,3-Mercoledi,23,0,11.351056616136248,44.51326745817074
biblioteca_casa_khaoula,Biblioteca Casa di Khaoula,2026-09-16T21:00:00+00:00,3-Mercoledi,23,0,11.34762433889239,44.52005878008443
parco_11_settembre,Parco 11 Settembre 2001,2026-09-16T21:00:00+00:00,3-Mercoledi,23,0,11.33658934486044,44.50012185840865
piazza_galileo_galilei,Piazza Galileo Galilei,2026-09-16T21:00:00+00:00,3-Mercoledi,23,0,11.3407440252421,44.49334026452536
piazza_8_agosto,Piazza 8 Agosto,2026-09-16T21:00:00+00:00,3-Mercoledi,23,0,11.34527686440958,44.50027943650601
mercato_san_donato,Mercato San Donato,2026-09-16T21:00:00+00:00,3-Mercoledi,23,0,11.362214860040977,44.50201910803576
giardino_lavinia_fontana,Giardino Lavinia Fontana,2026-09-16T21:00:00+00:00,3-Mercoledi,23,0,11.355645424287196,44.48809517552899
centro_studi_cabral,Centro Studi Amilcar Cabral,2026-09-16T21:00:00+00:00,3-Mercoledi,23,0,11.33955685469799,44.484257625677024
piazza_pasolini_lumiere,Piazza Pasolini / Lumiere,2026-09-16T21:00:00+00:00,3-Mercoledi,23,0,11.334766886590288,44.502403722367106
giardino_vittime_macinella,Giardino Vittime di Marcinelle e Caduti,2026-09-16T21:00:00+00:00,3-Mercoledi,23,0,11.367729464838469,44.50500806480565
rimesse,Rimesse,2026-09-16T21:00:00+00:00,3-Mercoledi,23,0,11.373160257437307,44.494264502223714
cineteca_archivi,Cineteca Archivi,2026-09-16T21:00:00+00:00,3-Mercoledi,23,0,11.389976453444145,44.50454108042767
biblioteca_spina,Biblioteca Spina,2026-09-16T21:00:00+00:00,3-Mercoledi,23,0,11.394655103500526,44.5111220826962
palazzo_accursio,Palazzo D'Accursio,2026-09-16T21:00:00+00:00,3-Mercoledi,23,0,11.341797312105145,44.494189630319596
torre_orologio,Torre dell'Orologio,2026-09-16T21:00:00+00:00,3-Mercoledi,23,0,11.342030493697278,44.49363299381554
piazza_galvani_archiginnasio,Piazza Galvani / Archiginnasio,2026-09-16T21:00:00+00:00,3-Mercoledi,23,0,11.343575024054044,44.49159441036996
stazione_piazza_med_oro,Stazione / Piazza Medaglie D'Oro,2026-09-16T21:00:00+00:00,3-Mercoledi,23,0,11.343236115621353,44.50522439397164
biblioteca_tassinari,Biblioteca Tassinari (Villa Spada),2026-09-16T21:00:00+00:00,3-Mercoledi,23,0,11.315077862364939,44.48711563513905
quartiere_reno,Quartiere Reno,2026-09-16T21:00:00+00:00,3-Mercoledi,23,0,11.296666972106967,44.502170876800726
quartiere_borgo,Quartiere Borgo Panigale,2026-09-16T21:00:00+00:00,3-Mercoledi,23,0,11.279163670955871,44.51715386515034
mambo,Mambo,2026-09-16T21:00:00+00:00,3-Mercoledi,23,0,11.33683360818396,44.50257695055724
piazza_san_francesco,Piazza San Francesco,2026-09-16T21:00:00+00:00,3-Mercoledi,23,0,11.334972379366,44.49496055460151
quartiere_porto_bibl_borges,Quartiere Porto / Biblioteca Borges,2026-09-16T21:00:00+00:00,3-Mercoledi,23,0,11.329093689479468,44.50224882527717
mercato_via_albani,Mercato di Via Albani,2026-09-16T21:00:00+00:00,3-Mercoledi,23,0,11.34402582275058,44.510272660753174
sala_centofiori,Sala Centofiori,2026-09-16T21:00:00+00:00,3-Mercoledi,23,0,11.35990829854188,44.546273268328655
cineteca,Cineteca,2026-09-16T21:00:00+00:00,3-Mercoledi,23,0,11.336904443406464,44.49891741678237
laboratorio_interculturale,Biblioteca del Laboratorio Interculturale,2026-09-16T21:00:00+00:00,3-Mercoledi,23,0,11.334050593880528,44.4923245617229
piazza_verdi,Piazza Verdi,2026-09-16T21:00:00+00:00,3-Mercoledi,23,0,11.350683736069605,44.49624149011274
archivio_storico,Archivio Storico Comunale,2026-09-16T21:00:00+00:00,3-Mercoledi,23,0,11.36173097716811,44.501697151666704
polizia_municipale_lombardia,Polizia Municipale Via Lombardia,2026-09-16T21:00:00+00:00,3-Mercoledi,23,0,11.380734611561703,44.475041518877816
santostefano,Quartiere Santo Stefano,2026-09-16T21:00:00+00:00,3-Mercoledi,23,0,11.354555150931915,44.48530398061519
ateliersaperi,Atelier dei Saperi,2026-09-16T21:00:00+00:00,3-Mercoledi,23,0,11.366440147791629,44.496061169138635
bassa_soglia,Servizio Bassa Soglia,2026-09-16T21:00:00+00:00,3-Mercoledi,23,0,11.346106360310804,44.50975850467694
sportello_porto_saragozza,Sportello Sociale Porto Saragozza,2026-09-16T21:00:00+00:00,3-Mercoledi,23,0,11.330591933200418,44.49743898853058
piazza_aldrovandi,Piazza Aldrovandi,2026-09-16T21:00:00+00:00,3-Mercoledi,23,0,11.351772647464196,44.493514395619975
portici_san_luca,Portici San Luca,2026-09-16T21:00:00+00:00,3-Mercoledi,23,0,11.310793464002822,44.49002124816221
portici_santo_stefano,Portici Piazza Santo Stefano,2026-09-16T21:00:00+00:00,3-Mercoledi,23,0,11.348214023424926,44.4923724938828
portico_pavaglione,Portico del Pavaglione,2026-09-16T21:00:00+00:00,3-Mercoledi,23,0,11.343554321642664,44.49277258177935
museo_archeologico,Museo Archeologico,2026-09-16T21:00:00+00:00,3-Mercoledi,23,0,11.344317925246633,44.492907377216
museo_musica,Museo della Musica,2026-09-16T21:00:00+00:00,3-Mercoledi,23,0,11.350320867805817,44.49286727626905
autostazione,Autostazione,2026-09-16T21:00:00+00:00,3-Mercoledi,23,0,11.346413471395405,44.50412233071955
piazza_unita,Piazza Dell'Unita',2026-09-16T21:00:00+00:00,3-Mercoledi,23,0,11.347095551842576,44.51146165088361
parco_cavaticcio,Parco del Cavaticcio,2026-09-16T21:00:00+00:00,3-Mercoledi,23,0,11.335924318560533,44.50261558056925
quartiere_savena,Quartiere Savena,2026-09-16T21:00:00+00:00,3-Mercoledi,23,0,11.389659092242418,44.473548759415905
giardini_margherita,Giardini Margherita,2026-09-16T21:00:00+00:00,3-Mercoledi,23,0,11.352924327935487,44.48310495437518
stadio,Stadio,2026-09-16T21:00:00+00:00,3-Mercoledi,23,0,11.309684973790153,44.49237798941952
casteldebole_giardini,Giardino Sorelle Mirabal,2026-09-16T21:00:00+00:00,3-Mercoledi,23,0,11.276619859402423,44.50253212720367
museo_tappezzeria,Museo della Tappezzeria,2026-09-16T21:00:00+00:00,3-Mercoledi,23,0,11.315258504368558,44.48793845172337
quartiere_navile,Quartiere Navile,2026-09-16T21:00:00+00:00,3-Mercoledi,23,0,11.329479223221583,44.51883731169992
museo_patrimonio_industriale,Museo del Patrimonio Industriale,2026-09-16T21:00:00+00:00,3-Mercoledi,23,0,11.33453154568292,44.52185116940013
piazza_malpighi,Piazza Malpighi,2026-09-16T21:00:00+00:00,3-Mercoledi,23,0,11.336354718343932,44.494051038094796
sede_quartiere_saragozza,Sede del Quartiere Saragozza,2026-09-16T21:00:00+00:00,3-Mercoledi,23,0,11.33118420388445,44.49473482787063
piazza_maggiore_podesta,Piazza Maggiore / Podesta',2026-09-16T21:00:00+00:00,3-Mercoledi,23,0,11.343076044345585,44.494053409105085
archiginnasio,Archiginnasio,2026-09-16T21:00:00+00:00,3-Mercoledi,23,0,11.343736052819256,44.492084218142104
museo_civico_medievale,Museo Civico Medievale,2026-09-16T21:00:00+00:00,3-Mercoledi,23,0,11.342158706616681,44.49633487816838
quartiere_san_donato,Quartiere San Donato,2026-09-16T21:00:00+00:00,3-Mercoledi,23,0,11.367392710090371,44.50459666027341
pubblica_assistenza,Pubblica Assistenza Citta' di Bologna,2026-09-16T21:00:00+00:00,3-Mercoledi,23,0,11.383647893083001,44.49688238272082
biblioteca_natalia_ginzburg,Biblioteca Natalia Ginzburg,2026-09-16T21:00:00+00:00,3-Mercoledi,23,0,11.391702427962384,44.47411627490949
salaborsa,Biblioteca Salaborsa,2026-09-16T21:00:00+00:00,3-Mercoledi,23,0,11.34190051712521,44.494670263442316
poliambulatorio_pilastro,Poliambulatorio Pilastro,2026-09-16T21:00:00+00:00,3-Mercoledi,23,0,11.389375799301899,44.512949920002974
dumbo,Dumbo,2026-09-16T21:00:00+00:00,3-Mercoledi,23,0,11.325935453367027,44.50535134807505
polizia_minucipale,Polizia Municipale,2026-09-16T21:00:00+00:00,3-Mercoledi,23,0,11.390647443148671,44.50355993301129
artigiano,Comune di Bologna - Artigiano,2026-09-16T21:00:00+00:00,3-Mercoledi,23,0,11.367334801846928,44.50274841761949
poliambulatorio_zanolini,Poliambulatorio Zanolini,2026-09-16T21:00:00+00:00,3-Mercoledi,23,0,11.357455161993055,44.49484089990392
casa_gialla,Casa Gialla,2026-09-16T21:00:00+00:00,3-Mercoledi,23,0,11.393719182005707,44.511272044800684
biblioteca_tassinari,Biblioteca Tassinari (Villa Spada),2026-09-16T20:00:00+00:00,3-Mercoledi,22,0,11.315077862364939,44.48711563513905
serre_giardini_margherita,Le Serre dei Giardini Margherita,2026-09-16T20:00:00+00:00,3-Mercoledi,22,0,11.34918685728514,44.48327710584824
casteldebole_giardini,Giardino Sorelle Mirabal,2026-09-16T20:00:00+00:00,3-Mercoledi,22,0,11.276619859402423,44.50253212720367
borgo_panigale_biblioteca,Biblioteca Borgo Panigale,2026-09-16T20:00:00+00:00,3-Mercoledi,22,0,11.265670638184051,44.52280679104457
museo_tappezzeria,Museo della Tappezzeria,2026-09-16T20:00:00+00:00,3-Mercoledi,22,0,11.315258504368558,44.48793845172337
giardino_lennon_parker,Giardino Parker - Lennon,2026-09-16T20:00:00+00:00,3-Mercoledi,22,0,11.357721592278907,44.50388698316799
mercato_via_albani,Mercato di Via Albani,2026-09-16T20:00:00+00:00,3-Mercoledi,22,0,11.34402582275058,44.510272660753174
quartiere_navile,Quartiere Navile,2026-09-16T20:00:00+00:00,3-Mercoledi,22,0,11.329479223221583,44.51883731169992
piazza_galileo_galilei,Piazza Galileo Galilei,2026-09-16T20:00:00+00:00,3-Mercoledi,22,0,11.3407440252421,44.49334026452536
piazza_maggiore_podesta,Piazza Maggiore / Podesta',2026-09-16T20:00:00+00:00,3-Mercoledi,22,0,11.343076044345585,44.494053409105085
archiginnasio,Archiginnasio,2026-09-16T20:00:00+00:00,3-Mercoledi,22,0,11.343736052819256,44.492084218142104
biblioteca_natalia_ginzburg,Biblioteca Natalia Ginzburg,2026-09-16T20:00:00+00:00,3-Mercoledi,22,0,11.391702427962384,44.47411627490949
ateliersaperi,Atelier dei Saperi,2026-09-16T20:00:00+00:00,3-Mercoledi,22,0,11.366440147791629,44.496061169138635
cineteca_archivi,Cineteca Archivi,2026-09-16T20:00:00+00:00,3-Mercoledi,22,0,11.389976453444145,44.50454108042767
bassa_soglia,Servizio Bassa Soglia,2026-09-16T20:00:00+00:00,3-Mercoledi,22,0,11.346106360310804,44.50975850467694
artigiano,Comune di Bologna - Artigiano,2026-09-16T20:00:00+00:00,3-Mercoledi,22,0,11.367334801846928,44.50274841761949
portici_san_luca,Portici San Luca,2026-09-16T20:00:00+00:00,3-Mercoledi,22,0,11.310793464002822,44.49002124816221
torre_orologio,Torre dell'Orologio,2026-09-16T20:00:00+00:00,3-Mercoledi,22,0,11.342030493697278,44.49363299381554
museo_archeologico,Museo Archeologico,2026-09-16T20:00:00+00:00,3-Mercoledi,22,0,11.344317925246633,44.492907377216
piazza_porta_ravegnana,Piazza Porta Ravegnana,2026-09-16T20:00:00+00:00,3-Mercoledi,22,0,11.346786132701961,44.4942259928551
museo_musica,Museo della Musica,2026-09-16T20:00:00+00:00,3-Mercoledi,22,0,11.350320867805817,44.49286727626905
biblioteca_ruffilli,Biblioteca Ruffilli,2026-09-16T20:00:00+00:00,3-Mercoledi,22,0,11.354926937578657,44.49379360311267
stazione_piazza_med_oro,Stazione / Piazza Medaglie D'Oro,2026-09-16T20:00:00+00:00,3-Mercoledi,22,0,11.343236115621353,44.50522439397164
comune_liber_paradisus,Comune / Piazza Liber Paradisus,2026-09-16T20:00:00+00:00,3-Mercoledi,22,0,11.340078869439344,44.50963022646414
parco_zucca,Parco della Zucca,2026-09-16T20:00:00+00:00,3-Mercoledi,22,0,11.350633924100899,44.51289217630053
quartiere_reno,Quartiere Reno,2026-09-16T20:00:00+00:00,3-Mercoledi,22,0,11.296666972106967,44.502170876800726
parco_cavaticcio,Parco del Cavaticcio,2026-09-16T20:00:00+00:00,3-Mercoledi,22,0,11.335924318560533,44.50261558056925
certosa,Certosa,2026-09-16T20:00:00+00:00,3-Mercoledi,22,0,11.307060780642725,44.496582005814055
quartiere_savena,Quartiere Savena,2026-09-16T20:00:00+00:00,3-Mercoledi,22,0,11.389659092242418,44.473548759415905
casa_carducci,Casa Carducci,2026-09-16T20:00:00+00:00,3-Mercoledi,22,0,11.357189683658326,44.48793199445139
stadio,Stadio,2026-09-16T20:00:00+00:00,3-Mercoledi,22,0,11.309684973790153,44.49237798941952
quartiere_porto_bibl_borges,Quartiere Porto / Biblioteca Borges,2026-09-16T20:00:00+00:00,3-Mercoledi,22,0,11.329093689479468,44.50224882527717
biblioteca_casa_khaoula,Biblioteca Casa di Khaoula,2026-09-16T20:00:00+00:00,3-Mercoledi,22,0,11.34762433889239,44.52005878008443
cineteca,Cineteca,2026-09-16T20:00:00+00:00,3-Mercoledi,22,0,11.336904443406464,44.49891741678237
piazza_malpighi,Piazza Malpighi,2026-09-16T20:00:00+00:00,3-Mercoledi,22,0,11.336354718343932,44.494051038094796
sede_quartiere_saragozza,Sede del Quartiere Saragozza,2026-09-16T20:00:00+00:00,3-Mercoledi,22,0,11.33118420388445,44.49473482787063
laboratorio_interculturale,Biblioteca del Laboratorio Interculturale,2026-09-16T20:00:00+00:00,3-Mercoledi,22,0,11.334050593880528,44.4923245617229
piazza_verdi,Piazza Verdi,2026-09-16T20:00:00+00:00,3-Mercoledi,22,0,11.350683736069605,44.49624149011274
mercato_san_donato,Mercato San Donato,2026-09-16T20:00:00+00:00,3-Mercoledi,22,0,11.362214860040977,44.50201910803576
giardino_lavinia_fontana,Giardino Lavinia Fontana,2026-09-16T20:00:00+00:00,3-Mercoledi,22,0,11.355645424287196,44.48809517552899
centro_studi_cabral,Centro Studi Amilcar Cabral,2026-09-16T20:00:00+00:00,3-Mercoledi,22,0,11.33955685469799,44.484257625677024
polizia_municipale_lombardia,Polizia Municipale Via Lombardia,2026-09-16T20:00:00+00:00,3-Mercoledi,22,0,11.380734611561703,44.475041518877816
piazza_pasolini_lumiere,Piazza Pasolini / Lumiere,2026-09-16T20:00:00+00:00,3-Mercoledi,22,0,11.334766886590288,44.502403722367106
giardino_vittime_macinella,Giardino Vittime di Marcinelle e Caduti,2026-09-16T20:00:00+00:00,3-Mercoledi,22,0,11.367729464838469,44.50500806480565
salaborsa,Biblioteca Salaborsa,2026-09-16T20:00:00+00:00,3-Mercoledi,22,0,11.34190051712521,44.494670263442316
santostefano,Quartiere Santo Stefano,2026-09-16T20:00:00+00:00,3-Mercoledi,22,0,11.354555150931915,44.48530398061519
poliambulatorio_pilastro,Poliambulatorio Pilastro,2026-09-16T20:00:00+00:00,3-Mercoledi,22,0,11.389375799301899,44.512949920002974
sportello_porto_saragozza,Sportello Sociale Porto Saragozza,2026-09-16T20:00:00+00:00,3-Mercoledi,22,0,11.330591933200418,44.49743898853058
piazza_aldrovandi,Piazza Aldrovandi,2026-09-16T20:00:00+00:00,3-Mercoledi,22,0,11.351772647464196,44.493514395619975
poliambulatorio_zanolini,Poliambulatorio Zanolini,2026-09-16T20:00:00+00:00,3-Mercoledi,22,0,11.357455161993055,44.49484089990392
casa_gialla,Casa Gialla,2026-09-16T20:00:00+00:00,3-Mercoledi,22,0,11.393719182005707,44.511272044800684
portico_pavaglione,Portico del Pavaglione,2026-09-16T20:00:00+00:00,3-Mercoledi,22,0,11.343554321642664,44.49277258177935
palazzo_accursio,Palazzo D'Accursio,2026-09-16T20:00:00+00:00,3-Mercoledi,22,0,11.341797312105145,44.494189630319596
piazza_galvani_archiginnasio,Piazza Galvani / Archiginnasio,2026-09-16T20:00:00+00:00,3-Mercoledi,22,0,11.343575024054044,44.49159441036996
velostazione,Velostazione,2026-09-16T20:00:00+00:00,3-Mercoledi,22,0,11.345568423884524,44.50352386626166
autostazione,Autostazione,2026-09-16T20:00:00+00:00,3-Mercoledi,22,0,11.346413471395405,44.50412233071955
piazza_unita,Piazza Dell'Unita',2026-09-16T20:00:00+00:00,3-Mercoledi,22,0,11.347095551842576,44.51146165088361
quartiere_borgo,Quartiere Borgo Panigale,2026-09-16T20:00:00+00:00,3-Mercoledi,22,0,11.279163670955871,44.51715386515034
mambo,Mambo,2026-09-16T20:00:00+00:00,3-Mercoledi,22,0,11.33683360818396,44.50257695055724
giardini_margherita,Giardini Margherita,2026-09-16T20:00:00+00:00,3-Mercoledi,22,0,11.352924327935487,44.48310495437518
piazza_san_francesco,Piazza San Francesco,2026-09-16T20:00:00+00:00,3-Mercoledi,22,0,11.334972379366,44.49496055460151
museo_per_la_memoria,Museo per la Memoria di Ustica,2026-09-16T20:00:00+00:00,3-Mercoledi,22,0,11.351056616136248,44.51326745817074
museo_patrimonio_industriale,Museo del Patrimonio Industriale,2026-09-16T20:00:00+00:00,3-Mercoledi,22,0,11.33453154568292,44.52185116940013
sala_centofiori,Sala Centofiori,2026-09-16T20:00:00+00:00,3-Mercoledi,22,0,11.35990829854188,44.546273268328655
parco_11_settembre,Parco 11 Settembre 2001,2026-09-16T20:00:00+00:00,3-Mercoledi,22,0,11.33658934486044,44.50012185840865
museo_civico_medievale,Museo Civico Medievale,2026-09-16T20:00:00+00:00,3-Mercoledi,22,0,11.342158706616681,44.49633487816838
piazza_8_agosto,Piazza 8 Agosto,2026-09-16T20:00:00+00:00,3-Mercoledi,22,0,11.34527686440958,44.50027943650601
quartiere_san_donato,Quartiere San Donato,2026-09-16T20:00:00+00:00,3-Mercoledi,22,0,11.367392710090371,44.50459666027341
archivio_storico,Archivio Storico Comunale,2026-09-16T20:00:00+00:00,3-Mercoledi,22,0,11.36173097716811,44.501697151666704
pubblica_assistenza,Pubblica Assistenza Citta' di Bologna,2026-09-16T20:00:00+00:00,3-Mercoledi,22,0,11.383647893083001,44.49688238272082
rimesse,Rimesse,2026-09-16T20:00:00+00:00,3-Mercoledi,22,0,11.373160257437307,44.494264502223714
biblioteca_spina,Biblioteca Spina,2026-09-16T20:00:00+00:00,3-Mercoledi,22,0,11.394655103500526,44.5111220826962
dumbo,Dumbo,2026-09-16T20:00:00+00:00,3-Mercoledi,22,0,11.325935453367027,44.50535134807505
polizia_minucipale,Polizia Municipale,2026-09-16T20:00:00+00:00,3-Mercoledi,22,0,11.390647443148671,44.50355993301129
portici_santo_stefano,Portici Piazza Santo Stefano,2026-09-16T20:00:00+00:00,3-Mercoledi,22,0,11.348214023424926,44.4923724938828
museo_musica,Museo della Musica,2026-09-16T19:00:00+00:00,3-Mercoledi,21,0,11.350320867805817,44.49286727626905
autostazione,Autostazione,2026-09-16T19:00:00+00:00,3-Mercoledi,21,0,11.346413471395405,44.50412233071955
quartiere_reno,Quartiere Reno,2026-09-16T19:00:00+00:00,3-Mercoledi,21,0,11.296666972106967,44.502170876800726
mambo,Mambo,2026-09-16T19:00:00+00:00,3-Mercoledi,21,0,11.33683360818396,44.50257695055724
serre_giardini_margherita,Le Serre dei Giardini Margherita,2026-09-16T19:00:00+00:00,3-Mercoledi,21,0,11.34918685728514,44.48327710584824
stadio,Stadio,2026-09-16T19:00:00+00:00,3-Mercoledi,21,0,11.309684973790153,44.49237798941952
borgo_panigale_biblioteca,Biblioteca Borgo Panigale,2026-09-16T19:00:00+00:00,3-Mercoledi,21,0,11.265670638184051,44.52280679104457
quartiere_porto_bibl_borges,Quartiere Porto / Biblioteca Borges,2026-09-16T19:00:00+00:00,3-Mercoledi,21,0,11.329093689479468,44.50224882527717
museo_patrimonio_industriale,Museo del Patrimonio Industriale,2026-09-16T19:00:00+00:00,3-Mercoledi,21,0,11.33453154568292,44.52185116940013
parco_11_settembre,Parco 11 Settembre 2001,2026-09-16T19:00:00+00:00,3-Mercoledi,21,0,11.33658934486044,44.50012185840865
sede_quartiere_saragozza,Sede del Quartiere Saragozza,2026-09-16T19:00:00+00:00,3-Mercoledi,21,0,11.33118420388445,44.49473482787063
piazza_galileo_galilei,Piazza Galileo Galilei,2026-09-16T19:00:00+00:00,3-Mercoledi,21,0,11.3407440252421,44.49334026452536
piazza_maggiore_podesta,Piazza Maggiore / Podesta',2026-09-16T19:00:00+00:00,3-Mercoledi,21,0,11.343076044345585,44.494053409105085
mercato_san_donato,Mercato San Donato,2026-09-16T19:00:00+00:00,3-Mercoledi,21,0,11.362214860040977,44.50201910803576
pubblica_assistenza,Pubblica Assistenza Citta' di Bologna,2026-09-16T19:00:00+00:00,3-Mercoledi,21,0,11.383647893083001,44.49688238272082
centro_studi_cabral,Centro Studi Amilcar Cabral,2026-09-16T19:00:00+00:00,3-Mercoledi,21,0,11.33955685469799,44.484257625677024
salaborsa,Biblioteca Salaborsa,2026-09-16T19:00:00+00:00,3-Mercoledi,21,0,11.34190051712521,44.494670263442316
santostefano,Quartiere Santo Stefano,2026-09-16T19:00:00+00:00,3-Mercoledi,21,0,11.354555150931915,44.48530398061519
ateliersaperi,Atelier dei Saperi,2026-09-16T19:00:00+00:00,3-Mercoledi,21,0,11.366440147791629,44.496061169138635
biblioteca_spina,Biblioteca Spina,2026-09-16T19:00:00+00:00,3-Mercoledi,21,0,11.394655103500526,44.5111220826962
poliambulatorio_pilastro,Poliambulatorio Pilastro,2026-09-16T19:00:00+00:00,3-Mercoledi,21,0,11.389375799301899,44.512949920002974
sportello_porto_saragozza,Sportello Sociale Porto Saragozza,2026-09-16T19:00:00+00:00,3-Mercoledi,21,0,11.330591933200418,44.49743898853058
polizia_minucipale,Polizia Municipale,2026-09-16T19:00:00+00:00,3-Mercoledi,21,0,11.390647443148671,44.50355993301129
poliambulatorio_zanolini,Poliambulatorio Zanolini,2026-09-16T19:00:00+00:00,3-Mercoledi,21,0,11.357455161993055,44.49484089990392
portici_san_luca,Portici San Luca,2026-09-16T19:00:00+00:00,3-Mercoledi,21,0,11.310793464002822,44.49002124816221
palazzo_accursio,Palazzo D'Accursio,2026-09-16T19:00:00+00:00,3-Mercoledi,21,0,11.341797312105145,44.494189630319596
torre_orologio,Torre dell'Orologio,2026-09-16T19:00:00+00:00,3-Mercoledi,21,0,11.342030493697278,44.49363299381554
piazza_porta_ravegnana,Piazza Porta Ravegnana,2026-09-16T19:00:00+00:00,3-Mercoledi,21,0,11.346786132701961,44.4942259928551
parco_zucca,Parco della Zucca,2026-09-16T19:00:00+00:00,3-Mercoledi,21,0,11.350633924100899,44.51289217630053
piazza_unita,Piazza Dell'Unita',2026-09-16T19:00:00+00:00,3-Mercoledi,21,0,11.347095551842576,44.51146165088361
quartiere_borgo,Quartiere Borgo Panigale,2026-09-16T19:00:00+00:00,3-Mercoledi,21,0,11.279163670955871,44.51715386515034
parco_cavaticcio,Parco del Cavaticcio,2026-09-16T19:00:00+00:00,3-Mercoledi,21,0,11.335924318560533,44.50261558056925
quartiere_savena,Quartiere Savena,2026-09-16T19:00:00+00:00,3-Mercoledi,21,0,11.389659092242418,44.473548759415905
casa_carducci,Casa Carducci,2026-09-16T19:00:00+00:00,3-Mercoledi,21,0,11.357189683658326,44.48793199445139
casteldebole_giardini,Giardino Sorelle Mirabal,2026-09-16T19:00:00+00:00,3-Mercoledi,21,0,11.276619859402423,44.50253212720367
giardino_lennon_parker,Giardino Parker - Lennon,2026-09-16T19:00:00+00:00,3-Mercoledi,21,0,11.357721592278907,44.50388698316799
biblioteca_casa_khaoula,Biblioteca Casa di Khaoula,2026-09-16T19:00:00+00:00,3-Mercoledi,21,0,11.34762433889239,44.52005878008443
cineteca,Cineteca,2026-09-16T19:00:00+00:00,3-Mercoledi,21,0,11.336904443406464,44.49891741678237
museo_civico_medievale,Museo Civico Medievale,2026-09-16T19:00:00+00:00,3-Mercoledi,21,0,11.342158706616681,44.49633487816838
quartiere_san_donato,Quartiere San Donato,2026-09-16T19:00:00+00:00,3-Mercoledi,21,0,11.367392710090371,44.50459666027341
archivio_storico,Archivio Storico Comunale,2026-09-16T19:00:00+00:00,3-Mercoledi,21,0,11.36173097716811,44.501697151666704
piazza_pasolini_lumiere,Piazza Pasolini / Lumiere,2026-09-16T19:00:00+00:00,3-Mercoledi,21,0,11.334766886590288,44.502403722367106
cineteca_archivi,Cineteca Archivi,2026-09-16T19:00:00+00:00,3-Mercoledi,21,0,11.389976453444145,44.50454108042767
piazza_aldrovandi,Piazza Aldrovandi,2026-09-16T19:00:00+00:00,3-Mercoledi,21,0,11.351772647464196,44.493514395619975
portici_santo_stefano,Portici Piazza Santo Stefano,2026-09-16T19:00:00+00:00,3-Mercoledi,21,0,11.348214023424926,44.4923724938828
portico_pavaglione,Portico del Pavaglione,2026-09-16T19:00:00+00:00,3-Mercoledi,21,0,11.343554321642664,44.49277258177935
museo_archeologico,Museo Archeologico,2026-09-16T19:00:00+00:00,3-Mercoledi,21,0,11.344317925246633,44.492907377216
piazza_galvani_archiginnasio,Piazza Galvani / Archiginnasio,2026-09-16T19:00:00+00:00,3-Mercoledi,21,0,11.343575024054044,44.49159441036996
biblioteca_ruffilli,Biblioteca Ruffilli,2026-09-16T19:00:00+00:00,3-Mercoledi,21,0,11.354926937578657,44.49379360311267
velostazione,Velostazione,2026-09-16T19:00:00+00:00,3-Mercoledi,21,0,11.345568423884524,44.50352386626166
stazione_piazza_med_oro,Stazione / Piazza Medaglie D'Oro,2026-09-16T19:00:00+00:00,3-Mercoledi,21,0,11.343236115621353,44.50522439397164
comune_liber_paradisus,Comune / Piazza Liber Paradisus,2026-09-16T19:00:00+00:00,3-Mercoledi,21,0,11.340078869439344,44.50963022646414
biblioteca_tassinari,Biblioteca Tassinari (Villa Spada),2026-09-16T19:00:00+00:00,3-Mercoledi,21,0,11.315077862364939,44.48711563513905
certosa,Certosa,2026-09-16T19:00:00+00:00,3-Mercoledi,21,0,11.307060780642725,44.496582005814055
giardini_margherita,Giardini Margherita,2026-09-16T19:00:00+00:00,3-Mercoledi,21,0,11.352924327935487,44.48310495437518
piazza_san_francesco,Piazza San Francesco,2026-09-16T19:00:00+00:00,3-Mercoledi,21,0,11.334972379366,44.49496055460151
museo_tappezzeria,Museo della Tappezzeria,2026-09-16T19:00:00+00:00,3-Mercoledi,21,0,11.315258504368558,44.48793845172337
mercato_via_albani,Mercato di Via Albani,2026-09-16T19:00:00+00:00,3-Mercoledi,21,0,11.34402582275058,44.510272660753174
museo_per_la_memoria,Museo per la Memoria di Ustica,2026-09-16T19:00:00+00:00,3-Mercoledi,21,0,11.351056616136248,44.51326745817074
quartiere_navile,Quartiere Navile,2026-09-16T19:00:00+00:00,3-Mercoledi,21,0,11.329479223221583,44.51883731169992
sala_centofiori,Sala Centofiori,2026-09-16T19:00:00+00:00,3-Mercoledi,21,0,11.35990829854188,44.546273268328655
piazza_malpighi,Piazza Malpighi,2026-09-16T19:00:00+00:00,3-Mercoledi,21,0,11.336354718343932,44.494051038094796
laboratorio_interculturale,Biblioteca del Laboratorio Interculturale,2026-09-16T19:00:00+00:00,3-Mercoledi,21,0,11.334050593880528,44.4923245617229
archiginnasio,Archiginnasio,2026-09-16T19:00:00+00:00,3-Mercoledi,21,0,11.343736052819256,44.492084218142104
piazza_8_agosto,Piazza 8 Agosto,2026-09-16T19:00:00+00:00,3-Mercoledi,21,0,11.34527686440958,44.50027943650601
piazza_verdi,Piazza Verdi,2026-09-16T19:00:00+00:00,3-Mercoledi,21,0,11.350683736069605,44.49624149011274
giardino_lavinia_fontana,Giardino Lavinia Fontana,2026-09-16T19:00:00+00:00,3-Mercoledi,21,0,11.355645424287196,44.48809517552899
polizia_municipale_lombardia,Polizia Municipale Via Lombardia,2026-09-16T19:00:00+00:00,3-Mercoledi,21,0,11.380734611561703,44.475041518877816
biblioteca_natalia_ginzburg,Biblioteca Natalia Ginzburg,2026-09-16T19:00:00+00:00,3-Mercoledi,21,0,11.391702427962384,44.47411627490949
giardino_vittime_macinella,Giardino Vittime di Marcinelle e Caduti,2026-09-16T19:00:00+00:00,3-Mercoledi,21,0,11.367729464838469,44.50500806480565
rimesse,Rimesse,2026-09-16T19:00:00+00:00,3-Mercoledi,21,0,11.373160257437307,44.494264502223714
dumbo,Dumbo,2026-09-16T19:00:00+00:00,3-Mercoledi,21,0,11.325935453367027,44.50535134807505
bassa_soglia,Servizio Bassa Soglia,2026-09-16T19:00:00+00:00,3-Mercoledi,21,0,11.346106360310804,44.50975850467694
artigiano,Comune di Bologna - Artigiano,2026-09-16T19:00:00+00:00,3-Mercoledi,21,0,11.367334801846928,44.50274841761949
casa_gialla,Casa Gialla,2026-09-16T19:00:00+00:00,3-Mercoledi,21,0,11.393719182005707,44.511272044800684
biblioteca_ruffilli,Biblioteca Ruffilli,2026-09-16T18:00:00+00:00,3-Mercoledi,20,0,11.354926937578657,44.49379360311267
velostazione,Velostazione,2026-09-16T18:00:00+00:00,3-Mercoledi,20,0,11.345568423884524,44.50352386626166
comune_liber_paradisus,Comune / Piazza Liber Paradisus,2026-09-16T18:00:00+00:00,3-Mercoledi,20,0,11.340078869439344,44.50963022646414
parco_zucca,Parco della Zucca,2026-09-16T18:00:00+00:00,3-Mercoledi,20,0,11.350633924100899,44.51289217630053
piazza_unita,Piazza Dell'Unita',2026-09-16T18:00:00+00:00,3-Mercoledi,20,0,11.347095551842576,44.51146165088361
quartiere_borgo,Quartiere Borgo Panigale,2026-09-16T18:00:00+00:00,3-Mercoledi,20,0,11.279163670955871,44.51715386515034
serre_giardini_margherita,Le Serre dei Giardini Margherita,2026-09-16T18:00:00+00:00,3-Mercoledi,20,0,11.34918685728514,44.48327710584824
quartiere_porto_bibl_borges,Quartiere Porto / Biblioteca Borges,2026-09-16T18:00:00+00:00,3-Mercoledi,20,0,11.329093689479468,44.50224882527717
giardino_lennon_parker,Giardino Parker - Lennon,2026-09-16T18:00:00+00:00,3-Mercoledi,20,0,11.357721592278907,44.50388698316799
museo_per_la_memoria,Museo per la Memoria di Ustica,2026-09-16T18:00:00+00:00,3-Mercoledi,20,0,11.351056616136248,44.51326745817074
quartiere_navile,Quartiere Navile,2026-09-16T18:00:00+00:00,3-Mercoledi,20,0,11.329479223221583,44.51883731169992
parco_11_settembre,Parco 11 Settembre 2001,2026-09-16T18:00:00+00:00,3-Mercoledi,20,0,11.33658934486044,44.50012185840865
piazza_malpighi,Piazza Malpighi,2026-09-16T18:00:00+00:00,3-Mercoledi,20,0,11.336354718343932,44.494051038094796
piazza_maggiore_podesta,Piazza Maggiore / Podesta',2026-09-16T18:00:00+00:00,3-Mercoledi,20,0,11.343076044345585,44.494053409105085
archiginnasio,Archiginnasio,2026-09-16T18:00:00+00:00,3-Mercoledi,20,0,11.343736052819256,44.492084218142104
museo_civico_medievale,Museo Civico Medievale,2026-09-16T18:00:00+00:00,3-Mercoledi,20,0,11.342158706616681,44.49633487816838
centro_studi_cabral,Centro Studi Amilcar Cabral,2026-09-16T18:00:00+00:00,3-Mercoledi,20,0,11.33955685469799,44.484257625677024
rimesse,Rimesse,2026-09-16T18:00:00+00:00,3-Mercoledi,20,0,11.373160257437307,44.494264502223714
biblioteca_spina,Biblioteca Spina,2026-09-16T18:00:00+00:00,3-Mercoledi,20,0,11.394655103500526,44.5111220826962
piazza_aldrovandi,Piazza Aldrovandi,2026-09-16T18:00:00+00:00,3-Mercoledi,20,0,11.351772647464196,44.493514395619975
portici_san_luca,Portici San Luca,2026-09-16T18:00:00+00:00,3-Mercoledi,20,0,11.310793464002822,44.49002124816221
torre_orologio,Torre dell'Orologio,2026-09-16T18:00:00+00:00,3-Mercoledi,20,0,11.342030493697278,44.49363299381554
piazza_porta_ravegnana,Piazza Porta Ravegnana,2026-09-16T18:00:00+00:00,3-Mercoledi,20,0,11.346786132701961,44.4942259928551
museo_musica,Museo della Musica,2026-09-16T18:00:00+00:00,3-Mercoledi,20,0,11.350320867805817,44.49286727626905
autostazione,Autostazione,2026-09-16T18:00:00+00:00,3-Mercoledi,20,0,11.346413471395405,44.50412233071955
stazione_piazza_med_oro,Stazione / Piazza Medaglie D'Oro,2026-09-16T18:00:00+00:00,3-Mercoledi,20,0,11.343236115621353,44.50522439397164
quartiere_reno,Quartiere Reno,2026-09-16T18:00:00+00:00,3-Mercoledi,20,0,11.296666972106967,44.502170876800726
mambo,Mambo,2026-09-16T18:00:00+00:00,3-Mercoledi,20,0,11.33683360818396,44.50257695055724
parco_cavaticcio,Parco del Cavaticcio,2026-09-16T18:00:00+00:00,3-Mercoledi,20,0,11.335924318560533,44.50261558056925
giardini_margherita,Giardini Margherita,2026-09-16T18:00:00+00:00,3-Mercoledi,20,0,11.352924327935487,44.48310495437518
stadio,Stadio,2026-09-16T18:00:00+00:00,3-Mercoledi,20,0,11.309684973790153,44.49237798941952
borgo_panigale_biblioteca,Biblioteca Borgo Panigale,2026-09-16T18:00:00+00:00,3-Mercoledi,20,0,11.265670638184051,44.52280679104457
museo_tappezzeria,Museo della Tappezzeria,2026-09-16T18:00:00+00:00,3-Mercoledi,20,0,11.315258504368558,44.48793845172337
mercato_via_albani,Mercato di Via Albani,2026-09-16T18:00:00+00:00,3-Mercoledi,20,0,11.34402582275058,44.510272660753174
museo_patrimonio_industriale,Museo del Patrimonio Industriale,2026-09-16T18:00:00+00:00,3-Mercoledi,20,0,11.33453154568292,44.52185116940013
sala_centofiori,Sala Centofiori,2026-09-16T18:00:00+00:00,3-Mercoledi,20,0,11.35990829854188,44.546273268328655
laboratorio_interculturale,Biblioteca del Laboratorio Interculturale,2026-09-16T18:00:00+00:00,3-Mercoledi,20,0,11.334050593880528,44.4923245617229
piazza_galileo_galilei,Piazza Galileo Galilei,2026-09-16T18:00:00+00:00,3-Mercoledi,20,0,11.3407440252421,44.49334026452536
piazza_8_agosto,Piazza 8 Agosto,2026-09-16T18:00:00+00:00,3-Mercoledi,20,0,11.34527686440958,44.50027943650601
archivio_storico,Archivio Storico Comunale,2026-09-16T18:00:00+00:00,3-Mercoledi,20,0,11.36173097716811,44.501697151666704
pubblica_assistenza,Pubblica Assistenza Citta' di Bologna,2026-09-16T18:00:00+00:00,3-Mercoledi,20,0,11.383647893083001,44.49688238272082
piazza_pasolini_lumiere,Piazza Pasolini / Lumiere,2026-09-16T18:00:00+00:00,3-Mercoledi,20,0,11.334766886590288,44.502403722367106
giardino_vittime_macinella,Giardino Vittime di Marcinelle e Caduti,2026-09-16T18:00:00+00:00,3-Mercoledi,20,0,11.367729464838469,44.50500806480565
salaborsa,Biblioteca Salaborsa,2026-09-16T18:00:00+00:00,3-Mercoledi,20,0,11.34190051712521,44.494670263442316
santostefano,Quartiere Santo Stefano,2026-09-16T18:00:00+00:00,3-Mercoledi,20,0,11.354555150931915,44.48530398061519
poliambulatorio_pilastro,Poliambulatorio Pilastro,2026-09-16T18:00:00+00:00,3-Mercoledi,20,0,11.389375799301899,44.512949920002974
bassa_soglia,Servizio Bassa Soglia,2026-09-16T18:00:00+00:00,3-Mercoledi,20,0,11.346106360310804,44.50975850467694
sportello_porto_saragozza,Sportello Sociale Porto Saragozza,2026-09-16T18:00:00+00:00,3-Mercoledi,20,0,11.330591933200418,44.49743898853058
poliambulatorio_zanolini,Poliambulatorio Zanolini,2026-09-16T18:00:00+00:00,3-Mercoledi,20,0,11.357455161993055,44.49484089990392
casa_gialla,Casa Gialla,2026-09-16T18:00:00+00:00,3-Mercoledi,20,0,11.393719182005707,44.511272044800684
portici_santo_stefano,Portici Piazza Santo Stefano,2026-09-16T18:00:00+00:00,3-Mercoledi,20,0,11.348214023424926,44.4923724938828
portico_pavaglione,Portico del Pavaglione,2026-09-16T18:00:00+00:00,3-Mercoledi,20,0,11.343554321642664,44.49277258177935
palazzo_accursio,Palazzo D'Accursio,2026-09-16T18:00:00+00:00,3-Mercoledi,20,0,11.341797312105145,44.494189630319596
museo_archeologico,Museo Archeologico,2026-09-16T18:00:00+00:00,3-Mercoledi,20,0,11.344317925246633,44.492907377216
piazza_galvani_archiginnasio,Piazza Galvani / Archiginnasio,2026-09-16T18:00:00+00:00,3-Mercoledi,20,0,11.343575024054044,44.49159441036996
biblioteca_tassinari,Biblioteca Tassinari (Villa Spada),2026-09-16T18:00:00+00:00,3-Mercoledi,20,0,11.315077862364939,44.48711563513905
certosa,Certosa,2026-09-16T18:00:00+00:00,3-Mercoledi,20,0,11.307060780642725,44.496582005814055
quartiere_savena,Quartiere Savena,2026-09-16T18:00:00+00:00,3-Mercoledi,20,0,11.389659092242418,44.473548759415905
piazza_san_francesco,Piazza San Francesco,2026-09-16T18:00:00+00:00,3-Mercoledi,20,0,11.334972379366,44.49496055460151
casa_carducci,Casa Carducci,2026-09-16T18:00:00+00:00,3-Mercoledi,20,0,11.357189683658326,44.48793199445139
casteldebole_giardini,Giardino Sorelle Mirabal,2026-09-16T18:00:00+00:00,3-Mercoledi,20,0,11.276619859402423,44.50253212720367
biblioteca_casa_khaoula,Biblioteca Casa di Khaoula,2026-09-16T18:00:00+00:00,3-Mercoledi,20,0,11.34762433889239,44.52005878008443
cineteca,Cineteca,2026-09-16T18:00:00+00:00,3-Mercoledi,20,0,11.336904443406464,44.49891741678237
sede_quartiere_saragozza,Sede del Quartiere Saragozza,2026-09-16T18:00:00+00:00,3-Mercoledi,20,0,11.33118420388445,44.49473482787063
piazza_verdi,Piazza Verdi,2026-09-16T18:00:00+00:00,3-Mercoledi,20,0,11.350683736069605,44.49624149011274
quartiere_san_donato,Quartiere San Donato,2026-09-16T18:00:00+00:00,3-Mercoledi,20,0,11.367392710090371,44.50459666027341
mercato_san_donato,Mercato San Donato,2026-09-16T18:00:00+00:00,3-Mercoledi,20,0,11.362214860040977,44.50201910803576
giardino_lavinia_fontana,Giardino Lavinia Fontana,2026-09-16T18:00:00+00:00,3-Mercoledi,20,0,11.355645424287196,44.48809517552899
polizia_municipale_lombardia,Polizia Municipale Via Lombardia,2026-09-16T18:00:00+00:00,3-Mercoledi,20,0,11.380734611561703,44.475041518877816
biblioteca_natalia_ginzburg,Biblioteca Natalia Ginzburg,2026-09-16T18:00:00+00:00,3-Mercoledi,20,0,11.391702427962384,44.47411627490949
ateliersaperi,Atelier dei Saperi,2026-09-16T18:00:00+00:00,3-Mercoledi,20,0,11.366440147791629,44.496061169138635
cineteca_archivi,Cineteca Archivi,2026-09-16T18:00:00+00:00,3-Mercoledi,20,0,11.389976453444145,44.50454108042767
dumbo,Dumbo,2026-09-16T18:00:00+00:00,3-Mercoledi,20,0,11.325935453367027,44.50535134807505
polizia_minucipale,Polizia Municipale,2026-09-16T18:00:00+00:00,3-Mercoledi,20,0,11.390647443148671,44.50355993301129
artigiano,Comune di Bologna - Artigiano,2026-09-16T18:00:00+00:00,3-Mercoledi,20,0,11.367334801846928,44.50274841761949
biblioteca_ruffilli,Biblioteca Ruffilli,2026-09-16T17:00:00+00:00,3-Mercoledi,19,0,11.354926937578657,44.49379360311267
comune_liber_paradisus,Comune / Piazza Liber Paradisus,2026-09-16T17:00:00+00:00,3-Mercoledi,19,0,11.340078869439344,44.50963022646414
biblioteca_tassinari,Biblioteca Tassinari (Villa Spada),2026-09-16T17:00:00+00:00,3-Mercoledi,19,0,11.315077862364939,44.48711563513905
quartiere_reno,Quartiere Reno,2026-09-16T17:00:00+00:00,3-Mercoledi,19,0,11.296666972106967,44.502170876800726
quartiere_borgo,Quartiere Borgo Panigale,2026-09-16T17:00:00+00:00,3-Mercoledi,19,0,11.279163670955871,44.51715386515034
mambo,Mambo,2026-09-16T17:00:00+00:00,3-Mercoledi,19,0,11.33683360818396,44.50257695055724
serre_giardini_margherita,Le Serre dei Giardini Margherita,2026-09-16T17:00:00+00:00,3-Mercoledi,19,0,11.34918685728514,44.48327710584824
casa_carducci,Casa Carducci,2026-09-16T17:00:00+00:00,3-Mercoledi,19,0,11.357189683658326,44.48793199445139
borgo_panigale_biblioteca,Biblioteca Borgo Panigale,2026-09-16T17:00:00+00:00,3-Mercoledi,19,0,11.265670638184051,44.52280679104457
museo_per_la_memoria,Museo per la Memoria di Ustica,2026-09-16T17:00:00+00:00,3-Mercoledi,19,0,11.351056616136248,44.51326745817074
museo_patrimonio_industriale,Museo del Patrimonio Industriale,2026-09-16T17:00:00+00:00,3-Mercoledi,19,0,11.33453154568292,44.52185116940013
biblioteca_casa_khaoula,Biblioteca Casa di Khaoula,2026-09-16T17:00:00+00:00,3-Mercoledi,19,0,11.34762433889239,44.52005878008443
piazza_malpighi,Piazza Malpighi,2026-09-16T17:00:00+00:00,3-Mercoledi,19,0,11.336354718343932,44.494051038094796
sede_quartiere_saragozza,Sede del Quartiere Saragozza,2026-09-16T17:00:00+00:00,3-Mercoledi,19,0,11.33118420388445,44.49473482787063
piazza_maggiore_podesta,Piazza Maggiore / Podesta',2026-09-16T17:00:00+00:00,3-Mercoledi,19,0,11.343076044345585,44.494053409105085
archiginnasio,Archiginnasio,2026-09-16T17:00:00+00:00,3-Mercoledi,19,0,11.343736052819256,44.492084218142104
quartiere_san_donato,Quartiere San Donato,2026-09-16T17:00:00+00:00,3-Mercoledi,19,0,11.367392710090371,44.50459666027341
archivio_storico,Archivio Storico Comunale,2026-09-16T17:00:00+00:00,3-Mercoledi,19,0,11.36173097716811,44.501697151666704
biblioteca_natalia_ginzburg,Biblioteca Natalia Ginzburg,2026-09-16T17:00:00+00:00,3-Mercoledi,19,0,11.391702427962384,44.47411627490949
rimesse,Rimesse,2026-09-16T17:00:00+00:00,3-Mercoledi,19,0,11.373160257437307,44.494264502223714
cineteca_archivi,Cineteca Archivi,2026-09-16T17:00:00+00:00,3-Mercoledi,19,0,11.389976453444145,44.50454108042767
biblioteca_spina,Biblioteca Spina,2026-09-16T17:00:00+00:00,3-Mercoledi,19,0,11.394655103500526,44.5111220826962
sportello_porto_saragozza,Sportello Sociale Porto Saragozza,2026-09-16T17:00:00+00:00,3-Mercoledi,19,0,11.330591933200418,44.49743898853058
palazzo_accursio,Palazzo D'Accursio,2026-09-16T17:00:00+00:00,3-Mercoledi,19,0,11.341797312105145,44.494189630319596
museo_archeologico,Museo Archeologico,2026-09-16T17:00:00+00:00,3-Mercoledi,19,0,11.344317925246633,44.492907377216
piazza_galvani_archiginnasio,Piazza Galvani / Archiginnasio,2026-09-16T17:00:00+00:00,3-Mercoledi,19,0,11.343575024054044,44.49159441036996
velostazione,Velostazione,2026-09-16T17:00:00+00:00,3-Mercoledi,19,0,11.345568423884524,44.50352386626166
parco_zucca,Parco della Zucca,2026-09-16T17:00:00+00:00,3-Mercoledi,19,0,11.350633924100899,44.51289217630053
parco_cavaticcio,Parco del Cavaticcio,2026-09-16T17:00:00+00:00,3-Mercoledi,19,0,11.335924318560533,44.50261558056925
giardini_margherita,Giardini Margherita,2026-09-16T17:00:00+00:00,3-Mercoledi,19,0,11.352924327935487,44.48310495437518
stadio,Stadio,2026-09-16T17:00:00+00:00,3-Mercoledi,19,0,11.309684973790153,44.49237798941952
casteldebole_giardini,Giardino Sorelle Mirabal,2026-09-16T17:00:00+00:00,3-Mercoledi,19,0,11.276619859402423,44.50253212720367
museo_tappezzeria,Museo della Tappezzeria,2026-09-16T17:00:00+00:00,3-Mercoledi,19,0,11.315258504368558,44.48793845172337
giardino_lennon_parker,Giardino Parker - Lennon,2026-09-16T17:00:00+00:00,3-Mercoledi,19,0,11.357721592278907,44.50388698316799
quartiere_navile,Quartiere Navile,2026-09-16T17:00:00+00:00,3-Mercoledi,19,0,11.329479223221583,44.51883731169992
laboratorio_interculturale,Biblioteca del Laboratorio Interculturale,2026-09-16T17:00:00+00:00,3-Mercoledi,19,0,11.334050593880528,44.4923245617229
museo_civico_medievale,Museo Civico Medievale,2026-09-16T17:00:00+00:00,3-Mercoledi,19,0,11.342158706616681,44.49633487816838
piazza_8_agosto,Piazza 8 Agosto,2026-09-16T17:00:00+00:00,3-Mercoledi,19,0,11.34527686440958,44.50027943650601
mercato_san_donato,Mercato San Donato,2026-09-16T17:00:00+00:00,3-Mercoledi,19,0,11.362214860040977,44.50201910803576
pubblica_assistenza,Pubblica Assistenza Citta' di Bologna,2026-09-16T17:00:00+00:00,3-Mercoledi,19,0,11.383647893083001,44.49688238272082
giardino_lavinia_fontana,Giardino Lavinia Fontana,2026-09-16T17:00:00+00:00,3-Mercoledi,19,0,11.355645424287196,44.48809517552899
giardino_vittime_macinella,Giardino Vittime di Marcinelle e Caduti,2026-09-16T17:00:00+00:00,3-Mercoledi,19,0,11.367729464838469,44.50500806480565
poliambulatorio_pilastro,Poliambulatorio Pilastro,2026-09-16T17:00:00+00:00,3-Mercoledi,19,0,11.389375799301899,44.512949920002974
dumbo,Dumbo,2026-09-16T17:00:00+00:00,3-Mercoledi,19,0,11.325935453367027,44.50535134807505
bassa_soglia,Servizio Bassa Soglia,2026-09-16T17:00:00+00:00,3-Mercoledi,19,0,11.346106360310804,44.50975850467694
piazza_aldrovandi,Piazza Aldrovandi,2026-09-16T17:00:00+00:00,3-Mercoledi,19,0,11.351772647464196,44.493514395619975
poliambulatorio_zanolini,Poliambulatorio Zanolini,2026-09-16T17:00:00+00:00,3-Mercoledi,19,0,11.357455161993055,44.49484089990392
casa_gialla,Casa Gialla,2026-09-16T17:00:00+00:00,3-Mercoledi,19,0,11.393719182005707,44.511272044800684
portici_san_luca,Portici San Luca,2026-09-16T17:00:00+00:00,3-Mercoledi,19,0,11.310793464002822,44.49002124816221
portico_pavaglione,Portico del Pavaglione,2026-09-16T17:00:00+00:00,3-Mercoledi,19,0,11.343554321642664,44.49277258177935
torre_orologio,Torre dell'Orologio,2026-09-16T17:00:00+00:00,3-Mercoledi,19,0,11.342030493697278,44.49363299381554
piazza_porta_ravegnana,Piazza Porta Ravegnana,2026-09-16T17:00:00+00:00,3-Mercoledi,19,0,11.346786132701961,44.4942259928551
museo_musica,Museo della Musica,2026-09-16T17:00:00+00:00,3-Mercoledi,19,0,11.350320867805817,44.49286727626905
autostazione,Autostazione,2026-09-16T17:00:00+00:00,3-Mercoledi,19,0,11.346413471395405,44.50412233071955
stazione_piazza_med_oro,Stazione / Piazza Medaglie D'Oro,2026-09-16T17:00:00+00:00,3-Mercoledi,19,0,11.343236115621353,44.50522439397164
piazza_unita,Piazza Dell'Unita',2026-09-16T17:00:00+00:00,3-Mercoledi,19,0,11.347095551842576,44.51146165088361
certosa,Certosa,2026-09-16T17:00:00+00:00,3-Mercoledi,19,0,11.307060780642725,44.496582005814055
quartiere_savena,Quartiere Savena,2026-09-16T17:00:00+00:00,3-Mercoledi,19,0,11.389659092242418,44.473548759415905
piazza_san_francesco,Piazza San Francesco,2026-09-16T17:00:00+00:00,3-Mercoledi,19,0,11.334972379366,44.49496055460151
quartiere_porto_bibl_borges,Quartiere Porto / Biblioteca Borges,2026-09-16T17:00:00+00:00,3-Mercoledi,19,0,11.329093689479468,44.50224882527717
mercato_via_albani,Mercato di Via Albani,2026-09-16T17:00:00+00:00,3-Mercoledi,19,0,11.34402582275058,44.510272660753174
sala_centofiori,Sala Centofiori,2026-09-16T17:00:00+00:00,3-Mercoledi,19,0,11.35990829854188,44.546273268328655
cineteca,Cineteca,2026-09-16T17:00:00+00:00,3-Mercoledi,19,0,11.336904443406464,44.49891741678237
parco_11_settembre,Parco 11 Settembre 2001,2026-09-16T17:00:00+00:00,3-Mercoledi,19,0,11.33658934486044,44.50012185840865
piazza_galileo_galilei,Piazza Galileo Galilei,2026-09-16T17:00:00+00:00,3-Mercoledi,19,0,11.3407440252421,44.49334026452536
piazza_verdi,Piazza Verdi,2026-09-16T17:00:00+00:00,3-Mercoledi,19,0,11.350683736069605,44.49624149011274
centro_studi_cabral,Centro Studi Amilcar Cabral,2026-09-16T17:00:00+00:00,3-Mercoledi,19,0,11.33955685469799,44.484257625677024
polizia_municipale_lombardia,Polizia Municipale Via Lombardia,2026-09-16T17:00:00+00:00,3-Mercoledi,19,0,11.380734611561703,44.475041518877816
piazza_pasolini_lumiere,Piazza Pasolini / Lumiere,2026-09-16T17:00:00+00:00,3-Mercoledi,19,0,11.334766886590288,44.502403722367106
salaborsa,Biblioteca Salaborsa,2026-09-16T17:00:00+00:00,3-Mercoledi,19,0,11.34190051712521,44.494670263442316
santostefano,Quartiere Santo Stefano,2026-09-16T17:00:00+00:00,3-Mercoledi,19,0,11.354555150931915,44.48530398061519
ateliersaperi,Atelier dei Saperi,2026-09-16T17:00:00+00:00,3-Mercoledi,19,0,11.366440147791629,44.496061169138635
polizia_minucipale,Polizia Municipale,2026-09-16T17:00:00+00:00,3-Mercoledi,19,0,11.390647443148671,44.50355993301129
artigiano,Comune di Bologna - Artigiano,2026-09-16T17:00:00+00:00,3-Mercoledi,19,0,11.367334801846928,44.50274841761949
portici_santo_stefano,Portici Piazza Santo Stefano,2026-09-16T17:00:00+00:00,3-Mercoledi,19,0,11.348214023424926,44.4923724938828
museo_musica,Museo della Musica,2026-09-16T16:00:00+00:00,3-Mercoledi,18,0,11.350320867805817,44.49286727626905
biblioteca_ruffilli,Biblioteca Ruffilli,2026-09-16T16:00:00+00:00,3-Mercoledi,18,0,11.354926937578657,44.49379360311267
piazza_unita,Piazza Dell'Unita',2026-09-16T16:00:00+00:00,3-Mercoledi,18,0,11.347095551842576,44.51146165088361
quartiere_reno,Quartiere Reno,2026-09-16T16:00:00+00:00,3-Mercoledi,18,0,11.296666972106967,44.502170876800726
mambo,Mambo,2026-09-16T16:00:00+00:00,3-Mercoledi,18,0,11.33683360818396,44.50257695055724
giardini_margherita,Giardini Margherita,2026-09-16T16:00:00+00:00,3-Mercoledi,18,0,11.352924327935487,44.48310495437518
stadio,Stadio,2026-09-16T16:00:00+00:00,3-Mercoledi,18,0,11.309684973790153,44.49237798941952
museo_tappezzeria,Museo della Tappezzeria,2026-09-16T16:00:00+00:00,3-Mercoledi,18,0,11.315258504368558,44.48793845172337
quartiere_porto_bibl_borges,Quartiere Porto / Biblioteca Borges,2026-09-16T16:00:00+00:00,3-Mercoledi,18,0,11.329093689479468,44.50224882527717
museo_per_la_memoria,Museo per la Memoria di Ustica,2026-09-16T16:00:00+00:00,3-Mercoledi,18,0,11.351056616136248,44.51326745817074
cineteca,Cineteca,2026-09-16T16:00:00+00:00,3-Mercoledi,18,0,11.336904443406464,44.49891741678237
piazza_8_agosto,Piazza 8 Agosto,2026-09-16T16:00:00+00:00,3-Mercoledi,18,0,11.34527686440958,44.50027943650601
piazza_verdi,Piazza Verdi,2026-09-16T16:00:00+00:00,3-Mercoledi,18,0,11.350683736069605,44.49624149011274
mercato_san_donato,Mercato San Donato,2026-09-16T16:00:00+00:00,3-Mercoledi,18,0,11.362214860040977,44.50201910803576
pubblica_assistenza,Pubblica Assistenza Citta' di Bologna,2026-09-16T16:00:00+00:00,3-Mercoledi,18,0,11.383647893083001,44.49688238272082
polizia_municipale_lombardia,Polizia Municipale Via Lombardia,2026-09-16T16:00:00+00:00,3-Mercoledi,18,0,11.380734611561703,44.475041518877816
santostefano,Quartiere Santo Stefano,2026-09-16T16:00:00+00:00,3-Mercoledi,18,0,11.354555150931915,44.48530398061519
rimesse,Rimesse,2026-09-16T16:00:00+00:00,3-Mercoledi,18,0,11.373160257437307,44.494264502223714
bassa_soglia,Servizio Bassa Soglia,2026-09-16T16:00:00+00:00,3-Mercoledi,18,0,11.346106360310804,44.50975850467694
sportello_porto_saragozza,Sportello Sociale Porto Saragozza,2026-09-16T16:00:00+00:00,3-Mercoledi,18,0,11.330591933200418,44.49743898853058
piazza_aldrovandi,Piazza Aldrovandi,2026-09-16T16:00:00+00:00,3-Mercoledi,18,0,11.351772647464196,44.493514395619975
casa_gialla,Casa Gialla,2026-09-16T16:00:00+00:00,3-Mercoledi,18,0,11.393719182005707,44.511272044800684
portico_pavaglione,Portico del Pavaglione,2026-09-16T16:00:00+00:00,3-Mercoledi,18,0,11.343554321642664,44.49277258177935
museo_archeologico,Museo Archeologico,2026-09-16T16:00:00+00:00,3-Mercoledi,18,0,11.344317925246633,44.492907377216
piazza_galvani_archiginnasio,Piazza Galvani / Archiginnasio,2026-09-16T16:00:00+00:00,3-Mercoledi,18,0,11.343575024054044,44.49159441036996
velostazione,Velostazione,2026-09-16T16:00:00+00:00,3-Mercoledi,18,0,11.345568423884524,44.50352386626166
autostazione,Autostazione,2026-09-16T16:00:00+00:00,3-Mercoledi,18,0,11.346413471395405,44.50412233071955
stazione_piazza_med_oro,Stazione / Piazza Medaglie D'Oro,2026-09-16T16:00:00+00:00,3-Mercoledi,18,0,11.343236115621353,44.50522439397164
comune_liber_paradisus,Comune / Piazza Liber Paradisus,2026-09-16T16:00:00+00:00,3-Mercoledi,18,0,11.340078869439344,44.50963022646414
parco_cavaticcio,Parco del Cavaticcio,2026-09-16T16:00:00+00:00,3-Mercoledi,18,0,11.335924318560533,44.50261558056925
serre_giardini_margherita,Le Serre dei Giardini Margherita,2026-09-16T16:00:00+00:00,3-Mercoledi,18,0,11.34918685728514,44.48327710584824
piazza_san_francesco,Piazza San Francesco,2026-09-16T16:00:00+00:00,3-Mercoledi,18,0,11.334972379366,44.49496055460151
casa_carducci,Casa Carducci,2026-09-16T16:00:00+00:00,3-Mercoledi,18,0,11.357189683658326,44.48793199445139
casteldebole_giardini,Giardino Sorelle Mirabal,2026-09-16T16:00:00+00:00,3-Mercoledi,18,0,11.276619859402423,44.50253212720367
borgo_panigale_biblioteca,Biblioteca Borgo Panigale,2026-09-16T16:00:00+00:00,3-Mercoledi,18,0,11.265670638184051,44.52280679104457
giardino_lennon_parker,Giardino Parker - Lennon,2026-09-16T16:00:00+00:00,3-Mercoledi,18,0,11.357721592278907,44.50388698316799
museo_patrimonio_industriale,Museo del Patrimonio Industriale,2026-09-16T16:00:00+00:00,3-Mercoledi,18,0,11.33453154568292,44.52185116940013
sala_centofiori,Sala Centofiori,2026-09-16T16:00:00+00:00,3-Mercoledi,18,0,11.35990829854188,44.546273268328655
parco_11_settembre,Parco 11 Settembre 2001,2026-09-16T16:00:00+00:00,3-Mercoledi,18,0,11.33658934486044,44.50012185840865
piazza_malpighi,Piazza Malpighi,2026-09-16T16:00:00+00:00,3-Mercoledi,18,0,11.336354718343932,44.494051038094796
sede_quartiere_saragozza,Sede del Quartiere Saragozza,2026-09-16T16:00:00+00:00,3-Mercoledi,18,0,11.33118420388445,44.49473482787063
piazza_galileo_galilei,Piazza Galileo Galilei,2026-09-16T16:00:00+00:00,3-Mercoledi,18,0,11.3407440252421,44.49334026452536
quartiere_san_donato,Quartiere San Donato,2026-09-16T16:00:00+00:00,3-Mercoledi,18,0,11.367392710090371,44.50459666027341
archivio_storico,Archivio Storico Comunale,2026-09-16T16:00:00+00:00,3-Mercoledi,18,0,11.36173097716811,44.501697151666704
giardino_lavinia_fontana,Giardino Lavinia Fontana,2026-09-16T16:00:00+00:00,3-Mercoledi,18,0,11.355645424287196,44.48809517552899
giardino_vittime_macinella,Giardino Vittime di Marcinelle e Caduti,2026-09-16T16:00:00+00:00,3-Mercoledi,18,0,11.367729464838469,44.50500806480565
ateliersaperi,Atelier dei Saperi,2026-09-16T16:00:00+00:00,3-Mercoledi,18,0,11.366440147791629,44.496061169138635
poliambulatorio_pilastro,Poliambulatorio Pilastro,2026-09-16T16:00:00+00:00,3-Mercoledi,18,0,11.389375799301899,44.512949920002974
dumbo,Dumbo,2026-09-16T16:00:00+00:00,3-Mercoledi,18,0,11.325935453367027,44.50535134807505
portici_san_luca,Portici San Luca,2026-09-16T16:00:00+00:00,3-Mercoledi,18,0,11.310793464002822,44.49002124816221
palazzo_accursio,Palazzo D'Accursio,2026-09-16T16:00:00+00:00,3-Mercoledi,18,0,11.341797312105145,44.494189630319596
torre_orologio,Torre dell'Orologio,2026-09-16T16:00:00+00:00,3-Mercoledi,18,0,11.342030493697278,44.49363299381554
piazza_porta_ravegnana,Piazza Porta Ravegnana,2026-09-16T16:00:00+00:00,3-Mercoledi,18,0,11.346786132701961,44.4942259928551
parco_zucca,Parco della Zucca,2026-09-16T16:00:00+00:00,3-Mercoledi,18,0,11.350633924100899,44.51289217630053
biblioteca_tassinari,Biblioteca Tassinari (Villa Spada),2026-09-16T16:00:00+00:00,3-Mercoledi,18,0,11.315077862364939,44.48711563513905
quartiere_borgo,Quartiere Borgo Panigale,2026-09-16T16:00:00+00:00,3-Mercoledi,18,0,11.279163670955871,44.51715386515034
certosa,Certosa,2026-09-16T16:00:00+00:00,3-Mercoledi,18,0,11.307060780642725,44.496582005814055
quartiere_savena,Quartiere Savena,2026-09-16T16:00:00+00:00,3-Mercoledi,18,0,11.389659092242418,44.473548759415905
mercato_via_albani,Mercato di Via Albani,2026-09-16T16:00:00+00:00,3-Mercoledi,18,0,11.34402582275058,44.510272660753174
quartiere_navile,Quartiere Navile,2026-09-16T16:00:00+00:00,3-Mercoledi,18,0,11.329479223221583,44.51883731169992
biblioteca_casa_khaoula,Biblioteca Casa di Khaoula,2026-09-16T16:00:00+00:00,3-Mercoledi,18,0,11.34762433889239,44.52005878008443
laboratorio_interculturale,Biblioteca del Laboratorio Interculturale,2026-09-16T16:00:00+00:00,3-Mercoledi,18,0,11.334050593880528,44.4923245617229
piazza_maggiore_podesta,Piazza Maggiore / Podesta',2026-09-16T16:00:00+00:00,3-Mercoledi,18,0,11.343076044345585,44.494053409105085
archiginnasio,Archiginnasio,2026-09-16T16:00:00+00:00,3-Mercoledi,18,0,11.343736052819256,44.492084218142104
museo_civico_medievale,Museo Civico Medievale,2026-09-16T16:00:00+00:00,3-Mercoledi,18,0,11.342158706616681,44.49633487816838
centro_studi_cabral,Centro Studi Amilcar Cabral,2026-09-16T16:00:00+00:00,3-Mercoledi,18,0,11.33955685469799,44.484257625677024
biblioteca_natalia_ginzburg,Biblioteca Natalia Ginzburg,2026-09-16T16:00:00+00:00,3-Mercoledi,18,0,11.391702427962384,44.47411627490949
piazza_pasolini_lumiere,Piazza Pasolini / Lumiere,2026-09-16T16:00:00+00:00,3-Mercoledi,18,0,11.334766886590288,44.502403722367106
salaborsa,Biblioteca Salaborsa,2026-09-16T16:00:00+00:00,3-Mercoledi,18,0,11.34190051712521,44.494670263442316
cineteca_archivi,Cineteca Archivi,2026-09-16T16:00:00+00:00,3-Mercoledi,18,0,11.389976453444145,44.50454108042767
biblioteca_spina,Biblioteca Spina,2026-09-16T16:00:00+00:00,3-Mercoledi,18,0,11.394655103500526,44.5111220826962
polizia_minucipale,Polizia Municipale,2026-09-16T16:00:00+00:00,3-Mercoledi,18,0,11.390647443148671,44.50355993301129
artigiano,Comune di Bologna - Artigiano,2026-09-16T16:00:00+00:00,3-Mercoledi,18,0,11.367334801846928,44.50274841761949
poliambulatorio_zanolini,Poliambulatorio Zanolini,2026-09-16T16:00:00+00:00,3-Mercoledi,18,0,11.357455161993055,44.49484089990392
portici_santo_stefano,Portici Piazza Santo Stefano,2026-09-16T16:00:00+00:00,3-Mercoledi,18,0,11.348214023424926,44.4923724938828
quartiere_reno,Quartiere Reno,2026-09-16T15:00:00+00:00,3-Mercoledi,17,0,11.296666972106967,44.502170876800726
quartiere_borgo,Quartiere Borgo Panigale,2026-09-16T15:00:00+00:00,3-Mercoledi,17,0,11.279163670955871,44.51715386515034
mambo,Mambo,2026-09-16T15:00:00+00:00,3-Mercoledi,17,0,11.33683360818396,44.50257695055724
giardini_margherita,Giardini Margherita,2026-09-16T15:00:00+00:00,3-Mercoledi,17,0,11.352924327935487,44.48310495437518
piazza_san_francesco,Piazza San Francesco,2026-09-16T15:00:00+00:00,3-Mercoledi,17,0,11.334972379366,44.49496055460151
casteldebole_giardini,Giardino Sorelle Mirabal,2026-09-16T15:00:00+00:00,3-Mercoledi,17,0,11.276619859402423,44.50253212720367
museo_tappezzeria,Museo della Tappezzeria,2026-09-16T15:00:00+00:00,3-Mercoledi,17,0,11.315258504368558,44.48793845172337
museo_patrimonio_industriale,Museo del Patrimonio Industriale,2026-09-16T15:00:00+00:00,3-Mercoledi,17,0,11.33453154568292,44.52185116940013
sala_centofiori,Sala Centofiori,2026-09-16T15:00:00+00:00,3-Mercoledi,17,0,11.35990829854188,44.546273268328655
cineteca,Cineteca,2026-09-16T15:00:00+00:00,3-Mercoledi,17,0,11.336904443406464,44.49891741678237
parco_11_settembre,Parco 11 Settembre 2001,2026-09-16T15:00:00+00:00,3-Mercoledi,17,0,11.33658934486044,44.50012185840865
piazza_galileo_galilei,Piazza Galileo Galilei,2026-09-16T15:00:00+00:00,3-Mercoledi,17,0,11.3407440252421,44.49334026452536
piazza_maggiore_podesta,Piazza Maggiore / Podesta',2026-09-16T15:00:00+00:00,3-Mercoledi,17,0,11.343076044345585,44.494053409105085
piazza_8_agosto,Piazza 8 Agosto,2026-09-16T15:00:00+00:00,3-Mercoledi,17,0,11.34527686440958,44.50027943650601
mercato_san_donato,Mercato San Donato,2026-09-16T15:00:00+00:00,3-Mercoledi,17,0,11.362214860040977,44.50201910803576
archivio_storico,Archivio Storico Comunale,2026-09-16T15:00:00+00:00,3-Mercoledi,17,0,11.36173097716811,44.501697151666704
polizia_municipale_lombardia,Polizia Municipale Via Lombardia,2026-09-16T15:00:00+00:00,3-Mercoledi,17,0,11.380734611561703,44.475041518877816
salaborsa,Biblioteca Salaborsa,2026-09-16T15:00:00+00:00,3-Mercoledi,17,0,11.34190051712521,44.494670263442316
santostefano,Quartiere Santo Stefano,2026-09-16T15:00:00+00:00,3-Mercoledi,17,0,11.354555150931915,44.48530398061519
biblioteca_spina,Biblioteca Spina,2026-09-16T15:00:00+00:00,3-Mercoledi,17,0,11.394655103500526,44.5111220826962
poliambulatorio_pilastro,Poliambulatorio Pilastro,2026-09-16T15:00:00+00:00,3-Mercoledi,17,0,11.389375799301899,44.512949920002974
poliambulatorio_zanolini,Poliambulatorio Zanolini,2026-09-16T15:00:00+00:00,3-Mercoledi,17,0,11.357455161993055,44.49484089990392
palazzo_accursio,Palazzo D'Accursio,2026-09-16T15:00:00+00:00,3-Mercoledi,17,0,11.341797312105145,44.494189630319596
piazza_porta_ravegnana,Piazza Porta Ravegnana,2026-09-16T15:00:00+00:00,3-Mercoledi,17,0,11.346786132701961,44.4942259928551
torre_orologio,Torre dell'Orologio,2026-09-16T15:00:00+00:00,3-Mercoledi,17,0,11.342030493697278,44.49363299381554
piazza_galvani_archiginnasio,Piazza Galvani / Archiginnasio,2026-09-16T15:00:00+00:00,3-Mercoledi,17,0,11.343575024054044,44.49159441036996
biblioteca_ruffilli,Biblioteca Ruffilli,2026-09-16T15:00:00+00:00,3-Mercoledi,17,0,11.354926937578657,44.49379360311267
velostazione,Velostazione,2026-09-16T15:00:00+00:00,3-Mercoledi,17,0,11.345568423884524,44.50352386626166
comune_liber_paradisus,Comune / Piazza Liber Paradisus,2026-09-16T15:00:00+00:00,3-Mercoledi,17,0,11.340078869439344,44.50963022646414
piazza_unita,Piazza Dell'Unita',2026-09-16T15:00:00+00:00,3-Mercoledi,17,0,11.347095551842576,44.51146165088361
biblioteca_tassinari,Biblioteca Tassinari (Villa Spada),2026-09-16T15:00:00+00:00,3-Mercoledi,17,0,11.315077862364939,44.48711563513905
quartiere_savena,Quartiere Savena,2026-09-16T15:00:00+00:00,3-Mercoledi,17,0,11.389659092242418,44.473548759415905
serre_giardini_margherita,Le Serre dei Giardini Margherita,2026-09-16T15:00:00+00:00,3-Mercoledi,17,0,11.34918685728514,44.48327710584824
quartiere_porto_bibl_borges,Quartiere Porto / Biblioteca Borges,2026-09-16T15:00:00+00:00,3-Mercoledi,17,0,11.329093689479468,44.50224882527717
giardino_lennon_parker,Giardino Parker - Lennon,2026-09-16T15:00:00+00:00,3-Mercoledi,17,0,11.357721592278907,44.50388698316799
mercato_via_albani,Mercato di Via Albani,2026-09-16T15:00:00+00:00,3-Mercoledi,17,0,11.34402582275058,44.510272660753174
museo_per_la_memoria,Museo per la Memoria di Ustica,2026-09-16T15:00:00+00:00,3-Mercoledi,17,0,11.351056616136248,44.51326745817074
quartiere_navile,Quartiere Navile,2026-09-16T15:00:00+00:00,3-Mercoledi,17,0,11.329479223221583,44.51883731169992
piazza_malpighi,Piazza Malpighi,2026-09-16T15:00:00+00:00,3-Mercoledi,17,0,11.336354718343932,44.494051038094796
quartiere_san_donato,Quartiere San Donato,2026-09-16T15:00:00+00:00,3-Mercoledi,17,0,11.367392710090371,44.50459666027341
pubblica_assistenza,Pubblica Assistenza Citta' di Bologna,2026-09-16T15:00:00+00:00,3-Mercoledi,17,0,11.383647893083001,44.49688238272082
giardino_vittime_macinella,Giardino Vittime di Marcinelle e Caduti,2026-09-16T15:00:00+00:00,3-Mercoledi,17,0,11.367729464838469,44.50500806480565
rimesse,Rimesse,2026-09-16T15:00:00+00:00,3-Mercoledi,17,0,11.373160257437307,44.494264502223714
ateliersaperi,Atelier dei Saperi,2026-09-16T15:00:00+00:00,3-Mercoledi,17,0,11.366440147791629,44.496061169138635
sportello_porto_saragozza,Sportello Sociale Porto Saragozza,2026-09-16T15:00:00+00:00,3-Mercoledi,17,0,11.330591933200418,44.49743898853058
artigiano,Comune di Bologna - Artigiano,2026-09-16T15:00:00+00:00,3-Mercoledi,17,0,11.367334801846928,44.50274841761949
piazza_aldrovandi,Piazza Aldrovandi,2026-09-16T15:00:00+00:00,3-Mercoledi,17,0,11.351772647464196,44.493514395619975
casa_gialla,Casa Gialla,2026-09-16T15:00:00+00:00,3-Mercoledi,17,0,11.393719182005707,44.511272044800684
portici_santo_stefano,Portici Piazza Santo Stefano,2026-09-16T15:00:00+00:00,3-Mercoledi,17,0,11.348214023424926,44.4923724938828
museo_archeologico,Museo Archeologico,2026-09-16T15:00:00+00:00,3-Mercoledi,17,0,11.344317925246633,44.492907377216
museo_musica,Museo della Musica,2026-09-16T15:00:00+00:00,3-Mercoledi,17,0,11.350320867805817,44.49286727626905
autostazione,Autostazione,2026-09-16T15:00:00+00:00,3-Mercoledi,17,0,11.346413471395405,44.50412233071955
stazione_piazza_med_oro,Stazione / Piazza Medaglie D'Oro,2026-09-16T15:00:00+00:00,3-Mercoledi,17,0,11.343236115621353,44.50522439397164
parco_zucca,Parco della Zucca,2026-09-16T15:00:00+00:00,3-Mercoledi,17,0,11.350633924100899,44.51289217630053
parco_cavaticcio,Parco del Cavaticcio,2026-09-16T15:00:00+00:00,3-Mercoledi,17,0,11.335924318560533,44.50261558056925
certosa,Certosa,2026-09-16T15:00:00+00:00,3-Mercoledi,17,0,11.307060780642725,44.496582005814055
casa_carducci,Casa Carducci,2026-09-16T15:00:00+00:00,3-Mercoledi,17,0,11.357189683658326,44.48793199445139
stadio,Stadio,2026-09-16T15:00:00+00:00,3-Mercoledi,17,0,11.309684973790153,44.49237798941952
borgo_panigale_biblioteca,Biblioteca Borgo Panigale,2026-09-16T15:00:00+00:00,3-Mercoledi,17,0,11.265670638184051,44.52280679104457
biblioteca_casa_khaoula,Biblioteca Casa di Khaoula,2026-09-16T15:00:00+00:00,3-Mercoledi,17,0,11.34762433889239,44.52005878008443
sede_quartiere_saragozza,Sede del Quartiere Saragozza,2026-09-16T15:00:00+00:00,3-Mercoledi,17,0,11.33118420388445,44.49473482787063
laboratorio_interculturale,Biblioteca del Laboratorio Interculturale,2026-09-16T15:00:00+00:00,3-Mercoledi,17,0,11.334050593880528,44.4923245617229
archiginnasio,Archiginnasio,2026-09-16T15:00:00+00:00,3-Mercoledi,17,0,11.343736052819256,44.492084218142104
museo_civico_medievale,Museo Civico Medievale,2026-09-16T15:00:00+00:00,3-Mercoledi,17,0,11.342158706616681,44.49633487816838
piazza_verdi,Piazza Verdi,2026-09-16T15:00:00+00:00,3-Mercoledi,17,0,11.350683736069605,44.49624149011274
giardino_lavinia_fontana,Giardino Lavinia Fontana,2026-09-16T15:00:00+00:00,3-Mercoledi,17,0,11.355645424287196,44.48809517552899
centro_studi_cabral,Centro Studi Amilcar Cabral,2026-09-16T15:00:00+00:00,3-Mercoledi,17,0,11.33955685469799,44.484257625677024
biblioteca_natalia_ginzburg,Biblioteca Natalia Ginzburg,2026-09-16T15:00:00+00:00,3-Mercoledi,17,0,11.391702427962384,44.47411627490949
piazza_pasolini_lumiere,Piazza Pasolini / Lumiere,2026-09-16T15:00:00+00:00,3-Mercoledi,17,0,11.334766886590288,44.502403722367106
cineteca_archivi,Cineteca Archivi,2026-09-16T15:00:00+00:00,3-Mercoledi,17,0,11.389976453444145,44.50454108042767
dumbo,Dumbo,2026-09-16T15:00:00+00:00,3-Mercoledi,17,0,11.325935453367027,44.50535134807505
bassa_soglia,Servizio Bassa Soglia,2026-09-16T15:00:00+00:00,3-Mercoledi,17,0,11.346106360310804,44.50975850467694
polizia_minucipale,Polizia Municipale,2026-09-16T15:00:00+00:00,3-Mercoledi,17,0,11.390647443148671,44.50355993301129
portici_san_luca,Portici San Luca,2026-09-16T15:00:00+00:00,3-Mercoledi,17,0,11.310793464002822,44.49002124816221
portico_pavaglione,Portico del Pavaglione,2026-09-16T15:00:00+00:00,3-Mercoledi,17,0,11.343554321642664,44.49277258177935
museo_musica,Museo della Musica,2026-09-16T14:00:00+00:00,3-Mercoledi,16,0,11.350320867805817,44.49286727626905
autostazione,Autostazione,2026-09-16T14:00:00+00:00,3-Mercoledi,16,0,11.346413471395405,44.50412233071955
stazione_piazza_med_oro,Stazione / Piazza Medaglie D'Oro,2026-09-16T14:00:00+00:00,3-Mercoledi,16,0,11.343236115621353,44.50522439397164
comune_liber_paradisus,Comune / Piazza Liber Paradisus,2026-09-16T14:00:00+00:00,3-Mercoledi,16,0,11.340078869439344,44.50963022646414
quartiere_reno,Quartiere Reno,2026-09-16T14:00:00+00:00,3-Mercoledi,16,0,11.296666972106967,44.502170876800726
quartiere_borgo,Quartiere Borgo Panigale,2026-09-16T14:00:00+00:00,3-Mercoledi,16,0,11.279163670955871,44.51715386515034
certosa,Certosa,2026-09-16T14:00:00+00:00,3-Mercoledi,16,0,11.307060780642725,44.496582005814055
quartiere_savena,Quartiere Savena,2026-09-16T14:00:00+00:00,3-Mercoledi,16,0,11.389659092242418,44.473548759415905
giardini_margherita,Giardini Margherita,2026-09-16T14:00:00+00:00,3-Mercoledi,16,0,11.352924327935487,44.48310495437518
serre_giardini_margherita,Le Serre dei Giardini Margherita,2026-09-16T14:00:00+00:00,3-Mercoledi,16,0,11.34918685728514,44.48327710584824
borgo_panigale_biblioteca,Biblioteca Borgo Panigale,2026-09-16T14:00:00+00:00,3-Mercoledi,16,0,11.265670638184051,44.52280679104457
quartiere_porto_bibl_borges,Quartiere Porto / Biblioteca Borges,2026-09-16T14:00:00+00:00,3-Mercoledi,16,0,11.329093689479468,44.50224882527717
museo_per_la_memoria,Museo per la Memoria di Ustica,2026-09-16T14:00:00+00:00,3-Mercoledi,16,0,11.351056616136248,44.51326745817074
quartiere_navile,Quartiere Navile,2026-09-16T14:00:00+00:00,3-Mercoledi,16,0,11.329479223221583,44.51883731169992
biblioteca_casa_khaoula,Biblioteca Casa di Khaoula,2026-09-16T14:00:00+00:00,3-Mercoledi,16,0,11.34762433889239,44.52005878008443
cineteca,Cineteca,2026-09-16T14:00:00+00:00,3-Mercoledi,16,0,11.336904443406464,44.49891741678237
parco_11_settembre,Parco 11 Settembre 2001,2026-09-16T14:00:00+00:00,3-Mercoledi,16,0,11.33658934486044,44.50012185840865
archiginnasio,Archiginnasio,2026-09-16T14:00:00+00:00,3-Mercoledi,16,0,11.343736052819256,44.492084218142104
quartiere_san_donato,Quartiere San Donato,2026-09-16T14:00:00+00:00,3-Mercoledi,16,0,11.367392710090371,44.50459666027341
archivio_storico,Archivio Storico Comunale,2026-09-16T14:00:00+00:00,3-Mercoledi,16,0,11.36173097716811,44.501697151666704
centro_studi_cabral,Centro Studi Amilcar Cabral,2026-09-16T14:00:00+00:00,3-Mercoledi,16,0,11.33955685469799,44.484257625677024
polizia_municipale_lombardia,Polizia Municipale Via Lombardia,2026-09-16T14:00:00+00:00,3-Mercoledi,16,0,11.380734611561703,44.475041518877816
biblioteca_natalia_ginzburg,Biblioteca Natalia Ginzburg,2026-09-16T14:00:00+00:00,3-Mercoledi,16,0,11.391702427962384,44.47411627490949
salaborsa,Biblioteca Salaborsa,2026-09-16T14:00:00+00:00,3-Mercoledi,16,0,11.34190051712521,44.494670263442316
ateliersaperi,Atelier dei Saperi,2026-09-16T14:00:00+00:00,3-Mercoledi,16,0,11.366440147791629,44.496061169138635
biblioteca_spina,Biblioteca Spina,2026-09-16T14:00:00+00:00,3-Mercoledi,16,0,11.394655103500526,44.5111220826962
dumbo,Dumbo,2026-09-16T14:00:00+00:00,3-Mercoledi,16,0,11.325935453367027,44.50535134807505
sportello_porto_saragozza,Sportello Sociale Porto Saragozza,2026-09-16T14:00:00+00:00,3-Mercoledi,16,0,11.330591933200418,44.49743898853058
piazza_aldrovandi,Piazza Aldrovandi,2026-09-16T14:00:00+00:00,3-Mercoledi,16,0,11.351772647464196,44.493514395619975
poliambulatorio_zanolini,Poliambulatorio Zanolini,2026-09-16T14:00:00+00:00,3-Mercoledi,16,0,11.357455161993055,44.49484089990392
portico_pavaglione,Portico del Pavaglione,2026-09-16T14:00:00+00:00,3-Mercoledi,16,0,11.343554321642664,44.49277258177935
museo_archeologico,Museo Archeologico,2026-09-16T14:00:00+00:00,3-Mercoledi,16,0,11.344317925246633,44.492907377216
palazzo_accursio,Palazzo D'Accursio,2026-09-16T14:00:00+00:00,3-Mercoledi,16,0,11.341797312105145,44.494189630319596
torre_orologio,Torre dell'Orologio,2026-09-16T14:00:00+00:00,3-Mercoledi,16,0,11.342030493697278,44.49363299381554
piazza_porta_ravegnana,Piazza Porta Ravegnana,2026-09-16T14:00:00+00:00,3-Mercoledi,16,0,11.346786132701961,44.4942259928551
parco_zucca,Parco della Zucca,2026-09-16T14:00:00+00:00,3-Mercoledi,16,0,11.350633924100899,44.51289217630053
biblioteca_tassinari,Biblioteca Tassinari (Villa Spada),2026-09-16T14:00:00+00:00,3-Mercoledi,16,0,11.315077862364939,44.48711563513905
mambo,Mambo,2026-09-16T14:00:00+00:00,3-Mercoledi,16,0,11.33683360818396,44.50257695055724
parco_cavaticcio,Parco del Cavaticcio,2026-09-16T14:00:00+00:00,3-Mercoledi,16,0,11.335924318560533,44.50261558056925
piazza_san_francesco,Piazza San Francesco,2026-09-16T14:00:00+00:00,3-Mercoledi,16,0,11.334972379366,44.49496055460151
casa_carducci,Casa Carducci,2026-09-16T14:00:00+00:00,3-Mercoledi,16,0,11.357189683658326,44.48793199445139
stadio,Stadio,2026-09-16T14:00:00+00:00,3-Mercoledi,16,0,11.309684973790153,44.49237798941952
giardino_lennon_parker,Giardino Parker - Lennon,2026-09-16T14:00:00+00:00,3-Mercoledi,16,0,11.357721592278907,44.50388698316799
mercato_via_albani,Mercato di Via Albani,2026-09-16T14:00:00+00:00,3-Mercoledi,16,0,11.34402582275058,44.510272660753174
museo_patrimonio_industriale,Museo del Patrimonio Industriale,2026-09-16T14:00:00+00:00,3-Mercoledi,16,0,11.33453154568292,44.52185116940013
sede_quartiere_saragozza,Sede del Quartiere Saragozza,2026-09-16T14:00:00+00:00,3-Mercoledi,16,0,11.33118420388445,44.49473482787063
laboratorio_interculturale,Biblioteca del Laboratorio Interculturale,2026-09-16T14:00:00+00:00,3-Mercoledi,16,0,11.334050593880528,44.4923245617229
piazza_galileo_galilei,Piazza Galileo Galilei,2026-09-16T14:00:00+00:00,3-Mercoledi,16,0,11.3407440252421,44.49334026452536
piazza_maggiore_podesta,Piazza Maggiore / Podesta',2026-09-16T14:00:00+00:00,3-Mercoledi,16,0,11.343076044345585,44.494053409105085
museo_civico_medievale,Museo Civico Medievale,2026-09-16T14:00:00+00:00,3-Mercoledi,16,0,11.342158706616681,44.49633487816838
piazza_8_agosto,Piazza 8 Agosto,2026-09-16T14:00:00+00:00,3-Mercoledi,16,0,11.34527686440958,44.50027943650601
pubblica_assistenza,Pubblica Assistenza Citta' di Bologna,2026-09-16T14:00:00+00:00,3-Mercoledi,16,0,11.383647893083001,44.49688238272082
cineteca_archivi,Cineteca Archivi,2026-09-16T14:00:00+00:00,3-Mercoledi,16,0,11.389976453444145,44.50454108042767
poliambulatorio_pilastro,Poliambulatorio Pilastro,2026-09-16T14:00:00+00:00,3-Mercoledi,16,0,11.389375799301899,44.512949920002974
bassa_soglia,Servizio Bassa Soglia,2026-09-16T14:00:00+00:00,3-Mercoledi,16,0,11.346106360310804,44.50975850467694
polizia_minucipale,Polizia Municipale,2026-09-16T14:00:00+00:00,3-Mercoledi,16,0,11.390647443148671,44.50355993301129
piazza_galvani_archiginnasio,Piazza Galvani / Archiginnasio,2026-09-16T14:00:00+00:00,3-Mercoledi,16,0,11.343575024054044,44.49159441036996
biblioteca_ruffilli,Biblioteca Ruffilli,2026-09-16T14:00:00+00:00,3-Mercoledi,16,0,11.354926937578657,44.49379360311267
velostazione,Velostazione,2026-09-16T14:00:00+00:00,3-Mercoledi,16,0,11.345568423884524,44.50352386626166
piazza_unita,Piazza Dell'Unita',2026-09-16T14:00:00+00:00,3-Mercoledi,16,0,11.347095551842576,44.51146165088361
casteldebole_giardini,Giardino Sorelle Mirabal,2026-09-16T14:00:00+00:00,3-Mercoledi,16,0,11.276619859402423,44.50253212720367
museo_tappezzeria,Museo della Tappezzeria,2026-09-16T14:00:00+00:00,3-Mercoledi,16,0,11.315258504368558,44.48793845172337
sala_centofiori,Sala Centofiori,2026-09-16T14:00:00+00:00,3-Mercoledi,16,0,11.35990829854188,44.546273268328655
piazza_malpighi,Piazza Malpighi,2026-09-16T14:00:00+00:00,3-Mercoledi,16,0,11.336354718343932,44.494051038094796
piazza_verdi,Piazza Verdi,2026-09-16T14:00:00+00:00,3-Mercoledi,16,0,11.350683736069605,44.49624149011274
mercato_san_donato,Mercato San Donato,2026-09-16T14:00:00+00:00,3-Mercoledi,16,0,11.362214860040977,44.50201910803576
giardino_lavinia_fontana,Giardino Lavinia Fontana,2026-09-16T14:00:00+00:00,3-Mercoledi,16,0,11.355645424287196,44.48809517552899
piazza_pasolini_lumiere,Piazza Pasolini / Lumiere,2026-09-16T14:00:00+00:00,3-Mercoledi,16,0,11.334766886590288,44.502403722367106
giardino_vittime_macinella,Giardino Vittime di Marcinelle e Caduti,2026-09-16T14:00:00+00:00,3-Mercoledi,16,0,11.367729464838469,44.50500806480565
santostefano,Quartiere Santo Stefano,2026-09-16T14:00:00+00:00,3-Mercoledi,16,0,11.354555150931915,44.48530398061519
rimesse,Rimesse,2026-09-16T14:00:00+00:00,3-Mercoledi,16,0,11.373160257437307,44.494264502223714
artigiano,Comune di Bologna - Artigiano,2026-09-16T14:00:00+00:00,3-Mercoledi,16,0,11.367334801846928,44.50274841761949
casa_gialla,Casa Gialla,2026-09-16T14:00:00+00:00,3-Mercoledi,16,0,11.393719182005707,44.511272044800684
portici_san_luca,Portici San Luca,2026-09-16T14:00:00+00:00,3-Mercoledi,16,0,11.310793464002822,44.49002124816221
portici_santo_stefano,Portici Piazza Santo Stefano,2026-09-16T14:00:00+00:00,3-Mercoledi,16,0,11.348214023424926,44.4923724938828
velostazione,Velostazione,2026-09-16T13:00:00+00:00,3-Mercoledi,15,0,11.345568423884524,44.50352386626166
comune_liber_paradisus,Comune / Piazza Liber Paradisus,2026-09-16T13:00:00+00:00,3-Mercoledi,15,0,11.340078869439344,44.50963022646414
mambo,Mambo,2026-09-16T13:00:00+00:00,3-Mercoledi,15,0,11.33683360818396,44.50257695055724
giardini_margherita,Giardini Margherita,2026-09-16T13:00:00+00:00,3-Mercoledi,15,0,11.352924327935487,44.48310495437518
stadio,Stadio,2026-09-16T13:00:00+00:00,3-Mercoledi,15,0,11.309684973790153,44.49237798941952
museo_tappezzeria,Museo della Tappezzeria,2026-09-16T13:00:00+00:00,3-Mercoledi,15,0,11.315258504368558,44.48793845172337
quartiere_navile,Quartiere Navile,2026-09-16T13:00:00+00:00,3-Mercoledi,15,0,11.329479223221583,44.51883731169992
biblioteca_casa_khaoula,Biblioteca Casa di Khaoula,2026-09-16T13:00:00+00:00,3-Mercoledi,15,0,11.34762433889239,44.52005878008443
parco_11_settembre,Parco 11 Settembre 2001,2026-09-16T13:00:00+00:00,3-Mercoledi,15,0,11.33658934486044,44.50012185840865
sede_quartiere_saragozza,Sede del Quartiere Saragozza,2026-09-16T13:00:00+00:00,3-Mercoledi,15,0,11.33118420388445,44.49473482787063
archiginnasio,Archiginnasio,2026-09-16T13:00:00+00:00,3-Mercoledi,15,0,11.343736052819256,44.492084218142104
mercato_san_donato,Mercato San Donato,2026-09-16T13:00:00+00:00,3-Mercoledi,15,0,11.362214860040977,44.50201910803576
centro_studi_cabral,Centro Studi Amilcar Cabral,2026-09-16T13:00:00+00:00,3-Mercoledi,15,0,11.33955685469799,44.484257625677024
polizia_municipale_lombardia,Polizia Municipale Via Lombardia,2026-09-16T13:00:00+00:00,3-Mercoledi,15,0,11.380734611561703,44.475041518877816
biblioteca_natalia_ginzburg,Biblioteca Natalia Ginzburg,2026-09-16T13:00:00+00:00,3-Mercoledi,15,0,11.391702427962384,44.47411627490949
giardino_vittime_macinella,Giardino Vittime di Marcinelle e Caduti,2026-09-16T13:00:00+00:00,3-Mercoledi,15,0,11.367729464838469,44.50500806480565
rimesse,Rimesse,2026-09-16T13:00:00+00:00,3-Mercoledi,15,0,11.373160257437307,44.494264502223714
biblioteca_spina,Biblioteca Spina,2026-09-16T13:00:00+00:00,3-Mercoledi,15,0,11.394655103500526,44.5111220826962
artigiano,Comune di Bologna - Artigiano,2026-09-16T13:00:00+00:00,3-Mercoledi,15,0,11.367334801846928,44.50274841761949
portici_san_luca,Portici San Luca,2026-09-16T13:00:00+00:00,3-Mercoledi,15,0,11.310793464002822,44.49002124816221
portico_pavaglione,Portico del Pavaglione,2026-09-16T13:00:00+00:00,3-Mercoledi,15,0,11.343554321642664,44.49277258177935
piazza_porta_ravegnana,Piazza Porta Ravegnana,2026-09-16T13:00:00+00:00,3-Mercoledi,15,0,11.346786132701961,44.4942259928551
torre_orologio,Torre dell'Orologio,2026-09-16T13:00:00+00:00,3-Mercoledi,15,0,11.342030493697278,44.49363299381554
piazza_galvani_archiginnasio,Piazza Galvani / Archiginnasio,2026-09-16T13:00:00+00:00,3-Mercoledi,15,0,11.343575024054044,44.49159441036996
museo_musica,Museo della Musica,2026-09-16T13:00:00+00:00,3-Mercoledi,15,0,11.350320867805817,44.49286727626905
biblioteca_ruffilli,Biblioteca Ruffilli,2026-09-16T13:00:00+00:00,3-Mercoledi,15,0,11.354926937578657,44.49379360311267
autostazione,Autostazione,2026-09-16T13:00:00+00:00,3-Mercoledi,15,0,11.346413471395405,44.50412233071955
stazione_piazza_med_oro,Stazione / Piazza Medaglie D'Oro,2026-09-16T13:00:00+00:00,3-Mercoledi,15,0,11.343236115621353,44.50522439397164
parco_zucca,Parco della Zucca,2026-09-16T13:00:00+00:00,3-Mercoledi,15,0,11.350633924100899,44.51289217630053
quartiere_borgo,Quartiere Borgo Panigale,2026-09-16T13:00:00+00:00,3-Mercoledi,15,0,11.279163670955871,44.51715386515034
quartiere_porto_bibl_borges,Quartiere Porto / Biblioteca Borges,2026-09-16T13:00:00+00:00,3-Mercoledi,15,0,11.329093689479468,44.50224882527717
giardino_lennon_parker,Giardino Parker - Lennon,2026-09-16T13:00:00+00:00,3-Mercoledi,15,0,11.357721592278907,44.50388698316799
mercato_via_albani,Mercato di Via Albani,2026-09-16T13:00:00+00:00,3-Mercoledi,15,0,11.34402582275058,44.510272660753174
museo_per_la_memoria,Museo per la Memoria di Ustica,2026-09-16T13:00:00+00:00,3-Mercoledi,15,0,11.351056616136248,44.51326745817074
museo_patrimonio_industriale,Museo del Patrimonio Industriale,2026-09-16T13:00:00+00:00,3-Mercoledi,15,0,11.33453154568292,44.52185116940013
piazza_galileo_galilei,Piazza Galileo Galilei,2026-09-16T13:00:00+00:00,3-Mercoledi,15,0,11.3407440252421,44.49334026452536
piazza_verdi,Piazza Verdi,2026-09-16T13:00:00+00:00,3-Mercoledi,15,0,11.350683736069605,44.49624149011274
quartiere_san_donato,Quartiere San Donato,2026-09-16T13:00:00+00:00,3-Mercoledi,15,0,11.367392710090371,44.50459666027341
archivio_storico,Archivio Storico Comunale,2026-09-16T13:00:00+00:00,3-Mercoledi,15,0,11.36173097716811,44.501697151666704
giardino_lavinia_fontana,Giardino Lavinia Fontana,2026-09-16T13:00:00+00:00,3-Mercoledi,15,0,11.355645424287196,44.48809517552899
salaborsa,Biblioteca Salaborsa,2026-09-16T13:00:00+00:00,3-Mercoledi,15,0,11.34190051712521,44.494670263442316
dumbo,Dumbo,2026-09-16T13:00:00+00:00,3-Mercoledi,15,0,11.325935453367027,44.50535134807505
bassa_soglia,Servizio Bassa Soglia,2026-09-16T13:00:00+00:00,3-Mercoledi,15,0,11.346106360310804,44.50975850467694
sportello_porto_saragozza,Sportello Sociale Porto Saragozza,2026-09-16T13:00:00+00:00,3-Mercoledi,15,0,11.330591933200418,44.49743898853058
poliambulatorio_zanolini,Poliambulatorio Zanolini,2026-09-16T13:00:00+00:00,3-Mercoledi,15,0,11.357455161993055,44.49484089990392
palazzo_accursio,Palazzo D'Accursio,2026-09-16T13:00:00+00:00,3-Mercoledi,15,0,11.341797312105145,44.494189630319596
museo_archeologico,Museo Archeologico,2026-09-16T13:00:00+00:00,3-Mercoledi,15,0,11.344317925246633,44.492907377216
piazza_unita,Piazza Dell'Unita',2026-09-16T13:00:00+00:00,3-Mercoledi,15,0,11.347095551842576,44.51146165088361
biblioteca_tassinari,Biblioteca Tassinari (Villa Spada),2026-09-16T13:00:00+00:00,3-Mercoledi,15,0,11.315077862364939,44.48711563513905
quartiere_reno,Quartiere Reno,2026-09-16T13:00:00+00:00,3-Mercoledi,15,0,11.296666972106967,44.502170876800726
parco_cavaticcio,Parco del Cavaticcio,2026-09-16T13:00:00+00:00,3-Mercoledi,15,0,11.335924318560533,44.50261558056925
certosa,Certosa,2026-09-16T13:00:00+00:00,3-Mercoledi,15,0,11.307060780642725,44.496582005814055
quartiere_savena,Quartiere Savena,2026-09-16T13:00:00+00:00,3-Mercoledi,15,0,11.389659092242418,44.473548759415905
serre_giardini_margherita,Le Serre dei Giardini Margherita,2026-09-16T13:00:00+00:00,3-Mercoledi,15,0,11.34918685728514,44.48327710584824
piazza_san_francesco,Piazza San Francesco,2026-09-16T13:00:00+00:00,3-Mercoledi,15,0,11.334972379366,44.49496055460151
casa_carducci,Casa Carducci,2026-09-16T13:00:00+00:00,3-Mercoledi,15,0,11.357189683658326,44.48793199445139
casteldebole_giardini,Giardino Sorelle Mirabal,2026-09-16T13:00:00+00:00,3-Mercoledi,15,0,11.276619859402423,44.50253212720367
borgo_panigale_biblioteca,Biblioteca Borgo Panigale,2026-09-16T13:00:00+00:00,3-Mercoledi,15,0,11.265670638184051,44.52280679104457
sala_centofiori,Sala Centofiori,2026-09-16T13:00:00+00:00,3-Mercoledi,15,0,11.35990829854188,44.546273268328655
cineteca,Cineteca,2026-09-16T13:00:00+00:00,3-Mercoledi,15,0,11.336904443406464,44.49891741678237
piazza_malpighi,Piazza Malpighi,2026-09-16T13:00:00+00:00,3-Mercoledi,15,0,11.336354718343932,44.494051038094796
laboratorio_interculturale,Biblioteca del Laboratorio Interculturale,2026-09-16T13:00:00+00:00,3-Mercoledi,15,0,11.334050593880528,44.4923245617229
piazza_maggiore_podesta,Piazza Maggiore / Podesta',2026-09-16T13:00:00+00:00,3-Mercoledi,15,0,11.343076044345585,44.494053409105085
museo_civico_medievale,Museo Civico Medievale,2026-09-16T13:00:00+00:00,3-Mercoledi,15,0,11.342158706616681,44.49633487816838
piazza_8_agosto,Piazza 8 Agosto,2026-09-16T13:00:00+00:00,3-Mercoledi,15,0,11.34527686440958,44.50027943650601
pubblica_assistenza,Pubblica Assistenza Citta' di Bologna,2026-09-16T13:00:00+00:00,3-Mercoledi,15,0,11.383647893083001,44.49688238272082
piazza_pasolini_lumiere,Piazza Pasolini / Lumiere,2026-09-16T13:00:00+00:00,3-Mercoledi,15,0,11.334766886590288,44.502403722367106
santostefano,Quartiere Santo Stefano,2026-09-16T13:00:00+00:00,3-Mercoledi,15,0,11.354555150931915,44.48530398061519
ateliersaperi,Atelier dei Saperi,2026-09-16T13:00:00+00:00,3-Mercoledi,15,0,11.366440147791629,44.496061169138635
cineteca_archivi,Cineteca Archivi,2026-09-16T13:00:00+00:00,3-Mercoledi,15,0,11.389976453444145,44.50454108042767
poliambulatorio_pilastro,Poliambulatorio Pilastro,2026-09-16T13:00:00+00:00,3-Mercoledi,15,0,11.389375799301899,44.512949920002974
polizia_minucipale,Polizia Municipale,2026-09-16T13:00:00+00:00,3-Mercoledi,15,0,11.390647443148671,44.50355993301129
piazza_aldrovandi,Piazza Aldrovandi,2026-09-16T13:00:00+00:00,3-Mercoledi,15,0,11.351772647464196,44.493514395619975
casa_gialla,Casa Gialla,2026-09-16T13:00:00+00:00,3-Mercoledi,15,0,11.393719182005707,44.511272044800684
portici_santo_stefano,Portici Piazza Santo Stefano,2026-09-16T13:00:00+00:00,3-Mercoledi,15,0,11.348214023424926,44.4923724938828
biblioteca_ruffilli,Biblioteca Ruffilli,2026-09-16T12:00:00+00:00,3-Mercoledi,14,0,11.354926937578657,44.49379360311267
autostazione,Autostazione,2026-09-16T12:00:00+00:00,3-Mercoledi,14,0,11.346413471395405,44.50412233071955
piazza_unita,Piazza Dell'Unita',2026-09-16T12:00:00+00:00,3-Mercoledi,14,0,11.347095551842576,44.51146165088361
quartiere_reno,Quartiere Reno,2026-09-16T12:00:00+00:00,3-Mercoledi,14,0,11.296666972106967,44.502170876800726
quartiere_borgo,Quartiere Borgo Panigale,2026-09-16T12:00:00+00:00,3-Mercoledi,14,0,11.279163670955871,44.51715386515034
quartiere_savena,Quartiere Savena,2026-09-16T12:00:00+00:00,3-Mercoledi,14,0,11.389659092242418,44.473548759415905
giardini_margherita,Giardini Margherita,2026-09-16T12:00:00+00:00,3-Mercoledi,14,0,11.352924327935487,44.48310495437518
museo_per_la_memoria,Museo per la Memoria di Ustica,2026-09-16T12:00:00+00:00,3-Mercoledi,14,0,11.351056616136248,44.51326745817074
museo_patrimonio_industriale,Museo del Patrimonio Industriale,2026-09-16T12:00:00+00:00,3-Mercoledi,14,0,11.33453154568292,44.52185116940013
piazza_galileo_galilei,Piazza Galileo Galilei,2026-09-16T12:00:00+00:00,3-Mercoledi,14,0,11.3407440252421,44.49334026452536
archiginnasio,Archiginnasio,2026-09-16T12:00:00+00:00,3-Mercoledi,14,0,11.343736052819256,44.492084218142104
piazza_verdi,Piazza Verdi,2026-09-16T12:00:00+00:00,3-Mercoledi,14,0,11.350683736069605,44.49624149011274
quartiere_san_donato,Quartiere San Donato,2026-09-16T12:00:00+00:00,3-Mercoledi,14,0,11.367392710090371,44.50459666027341
giardino_lavinia_fontana,Giardino Lavinia Fontana,2026-09-16T12:00:00+00:00,3-Mercoledi,14,0,11.355645424287196,44.48809517552899
rimesse,Rimesse,2026-09-16T12:00:00+00:00,3-Mercoledi,14,0,11.373160257437307,44.494264502223714
dumbo,Dumbo,2026-09-16T12:00:00+00:00,3-Mercoledi,14,0,11.325935453367027,44.50535134807505
casa_gialla,Casa Gialla,2026-09-16T12:00:00+00:00,3-Mercoledi,14,0,11.393719182005707,44.511272044800684
portici_santo_stefano,Portici Piazza Santo Stefano,2026-09-16T12:00:00+00:00,3-Mercoledi,14,0,11.348214023424926,44.4923724938828
portico_pavaglione,Portico del Pavaglione,2026-09-16T12:00:00+00:00,3-Mercoledi,14,0,11.343554321642664,44.49277258177935
palazzo_accursio,Palazzo D'Accursio,2026-09-16T12:00:00+00:00,3-Mercoledi,14,0,11.341797312105145,44.494189630319596
piazza_galvani_archiginnasio,Piazza Galvani / Archiginnasio,2026-09-16T12:00:00+00:00,3-Mercoledi,14,0,11.343575024054044,44.49159441036996
torre_orologio,Torre dell'Orologio,2026-09-16T12:00:00+00:00,3-Mercoledi,14,0,11.342030493697278,44.49363299381554
museo_musica,Museo della Musica,2026-09-16T12:00:00+00:00,3-Mercoledi,14,0,11.350320867805817,44.49286727626905
velostazione,Velostazione,2026-09-16T12:00:00+00:00,3-Mercoledi,14,0,11.345568423884524,44.50352386626166
stazione_piazza_med_oro,Stazione / Piazza Medaglie D'Oro,2026-09-16T12:00:00+00:00,3-Mercoledi,14,0,11.343236115621353,44.50522439397164
biblioteca_tassinari,Biblioteca Tassinari (Villa Spada),2026-09-16T12:00:00+00:00,3-Mercoledi,14,0,11.315077862364939,44.48711563513905
mambo,Mambo,2026-09-16T12:00:00+00:00,3-Mercoledi,14,0,11.33683360818396,44.50257695055724
certosa,Certosa,2026-09-16T12:00:00+00:00,3-Mercoledi,14,0,11.307060780642725,44.496582005814055
piazza_san_francesco,Piazza San Francesco,2026-09-16T12:00:00+00:00,3-Mercoledi,14,0,11.334972379366,44.49496055460151
stadio,Stadio,2026-09-16T12:00:00+00:00,3-Mercoledi,14,0,11.309684973790153,44.49237798941952
casteldebole_giardini,Giardino Sorelle Mirabal,2026-09-16T12:00:00+00:00,3-Mercoledi,14,0,11.276619859402423,44.50253212720367
borgo_panigale_biblioteca,Biblioteca Borgo Panigale,2026-09-16T12:00:00+00:00,3-Mercoledi,14,0,11.265670638184051,44.52280679104457
giardino_lennon_parker,Giardino Parker - Lennon,2026-09-16T12:00:00+00:00,3-Mercoledi,14,0,11.357721592278907,44.50388698316799
mercato_via_albani,Mercato di Via Albani,2026-09-16T12:00:00+00:00,3-Mercoledi,14,0,11.34402582275058,44.510272660753174
biblioteca_casa_khaoula,Biblioteca Casa di Khaoula,2026-09-16T12:00:00+00:00,3-Mercoledi,14,0,11.34762433889239,44.52005878008443
cineteca,Cineteca,2026-09-16T12:00:00+00:00,3-Mercoledi,14,0,11.336904443406464,44.49891741678237
parco_11_settembre,Parco 11 Settembre 2001,2026-09-16T12:00:00+00:00,3-Mercoledi,14,0,11.33658934486044,44.50012185840865
laboratorio_interculturale,Biblioteca del Laboratorio Interculturale,2026-09-16T12:00:00+00:00,3-Mercoledi,14,0,11.334050593880528,44.4923245617229
piazza_maggiore_podesta,Piazza Maggiore / Podesta',2026-09-16T12:00:00+00:00,3-Mercoledi,14,0,11.343076044345585,44.494053409105085
museo_civico_medievale,Museo Civico Medievale,2026-09-16T12:00:00+00:00,3-Mercoledi,14,0,11.342158706616681,44.49633487816838
piazza_8_agosto,Piazza 8 Agosto,2026-09-16T12:00:00+00:00,3-Mercoledi,14,0,11.34527686440958,44.50027943650601
archivio_storico,Archivio Storico Comunale,2026-09-16T12:00:00+00:00,3-Mercoledi,14,0,11.36173097716811,44.501697151666704
centro_studi_cabral,Centro Studi Amilcar Cabral,2026-09-16T12:00:00+00:00,3-Mercoledi,14,0,11.33955685469799,44.484257625677024
biblioteca_natalia_ginzburg,Biblioteca Natalia Ginzburg,2026-09-16T12:00:00+00:00,3-Mercoledi,14,0,11.391702427962384,44.47411627490949
giardino_vittime_macinella,Giardino Vittime di Marcinelle e Caduti,2026-09-16T12:00:00+00:00,3-Mercoledi,14,0,11.367729464838469,44.50500806480565
cineteca_archivi,Cineteca Archivi,2026-09-16T12:00:00+00:00,3-Mercoledi,14,0,11.389976453444145,44.50454108042767
biblioteca_spina,Biblioteca Spina,2026-09-16T12:00:00+00:00,3-Mercoledi,14,0,11.394655103500526,44.5111220826962
poliambulatorio_pilastro,Poliambulatorio Pilastro,2026-09-16T12:00:00+00:00,3-Mercoledi,14,0,11.389375799301899,44.512949920002974
sportello_porto_saragozza,Sportello Sociale Porto Saragozza,2026-09-16T12:00:00+00:00,3-Mercoledi,14,0,11.330591933200418,44.49743898853058
museo_archeologico,Museo Archeologico,2026-09-16T12:00:00+00:00,3-Mercoledi,14,0,11.344317925246633,44.492907377216
piazza_porta_ravegnana,Piazza Porta Ravegnana,2026-09-16T12:00:00+00:00,3-Mercoledi,14,0,11.346786132701961,44.4942259928551
comune_liber_paradisus,Comune / Piazza Liber Paradisus,2026-09-16T12:00:00+00:00,3-Mercoledi,14,0,11.340078869439344,44.50963022646414
parco_zucca,Parco della Zucca,2026-09-16T12:00:00+00:00,3-Mercoledi,14,0,11.350633924100899,44.51289217630053
parco_cavaticcio,Parco del Cavaticcio,2026-09-16T12:00:00+00:00,3-Mercoledi,14,0,11.335924318560533,44.50261558056925
serre_giardini_margherita,Le Serre dei Giardini Margherita,2026-09-16T12:00:00+00:00,3-Mercoledi,14,0,11.34918685728514,44.48327710584824
casa_carducci,Casa Carducci,2026-09-16T12:00:00+00:00,3-Mercoledi,14,0,11.357189683658326,44.48793199445139
museo_tappezzeria,Museo della Tappezzeria,2026-09-16T12:00:00+00:00,3-Mercoledi,14,0,11.315258504368558,44.48793845172337
quartiere_porto_bibl_borges,Quartiere Porto / Biblioteca Borges,2026-09-16T12:00:00+00:00,3-Mercoledi,14,0,11.329093689479468,44.50224882527717
quartiere_navile,Quartiere Navile,2026-09-16T12:00:00+00:00,3-Mercoledi,14,0,11.329479223221583,44.51883731169992
sala_centofiori,Sala Centofiori,2026-09-16T12:00:00+00:00,3-Mercoledi,14,0,11.35990829854188,44.546273268328655
piazza_malpighi,Piazza Malpighi,2026-09-16T12:00:00+00:00,3-Mercoledi,14,0,11.336354718343932,44.494051038094796
sede_quartiere_saragozza,Sede del Quartiere Saragozza,2026-09-16T12:00:00+00:00,3-Mercoledi,14,0,11.33118420388445,44.49473482787063
mercato_san_donato,Mercato San Donato,2026-09-16T12:00:00+00:00,3-Mercoledi,14,0,11.362214860040977,44.50201910803576
pubblica_assistenza,Pubblica Assistenza Citta' di Bologna,2026-09-16T12:00:00+00:00,3-Mercoledi,14,0,11.383647893083001,44.49688238272082
polizia_municipale_lombardia,Polizia Municipale Via Lombardia,2026-09-16T12:00:00+00:00,3-Mercoledi,14,0,11.380734611561703,44.475041518877816
piazza_pasolini_lumiere,Piazza Pasolini / Lumiere,2026-09-16T12:00:00+00:00,3-Mercoledi,14,0,11.334766886590288,44.502403722367106
salaborsa,Biblioteca Salaborsa,2026-09-16T12:00:00+00:00,3-Mercoledi,14,0,11.34190051712521,44.494670263442316
santostefano,Quartiere Santo Stefano,2026-09-16T12:00:00+00:00,3-Mercoledi,14,0,11.354555150931915,44.48530398061519
ateliersaperi,Atelier dei Saperi,2026-09-16T12:00:00+00:00,3-Mercoledi,14,0,11.366440147791629,44.496061169138635
bassa_soglia,Servizio Bassa Soglia,2026-09-16T12:00:00+00:00,3-Mercoledi,14,0,11.346106360310804,44.50975850467694
polizia_minucipale,Polizia Municipale,2026-09-16T12:00:00+00:00,3-Mercoledi,14,0,11.390647443148671,44.50355993301129
artigiano,Comune di Bologna - Artigiano,2026-09-16T12:00:00+00:00,3-Mercoledi,14,0,11.367334801846928,44.50274841761949
piazza_aldrovandi,Piazza Aldrovandi,2026-09-16T12:00:00+00:00,3-Mercoledi,14,0,11.351772647464196,44.493514395619975
poliambulatorio_zanolini,Poliambulatorio Zanolini,2026-09-16T12:00:00+00:00,3-Mercoledi,14,0,11.357455161993055,44.49484089990392
portici_san_luca,Portici San Luca,2026-09-16T12:00:00+00:00,3-Mercoledi,14,0,11.310793464002822,44.49002124816221
velostazione,Velostazione,2026-09-16T11:00:00+00:00,3-Mercoledi,13,0,11.345568423884524,44.50352386626166
stazione_piazza_med_oro,Stazione / Piazza Medaglie D'Oro,2026-09-16T11:00:00+00:00,3-Mercoledi,13,0,11.343236115621353,44.50522439397164
parco_zucca,Parco della Zucca,2026-09-16T11:00:00+00:00,3-Mercoledi,13,0,11.350633924100899,44.51289217630053
biblioteca_tassinari,Biblioteca Tassinari (Villa Spada),2026-09-16T11:00:00+00:00,3-Mercoledi,13,0,11.315077862364939,44.48711563513905
quartiere_savena,Quartiere Savena,2026-09-16T11:00:00+00:00,3-Mercoledi,13,0,11.389659092242418,44.473548759415905
serre_giardini_margherita,Le Serre dei Giardini Margherita,2026-09-16T11:00:00+00:00,3-Mercoledi,13,0,11.34918685728514,44.48327710584824
quartiere_porto_bibl_borges,Quartiere Porto / Biblioteca Borges,2026-09-16T11:00:00+00:00,3-Mercoledi,13,0,11.329093689479468,44.50224882527717
giardino_lennon_parker,Giardino Parker - Lennon,2026-09-16T11:00:00+00:00,3-Mercoledi,13,0,11.357721592278907,44.50388698316799
biblioteca_casa_khaoula,Biblioteca Casa di Khaoula,2026-09-16T11:00:00+00:00,3-Mercoledi,13,0,11.34762433889239,44.52005878008443
cineteca,Cineteca,2026-09-16T11:00:00+00:00,3-Mercoledi,13,0,11.336904443406464,44.49891741678237
piazza_malpighi,Piazza Malpighi,2026-09-16T11:00:00+00:00,3-Mercoledi,13,0,11.336354718343932,44.494051038094796
laboratorio_interculturale,Biblioteca del Laboratorio Interculturale,2026-09-16T11:00:00+00:00,3-Mercoledi,13,0,11.334050593880528,44.4923245617229
piazza_maggiore_podesta,Piazza Maggiore / Podesta',2026-09-16T11:00:00+00:00,3-Mercoledi,13,0,11.343076044345585,44.494053409105085
quartiere_san_donato,Quartiere San Donato,2026-09-16T11:00:00+00:00,3-Mercoledi,13,0,11.367392710090371,44.50459666027341
ateliersaperi,Atelier dei Saperi,2026-09-16T11:00:00+00:00,3-Mercoledi,13,0,11.366440147791629,44.496061169138635
biblioteca_spina,Biblioteca Spina,2026-09-16T11:00:00+00:00,3-Mercoledi,13,0,11.394655103500526,44.5111220826962
poliambulatorio_pilastro,Poliambulatorio Pilastro,2026-09-16T11:00:00+00:00,3-Mercoledi,13,0,11.389375799301899,44.512949920002974
dumbo,Dumbo,2026-09-16T11:00:00+00:00,3-Mercoledi,13,0,11.325935453367027,44.50535134807505
bassa_soglia,Servizio Bassa Soglia,2026-09-16T11:00:00+00:00,3-Mercoledi,13,0,11.346106360310804,44.50975850467694
sportello_porto_saragozza,Sportello Sociale Porto Saragozza,2026-09-16T11:00:00+00:00,3-Mercoledi,13,0,11.330591933200418,44.49743898853058
polizia_minucipale,Polizia Municipale,2026-09-16T11:00:00+00:00,3-Mercoledi,13,0,11.390647443148671,44.50355993301129
artigiano,Comune di Bologna - Artigiano,2026-09-16T11:00:00+00:00,3-Mercoledi,13,0,11.367334801846928,44.50274841761949
piazza_galvani_archiginnasio,Piazza Galvani / Archiginnasio,2026-09-16T11:00:00+00:00,3-Mercoledi,13,0,11.343575024054044,44.49159441036996
piazza_porta_ravegnana,Piazza Porta Ravegnana,2026-09-16T11:00:00+00:00,3-Mercoledi,13,0,11.346786132701961,44.4942259928551
museo_archeologico,Museo Archeologico,2026-09-16T11:00:00+00:00,3-Mercoledi,13,0,11.344317925246633,44.492907377216
comune_liber_paradisus,Comune / Piazza Liber Paradisus,2026-09-16T11:00:00+00:00,3-Mercoledi,13,0,11.340078869439344,44.50963022646414
piazza_unita,Piazza Dell'Unita',2026-09-16T11:00:00+00:00,3-Mercoledi,13,0,11.347095551842576,44.51146165088361
quartiere_borgo,Quartiere Borgo Panigale,2026-09-16T11:00:00+00:00,3-Mercoledi,13,0,11.279163670955871,44.51715386515034
mambo,Mambo,2026-09-16T11:00:00+00:00,3-Mercoledi,13,0,11.33683360818396,44.50257695055724
certosa,Certosa,2026-09-16T11:00:00+00:00,3-Mercoledi,13,0,11.307060780642725,44.496582005814055
casteldebole_giardini,Giardino Sorelle Mirabal,2026-09-16T11:00:00+00:00,3-Mercoledi,13,0,11.276619859402423,44.50253212720367
borgo_panigale_biblioteca,Biblioteca Borgo Panigale,2026-09-16T11:00:00+00:00,3-Mercoledi,13,0,11.265670638184051,44.52280679104457
museo_tappezzeria,Museo della Tappezzeria,2026-09-16T11:00:00+00:00,3-Mercoledi,13,0,11.315258504368558,44.48793845172337
quartiere_navile,Quartiere Navile,2026-09-16T11:00:00+00:00,3-Mercoledi,13,0,11.329479223221583,44.51883731169992
museo_patrimonio_industriale,Museo del Patrimonio Industriale,2026-09-16T11:00:00+00:00,3-Mercoledi,13,0,11.33453154568292,44.52185116940013
sala_centofiori,Sala Centofiori,2026-09-16T11:00:00+00:00,3-Mercoledi,13,0,11.35990829854188,44.546273268328655
parco_11_settembre,Parco 11 Settembre 2001,2026-09-16T11:00:00+00:00,3-Mercoledi,13,0,11.33658934486044,44.50012185840865
sede_quartiere_saragozza,Sede del Quartiere Saragozza,2026-09-16T11:00:00+00:00,3-Mercoledi,13,0,11.33118420388445,44.49473482787063
archiginnasio,Archiginnasio,2026-09-16T11:00:00+00:00,3-Mercoledi,13,0,11.343736052819256,44.492084218142104
piazza_verdi,Piazza Verdi,2026-09-16T11:00:00+00:00,3-Mercoledi,13,0,11.350683736069605,44.49624149011274
pubblica_assistenza,Pubblica Assistenza Citta' di Bologna,2026-09-16T11:00:00+00:00,3-Mercoledi,13,0,11.383647893083001,44.49688238272082
centro_studi_cabral,Centro Studi Amilcar Cabral,2026-09-16T11:00:00+00:00,3-Mercoledi,13,0,11.33955685469799,44.484257625677024
polizia_municipale_lombardia,Polizia Municipale Via Lombardia,2026-09-16T11:00:00+00:00,3-Mercoledi,13,0,11.380734611561703,44.475041518877816
salaborsa,Biblioteca Salaborsa,2026-09-16T11:00:00+00:00,3-Mercoledi,13,0,11.34190051712521,44.494670263442316
poliambulatorio_zanolini,Poliambulatorio Zanolini,2026-09-16T11:00:00+00:00,3-Mercoledi,13,0,11.357455161993055,44.49484089990392
casa_gialla,Casa Gialla,2026-09-16T11:00:00+00:00,3-Mercoledi,13,0,11.393719182005707,44.511272044800684
portici_santo_stefano,Portici Piazza Santo Stefano,2026-09-16T11:00:00+00:00,3-Mercoledi,13,0,11.348214023424926,44.4923724938828
portico_pavaglione,Portico del Pavaglione,2026-09-16T11:00:00+00:00,3-Mercoledi,13,0,11.343554321642664,44.49277258177935
palazzo_accursio,Palazzo D'Accursio,2026-09-16T11:00:00+00:00,3-Mercoledi,13,0,11.341797312105145,44.494189630319596
torre_orologio,Torre dell'Orologio,2026-09-16T11:00:00+00:00,3-Mercoledi,13,0,11.342030493697278,44.49363299381554
museo_musica,Museo della Musica,2026-09-16T11:00:00+00:00,3-Mercoledi,13,0,11.350320867805817,44.49286727626905
biblioteca_ruffilli,Biblioteca Ruffilli,2026-09-16T11:00:00+00:00,3-Mercoledi,13,0,11.354926937578657,44.49379360311267
autostazione,Autostazione,2026-09-16T11:00:00+00:00,3-Mercoledi,13,0,11.346413471395405,44.50412233071955
quartiere_reno,Quartiere Reno,2026-09-16T11:00:00+00:00,3-Mercoledi,13,0,11.296666972106967,44.502170876800726
parco_cavaticcio,Parco del Cavaticcio,2026-09-16T11:00:00+00:00,3-Mercoledi,13,0,11.335924318560533,44.50261558056925
giardini_margherita,Giardini Margherita,2026-09-16T11:00:00+00:00,3-Mercoledi,13,0,11.352924327935487,44.48310495437518
piazza_san_francesco,Piazza San Francesco,2026-09-16T11:00:00+00:00,3-Mercoledi,13,0,11.334972379366,44.49496055460151
casa_carducci,Casa Carducci,2026-09-16T11:00:00+00:00,3-Mercoledi,13,0,11.357189683658326,44.48793199445139
stadio,Stadio,2026-09-16T11:00:00+00:00,3-Mercoledi,13,0,11.309684973790153,44.49237798941952
mercato_via_albani,Mercato di Via Albani,2026-09-16T11:00:00+00:00,3-Mercoledi,13,0,11.34402582275058,44.510272660753174
museo_per_la_memoria,Museo per la Memoria di Ustica,2026-09-16T11:00:00+00:00,3-Mercoledi,13,0,11.351056616136248,44.51326745817074
piazza_galileo_galilei,Piazza Galileo Galilei,2026-09-16T11:00:00+00:00,3-Mercoledi,13,0,11.3407440252421,44.49334026452536
museo_civico_medievale,Museo Civico Medievale,2026-09-16T11:00:00+00:00,3-Mercoledi,13,0,11.342158706616681,44.49633487816838
piazza_8_agosto,Piazza 8 Agosto,2026-09-16T11:00:00+00:00,3-Mercoledi,13,0,11.34527686440958,44.50027943650601
mercato_san_donato,Mercato San Donato,2026-09-16T11:00:00+00:00,3-Mercoledi,13,0,11.362214860040977,44.50201910803576
archivio_storico,Archivio Storico Comunale,2026-09-16T11:00:00+00:00,3-Mercoledi,13,0,11.36173097716811,44.501697151666704
giardino_lavinia_fontana,Giardino Lavinia Fontana,2026-09-16T11:00:00+00:00,3-Mercoledi,13,0,11.355645424287196,44.48809517552899
biblioteca_natalia_ginzburg,Biblioteca Natalia Ginzburg,2026-09-16T11:00:00+00:00,3-Mercoledi,13,0,11.391702427962384,44.47411627490949
piazza_pasolini_lumiere,Piazza Pasolini / Lumiere,2026-09-16T11:00:00+00:00,3-Mercoledi,13,0,11.334766886590288,44.502403722367106
giardino_vittime_macinella,Giardino Vittime di Marcinelle e Caduti,2026-09-16T11:00:00+00:00,3-Mercoledi,13,0,11.367729464838469,44.50500806480565
santostefano,Quartiere Santo Stefano,2026-09-16T11:00:00+00:00,3-Mercoledi,13,0,11.354555150931915,44.48530398061519
rimesse,Rimesse,2026-09-16T11:00:00+00:00,3-Mercoledi,13,0,11.373160257437307,44.494264502223714
cineteca_archivi,Cineteca Archivi,2026-09-16T11:00:00+00:00,3-Mercoledi,13,0,11.389976453444145,44.50454108042767
piazza_aldrovandi,Piazza Aldrovandi,2026-09-16T11:00:00+00:00,3-Mercoledi,13,0,11.351772647464196,44.493514395619975
portici_san_luca,Portici San Luca,2026-09-16T11:00:00+00:00,3-Mercoledi,13,0,11.310793464002822,44.49002124816221
velostazione,Velostazione,2026-09-16T10:00:00+00:00,3-Mercoledi,12,0,11.345568423884524,44.50352386626166
autostazione,Autostazione,2026-09-16T10:00:00+00:00,3-Mercoledi,12,0,11.346413471395405,44.50412233071955
stazione_piazza_med_oro,Stazione / Piazza Medaglie D'Oro,2026-09-16T10:00:00+00:00,3-Mercoledi,12,0,11.343236115621353,44.50522439397164
comune_liber_paradisus,Comune / Piazza Liber Paradisus,2026-09-16T10:00:00+00:00,3-Mercoledi,12,0,11.340078869439344,44.50963022646414
piazza_unita,Piazza Dell'Unita',2026-09-16T10:00:00+00:00,3-Mercoledi,12,0,11.347095551842576,44.51146165088361
biblioteca_tassinari,Biblioteca Tassinari (Villa Spada),2026-09-16T10:00:00+00:00,3-Mercoledi,12,0,11.315077862364939,44.48711563513905
mambo,Mambo,2026-09-16T10:00:00+00:00,3-Mercoledi,12,0,11.33683360818396,44.50257695055724
parco_cavaticcio,Parco del Cavaticcio,2026-09-16T10:00:00+00:00,3-Mercoledi,12,0,11.335924318560533,44.50261558056925
quartiere_savena,Quartiere Savena,2026-09-16T10:00:00+00:00,3-Mercoledi,12,0,11.389659092242418,44.473548759415905
quartiere_navile,Quartiere Navile,2026-09-16T10:00:00+00:00,3-Mercoledi,12,0,11.329479223221583,44.51883731169992
sala_centofiori,Sala Centofiori,2026-09-16T10:00:00+00:00,3-Mercoledi,12,0,11.35990829854188,44.546273268328655
cineteca,Cineteca,2026-09-16T10:00:00+00:00,3-Mercoledi,12,0,11.336904443406464,44.49891741678237
piazza_malpighi,Piazza Malpighi,2026-09-16T10:00:00+00:00,3-Mercoledi,12,0,11.336354718343932,44.494051038094796
piazza_galileo_galilei,Piazza Galileo Galilei,2026-09-16T10:00:00+00:00,3-Mercoledi,12,0,11.3407440252421,44.49334026452536
piazza_verdi,Piazza Verdi,2026-09-16T10:00:00+00:00,3-Mercoledi,12,0,11.350683736069605,44.49624149011274
giardino_lavinia_fontana,Giardino Lavinia Fontana,2026-09-16T10:00:00+00:00,3-Mercoledi,12,0,11.355645424287196,44.48809517552899
giardino_vittime_macinella,Giardino Vittime di Marcinelle e Caduti,2026-09-16T10:00:00+00:00,3-Mercoledi,12,0,11.367729464838469,44.50500806480565
ateliersaperi,Atelier dei Saperi,2026-09-16T10:00:00+00:00,3-Mercoledi,12,0,11.366440147791629,44.496061169138635
poliambulatorio_pilastro,Poliambulatorio Pilastro,2026-09-16T10:00:00+00:00,3-Mercoledi,12,0,11.389375799301899,44.512949920002974
dumbo,Dumbo,2026-09-16T10:00:00+00:00,3-Mercoledi,12,0,11.325935453367027,44.50535134807505
bassa_soglia,Servizio Bassa Soglia,2026-09-16T10:00:00+00:00,3-Mercoledi,12,0,11.346106360310804,44.50975850467694
polizia_minucipale,Polizia Municipale,2026-09-16T10:00:00+00:00,3-Mercoledi,12,0,11.390647443148671,44.50355993301129
artigiano,Comune di Bologna - Artigiano,2026-09-16T10:00:00+00:00,3-Mercoledi,12,0,11.367334801846928,44.50274841761949
piazza_aldrovandi,Piazza Aldrovandi,2026-09-16T10:00:00+00:00,3-Mercoledi,12,0,11.351772647464196,44.493514395619975
portici_san_luca,Portici San Luca,2026-09-16T10:00:00+00:00,3-Mercoledi,12,0,11.310793464002822,44.49002124816221
portici_santo_stefano,Portici Piazza Santo Stefano,2026-09-16T10:00:00+00:00,3-Mercoledi,12,0,11.348214023424926,44.4923724938828
portico_pavaglione,Portico del Pavaglione,2026-09-16T10:00:00+00:00,3-Mercoledi,12,0,11.343554321642664,44.49277258177935
palazzo_accursio,Palazzo D'Accursio,2026-09-16T10:00:00+00:00,3-Mercoledi,12,0,11.341797312105145,44.494189630319596
torre_orologio,Torre dell'Orologio,2026-09-16T10:00:00+00:00,3-Mercoledi,12,0,11.342030493697278,44.49363299381554
piazza_galvani_archiginnasio,Piazza Galvani / Archiginnasio,2026-09-16T10:00:00+00:00,3-Mercoledi,12,0,11.343575024054044,44.49159441036996
museo_archeologico,Museo Archeologico,2026-09-16T10:00:00+00:00,3-Mercoledi,12,0,11.344317925246633,44.492907377216
biblioteca_ruffilli,Biblioteca Ruffilli,2026-09-16T10:00:00+00:00,3-Mercoledi,12,0,11.354926937578657,44.49379360311267
parco_zucca,Parco della Zucca,2026-09-16T10:00:00+00:00,3-Mercoledi,12,0,11.350633924100899,44.51289217630053
certosa,Certosa,2026-09-16T10:00:00+00:00,3-Mercoledi,12,0,11.307060780642725,44.496582005814055
giardini_margherita,Giardini Margherita,2026-09-16T10:00:00+00:00,3-Mercoledi,12,0,11.352924327935487,44.48310495437518
serre_giardini_margherita,Le Serre dei Giardini Margherita,2026-09-16T10:00:00+00:00,3-Mercoledi,12,0,11.34918685728514,44.48327710584824
casteldebole_giardini,Giardino Sorelle Mirabal,2026-09-16T10:00:00+00:00,3-Mercoledi,12,0,11.276619859402423,44.50253212720367
borgo_panigale_biblioteca,Biblioteca Borgo Panigale,2026-09-16T10:00:00+00:00,3-Mercoledi,12,0,11.265670638184051,44.52280679104457
museo_tappezzeria,Museo della Tappezzeria,2026-09-16T10:00:00+00:00,3-Mercoledi,12,0,11.315258504368558,44.48793845172337
giardino_lennon_parker,Giardino Parker - Lennon,2026-09-16T10:00:00+00:00,3-Mercoledi,12,0,11.357721592278907,44.50388698316799
mercato_via_albani,Mercato di Via Albani,2026-09-16T10:00:00+00:00,3-Mercoledi,12,0,11.34402582275058,44.510272660753174
parco_11_settembre,Parco 11 Settembre 2001,2026-09-16T10:00:00+00:00,3-Mercoledi,12,0,11.33658934486044,44.50012185840865
sede_quartiere_saragozza,Sede del Quartiere Saragozza,2026-09-16T10:00:00+00:00,3-Mercoledi,12,0,11.33118420388445,44.49473482787063
quartiere_san_donato,Quartiere San Donato,2026-09-16T10:00:00+00:00,3-Mercoledi,12,0,11.367392710090371,44.50459666027341
mercato_san_donato,Mercato San Donato,2026-09-16T10:00:00+00:00,3-Mercoledi,12,0,11.362214860040977,44.50201910803576
centro_studi_cabral,Centro Studi Amilcar Cabral,2026-09-16T10:00:00+00:00,3-Mercoledi,12,0,11.33955685469799,44.484257625677024
polizia_municipale_lombardia,Polizia Municipale Via Lombardia,2026-09-16T10:00:00+00:00,3-Mercoledi,12,0,11.380734611561703,44.475041518877816
piazza_pasolini_lumiere,Piazza Pasolini / Lumiere,2026-09-16T10:00:00+00:00,3-Mercoledi,12,0,11.334766886590288,44.502403722367106
salaborsa,Biblioteca Salaborsa,2026-09-16T10:00:00+00:00,3-Mercoledi,12,0,11.34190051712521,44.494670263442316
santostefano,Quartiere Santo Stefano,2026-09-16T10:00:00+00:00,3-Mercoledi,12,0,11.354555150931915,44.48530398061519
cineteca_archivi,Cineteca Archivi,2026-09-16T10:00:00+00:00,3-Mercoledi,12,0,11.389976453444145,44.50454108042767
sportello_porto_saragozza,Sportello Sociale Porto Saragozza,2026-09-16T10:00:00+00:00,3-Mercoledi,12,0,11.330591933200418,44.49743898853058
piazza_porta_ravegnana,Piazza Porta Ravegnana,2026-09-16T10:00:00+00:00,3-Mercoledi,12,0,11.346786132701961,44.4942259928551
museo_musica,Museo della Musica,2026-09-16T10:00:00+00:00,3-Mercoledi,12,0,11.350320867805817,44.49286727626905
quartiere_reno,Quartiere Reno,2026-09-16T10:00:00+00:00,3-Mercoledi,12,0,11.296666972106967,44.502170876800726
quartiere_borgo,Quartiere Borgo Panigale,2026-09-16T10:00:00+00:00,3-Mercoledi,12,0,11.279163670955871,44.51715386515034
piazza_san_francesco,Piazza San Francesco,2026-09-16T10:00:00+00:00,3-Mercoledi,12,0,11.334972379366,44.49496055460151
casa_carducci,Casa Carducci,2026-09-16T10:00:00+00:00,3-Mercoledi,12,0,11.357189683658326,44.48793199445139
stadio,Stadio,2026-09-16T10:00:00+00:00,3-Mercoledi,12,0,11.309684973790153,44.49237798941952
quartiere_porto_bibl_borges,Quartiere Porto / Biblioteca Borges,2026-09-16T10:00:00+00:00,3-Mercoledi,12,0,11.329093689479468,44.50224882527717
museo_per_la_memoria,Museo per la Memoria di Ustica,2026-09-16T10:00:00+00:00,3-Mercoledi,12,0,11.351056616136248,44.51326745817074
museo_patrimonio_industriale,Museo del Patrimonio Industriale,2026-09-16T10:00:00+00:00,3-Mercoledi,12,0,11.33453154568292,44.52185116940013
biblioteca_casa_khaoula,Biblioteca Casa di Khaoula,2026-09-16T10:00:00+00:00,3-Mercoledi,12,0,11.34762433889239,44.52005878008443
laboratorio_interculturale,Biblioteca del Laboratorio Interculturale,2026-09-16T10:00:00+00:00,3-Mercoledi,12,0,11.334050593880528,44.4923245617229
piazza_maggiore_podesta,Piazza Maggiore / Podesta',2026-09-16T10:00:00+00:00,3-Mercoledi,12,0,11.343076044345585,44.494053409105085
archiginnasio,Archiginnasio,2026-09-16T10:00:00+00:00,3-Mercoledi,12,0,11.343736052819256,44.492084218142104
museo_civico_medievale,Museo Civico Medievale,2026-09-16T10:00:00+00:00,3-Mercoledi,12,0,11.342158706616681,44.49633487816838
piazza_8_agosto,Piazza 8 Agosto,2026-09-16T10:00:00+00:00,3-Mercoledi,12,0,11.34527686440958,44.50027943650601
archivio_storico,Archivio Storico Comunale,2026-09-16T10:00:00+00:00,3-Mercoledi,12,0,11.36173097716811,44.501697151666704
pubblica_assistenza,Pubblica Assistenza Citta' di Bologna,2026-09-16T10:00:00+00:00,3-Mercoledi,12,0,11.383647893083001,44.49688238272082
biblioteca_natalia_ginzburg,Biblioteca Natalia Ginzburg,2026-09-16T10:00:00+00:00,3-Mercoledi,12,0,11.391702427962384,44.47411627490949
rimesse,Rimesse,2026-09-16T10:00:00+00:00,3-Mercoledi,12,0,11.373160257437307,44.494264502223714
biblioteca_spina,Biblioteca Spina,2026-09-16T10:00:00+00:00,3-Mercoledi,12,0,11.394655103500526,44.5111220826962
poliambulatorio_zanolini,Poliambulatorio Zanolini,2026-09-16T10:00:00+00:00,3-Mercoledi,12,0,11.357455161993055,44.49484089990392
casa_gialla,Casa Gialla,2026-09-16T10:00:00+00:00,3-Mercoledi,12,0,11.393719182005707,44.511272044800684
serre_giardini_margherita,Le Serre dei Giardini Margherita,2026-09-16T09:00:00+00:00,3-Mercoledi,11,0,11.34918685728514,44.48327710584824
stadio,Stadio,2026-09-16T09:00:00+00:00,3-Mercoledi,11,0,11.309684973790153,44.49237798941952
casteldebole_giardini,Giardino Sorelle Mirabal,2026-09-16T09:00:00+00:00,3-Mercoledi,11,0,11.276619859402423,44.50253212720367
quartiere_porto_bibl_borges,Quartiere Porto / Biblioteca Borges,2026-09-16T09:00:00+00:00,3-Mercoledi,11,0,11.329093689479468,44.50224882527717
museo_per_la_memoria,Museo per la Memoria di Ustica,2026-09-16T09:00:00+00:00,3-Mercoledi,11,0,11.351056616136248,44.51326745817074
quartiere_navile,Quartiere Navile,2026-09-16T09:00:00+00:00,3-Mercoledi,11,0,11.329479223221583,44.51883731169992
museo_patrimonio_industriale,Museo del Patrimonio Industriale,2026-09-16T09:00:00+00:00,3-Mercoledi,11,0,11.33453154568292,44.52185116940013
sala_centofiori,Sala Centofiori,2026-09-16T09:00:00+00:00,3-Mercoledi,11,0,11.35990829854188,44.546273268328655
cineteca,Cineteca,2026-09-16T09:00:00+00:00,3-Mercoledi,11,0,11.336904443406464,44.49891741678237
parco_11_settembre,Parco 11 Settembre 2001,2026-09-16T09:00:00+00:00,3-Mercoledi,11,0,11.33658934486044,44.50012185840865
piazza_malpighi,Piazza Malpighi,2026-09-16T09:00:00+00:00,3-Mercoledi,11,0,11.336354718343932,44.494051038094796
sede_quartiere_saragozza,Sede del Quartiere Saragozza,2026-09-16T09:00:00+00:00,3-Mercoledi,11,0,11.33118420388445,44.49473482787063
piazza_8_agosto,Piazza 8 Agosto,2026-09-16T09:00:00+00:00,3-Mercoledi,11,0,11.34527686440958,44.50027943650601
pubblica_assistenza,Pubblica Assistenza Citta' di Bologna,2026-09-16T09:00:00+00:00,3-Mercoledi,11,0,11.383647893083001,44.49688238272082
giardino_lavinia_fontana,Giardino Lavinia Fontana,2026-09-16T09:00:00+00:00,3-Mercoledi,11,0,11.355645424287196,44.48809517552899
biblioteca_natalia_ginzburg,Biblioteca Natalia Ginzburg,2026-09-16T09:00:00+00:00,3-Mercoledi,11,0,11.391702427962384,44.47411627490949
piazza_pasolini_lumiere,Piazza Pasolini / Lumiere,2026-09-16T09:00:00+00:00,3-Mercoledi,11,0,11.334766886590288,44.502403722367106
rimesse,Rimesse,2026-09-16T09:00:00+00:00,3-Mercoledi,11,0,11.373160257437307,44.494264502223714
portici_santo_stefano,Portici Piazza Santo Stefano,2026-09-16T09:00:00+00:00,3-Mercoledi,11,0,11.348214023424926,44.4923724938828
piazza_galvani_archiginnasio,Piazza Galvani / Archiginnasio,2026-09-16T09:00:00+00:00,3-Mercoledi,11,0,11.343575024054044,44.49159441036996
palazzo_accursio,Palazzo D'Accursio,2026-09-16T09:00:00+00:00,3-Mercoledi,11,0,11.341797312105145,44.494189630319596
torre_orologio,Torre dell'Orologio,2026-09-16T09:00:00+00:00,3-Mercoledi,11,0,11.342030493697278,44.49363299381554
museo_archeologico,Museo Archeologico,2026-09-16T09:00:00+00:00,3-Mercoledi,11,0,11.344317925246633,44.492907377216
piazza_porta_ravegnana,Piazza Porta Ravegnana,2026-09-16T09:00:00+00:00,3-Mercoledi,11,0,11.346786132701961,44.4942259928551
biblioteca_ruffilli,Biblioteca Ruffilli,2026-09-16T09:00:00+00:00,3-Mercoledi,11,0,11.354926937578657,44.49379360311267
biblioteca_tassinari,Biblioteca Tassinari (Villa Spada),2026-09-16T09:00:00+00:00,3-Mercoledi,11,0,11.315077862364939,44.48711563513905
quartiere_reno,Quartiere Reno,2026-09-16T09:00:00+00:00,3-Mercoledi,11,0,11.296666972106967,44.502170876800726
parco_cavaticcio,Parco del Cavaticcio,2026-09-16T09:00:00+00:00,3-Mercoledi,11,0,11.335924318560533,44.50261558056925
certosa,Certosa,2026-09-16T09:00:00+00:00,3-Mercoledi,11,0,11.307060780642725,44.496582005814055
casa_carducci,Casa Carducci,2026-09-16T09:00:00+00:00,3-Mercoledi,11,0,11.357189683658326,44.48793199445139
borgo_panigale_biblioteca,Biblioteca Borgo Panigale,2026-09-16T09:00:00+00:00,3-Mercoledi,11,0,11.265670638184051,44.52280679104457
museo_tappezzeria,Museo della Tappezzeria,2026-09-16T09:00:00+00:00,3-Mercoledi,11,0,11.315258504368558,44.48793845172337
mercato_via_albani,Mercato di Via Albani,2026-09-16T09:00:00+00:00,3-Mercoledi,11,0,11.34402582275058,44.510272660753174
laboratorio_interculturale,Biblioteca del Laboratorio Interculturale,2026-09-16T09:00:00+00:00,3-Mercoledi,11,0,11.334050593880528,44.4923245617229
archiginnasio,Archiginnasio,2026-09-16T09:00:00+00:00,3-Mercoledi,11,0,11.343736052819256,44.492084218142104
museo_civico_medievale,Museo Civico Medievale,2026-09-16T09:00:00+00:00,3-Mercoledi,11,0,11.342158706616681,44.49633487816838
piazza_verdi,Piazza Verdi,2026-09-16T09:00:00+00:00,3-Mercoledi,11,0,11.350683736069605,44.49624149011274
centro_studi_cabral,Centro Studi Amilcar Cabral,2026-09-16T09:00:00+00:00,3-Mercoledi,11,0,11.33955685469799,44.484257625677024
giardino_vittime_macinella,Giardino Vittime di Marcinelle e Caduti,2026-09-16T09:00:00+00:00,3-Mercoledi,11,0,11.367729464838469,44.50500806480565
salaborsa,Biblioteca Salaborsa,2026-09-16T09:00:00+00:00,3-Mercoledi,11,0,11.34190051712521,44.494670263442316
cineteca_archivi,Cineteca Archivi,2026-09-16T09:00:00+00:00,3-Mercoledi,11,0,11.389976453444145,44.50454108042767
bassa_soglia,Servizio Bassa Soglia,2026-09-16T09:00:00+00:00,3-Mercoledi,11,0,11.346106360310804,44.50975850467694
polizia_minucipale,Polizia Municipale,2026-09-16T09:00:00+00:00,3-Mercoledi,11,0,11.390647443148671,44.50355993301129
artigiano,Comune di Bologna - Artigiano,2026-09-16T09:00:00+00:00,3-Mercoledi,11,0,11.367334801846928,44.50274841761949
casa_gialla,Casa Gialla,2026-09-16T09:00:00+00:00,3-Mercoledi,11,0,11.393719182005707,44.511272044800684
museo_musica,Museo della Musica,2026-09-16T09:00:00+00:00,3-Mercoledi,11,0,11.350320867805817,44.49286727626905
velostazione,Velostazione,2026-09-16T09:00:00+00:00,3-Mercoledi,11,0,11.345568423884524,44.50352386626166
autostazione,Autostazione,2026-09-16T09:00:00+00:00,3-Mercoledi,11,0,11.346413471395405,44.50412233071955
stazione_piazza_med_oro,Stazione / Piazza Medaglie D'Oro,2026-09-16T09:00:00+00:00,3-Mercoledi,11,0,11.343236115621353,44.50522439397164
comune_liber_paradisus,Comune / Piazza Liber Paradisus,2026-09-16T09:00:00+00:00,3-Mercoledi,11,0,11.340078869439344,44.50963022646414
parco_zucca,Parco della Zucca,2026-09-16T09:00:00+00:00,3-Mercoledi,11,0,11.350633924100899,44.51289217630053
piazza_unita,Piazza Dell'Unita',2026-09-16T09:00:00+00:00,3-Mercoledi,11,0,11.347095551842576,44.51146165088361
quartiere_borgo,Quartiere Borgo Panigale,2026-09-16T09:00:00+00:00,3-Mercoledi,11,0,11.279163670955871,44.51715386515034
mambo,Mambo,2026-09-16T09:00:00+00:00,3-Mercoledi,11,0,11.33683360818396,44.50257695055724
quartiere_savena,Quartiere Savena,2026-09-16T09:00:00+00:00,3-Mercoledi,11,0,11.389659092242418,44.473548759415905
giardini_margherita,Giardini Margherita,2026-09-16T09:00:00+00:00,3-Mercoledi,11,0,11.352924327935487,44.48310495437518
piazza_san_francesco,Piazza San Francesco,2026-09-16T09:00:00+00:00,3-Mercoledi,11,0,11.334972379366,44.49496055460151
giardino_lennon_parker,Giardino Parker - Lennon,2026-09-16T09:00:00+00:00,3-Mercoledi,11,0,11.357721592278907,44.50388698316799
biblioteca_casa_khaoula,Biblioteca Casa di Khaoula,2026-09-16T09:00:00+00:00,3-Mercoledi,11,0,11.34762433889239,44.52005878008443
piazza_galileo_galilei,Piazza Galileo Galilei,2026-09-16T09:00:00+00:00,3-Mercoledi,11,0,11.3407440252421,44.49334026452536
piazza_maggiore_podesta,Piazza Maggiore / Podesta',2026-09-16T09:00:00+00:00,3-Mercoledi,11,0,11.343076044345585,44.494053409105085
quartiere_san_donato,Quartiere San Donato,2026-09-16T09:00:00+00:00,3-Mercoledi,11,0,11.367392710090371,44.50459666027341
mercato_san_donato,Mercato San Donato,2026-09-16T09:00:00+00:00,3-Mercoledi,11,0,11.362214860040977,44.50201910803576
archivio_storico,Archivio Storico Comunale,2026-09-16T09:00:00+00:00,3-Mercoledi,11,0,11.36173097716811,44.501697151666704
polizia_municipale_lombardia,Polizia Municipale Via Lombardia,2026-09-16T09:00:00+00:00,3-Mercoledi,11,0,11.380734611561703,44.475041518877816
santostefano,Quartiere Santo Stefano,2026-09-16T09:00:00+00:00,3-Mercoledi,11,0,11.354555150931915,44.48530398061519
ateliersaperi,Atelier dei Saperi,2026-09-16T09:00:00+00:00,3-Mercoledi,11,0,11.366440147791629,44.496061169138635
biblioteca_spina,Biblioteca Spina,2026-09-16T09:00:00+00:00,3-Mercoledi,11,0,11.394655103500526,44.5111220826962
poliambulatorio_pilastro,Poliambulatorio Pilastro,2026-09-16T09:00:00+00:00,3-Mercoledi,11,0,11.389375799301899,44.512949920002974
dumbo,Dumbo,2026-09-16T09:00:00+00:00,3-Mercoledi,11,0,11.325935453367027,44.50535134807505
sportello_porto_saragozza,Sportello Sociale Porto Saragozza,2026-09-16T09:00:00+00:00,3-Mercoledi,11,0,11.330591933200418,44.49743898853058
piazza_aldrovandi,Piazza Aldrovandi,2026-09-16T09:00:00+00:00,3-Mercoledi,11,0,11.351772647464196,44.493514395619975
poliambulatorio_zanolini,Poliambulatorio Zanolini,2026-09-16T09:00:00+00:00,3-Mercoledi,11,0,11.357455161993055,44.49484089990392
portici_san_luca,Portici San Luca,2026-09-16T09:00:00+00:00,3-Mercoledi,11,0,11.310793464002822,44.49002124816221
portico_pavaglione,Portico del Pavaglione,2026-09-16T09:00:00+00:00,3-Mercoledi,11,0,11.343554321642664,44.49277258177935
biblioteca_ruffilli,Biblioteca Ruffilli,2026-09-16T08:00:00+00:00,3-Mercoledi,10,0,11.354926937578657,44.49379360311267
velostazione,Velostazione,2026-09-16T08:00:00+00:00,3-Mercoledi,10,0,11.345568423884524,44.50352386626166
parco_cavaticcio,Parco del Cavaticcio,2026-09-16T08:00:00+00:00,3-Mercoledi,10,0,11.335924318560533,44.50261558056925
stadio,Stadio,2026-09-16T08:00:00+00:00,3-Mercoledi,10,0,11.309684973790153,44.49237798941952
borgo_panigale_biblioteca,Biblioteca Borgo Panigale,2026-09-16T08:00:00+00:00,3-Mercoledi,10,0,11.265670638184051,44.52280679104457
museo_tappezzeria,Museo della Tappezzeria,2026-09-16T08:00:00+00:00,3-Mercoledi,10,0,11.315258504368558,44.48793845172337
quartiere_porto_bibl_borges,Quartiere Porto / Biblioteca Borges,2026-09-16T08:00:00+00:00,3-Mercoledi,10,0,11.329093689479468,44.50224882527717
giardino_lennon_parker,Giardino Parker - Lennon,2026-09-16T08:00:00+00:00,3-Mercoledi,10,0,11.357721592278907,44.50388698316799
quartiere_navile,Quartiere Navile,2026-09-16T08:00:00+00:00,3-Mercoledi,10,0,11.329479223221583,44.51883731169992
cineteca,Cineteca,2026-09-16T08:00:00+00:00,3-Mercoledi,10,0,11.336904443406464,44.49891741678237
piazza_malpighi,Piazza Malpighi,2026-09-16T08:00:00+00:00,3-Mercoledi,10,0,11.336354718343932,44.494051038094796
sede_quartiere_saragozza,Sede del Quartiere Saragozza,2026-09-16T08:00:00+00:00,3-Mercoledi,10,0,11.33118420388445,44.49473482787063
piazza_maggiore_podesta,Piazza Maggiore / Podesta',2026-09-16T08:00:00+00:00,3-Mercoledi,10,0,11.343076044345585,44.494053409105085
archiginnasio,Archiginnasio,2026-09-16T08:00:00+00:00,3-Mercoledi,10,0,11.343736052819256,44.492084218142104
piazza_verdi,Piazza Verdi,2026-09-16T08:00:00+00:00,3-Mercoledi,10,0,11.350683736069605,44.49624149011274
quartiere_san_donato,Quartiere San Donato,2026-09-16T08:00:00+00:00,3-Mercoledi,10,0,11.367392710090371,44.50459666027341
giardino_lavinia_fontana,Giardino Lavinia Fontana,2026-09-16T08:00:00+00:00,3-Mercoledi,10,0,11.355645424287196,44.48809517552899
centro_studi_cabral,Centro Studi Amilcar Cabral,2026-09-16T08:00:00+00:00,3-Mercoledi,10,0,11.33955685469799,44.484257625677024
polizia_municipale_lombardia,Polizia Municipale Via Lombardia,2026-09-16T08:00:00+00:00,3-Mercoledi,10,0,11.380734611561703,44.475041518877816
biblioteca_natalia_ginzburg,Biblioteca Natalia Ginzburg,2026-09-16T08:00:00+00:00,3-Mercoledi,10,0,11.391702427962384,44.47411627490949
salaborsa,Biblioteca Salaborsa,2026-09-16T08:00:00+00:00,3-Mercoledi,10,0,11.34190051712521,44.494670263442316
santostefano,Quartiere Santo Stefano,2026-09-16T08:00:00+00:00,3-Mercoledi,10,0,11.354555150931915,44.48530398061519
rimesse,Rimesse,2026-09-16T08:00:00+00:00,3-Mercoledi,10,0,11.373160257437307,44.494264502223714
cineteca_archivi,Cineteca Archivi,2026-09-16T08:00:00+00:00,3-Mercoledi,10,0,11.389976453444145,44.50454108042767
poliambulatorio_zanolini,Poliambulatorio Zanolini,2026-09-16T08:00:00+00:00,3-Mercoledi,10,0,11.357455161993055,44.49484089990392
piazza_galvani_archiginnasio,Piazza Galvani / Archiginnasio,2026-09-16T08:00:00+00:00,3-Mercoledi,10,0,11.343575024054044,44.49159441036996
palazzo_accursio,Palazzo D'Accursio,2026-09-16T08:00:00+00:00,3-Mercoledi,10,0,11.341797312105145,44.494189630319596
torre_orologio,Torre dell'Orologio,2026-09-16T08:00:00+00:00,3-Mercoledi,10,0,11.342030493697278,44.49363299381554
museo_archeologico,Museo Archeologico,2026-09-16T08:00:00+00:00,3-Mercoledi,10,0,11.344317925246633,44.492907377216
piazza_porta_ravegnana,Piazza Porta Ravegnana,2026-09-16T08:00:00+00:00,3-Mercoledi,10,0,11.346786132701961,44.4942259928551
museo_musica,Museo della Musica,2026-09-16T08:00:00+00:00,3-Mercoledi,10,0,11.350320867805817,44.49286727626905
comune_liber_paradisus,Comune / Piazza Liber Paradisus,2026-09-16T08:00:00+00:00,3-Mercoledi,10,0,11.340078869439344,44.50963022646414
quartiere_borgo,Quartiere Borgo Panigale,2026-09-16T08:00:00+00:00,3-Mercoledi,10,0,11.279163670955871,44.51715386515034
mambo,Mambo,2026-09-16T08:00:00+00:00,3-Mercoledi,10,0,11.33683360818396,44.50257695055724
certosa,Certosa,2026-09-16T08:00:00+00:00,3-Mercoledi,10,0,11.307060780642725,44.496582005814055
casa_carducci,Casa Carducci,2026-09-16T08:00:00+00:00,3-Mercoledi,10,0,11.357189683658326,44.48793199445139
mercato_via_albani,Mercato di Via Albani,2026-09-16T08:00:00+00:00,3-Mercoledi,10,0,11.34402582275058,44.510272660753174
sala_centofiori,Sala Centofiori,2026-09-16T08:00:00+00:00,3-Mercoledi,10,0,11.35990829854188,44.546273268328655
biblioteca_casa_khaoula,Biblioteca Casa di Khaoula,2026-09-16T08:00:00+00:00,3-Mercoledi,10,0,11.34762433889239,44.52005878008443
parco_11_settembre,Parco 11 Settembre 2001,2026-09-16T08:00:00+00:00,3-Mercoledi,10,0,11.33658934486044,44.50012185840865
laboratorio_interculturale,Biblioteca del Laboratorio Interculturale,2026-09-16T08:00:00+00:00,3-Mercoledi,10,0,11.334050593880528,44.4923245617229
museo_civico_medievale,Museo Civico Medievale,2026-09-16T08:00:00+00:00,3-Mercoledi,10,0,11.342158706616681,44.49633487816838
archivio_storico,Archivio Storico Comunale,2026-09-16T08:00:00+00:00,3-Mercoledi,10,0,11.36173097716811,44.501697151666704
pubblica_assistenza,Pubblica Assistenza Citta' di Bologna,2026-09-16T08:00:00+00:00,3-Mercoledi,10,0,11.383647893083001,44.49688238272082
piazza_pasolini_lumiere,Piazza Pasolini / Lumiere,2026-09-16T08:00:00+00:00,3-Mercoledi,10,0,11.334766886590288,44.502403722367106
ateliersaperi,Atelier dei Saperi,2026-09-16T08:00:00+00:00,3-Mercoledi,10,0,11.366440147791629,44.496061169138635
bassa_soglia,Servizio Bassa Soglia,2026-09-16T08:00:00+00:00,3-Mercoledi,10,0,11.346106360310804,44.50975850467694
polizia_minucipale,Polizia Municipale,2026-09-16T08:00:00+00:00,3-Mercoledi,10,0,11.390647443148671,44.50355993301129
artigiano,Comune di Bologna - Artigiano,2026-09-16T08:00:00+00:00,3-Mercoledi,10,0,11.367334801846928,44.50274841761949
portici_san_luca,Portici San Luca,2026-09-16T08:00:00+00:00,3-Mercoledi,10,0,11.310793464002822,44.49002124816221
autostazione,Autostazione,2026-09-16T08:00:00+00:00,3-Mercoledi,10,0,11.346413471395405,44.50412233071955
stazione_piazza_med_oro,Stazione / Piazza Medaglie D'Oro,2026-09-16T08:00:00+00:00,3-Mercoledi,10,0,11.343236115621353,44.50522439397164
parco_zucca,Parco della Zucca,2026-09-16T08:00:00+00:00,3-Mercoledi,10,0,11.350633924100899,44.51289217630053
piazza_unita,Piazza Dell'Unita',2026-09-16T08:00:00+00:00,3-Mercoledi,10,0,11.347095551842576,44.51146165088361
biblioteca_tassinari,Biblioteca Tassinari (Villa Spada),2026-09-16T08:00:00+00:00,3-Mercoledi,10,0,11.315077862364939,44.48711563513905
quartiere_reno,Quartiere Reno,2026-09-16T08:00:00+00:00,3-Mercoledi,10,0,11.296666972106967,44.502170876800726
quartiere_savena,Quartiere Savena,2026-09-16T08:00:00+00:00,3-Mercoledi,10,0,11.389659092242418,44.473548759415905
giardini_margherita,Giardini Margherita,2026-09-16T08:00:00+00:00,3-Mercoledi,10,0,11.352924327935487,44.48310495437518
serre_giardini_margherita,Le Serre dei Giardini Margherita,2026-09-16T08:00:00+00:00,3-Mercoledi,10,0,11.34918685728514,44.48327710584824
piazza_san_francesco,Piazza San Francesco,2026-09-16T08:00:00+00:00,3-Mercoledi,10,0,11.334972379366,44.49496055460151
casteldebole_giardini,Giardino Sorelle Mirabal,2026-09-16T08:00:00+00:00,3-Mercoledi,10,0,11.276619859402423,44.50253212720367
museo_per_la_memoria,Museo per la Memoria di Ustica,2026-09-16T08:00:00+00:00,3-Mercoledi,10,0,11.351056616136248,44.51326745817074
museo_patrimonio_industriale,Museo del Patrimonio Industriale,2026-09-16T08:00:00+00:00,3-Mercoledi,10,0,11.33453154568292,44.52185116940013
piazza_galileo_galilei,Piazza Galileo Galilei,2026-09-16T08:00:00+00:00,3-Mercoledi,10,0,11.3407440252421,44.49334026452536
piazza_8_agosto,Piazza 8 Agosto,2026-09-16T08:00:00+00:00,3-Mercoledi,10,0,11.34527686440958,44.50027943650601
mercato_san_donato,Mercato San Donato,2026-09-16T08:00:00+00:00,3-Mercoledi,10,0,11.362214860040977,44.50201910803576
giardino_vittime_macinella,Giardino Vittime di Marcinelle e Caduti,2026-09-16T08:00:00+00:00,3-Mercoledi,10,0,11.367729464838469,44.50500806480565
biblioteca_spina,Biblioteca Spina,2026-09-16T08:00:00+00:00,3-Mercoledi,10,0,11.394655103500526,44.5111220826962
poliambulatorio_pilastro,Poliambulatorio Pilastro,2026-09-16T08:00:00+00:00,3-Mercoledi,10,0,11.389375799301899,44.512949920002974
dumbo,Dumbo,2026-09-16T08:00:00+00:00,3-Mercoledi,10,0,11.325935453367027,44.50535134807505
sportello_porto_saragozza,Sportello Sociale Porto Saragozza,2026-09-16T08:00:00+00:00,3-Mercoledi,10,0,11.330591933200418,44.49743898853058
piazza_aldrovandi,Piazza Aldrovandi,2026-09-16T08:00:00+00:00,3-Mercoledi,10,0,11.351772647464196,44.493514395619975
casa_gialla,Casa Gialla,2026-09-16T08:00:00+00:00,3-Mercoledi,10,0,11.393719182005707,44.511272044800684
portici_santo_stefano,Portici Piazza Santo Stefano,2026-09-16T08:00:00+00:00,3-Mercoledi,10,0,11.348214023424926,44.4923724938828
portico_pavaglione,Portico del Pavaglione,2026-09-16T08:00:00+00:00,3-Mercoledi,10,0,11.343554321642664,44.49277258177935
comune_liber_paradisus,Comune / Piazza Liber Paradisus,2026-09-16T07:00:00+00:00,3-Mercoledi,9,0,11.340078869439344,44.50963022646414
piazza_unita,Piazza Dell'Unita',2026-09-16T07:00:00+00:00,3-Mercoledi,9,0,11.347095551842576,44.51146165088361
quartiere_borgo,Quartiere Borgo Panigale,2026-09-16T07:00:00+00:00,3-Mercoledi,9,0,11.279163670955871,44.51715386515034
serre_giardini_margherita,Le Serre dei Giardini Margherita,2026-09-16T07:00:00+00:00,3-Mercoledi,9,0,11.34918685728514,44.48327710584824
stadio,Stadio,2026-09-16T07:00:00+00:00,3-Mercoledi,9,0,11.309684973790153,44.49237798941952
museo_tappezzeria,Museo della Tappezzeria,2026-09-16T07:00:00+00:00,3-Mercoledi,9,0,11.315258504368558,44.48793845172337
museo_per_la_memoria,Museo per la Memoria di Ustica,2026-09-16T07:00:00+00:00,3-Mercoledi,9,0,11.351056616136248,44.51326745817074
sala_centofiori,Sala Centofiori,2026-09-16T07:00:00+00:00,3-Mercoledi,9,0,11.35990829854188,44.546273268328655
archiginnasio,Archiginnasio,2026-09-16T07:00:00+00:00,3-Mercoledi,9,0,11.343736052819256,44.492084218142104
piazza_verdi,Piazza Verdi,2026-09-16T07:00:00+00:00,3-Mercoledi,9,0,11.350683736069605,44.49624149011274
archivio_storico,Archivio Storico Comunale,2026-09-16T07:00:00+00:00,3-Mercoledi,9,0,11.36173097716811,44.501697151666704
polizia_municipale_lombardia,Polizia Municipale Via Lombardia,2026-09-16T07:00:00+00:00,3-Mercoledi,9,0,11.380734611561703,44.475041518877816
giardino_vittime_macinella,Giardino Vittime di Marcinelle e Caduti,2026-09-16T07:00:00+00:00,3-Mercoledi,9,0,11.367729464838469,44.50500806480565
cineteca_archivi,Cineteca Archivi,2026-09-16T07:00:00+00:00,3-Mercoledi,9,0,11.389976453444145,44.50454108042767
biblioteca_spina,Biblioteca Spina,2026-09-16T07:00:00+00:00,3-Mercoledi,9,0,11.394655103500526,44.5111220826962
casa_gialla,Casa Gialla,2026-09-16T07:00:00+00:00,3-Mercoledi,9,0,11.393719182005707,44.511272044800684
portici_san_luca,Portici San Luca,2026-09-16T07:00:00+00:00,3-Mercoledi,9,0,11.310793464002822,44.49002124816221
palazzo_accursio,Palazzo D'Accursio,2026-09-16T07:00:00+00:00,3-Mercoledi,9,0,11.341797312105145,44.494189630319596
torre_orologio,Torre dell'Orologio,2026-09-16T07:00:00+00:00,3-Mercoledi,9,0,11.342030493697278,44.49363299381554
piazza_porta_ravegnana,Piazza Porta Ravegnana,2026-09-16T07:00:00+00:00,3-Mercoledi,9,0,11.346786132701961,44.4942259928551
piazza_galvani_archiginnasio,Piazza Galvani / Archiginnasio,2026-09-16T07:00:00+00:00,3-Mercoledi,9,0,11.343575024054044,44.49159441036996
museo_musica,Museo della Musica,2026-09-16T07:00:00+00:00,3-Mercoledi,9,0,11.350320867805817,44.49286727626905
velostazione,Velostazione,2026-09-16T07:00:00+00:00,3-Mercoledi,9,0,11.345568423884524,44.50352386626166
stazione_piazza_med_oro,Stazione / Piazza Medaglie D'Oro,2026-09-16T07:00:00+00:00,3-Mercoledi,9,0,11.343236115621353,44.50522439397164
parco_zucca,Parco della Zucca,2026-09-16T07:00:00+00:00,3-Mercoledi,9,0,11.350633924100899,44.51289217630053
quartiere_reno,Quartiere Reno,2026-09-16T07:00:00+00:00,3-Mercoledi,9,0,11.296666972106967,44.502170876800726
parco_cavaticcio,Parco del Cavaticcio,2026-09-16T07:00:00+00:00,3-Mercoledi,9,0,11.335924318560533,44.50261558056925
certosa,Certosa,2026-09-16T07:00:00+00:00,3-Mercoledi,9,0,11.307060780642725,44.496582005814055
quartiere_savena,Quartiere Savena,2026-09-16T07:00:00+00:00,3-Mercoledi,9,0,11.389659092242418,44.473548759415905
piazza_san_francesco,Piazza San Francesco,2026-09-16T07:00:00+00:00,3-Mercoledi,9,0,11.334972379366,44.49496055460151
casa_carducci,Casa Carducci,2026-09-16T07:00:00+00:00,3-Mercoledi,9,0,11.357189683658326,44.48793199445139
casteldebole_giardini,Giardino Sorelle Mirabal,2026-09-16T07:00:00+00:00,3-Mercoledi,9,0,11.276619859402423,44.50253212720367
borgo_panigale_biblioteca,Biblioteca Borgo Panigale,2026-09-16T07:00:00+00:00,3-Mercoledi,9,0,11.265670638184051,44.52280679104457
giardino_lennon_parker,Giardino Parker - Lennon,2026-09-16T07:00:00+00:00,3-Mercoledi,9,0,11.357721592278907,44.50388698316799
museo_patrimonio_industriale,Museo del Patrimonio Industriale,2026-09-16T07:00:00+00:00,3-Mercoledi,9,0,11.33453154568292,44.52185116940013
cineteca,Cineteca,2026-09-16T07:00:00+00:00,3-Mercoledi,9,0,11.336904443406464,44.49891741678237
sede_quartiere_saragozza,Sede del Quartiere Saragozza,2026-09-16T07:00:00+00:00,3-Mercoledi,9,0,11.33118420388445,44.49473482787063
piazza_maggiore_podesta,Piazza Maggiore / Podesta',2026-09-16T07:00:00+00:00,3-Mercoledi,9,0,11.343076044345585,44.494053409105085
giardino_lavinia_fontana,Giardino Lavinia Fontana,2026-09-16T07:00:00+00:00,3-Mercoledi,9,0,11.355645424287196,44.48809517552899
centro_studi_cabral,Centro Studi Amilcar Cabral,2026-09-16T07:00:00+00:00,3-Mercoledi,9,0,11.33955685469799,44.484257625677024
biblioteca_natalia_ginzburg,Biblioteca Natalia Ginzburg,2026-09-16T07:00:00+00:00,3-Mercoledi,9,0,11.391702427962384,44.47411627490949
salaborsa,Biblioteca Salaborsa,2026-09-16T07:00:00+00:00,3-Mercoledi,9,0,11.34190051712521,44.494670263442316
rimesse,Rimesse,2026-09-16T07:00:00+00:00,3-Mercoledi,9,0,11.373160257437307,44.494264502223714
poliambulatorio_pilastro,Poliambulatorio Pilastro,2026-09-16T07:00:00+00:00,3-Mercoledi,9,0,11.389375799301899,44.512949920002974
bassa_soglia,Servizio Bassa Soglia,2026-09-16T07:00:00+00:00,3-Mercoledi,9,0,11.346106360310804,44.50975850467694
poliambulatorio_zanolini,Poliambulatorio Zanolini,2026-09-16T07:00:00+00:00,3-Mercoledi,9,0,11.357455161993055,44.49484089990392
portici_santo_stefano,Portici Piazza Santo Stefano,2026-09-16T07:00:00+00:00,3-Mercoledi,9,0,11.348214023424926,44.4923724938828
museo_archeologico,Museo Archeologico,2026-09-16T07:00:00+00:00,3-Mercoledi,9,0,11.344317925246633,44.492907377216
biblioteca_ruffilli,Biblioteca Ruffilli,2026-09-16T07:00:00+00:00,3-Mercoledi,9,0,11.354926937578657,44.49379360311267
autostazione,Autostazione,2026-09-16T07:00:00+00:00,3-Mercoledi,9,0,11.346413471395405,44.50412233071955
biblioteca_tassinari,Biblioteca Tassinari (Villa Spada),2026-09-16T07:00:00+00:00,3-Mercoledi,9,0,11.315077862364939,44.48711563513905
mambo,Mambo,2026-09-16T07:00:00+00:00,3-Mercoledi,9,0,11.33683360818396,44.50257695055724
giardini_margherita,Giardini Margherita,2026-09-16T07:00:00+00:00,3-Mercoledi,9,0,11.352924327935487,44.48310495437518
quartiere_porto_bibl_borges,Quartiere Porto / Biblioteca Borges,2026-09-16T07:00:00+00:00,3-Mercoledi,9,0,11.329093689479468,44.50224882527717
mercato_via_albani,Mercato di Via Albani,2026-09-16T07:00:00+00:00,3-Mercoledi,9,0,11.34402582275058,44.510272660753174
quartiere_navile,Quartiere Navile,2026-09-16T07:00:00+00:00,3-Mercoledi,9,0,11.329479223221583,44.51883731169992
biblioteca_casa_khaoula,Biblioteca Casa di Khaoula,2026-09-16T07:00:00+00:00,3-Mercoledi,9,0,11.34762433889239,44.52005878008443
parco_11_settembre,Parco 11 Settembre 2001,2026-09-16T07:00:00+00:00,3-Mercoledi,9,0,11.33658934486044,44.50012185840865
piazza_malpighi,Piazza Malpighi,2026-09-16T07:00:00+00:00,3-Mercoledi,9,0,11.336354718343932,44.494051038094796
laboratorio_interculturale,Biblioteca del Laboratorio Interculturale,2026-09-16T07:00:00+00:00,3-Mercoledi,9,0,11.334050593880528,44.4923245617229
piazza_galileo_galilei,Piazza Galileo Galilei,2026-09-16T07:00:00+00:00,3-Mercoledi,9,0,11.3407440252421,44.49334026452536
museo_civico_medievale,Museo Civico Medievale,2026-09-16T07:00:00+00:00,3-Mercoledi,9,0,11.342158706616681,44.49633487816838
piazza_8_agosto,Piazza 8 Agosto,2026-09-16T07:00:00+00:00,3-Mercoledi,9,0,11.34527686440958,44.50027943650601
quartiere_san_donato,Quartiere San Donato,2026-09-16T07:00:00+00:00,3-Mercoledi,9,0,11.367392710090371,44.50459666027341
mercato_san_donato,Mercato San Donato,2026-09-16T07:00:00+00:00,3-Mercoledi,9,0,11.362214860040977,44.50201910803576
pubblica_assistenza,Pubblica Assistenza Citta' di Bologna,2026-09-16T07:00:00+00:00,3-Mercoledi,9,0,11.383647893083001,44.49688238272082
piazza_pasolini_lumiere,Piazza Pasolini / Lumiere,2026-09-16T07:00:00+00:00,3-Mercoledi,9,0,11.334766886590288,44.502403722367106
santostefano,Quartiere Santo Stefano,2026-09-16T07:00:00+00:00,3-Mercoledi,9,0,11.354555150931915,44.48530398061519
ateliersaperi,Atelier dei Saperi,2026-09-16T07:00:00+00:00,3-Mercoledi,9,0,11.366440147791629,44.496061169138635
dumbo,Dumbo,2026-09-16T07:00:00+00:00,3-Mercoledi,9,0,11.325935453367027,44.50535134807505
sportello_porto_saragozza,Sportello Sociale Porto Saragozza,2026-09-16T07:00:00+00:00,3-Mercoledi,9,0,11.330591933200418,44.49743898853058
polizia_minucipale,Polizia Municipale,2026-09-16T07:00:00+00:00,3-Mercoledi,9,0,11.390647443148671,44.50355993301129
artigiano,Comune di Bologna - Artigiano,2026-09-16T07:00:00+00:00,3-Mercoledi,9,0,11.367334801846928,44.50274841761949
piazza_aldrovandi,Piazza Aldrovandi,2026-09-16T07:00:00+00:00,3-Mercoledi,9,0,11.351772647464196,44.493514395619975
portico_pavaglione,Portico del Pavaglione,2026-09-16T07:00:00+00:00,3-Mercoledi,9,0,11.343554321642664,44.49277258177935
stazione_piazza_med_oro,Stazione / Piazza Medaglie D'Oro,2026-09-16T06:00:00+00:00,3-Mercoledi,8,0,11.343236115621353,44.50522439397164
comune_liber_paradisus,Comune / Piazza Liber Paradisus,2026-09-16T06:00:00+00:00,3-Mercoledi,8,0,11.340078869439344,44.50963022646414
quartiere_reno,Quartiere Reno,2026-09-16T06:00:00+00:00,3-Mercoledi,8,0,11.296666972106967,44.502170876800726
piazza_san_francesco,Piazza San Francesco,2026-09-16T06:00:00+00:00,3-Mercoledi,8,0,11.334972379366,44.49496055460151
casteldebole_giardini,Giardino Sorelle Mirabal,2026-09-16T06:00:00+00:00,3-Mercoledi,8,0,11.276619859402423,44.50253212720367
giardino_lennon_parker,Giardino Parker - Lennon,2026-09-16T06:00:00+00:00,3-Mercoledi,8,0,11.357721592278907,44.50388698316799
museo_per_la_memoria,Museo per la Memoria di Ustica,2026-09-16T06:00:00+00:00,3-Mercoledi,8,0,11.351056616136248,44.51326745817074
cineteca,Cineteca,2026-09-16T06:00:00+00:00,3-Mercoledi,8,0,11.336904443406464,44.49891741678237
parco_11_settembre,Parco 11 Settembre 2001,2026-09-16T06:00:00+00:00,3-Mercoledi,8,0,11.33658934486044,44.50012185840865
piazza_malpighi,Piazza Malpighi,2026-09-16T06:00:00+00:00,3-Mercoledi,8,0,11.336354718343932,44.494051038094796
museo_civico_medievale,Museo Civico Medievale,2026-09-16T06:00:00+00:00,3-Mercoledi,8,0,11.342158706616681,44.49633487816838
piazza_8_agosto,Piazza 8 Agosto,2026-09-16T06:00:00+00:00,3-Mercoledi,8,0,11.34527686440958,44.50027943650601
pubblica_assistenza,Pubblica Assistenza Citta' di Bologna,2026-09-16T06:00:00+00:00,3-Mercoledi,8,0,11.383647893083001,44.49688238272082
polizia_municipale_lombardia,Polizia Municipale Via Lombardia,2026-09-16T06:00:00+00:00,3-Mercoledi,8,0,11.380734611561703,44.475041518877816
biblioteca_natalia_ginzburg,Biblioteca Natalia Ginzburg,2026-09-16T06:00:00+00:00,3-Mercoledi,8,0,11.391702427962384,44.47411627490949
piazza_pasolini_lumiere,Piazza Pasolini / Lumiere,2026-09-16T06:00:00+00:00,3-Mercoledi,8,0,11.334766886590288,44.502403722367106
santostefano,Quartiere Santo Stefano,2026-09-16T06:00:00+00:00,3-Mercoledi,8,0,11.354555150931915,44.48530398061519
rimesse,Rimesse,2026-09-16T06:00:00+00:00,3-Mercoledi,8,0,11.373160257437307,44.494264502223714
biblioteca_spina,Biblioteca Spina,2026-09-16T06:00:00+00:00,3-Mercoledi,8,0,11.394655103500526,44.5111220826962
poliambulatorio_pilastro,Poliambulatorio Pilastro,2026-09-16T06:00:00+00:00,3-Mercoledi,8,0,11.389375799301899,44.512949920002974
sportello_porto_saragozza,Sportello Sociale Porto Saragozza,2026-09-16T06:00:00+00:00,3-Mercoledi,8,0,11.330591933200418,44.49743898853058
artigiano,Comune di Bologna - Artigiano,2026-09-16T06:00:00+00:00,3-Mercoledi,8,0,11.367334801846928,44.50274841761949
poliambulatorio_zanolini,Poliambulatorio Zanolini,2026-09-16T06:00:00+00:00,3-Mercoledi,8,0,11.357455161993055,44.49484089990392
torre_orologio,Torre dell'Orologio,2026-09-16T06:00:00+00:00,3-Mercoledi,8,0,11.342030493697278,44.49363299381554
museo_archeologico,Museo Archeologico,2026-09-16T06:00:00+00:00,3-Mercoledi,8,0,11.344317925246633,44.492907377216
palazzo_accursio,Palazzo D'Accursio,2026-09-16T06:00:00+00:00,3-Mercoledi,8,0,11.341797312105145,44.494189630319596
museo_musica,Museo della Musica,2026-09-16T06:00:00+00:00,3-Mercoledi,8,0,11.350320867805817,44.49286727626905
velostazione,Velostazione,2026-09-16T06:00:00+00:00,3-Mercoledi,8,0,11.345568423884524,44.50352386626166
piazza_unita,Piazza Dell'Unita',2026-09-16T06:00:00+00:00,3-Mercoledi,8,0,11.347095551842576,44.51146165088361
quartiere_borgo,Quartiere Borgo Panigale,2026-09-16T06:00:00+00:00,3-Mercoledi,8,0,11.279163670955871,44.51715386515034
mambo,Mambo,2026-09-16T06:00:00+00:00,3-Mercoledi,8,0,11.33683360818396,44.50257695055724
certosa,Certosa,2026-09-16T06:00:00+00:00,3-Mercoledi,8,0,11.307060780642725,44.496582005814055
quartiere_savena,Quartiere Savena,2026-09-16T06:00:00+00:00,3-Mercoledi,8,0,11.389659092242418,44.473548759415905
museo_tappezzeria,Museo della Tappezzeria,2026-09-16T06:00:00+00:00,3-Mercoledi,8,0,11.315258504368558,44.48793845172337
mercato_via_albani,Mercato di Via Albani,2026-09-16T06:00:00+00:00,3-Mercoledi,8,0,11.34402582275058,44.510272660753174
quartiere_navile,Quartiere Navile,2026-09-16T06:00:00+00:00,3-Mercoledi,8,0,11.329479223221583,44.51883731169992
biblioteca_casa_khaoula,Biblioteca Casa di Khaoula,2026-09-16T06:00:00+00:00,3-Mercoledi,8,0,11.34762433889239,44.52005878008443
sede_quartiere_saragozza,Sede del Quartiere Saragozza,2026-09-16T06:00:00+00:00,3-Mercoledi,8,0,11.33118420388445,44.49473482787063
mercato_san_donato,Mercato San Donato,2026-09-16T06:00:00+00:00,3-Mercoledi,8,0,11.362214860040977,44.50201910803576
archivio_storico,Archivio Storico Comunale,2026-09-16T06:00:00+00:00,3-Mercoledi,8,0,11.36173097716811,44.501697151666704
giardino_lavinia_fontana,Giardino Lavinia Fontana,2026-09-16T06:00:00+00:00,3-Mercoledi,8,0,11.355645424287196,44.48809517552899
centro_studi_cabral,Centro Studi Amilcar Cabral,2026-09-16T06:00:00+00:00,3-Mercoledi,8,0,11.33955685469799,44.484257625677024
giardino_vittime_macinella,Giardino Vittime di Marcinelle e Caduti,2026-09-16T06:00:00+00:00,3-Mercoledi,8,0,11.367729464838469,44.50500806480565
ateliersaperi,Atelier dei Saperi,2026-09-16T06:00:00+00:00,3-Mercoledi,8,0,11.366440147791629,44.496061169138635
cineteca_archivi,Cineteca Archivi,2026-09-16T06:00:00+00:00,3-Mercoledi,8,0,11.389976453444145,44.50454108042767
bassa_soglia,Servizio Bassa Soglia,2026-09-16T06:00:00+00:00,3-Mercoledi,8,0,11.346106360310804,44.50975850467694
polizia_minucipale,Polizia Municipale,2026-09-16T06:00:00+00:00,3-Mercoledi,8,0,11.390647443148671,44.50355993301129
piazza_aldrovandi,Piazza Aldrovandi,2026-09-16T06:00:00+00:00,3-Mercoledi,8,0,11.351772647464196,44.493514395619975
casa_gialla,Casa Gialla,2026-09-16T06:00:00+00:00,3-Mercoledi,8,0,11.393719182005707,44.511272044800684
portici_san_luca,Portici San Luca,2026-09-16T06:00:00+00:00,3-Mercoledi,8,0,11.310793464002822,44.49002124816221
portici_santo_stefano,Portici Piazza Santo Stefano,2026-09-16T06:00:00+00:00,3-Mercoledi,8,0,11.348214023424926,44.4923724938828
portico_pavaglione,Portico del Pavaglione,2026-09-16T06:00:00+00:00,3-Mercoledi,8,0,11.343554321642664,44.49277258177935
piazza_galvani_archiginnasio,Piazza Galvani / Archiginnasio,2026-09-16T06:00:00+00:00,3-Mercoledi,8,0,11.343575024054044,44.49159441036996
piazza_porta_ravegnana,Piazza Porta Ravegnana,2026-09-16T06:00:00+00:00,3-Mercoledi,8,0,11.346786132701961,44.4942259928551
biblioteca_ruffilli,Biblioteca Ruffilli,2026-09-16T06:00:00+00:00,3-Mercoledi,8,0,11.354926937578657,44.49379360311267
autostazione,Autostazione,2026-09-16T06:00:00+00:00,3-Mercoledi,8,0,11.346413471395405,44.50412233071955
parco_zucca,Parco della Zucca,2026-09-16T06:00:00+00:00,3-Mercoledi,8,0,11.350633924100899,44.51289217630053
biblioteca_tassinari,Biblioteca Tassinari (Villa Spada),2026-09-16T06:00:00+00:00,3-Mercoledi,8,0,11.315077862364939,44.48711563513905
parco_cavaticcio,Parco del Cavaticcio,2026-09-16T06:00:00+00:00,3-Mercoledi,8,0,11.335924318560533,44.50261558056925
giardini_margherita,Giardini Margherita,2026-09-16T06:00:00+00:00,3-Mercoledi,8,0,11.352924327935487,44.48310495437518
serre_giardini_margherita,Le Serre dei Giardini Margherita,2026-09-16T06:00:00+00:00,3-Mercoledi,8,0,11.34918685728514,44.48327710584824
casa_carducci,Casa Carducci,2026-09-16T06:00:00+00:00,3-Mercoledi,8,0,11.357189683658326,44.48793199445139
stadio,Stadio,2026-09-16T06:00:00+00:00,3-Mercoledi,8,0,11.309684973790153,44.49237798941952
borgo_panigale_biblioteca,Biblioteca Borgo Panigale,2026-09-16T06:00:00+00:00,3-Mercoledi,8,0,11.265670638184051,44.52280679104457
quartiere_porto_bibl_borges,Quartiere Porto / Biblioteca Borges,2026-09-16T06:00:00+00:00,3-Mercoledi,8,0,11.329093689479468,44.50224882527717
museo_patrimonio_industriale,Museo del Patrimonio Industriale,2026-09-16T06:00:00+00:00,3-Mercoledi,8,0,11.33453154568292,44.52185116940013
sala_centofiori,Sala Centofiori,2026-09-16T06:00:00+00:00,3-Mercoledi,8,0,11.35990829854188,44.546273268328655
laboratorio_interculturale,Biblioteca del Laboratorio Interculturale,2026-09-16T06:00:00+00:00,3-Mercoledi,8,0,11.334050593880528,44.4923245617229
piazza_galileo_galilei,Piazza Galileo Galilei,2026-09-16T06:00:00+00:00,3-Mercoledi,8,0,11.3407440252421,44.49334026452536
piazza_maggiore_podesta,Piazza Maggiore / Podesta',2026-09-16T06:00:00+00:00,3-Mercoledi,8,0,11.343076044345585,44.494053409105085
archiginnasio,Archiginnasio,2026-09-16T06:00:00+00:00,3-Mercoledi,8,0,11.343736052819256,44.492084218142104
piazza_verdi,Piazza Verdi,2026-09-16T06:00:00+00:00,3-Mercoledi,8,0,11.350683736069605,44.49624149011274
quartiere_san_donato,Quartiere San Donato,2026-09-16T06:00:00+00:00,3-Mercoledi,8,0,11.367392710090371,44.50459666027341
salaborsa,Biblioteca Salaborsa,2026-09-16T06:00:00+00:00,3-Mercoledi,8,0,11.34190051712521,44.494670263442316
dumbo,Dumbo,2026-09-16T06:00:00+00:00,3-Mercoledi,8,0,11.325935453367027,44.50535134807505
biblioteca_ruffilli,Biblioteca Ruffilli,2026-09-16T05:00:00+00:00,3-Mercoledi,7,0,11.354926937578657,44.49379360311267
parco_zucca,Parco della Zucca,2026-09-16T05:00:00+00:00,3-Mercoledi,7,0,11.350633924100899,44.51289217630053
biblioteca_tassinari,Biblioteca Tassinari (Villa Spada),2026-09-16T05:00:00+00:00,3-Mercoledi,7,0,11.315077862364939,44.48711563513905
quartiere_borgo,Quartiere Borgo Panigale,2026-09-16T05:00:00+00:00,3-Mercoledi,7,0,11.279163670955871,44.51715386515034
mambo,Mambo,2026-09-16T05:00:00+00:00,3-Mercoledi,7,0,11.33683360818396,44.50257695055724
stadio,Stadio,2026-09-16T05:00:00+00:00,3-Mercoledi,7,0,11.309684973790153,44.49237798941952
borgo_panigale_biblioteca,Biblioteca Borgo Panigale,2026-09-16T05:00:00+00:00,3-Mercoledi,7,0,11.265670638184051,44.52280679104457
mercato_via_albani,Mercato di Via Albani,2026-09-16T05:00:00+00:00,3-Mercoledi,7,0,11.34402582275058,44.510272660753174
quartiere_navile,Quartiere Navile,2026-09-16T05:00:00+00:00,3-Mercoledi,7,0,11.329479223221583,44.51883731169992
piazza_malpighi,Piazza Malpighi,2026-09-16T05:00:00+00:00,3-Mercoledi,7,0,11.336354718343932,44.494051038094796
sede_quartiere_saragozza,Sede del Quartiere Saragozza,2026-09-16T05:00:00+00:00,3-Mercoledi,7,0,11.33118420388445,44.49473482787063
piazza_8_agosto,Piazza 8 Agosto,2026-09-16T05:00:00+00:00,3-Mercoledi,7,0,11.34527686440958,44.50027943650601
mercato_san_donato,Mercato San Donato,2026-09-16T05:00:00+00:00,3-Mercoledi,7,0,11.362214860040977,44.50201910803576
centro_studi_cabral,Centro Studi Amilcar Cabral,2026-09-16T05:00:00+00:00,3-Mercoledi,7,0,11.33955685469799,44.484257625677024
polizia_municipale_lombardia,Polizia Municipale Via Lombardia,2026-09-16T05:00:00+00:00,3-Mercoledi,7,0,11.380734611561703,44.475041518877816
giardino_vittime_macinella,Giardino Vittime di Marcinelle e Caduti,2026-09-16T05:00:00+00:00,3-Mercoledi,7,0,11.367729464838469,44.50500806480565
rimesse,Rimesse,2026-09-16T05:00:00+00:00,3-Mercoledi,7,0,11.373160257437307,44.494264502223714
ateliersaperi,Atelier dei Saperi,2026-09-16T05:00:00+00:00,3-Mercoledi,7,0,11.366440147791629,44.496061169138635
dumbo,Dumbo,2026-09-16T05:00:00+00:00,3-Mercoledi,7,0,11.325935453367027,44.50535134807505
sportello_porto_saragozza,Sportello Sociale Porto Saragozza,2026-09-16T05:00:00+00:00,3-Mercoledi,7,0,11.330591933200418,44.49743898853058
portici_san_luca,Portici San Luca,2026-09-16T05:00:00+00:00,3-Mercoledi,7,0,11.310793464002822,44.49002124816221
palazzo_accursio,Palazzo D'Accursio,2026-09-16T05:00:00+00:00,3-Mercoledi,7,0,11.341797312105145,44.494189630319596
piazza_galvani_archiginnasio,Piazza Galvani / Archiginnasio,2026-09-16T05:00:00+00:00,3-Mercoledi,7,0,11.343575024054044,44.49159441036996
piazza_porta_ravegnana,Piazza Porta Ravegnana,2026-09-16T05:00:00+00:00,3-Mercoledi,7,0,11.346786132701961,44.4942259928551
museo_archeologico,Museo Archeologico,2026-09-16T05:00:00+00:00,3-Mercoledi,7,0,11.344317925246633,44.492907377216
velostazione,Velostazione,2026-09-16T05:00:00+00:00,3-Mercoledi,7,0,11.345568423884524,44.50352386626166
autostazione,Autostazione,2026-09-16T05:00:00+00:00,3-Mercoledi,7,0,11.346413471395405,44.50412233071955
stazione_piazza_med_oro,Stazione / Piazza Medaglie D'Oro,2026-09-16T05:00:00+00:00,3-Mercoledi,7,0,11.343236115621353,44.50522439397164
quartiere_reno,Quartiere Reno,2026-09-16T05:00:00+00:00,3-Mercoledi,7,0,11.296666972106967,44.502170876800726
giardini_margherita,Giardini Margherita,2026-09-16T05:00:00+00:00,3-Mercoledi,7,0,11.352924327935487,44.48310495437518
serre_giardini_margherita,Le Serre dei Giardini Margherita,2026-09-16T05:00:00+00:00,3-Mercoledi,7,0,11.34918685728514,44.48327710584824
casa_carducci,Casa Carducci,2026-09-16T05:00:00+00:00,3-Mercoledi,7,0,11.357189683658326,44.48793199445139
giardino_lennon_parker,Giardino Parker - Lennon,2026-09-16T05:00:00+00:00,3-Mercoledi,7,0,11.357721592278907,44.50388698316799
museo_per_la_memoria,Museo per la Memoria di Ustica,2026-09-16T05:00:00+00:00,3-Mercoledi,7,0,11.351056616136248,44.51326745817074
biblioteca_casa_khaoula,Biblioteca Casa di Khaoula,2026-09-16T05:00:00+00:00,3-Mercoledi,7,0,11.34762433889239,44.52005878008443
piazza_galileo_galilei,Piazza Galileo Galilei,2026-09-16T05:00:00+00:00,3-Mercoledi,7,0,11.3407440252421,44.49334026452536
piazza_maggiore_podesta,Piazza Maggiore / Podesta',2026-09-16T05:00:00+00:00,3-Mercoledi,7,0,11.343076044345585,44.494053409105085
archiginnasio,Archiginnasio,2026-09-16T05:00:00+00:00,3-Mercoledi,7,0,11.343736052819256,44.492084218142104
piazza_verdi,Piazza Verdi,2026-09-16T05:00:00+00:00,3-Mercoledi,7,0,11.350683736069605,44.49624149011274
quartiere_san_donato,Quartiere San Donato,2026-09-16T05:00:00+00:00,3-Mercoledi,7,0,11.367392710090371,44.50459666027341
archivio_storico,Archivio Storico Comunale,2026-09-16T05:00:00+00:00,3-Mercoledi,7,0,11.36173097716811,44.501697151666704
giardino_lavinia_fontana,Giardino Lavinia Fontana,2026-09-16T05:00:00+00:00,3-Mercoledi,7,0,11.355645424287196,44.48809517552899
piazza_pasolini_lumiere,Piazza Pasolini / Lumiere,2026-09-16T05:00:00+00:00,3-Mercoledi,7,0,11.334766886590288,44.502403722367106
cineteca_archivi,Cineteca Archivi,2026-09-16T05:00:00+00:00,3-Mercoledi,7,0,11.389976453444145,44.50454108042767
biblioteca_spina,Biblioteca Spina,2026-09-16T05:00:00+00:00,3-Mercoledi,7,0,11.394655103500526,44.5111220826962
poliambulatorio_pilastro,Poliambulatorio Pilastro,2026-09-16T05:00:00+00:00,3-Mercoledi,7,0,11.389375799301899,44.512949920002974
polizia_minucipale,Polizia Municipale,2026-09-16T05:00:00+00:00,3-Mercoledi,7,0,11.390647443148671,44.50355993301129
casa_gialla,Casa Gialla,2026-09-16T05:00:00+00:00,3-Mercoledi,7,0,11.393719182005707,44.511272044800684
portici_santo_stefano,Portici Piazza Santo Stefano,2026-09-16T05:00:00+00:00,3-Mercoledi,7,0,11.348214023424926,44.4923724938828
torre_orologio,Torre dell'Orologio,2026-09-16T05:00:00+00:00,3-Mercoledi,7,0,11.342030493697278,44.49363299381554
museo_musica,Museo della Musica,2026-09-16T05:00:00+00:00,3-Mercoledi,7,0,11.350320867805817,44.49286727626905
comune_liber_paradisus,Comune / Piazza Liber Paradisus,2026-09-16T05:00:00+00:00,3-Mercoledi,7,0,11.340078869439344,44.50963022646414
piazza_unita,Piazza Dell'Unita',2026-09-16T05:00:00+00:00,3-Mercoledi,7,0,11.347095551842576,44.51146165088361
parco_cavaticcio,Parco del Cavaticcio,2026-09-16T05:00:00+00:00,3-Mercoledi,7,0,11.335924318560533,44.50261558056925
certosa,Certosa,2026-09-16T05:00:00+00:00,3-Mercoledi,7,0,11.307060780642725,44.496582005814055
quartiere_savena,Quartiere Savena,2026-09-16T05:00:00+00:00,3-Mercoledi,7,0,11.389659092242418,44.473548759415905
piazza_san_francesco,Piazza San Francesco,2026-09-16T05:00:00+00:00,3-Mercoledi,7,0,11.334972379366,44.49496055460151
casteldebole_giardini,Giardino Sorelle Mirabal,2026-09-16T05:00:00+00:00,3-Mercoledi,7,0,11.276619859402423,44.50253212720367
museo_tappezzeria,Museo della Tappezzeria,2026-09-16T05:00:00+00:00,3-Mercoledi,7,0,11.315258504368558,44.48793845172337
quartiere_porto_bibl_borges,Quartiere Porto / Biblioteca Borges,2026-09-16T05:00:00+00:00,3-Mercoledi,7,0,11.329093689479468,44.50224882527717
museo_patrimonio_industriale,Museo del Patrimonio Industriale,2026-09-16T05:00:00+00:00,3-Mercoledi,7,0,11.33453154568292,44.52185116940013
sala_centofiori,Sala Centofiori,2026-09-16T05:00:00+00:00,3-Mercoledi,7,0,11.35990829854188,44.546273268328655
cineteca,Cineteca,2026-09-16T05:00:00+00:00,3-Mercoledi,7,0,11.336904443406464,44.49891741678237
parco_11_settembre,Parco 11 Settembre 2001,2026-09-16T05:00:00+00:00,3-Mercoledi,7,0,11.33658934486044,44.50012185840865
laboratorio_interculturale,Biblioteca del Laboratorio Interculturale,2026-09-16T05:00:00+00:00,3-Mercoledi,7,0,11.334050593880528,44.4923245617229
museo_civico_medievale,Museo Civico Medievale,2026-09-16T05:00:00+00:00,3-Mercoledi,7,0,11.342158706616681,44.49633487816838
pubblica_assistenza,Pubblica Assistenza Citta' di Bologna,2026-09-16T05:00:00+00:00,3-Mercoledi,7,0,11.383647893083001,44.49688238272082
biblioteca_natalia_ginzburg,Biblioteca Natalia Ginzburg,2026-09-16T05:00:00+00:00,3-Mercoledi,7,0,11.391702427962384,44.47411627490949
salaborsa,Biblioteca Salaborsa,2026-09-16T05:00:00+00:00,3-Mercoledi,7,0,11.34190051712521,44.494670263442316
santostefano,Quartiere Santo Stefano,2026-09-16T05:00:00+00:00,3-Mercoledi,7,0,11.354555150931915,44.48530398061519
bassa_soglia,Servizio Bassa Soglia,2026-09-16T05:00:00+00:00,3-Mercoledi,7,0,11.346106360310804,44.50975850467694
artigiano,Comune di Bologna - Artigiano,2026-09-16T05:00:00+00:00,3-Mercoledi,7,0,11.367334801846928,44.50274841761949
piazza_aldrovandi,Piazza Aldrovandi,2026-09-16T05:00:00+00:00,3-Mercoledi,7,0,11.351772647464196,44.493514395619975
poliambulatorio_zanolini,Poliambulatorio Zanolini,2026-09-16T05:00:00+00:00,3-Mercoledi,7,0,11.357455161993055,44.49484089990392
portico_pavaglione,Portico del Pavaglione,2026-09-16T05:00:00+00:00,3-Mercoledi,7,0,11.343554321642664,44.49277258177935
museo_musica,Museo della Musica,2026-09-16T04:00:00+00:00,3-Mercoledi,6,0,11.350320867805817,44.49286727626905
stazione_piazza_med_oro,Stazione / Piazza Medaglie D'Oro,2026-09-16T04:00:00+00:00,3-Mercoledi,6,0,11.343236115621353,44.50522439397164
piazza_unita,Piazza Dell'Unita',2026-09-16T04:00:00+00:00,3-Mercoledi,6,0,11.347095551842576,44.51146165088361
biblioteca_tassinari,Biblioteca Tassinari (Villa Spada),2026-09-16T04:00:00+00:00,3-Mercoledi,6,0,11.315077862364939,44.48711563513905
quartiere_reno,Quartiere Reno,2026-09-16T04:00:00+00:00,3-Mercoledi,6,0,11.296666972106967,44.502170876800726
mambo,Mambo,2026-09-16T04:00:00+00:00,3-Mercoledi,6,0,11.33683360818396,44.50257695055724
quartiere_savena,Quartiere Savena,2026-09-16T04:00:00+00:00,3-Mercoledi,6,0,11.389659092242418,44.473548759415905
casa_carducci,Casa Carducci,2026-09-16T04:00:00+00:00,3-Mercoledi,6,0,11.357189683658326,44.48793199445139
stadio,Stadio,2026-09-16T04:00:00+00:00,3-Mercoledi,6,0,11.309684973790153,44.49237798941952
casteldebole_giardini,Giardino Sorelle Mirabal,2026-09-16T04:00:00+00:00,3-Mercoledi,6,0,11.276619859402423,44.50253212720367
giardino_lennon_parker,Giardino Parker - Lennon,2026-09-16T04:00:00+00:00,3-Mercoledi,6,0,11.357721592278907,44.50388698316799
mercato_via_albani,Mercato di Via Albani,2026-09-16T04:00:00+00:00,3-Mercoledi,6,0,11.34402582275058,44.510272660753174
quartiere_navile,Quartiere Navile,2026-09-16T04:00:00+00:00,3-Mercoledi,6,0,11.329479223221583,44.51883731169992
sala_centofiori,Sala Centofiori,2026-09-16T04:00:00+00:00,3-Mercoledi,6,0,11.35990829854188,44.546273268328655
cineteca,Cineteca,2026-09-16T04:00:00+00:00,3-Mercoledi,6,0,11.336904443406464,44.49891741678237
laboratorio_interculturale,Biblioteca del Laboratorio Interculturale,2026-09-16T04:00:00+00:00,3-Mercoledi,6,0,11.334050593880528,44.4923245617229
piazza_galileo_galilei,Piazza Galileo Galilei,2026-09-16T04:00:00+00:00,3-Mercoledi,6,0,11.3407440252421,44.49334026452536
piazza_8_agosto,Piazza 8 Agosto,2026-09-16T04:00:00+00:00,3-Mercoledi,6,0,11.34527686440958,44.50027943650601
polizia_municipale_lombardia,Polizia Municipale Via Lombardia,2026-09-16T04:00:00+00:00,3-Mercoledi,6,0,11.380734611561703,44.475041518877816
salaborsa,Biblioteca Salaborsa,2026-09-16T04:00:00+00:00,3-Mercoledi,6,0,11.34190051712521,44.494670263442316
santostefano,Quartiere Santo Stefano,2026-09-16T04:00:00+00:00,3-Mercoledi,6,0,11.354555150931915,44.48530398061519
rimesse,Rimesse,2026-09-16T04:00:00+00:00,3-Mercoledi,6,0,11.373160257437307,44.494264502223714
ateliersaperi,Atelier dei Saperi,2026-09-16T04:00:00+00:00,3-Mercoledi,6,0,11.366440147791629,44.496061169138635
biblioteca_spina,Biblioteca Spina,2026-09-16T04:00:00+00:00,3-Mercoledi,6,0,11.394655103500526,44.5111220826962
polizia_minucipale,Polizia Municipale,2026-09-16T04:00:00+00:00,3-Mercoledi,6,0,11.390647443148671,44.50355993301129
poliambulatorio_zanolini,Poliambulatorio Zanolini,2026-09-16T04:00:00+00:00,3-Mercoledi,6,0,11.357455161993055,44.49484089990392
casa_gialla,Casa Gialla,2026-09-16T04:00:00+00:00,3-Mercoledi,6,0,11.393719182005707,44.511272044800684
portici_san_luca,Portici San Luca,2026-09-16T04:00:00+00:00,3-Mercoledi,6,0,11.310793464002822,44.49002124816221
portici_santo_stefano,Portici Piazza Santo Stefano,2026-09-16T04:00:00+00:00,3-Mercoledi,6,0,11.348214023424926,44.4923724938828
portico_pavaglione,Portico del Pavaglione,2026-09-16T04:00:00+00:00,3-Mercoledi,6,0,11.343554321642664,44.49277258177935
palazzo_accursio,Palazzo D'Accursio,2026-09-16T04:00:00+00:00,3-Mercoledi,6,0,11.341797312105145,44.494189630319596
torre_orologio,Torre dell'Orologio,2026-09-16T04:00:00+00:00,3-Mercoledi,6,0,11.342030493697278,44.49363299381554
piazza_porta_ravegnana,Piazza Porta Ravegnana,2026-09-16T04:00:00+00:00,3-Mercoledi,6,0,11.346786132701961,44.4942259928551
museo_archeologico,Museo Archeologico,2026-09-16T04:00:00+00:00,3-Mercoledi,6,0,11.344317925246633,44.492907377216
velostazione,Velostazione,2026-09-16T04:00:00+00:00,3-Mercoledi,6,0,11.345568423884524,44.50352386626166
autostazione,Autostazione,2026-09-16T04:00:00+00:00,3-Mercoledi,6,0,11.346413471395405,44.50412233071955
parco_zucca,Parco della Zucca,2026-09-16T04:00:00+00:00,3-Mercoledi,6,0,11.350633924100899,44.51289217630053
quartiere_borgo,Quartiere Borgo Panigale,2026-09-16T04:00:00+00:00,3-Mercoledi,6,0,11.279163670955871,44.51715386515034
parco_cavaticcio,Parco del Cavaticcio,2026-09-16T04:00:00+00:00,3-Mercoledi,6,0,11.335924318560533,44.50261558056925
giardini_margherita,Giardini Margherita,2026-09-16T04:00:00+00:00,3-Mercoledi,6,0,11.352924327935487,44.48310495437518
borgo_panigale_biblioteca,Biblioteca Borgo Panigale,2026-09-16T04:00:00+00:00,3-Mercoledi,6,0,11.265670638184051,44.52280679104457
museo_per_la_memoria,Museo per la Memoria di Ustica,2026-09-16T04:00:00+00:00,3-Mercoledi,6,0,11.351056616136248,44.51326745817074
museo_patrimonio_industriale,Museo del Patrimonio Industriale,2026-09-16T04:00:00+00:00,3-Mercoledi,6,0,11.33453154568292,44.52185116940013
biblioteca_casa_khaoula,Biblioteca Casa di Khaoula,2026-09-16T04:00:00+00:00,3-Mercoledi,6,0,11.34762433889239,44.52005878008443
piazza_malpighi,Piazza Malpighi,2026-09-16T04:00:00+00:00,3-Mercoledi,6,0,11.336354718343932,44.494051038094796
sede_quartiere_saragozza,Sede del Quartiere Saragozza,2026-09-16T04:00:00+00:00,3-Mercoledi,6,0,11.33118420388445,44.49473482787063
piazza_maggiore_podesta,Piazza Maggiore / Podesta',2026-09-16T04:00:00+00:00,3-Mercoledi,6,0,11.343076044345585,44.494053409105085
archiginnasio,Archiginnasio,2026-09-16T04:00:00+00:00,3-Mercoledi,6,0,11.343736052819256,44.492084218142104
museo_civico_medievale,Museo Civico Medievale,2026-09-16T04:00:00+00:00,3-Mercoledi,6,0,11.342158706616681,44.49633487816838
piazza_verdi,Piazza Verdi,2026-09-16T04:00:00+00:00,3-Mercoledi,6,0,11.350683736069605,44.49624149011274
quartiere_san_donato,Quartiere San Donato,2026-09-16T04:00:00+00:00,3-Mercoledi,6,0,11.367392710090371,44.50459666027341
pubblica_assistenza,Pubblica Assistenza Citta' di Bologna,2026-09-16T04:00:00+00:00,3-Mercoledi,6,0,11.383647893083001,44.49688238272082
centro_studi_cabral,Centro Studi Amilcar Cabral,2026-09-16T04:00:00+00:00,3-Mercoledi,6,0,11.33955685469799,44.484257625677024
biblioteca_natalia_ginzburg,Biblioteca Natalia Ginzburg,2026-09-16T04:00:00+00:00,3-Mercoledi,6,0,11.391702427962384,44.47411627490949
piazza_pasolini_lumiere,Piazza Pasolini / Lumiere,2026-09-16T04:00:00+00:00,3-Mercoledi,6,0,11.334766886590288,44.502403722367106
poliambulatorio_pilastro,Poliambulatorio Pilastro,2026-09-16T04:00:00+00:00,3-Mercoledi,6,0,11.389375799301899,44.512949920002974
piazza_galvani_archiginnasio,Piazza Galvani / Archiginnasio,2026-09-16T04:00:00+00:00,3-Mercoledi,6,0,11.343575024054044,44.49159441036996
biblioteca_ruffilli,Biblioteca Ruffilli,2026-09-16T04:00:00+00:00,3-Mercoledi,6,0,11.354926937578657,44.49379360311267
comune_liber_paradisus,Comune / Piazza Liber Paradisus,2026-09-16T04:00:00+00:00,3-Mercoledi,6,0,11.340078869439344,44.50963022646414
certosa,Certosa,2026-09-16T04:00:00+00:00,3-Mercoledi,6,0,11.307060780642725,44.496582005814055
serre_giardini_margherita,Le Serre dei Giardini Margherita,2026-09-16T04:00:00+00:00,3-Mercoledi,6,0,11.34918685728514,44.48327710584824
piazza_san_francesco,Piazza San Francesco,2026-09-16T04:00:00+00:00,3-Mercoledi,6,0,11.334972379366,44.49496055460151
museo_tappezzeria,Museo della Tappezzeria,2026-09-16T04:00:00+00:00,3-Mercoledi,6,0,11.315258504368558,44.48793845172337
quartiere_porto_bibl_borges,Quartiere Porto / Biblioteca Borges,2026-09-16T04:00:00+00:00,3-Mercoledi,6,0,11.329093689479468,44.50224882527717
parco_11_settembre,Parco 11 Settembre 2001,2026-09-16T04:00:00+00:00,3-Mercoledi,6,0,11.33658934486044,44.50012185840865
mercato_san_donato,Mercato San Donato,2026-09-16T04:00:00+00:00,3-Mercoledi,6,0,11.362214860040977,44.50201910803576
archivio_storico,Archivio Storico Comunale,2026-09-16T04:00:00+00:00,3-Mercoledi,6,0,11.36173097716811,44.501697151666704
giardino_lavinia_fontana,Giardino Lavinia Fontana,2026-09-16T04:00:00+00:00,3-Mercoledi,6,0,11.355645424287196,44.48809517552899
giardino_vittime_macinella,Giardino Vittime di Marcinelle e Caduti,2026-09-16T04:00:00+00:00,3-Mercoledi,6,0,11.367729464838469,44.50500806480565
cineteca_archivi,Cineteca Archivi,2026-09-16T04:00:00+00:00,3-Mercoledi,6,0,11.389976453444145,44.50454108042767
dumbo,Dumbo,2026-09-16T04:00:00+00:00,3-Mercoledi,6,0,11.325935453367027,44.50535134807505
bassa_soglia,Servizio Bassa Soglia,2026-09-16T04:00:00+00:00,3-Mercoledi,6,0,11.346106360310804,44.50975850467694
sportello_porto_saragozza,Sportello Sociale Porto Saragozza,2026-09-16T04:00:00+00:00,3-Mercoledi,6,0,11.330591933200418,44.49743898853058
artigiano,Comune di Bologna - Artigiano,2026-09-16T04:00:00+00:00,3-Mercoledi,6,0,11.367334801846928,44.50274841761949
piazza_aldrovandi,Piazza Aldrovandi,2026-09-16T04:00:00+00:00,3-Mercoledi,6,0,11.351772647464196,44.493514395619975
biblioteca_ruffilli,Biblioteca Ruffilli,2026-09-16T03:00:00+00:00,3-Mercoledi,5,0,11.354926937578657,44.49379360311267
comune_liber_paradisus,Comune / Piazza Liber Paradisus,2026-09-16T03:00:00+00:00,3-Mercoledi,5,0,11.340078869439344,44.50963022646414
parco_zucca,Parco della Zucca,2026-09-16T03:00:00+00:00,3-Mercoledi,5,0,11.350633924100899,44.51289217630053
quartiere_savena,Quartiere Savena,2026-09-16T03:00:00+00:00,3-Mercoledi,5,0,11.389659092242418,44.473548759415905
giardini_margherita,Giardini Margherita,2026-09-16T03:00:00+00:00,3-Mercoledi,5,0,11.352924327935487,44.48310495437518
casa_carducci,Casa Carducci,2026-09-16T03:00:00+00:00,3-Mercoledi,5,0,11.357189683658326,44.48793199445139
quartiere_porto_bibl_borges,Quartiere Porto / Biblioteca Borges,2026-09-16T03:00:00+00:00,3-Mercoledi,5,0,11.329093689479468,44.50224882527717
giardino_lennon_parker,Giardino Parker - Lennon,2026-09-16T03:00:00+00:00,3-Mercoledi,5,0,11.357721592278907,44.50388698316799
sala_centofiori,Sala Centofiori,2026-09-16T03:00:00+00:00,3-Mercoledi,5,0,11.35990829854188,44.546273268328655
cineteca,Cineteca,2026-09-16T03:00:00+00:00,3-Mercoledi,5,0,11.336904443406464,44.49891741678237
piazza_malpighi,Piazza Malpighi,2026-09-16T03:00:00+00:00,3-Mercoledi,5,0,11.336354718343932,44.494051038094796
sede_quartiere_saragozza,Sede del Quartiere Saragozza,2026-09-16T03:00:00+00:00,3-Mercoledi,5,0,11.33118420388445,44.49473482787063
piazza_verdi,Piazza Verdi,2026-09-16T03:00:00+00:00,3-Mercoledi,5,0,11.350683736069605,44.49624149011274
mercato_san_donato,Mercato San Donato,2026-09-16T03:00:00+00:00,3-Mercoledi,5,0,11.362214860040977,44.50201910803576
archivio_storico,Archivio Storico Comunale,2026-09-16T03:00:00+00:00,3-Mercoledi,5,0,11.36173097716811,44.501697151666704
giardino_lavinia_fontana,Giardino Lavinia Fontana,2026-09-16T03:00:00+00:00,3-Mercoledi,5,0,11.355645424287196,44.48809517552899
giardino_vittime_macinella,Giardino Vittime di Marcinelle e Caduti,2026-09-16T03:00:00+00:00,3-Mercoledi,5,0,11.367729464838469,44.50500806480565
salaborsa,Biblioteca Salaborsa,2026-09-16T03:00:00+00:00,3-Mercoledi,5,0,11.34190051712521,44.494670263442316
ateliersaperi,Atelier dei Saperi,2026-09-16T03:00:00+00:00,3-Mercoledi,5,0,11.366440147791629,44.496061169138635
cineteca_archivi,Cineteca Archivi,2026-09-16T03:00:00+00:00,3-Mercoledi,5,0,11.389976453444145,44.50454108042767
biblioteca_spina,Biblioteca Spina,2026-09-16T03:00:00+00:00,3-Mercoledi,5,0,11.394655103500526,44.5111220826962
sportello_porto_saragozza,Sportello Sociale Porto Saragozza,2026-09-16T03:00:00+00:00,3-Mercoledi,5,0,11.330591933200418,44.49743898853058
portici_santo_stefano,Portici Piazza Santo Stefano,2026-09-16T03:00:00+00:00,3-Mercoledi,5,0,11.348214023424926,44.4923724938828
museo_archeologico,Museo Archeologico,2026-09-16T03:00:00+00:00,3-Mercoledi,5,0,11.344317925246633,44.492907377216
piazza_porta_ravegnana,Piazza Porta Ravegnana,2026-09-16T03:00:00+00:00,3-Mercoledi,5,0,11.346786132701961,44.4942259928551
torre_orologio,Torre dell'Orologio,2026-09-16T03:00:00+00:00,3-Mercoledi,5,0,11.342030493697278,44.49363299381554
museo_musica,Museo della Musica,2026-09-16T03:00:00+00:00,3-Mercoledi,5,0,11.350320867805817,44.49286727626905
velostazione,Velostazione,2026-09-16T03:00:00+00:00,3-Mercoledi,5,0,11.345568423884524,44.50352386626166
stazione_piazza_med_oro,Stazione / Piazza Medaglie D'Oro,2026-09-16T03:00:00+00:00,3-Mercoledi,5,0,11.343236115621353,44.50522439397164
biblioteca_tassinari,Biblioteca Tassinari (Villa Spada),2026-09-16T03:00:00+00:00,3-Mercoledi,5,0,11.315077862364939,44.48711563513905
quartiere_reno,Quartiere Reno,2026-09-16T03:00:00+00:00,3-Mercoledi,5,0,11.296666972106967,44.502170876800726
mambo,Mambo,2026-09-16T03:00:00+00:00,3-Mercoledi,5,0,11.33683360818396,44.50257695055724
parco_cavaticcio,Parco del Cavaticcio,2026-09-16T03:00:00+00:00,3-Mercoledi,5,0,11.335924318560533,44.50261558056925
stadio,Stadio,2026-09-16T03:00:00+00:00,3-Mercoledi,5,0,11.309684973790153,44.49237798941952
borgo_panigale_biblioteca,Biblioteca Borgo Panigale,2026-09-16T03:00:00+00:00,3-Mercoledi,5,0,11.265670638184051,44.52280679104457
mercato_via_albani,Mercato di Via Albani,2026-09-16T03:00:00+00:00,3-Mercoledi,5,0,11.34402582275058,44.510272660753174
museo_patrimonio_industriale,Museo del Patrimonio Industriale,2026-09-16T03:00:00+00:00,3-Mercoledi,5,0,11.33453154568292,44.52185116940013
parco_11_settembre,Parco 11 Settembre 2001,2026-09-16T03:00:00+00:00,3-Mercoledi,5,0,11.33658934486044,44.50012185840865
piazza_galileo_galilei,Piazza Galileo Galilei,2026-09-16T03:00:00+00:00,3-Mercoledi,5,0,11.3407440252421,44.49334026452536
archiginnasio,Archiginnasio,2026-09-16T03:00:00+00:00,3-Mercoledi,5,0,11.343736052819256,44.492084218142104
museo_civico_medievale,Museo Civico Medievale,2026-09-16T03:00:00+00:00,3-Mercoledi,5,0,11.342158706616681,44.49633487816838
quartiere_san_donato,Quartiere San Donato,2026-09-16T03:00:00+00:00,3-Mercoledi,5,0,11.367392710090371,44.50459666027341
pubblica_assistenza,Pubblica Assistenza Citta' di Bologna,2026-09-16T03:00:00+00:00,3-Mercoledi,5,0,11.383647893083001,44.49688238272082
santostefano,Quartiere Santo Stefano,2026-09-16T03:00:00+00:00,3-Mercoledi,5,0,11.354555150931915,44.48530398061519
rimesse,Rimesse,2026-09-16T03:00:00+00:00,3-Mercoledi,5,0,11.373160257437307,44.494264502223714
poliambulatorio_pilastro,Poliambulatorio Pilastro,2026-09-16T03:00:00+00:00,3-Mercoledi,5,0,11.389375799301899,44.512949920002974
dumbo,Dumbo,2026-09-16T03:00:00+00:00,3-Mercoledi,5,0,11.325935453367027,44.50535134807505
bassa_soglia,Servizio Bassa Soglia,2026-09-16T03:00:00+00:00,3-Mercoledi,5,0,11.346106360310804,44.50975850467694
polizia_minucipale,Polizia Municipale,2026-09-16T03:00:00+00:00,3-Mercoledi,5,0,11.390647443148671,44.50355993301129
artigiano,Comune di Bologna - Artigiano,2026-09-16T03:00:00+00:00,3-Mercoledi,5,0,11.367334801846928,44.50274841761949
portici_san_luca,Portici San Luca,2026-09-16T03:00:00+00:00,3-Mercoledi,5,0,11.310793464002822,44.49002124816221
portico_pavaglione,Portico del Pavaglione,2026-09-16T03:00:00+00:00,3-Mercoledi,5,0,11.343554321642664,44.49277258177935
palazzo_accursio,Palazzo D'Accursio,2026-09-16T03:00:00+00:00,3-Mercoledi,5,0,11.341797312105145,44.494189630319596
piazza_galvani_archiginnasio,Piazza Galvani / Archiginnasio,2026-09-16T03:00:00+00:00,3-Mercoledi,5,0,11.343575024054044,44.49159441036996
autostazione,Autostazione,2026-09-16T03:00:00+00:00,3-Mercoledi,5,0,11.346413471395405,44.50412233071955
piazza_unita,Piazza Dell'Unita',2026-09-16T03:00:00+00:00,3-Mercoledi,5,0,11.347095551842576,44.51146165088361
quartiere_borgo,Quartiere Borgo Panigale,2026-09-16T03:00:00+00:00,3-Mercoledi,5,0,11.279163670955871,44.51715386515034
certosa,Certosa,2026-09-16T03:00:00+00:00,3-Mercoledi,5,0,11.307060780642725,44.496582005814055
serre_giardini_margherita,Le Serre dei Giardini Margherita,2026-09-16T03:00:00+00:00,3-Mercoledi,5,0,11.34918685728514,44.48327710584824
piazza_san_francesco,Piazza San Francesco,2026-09-16T03:00:00+00:00,3-Mercoledi,5,0,11.334972379366,44.49496055460151
casteldebole_giardini,Giardino Sorelle Mirabal,2026-09-16T03:00:00+00:00,3-Mercoledi,5,0,11.276619859402423,44.50253212720367
museo_tappezzeria,Museo della Tappezzeria,2026-09-16T03:00:00+00:00,3-Mercoledi,5,0,11.315258504368558,44.48793845172337
museo_per_la_memoria,Museo per la Memoria di Ustica,2026-09-16T03:00:00+00:00,3-Mercoledi,5,0,11.351056616136248,44.51326745817074
quartiere_navile,Quartiere Navile,2026-09-16T03:00:00+00:00,3-Mercoledi,5,0,11.329479223221583,44.51883731169992
biblioteca_casa_khaoula,Biblioteca Casa di Khaoula,2026-09-16T03:00:00+00:00,3-Mercoledi,5,0,11.34762433889239,44.52005878008443
laboratorio_interculturale,Biblioteca del Laboratorio Interculturale,2026-09-16T03:00:00+00:00,3-Mercoledi,5,0,11.334050593880528,44.4923245617229
piazza_maggiore_podesta,Piazza Maggiore / Podesta',2026-09-16T03:00:00+00:00,3-Mercoledi,5,0,11.343076044345585,44.494053409105085
piazza_8_agosto,Piazza 8 Agosto,2026-09-16T03:00:00+00:00,3-Mercoledi,5,0,11.34527686440958,44.50027943650601
centro_studi_cabral,Centro Studi Amilcar Cabral,2026-09-16T03:00:00+00:00,3-Mercoledi,5,0,11.33955685469799,44.484257625677024
polizia_municipale_lombardia,Polizia Municipale Via Lombardia,2026-09-16T03:00:00+00:00,3-Mercoledi,5,0,11.380734611561703,44.475041518877816
biblioteca_natalia_ginzburg,Biblioteca Natalia Ginzburg,2026-09-16T03:00:00+00:00,3-Mercoledi,5,0,11.391702427962384,44.47411627490949
piazza_pasolini_lumiere,Piazza Pasolini / Lumiere,2026-09-16T03:00:00+00:00,3-Mercoledi,5,0,11.334766886590288,44.502403722367106
piazza_aldrovandi,Piazza Aldrovandi,2026-09-16T03:00:00+00:00,3-Mercoledi,5,0,11.351772647464196,44.493514395619975
poliambulatorio_zanolini,Poliambulatorio Zanolini,2026-09-16T03:00:00+00:00,3-Mercoledi,5,0,11.357455161993055,44.49484089990392
casa_gialla,Casa Gialla,2026-09-16T03:00:00+00:00,3-Mercoledi,5,0,11.393719182005707,44.511272044800684
museo_musica,Museo della Musica,2026-09-16T02:00:00+00:00,3-Mercoledi,4,0,11.350320867805817,44.49286727626905
piazza_unita,Piazza Dell'Unita',2026-09-16T02:00:00+00:00,3-Mercoledi,4,0,11.347095551842576,44.51146165088361
biblioteca_tassinari,Biblioteca Tassinari (Villa Spada),2026-09-16T02:00:00+00:00,3-Mercoledi,4,0,11.315077862364939,44.48711563513905
quartiere_borgo,Quartiere Borgo Panigale,2026-09-16T02:00:00+00:00,3-Mercoledi,4,0,11.279163670955871,44.51715386515034
piazza_san_francesco,Piazza San Francesco,2026-09-16T02:00:00+00:00,3-Mercoledi,4,0,11.334972379366,44.49496055460151
museo_tappezzeria,Museo della Tappezzeria,2026-09-16T02:00:00+00:00,3-Mercoledi,4,0,11.315258504368558,44.48793845172337
mercato_via_albani,Mercato di Via Albani,2026-09-16T02:00:00+00:00,3-Mercoledi,4,0,11.34402582275058,44.510272660753174
museo_patrimonio_industriale,Museo del Patrimonio Industriale,2026-09-16T02:00:00+00:00,3-Mercoledi,4,0,11.33453154568292,44.52185116940013
cineteca,Cineteca,2026-09-16T02:00:00+00:00,3-Mercoledi,4,0,11.336904443406464,44.49891741678237
piazza_galileo_galilei,Piazza Galileo Galilei,2026-09-16T02:00:00+00:00,3-Mercoledi,4,0,11.3407440252421,44.49334026452536
mercato_san_donato,Mercato San Donato,2026-09-16T02:00:00+00:00,3-Mercoledi,4,0,11.362214860040977,44.50201910803576
polizia_municipale_lombardia,Polizia Municipale Via Lombardia,2026-09-16T02:00:00+00:00,3-Mercoledi,4,0,11.380734611561703,44.475041518877816
piazza_pasolini_lumiere,Piazza Pasolini / Lumiere,2026-09-16T02:00:00+00:00,3-Mercoledi,4,0,11.334766886590288,44.502403722367106
biblioteca_spina,Biblioteca Spina,2026-09-16T02:00:00+00:00,3-Mercoledi,4,0,11.394655103500526,44.5111220826962
sportello_porto_saragozza,Sportello Sociale Porto Saragozza,2026-09-16T02:00:00+00:00,3-Mercoledi,4,0,11.330591933200418,44.49743898853058
poliambulatorio_zanolini,Poliambulatorio Zanolini,2026-09-16T02:00:00+00:00,3-Mercoledi,4,0,11.357455161993055,44.49484089990392
portici_san_luca,Portici San Luca,2026-09-16T02:00:00+00:00,3-Mercoledi,4,0,11.310793464002822,44.49002124816221
portico_pavaglione,Portico del Pavaglione,2026-09-16T02:00:00+00:00,3-Mercoledi,4,0,11.343554321642664,44.49277258177935
palazzo_accursio,Palazzo D'Accursio,2026-09-16T02:00:00+00:00,3-Mercoledi,4,0,11.341797312105145,44.494189630319596
piazza_galvani_archiginnasio,Piazza Galvani / Archiginnasio,2026-09-16T02:00:00+00:00,3-Mercoledi,4,0,11.343575024054044,44.49159441036996
stazione_piazza_med_oro,Stazione / Piazza Medaglie D'Oro,2026-09-16T02:00:00+00:00,3-Mercoledi,4,0,11.343236115621353,44.50522439397164
comune_liber_paradisus,Comune / Piazza Liber Paradisus,2026-09-16T02:00:00+00:00,3-Mercoledi,4,0,11.340078869439344,44.50963022646414
parco_zucca,Parco della Zucca,2026-09-16T02:00:00+00:00,3-Mercoledi,4,0,11.350633924100899,44.51289217630053
quartiere_reno,Quartiere Reno,2026-09-16T02:00:00+00:00,3-Mercoledi,4,0,11.296666972106967,44.502170876800726
mambo,Mambo,2026-09-16T02:00:00+00:00,3-Mercoledi,4,0,11.33683360818396,44.50257695055724
quartiere_savena,Quartiere Savena,2026-09-16T02:00:00+00:00,3-Mercoledi,4,0,11.389659092242418,44.473548759415905
serre_giardini_margherita,Le Serre dei Giardini Margherita,2026-09-16T02:00:00+00:00,3-Mercoledi,4,0,11.34918685728514,44.48327710584824
casa_carducci,Casa Carducci,2026-09-16T02:00:00+00:00,3-Mercoledi,4,0,11.357189683658326,44.48793199445139
stadio,Stadio,2026-09-16T02:00:00+00:00,3-Mercoledi,4,0,11.309684973790153,44.49237798941952
casteldebole_giardini,Giardino Sorelle Mirabal,2026-09-16T02:00:00+00:00,3-Mercoledi,4,0,11.276619859402423,44.50253212720367
giardino_lennon_parker,Giardino Parker - Lennon,2026-09-16T02:00:00+00:00,3-Mercoledi,4,0,11.357721592278907,44.50388698316799
museo_per_la_memoria,Museo per la Memoria di Ustica,2026-09-16T02:00:00+00:00,3-Mercoledi,4,0,11.351056616136248,44.51326745817074
sala_centofiori,Sala Centofiori,2026-09-16T02:00:00+00:00,3-Mercoledi,4,0,11.35990829854188,44.546273268328655
biblioteca_casa_khaoula,Biblioteca Casa di Khaoula,2026-09-16T02:00:00+00:00,3-Mercoledi,4,0,11.34762433889239,44.52005878008443
sede_quartiere_saragozza,Sede del Quartiere Saragozza,2026-09-16T02:00:00+00:00,3-Mercoledi,4,0,11.33118420388445,44.49473482787063
piazza_maggiore_podesta,Piazza Maggiore / Podesta',2026-09-16T02:00:00+00:00,3-Mercoledi,4,0,11.343076044345585,44.494053409105085
museo_civico_medievale,Museo Civico Medievale,2026-09-16T02:00:00+00:00,3-Mercoledi,4,0,11.342158706616681,44.49633487816838
piazza_verdi,Piazza Verdi,2026-09-16T02:00:00+00:00,3-Mercoledi,4,0,11.350683736069605,44.49624149011274
quartiere_san_donato,Quartiere San Donato,2026-09-16T02:00:00+00:00,3-Mercoledi,4,0,11.367392710090371,44.50459666027341
pubblica_assistenza,Pubblica Assistenza Citta' di Bologna,2026-09-16T02:00:00+00:00,3-Mercoledi,4,0,11.383647893083001,44.49688238272082
giardino_lavinia_fontana,Giardino Lavinia Fontana,2026-09-16T02:00:00+00:00,3-Mercoledi,4,0,11.355645424287196,44.48809517552899
centro_studi_cabral,Centro Studi Amilcar Cabral,2026-09-16T02:00:00+00:00,3-Mercoledi,4,0,11.33955685469799,44.484257625677024
biblioteca_natalia_ginzburg,Biblioteca Natalia Ginzburg,2026-09-16T02:00:00+00:00,3-Mercoledi,4,0,11.391702427962384,44.47411627490949
ateliersaperi,Atelier dei Saperi,2026-09-16T02:00:00+00:00,3-Mercoledi,4,0,11.366440147791629,44.496061169138635
cineteca_archivi,Cineteca Archivi,2026-09-16T02:00:00+00:00,3-Mercoledi,4,0,11.389976453444145,44.50454108042767
dumbo,Dumbo,2026-09-16T02:00:00+00:00,3-Mercoledi,4,0,11.325935453367027,44.50535134807505
bassa_soglia,Servizio Bassa Soglia,2026-09-16T02:00:00+00:00,3-Mercoledi,4,0,11.346106360310804,44.50975850467694
polizia_minucipale,Polizia Municipale,2026-09-16T02:00:00+00:00,3-Mercoledi,4,0,11.390647443148671,44.50355993301129
artigiano,Comune di Bologna - Artigiano,2026-09-16T02:00:00+00:00,3-Mercoledi,4,0,11.367334801846928,44.50274841761949
portici_santo_stefano,Portici Piazza Santo Stefano,2026-09-16T02:00:00+00:00,3-Mercoledi,4,0,11.348214023424926,44.4923724938828
torre_orologio,Torre dell'Orologio,2026-09-16T02:00:00+00:00,3-Mercoledi,4,0,11.342030493697278,44.49363299381554
museo_archeologico,Museo Archeologico,2026-09-16T02:00:00+00:00,3-Mercoledi,4,0,11.344317925246633,44.492907377216
piazza_porta_ravegnana,Piazza Porta Ravegnana,2026-09-16T02:00:00+00:00,3-Mercoledi,4,0,11.346786132701961,44.4942259928551
biblioteca_ruffilli,Biblioteca Ruffilli,2026-09-16T02:00:00+00:00,3-Mercoledi,4,0,11.354926937578657,44.49379360311267
velostazione,Velostazione,2026-09-16T02:00:00+00:00,3-Mercoledi,4,0,11.345568423884524,44.50352386626166
autostazione,Autostazione,2026-09-16T02:00:00+00:00,3-Mercoledi,4,0,11.346413471395405,44.50412233071955
parco_cavaticcio,Parco del Cavaticcio,2026-09-16T02:00:00+00:00,3-Mercoledi,4,0,11.335924318560533,44.50261558056925
certosa,Certosa,2026-09-16T02:00:00+00:00,3-Mercoledi,4,0,11.307060780642725,44.496582005814055
giardini_margherita,Giardini Margherita,2026-09-16T02:00:00+00:00,3-Mercoledi,4,0,11.352924327935487,44.48310495437518
borgo_panigale_biblioteca,Biblioteca Borgo Panigale,2026-09-16T02:00:00+00:00,3-Mercoledi,4,0,11.265670638184051,44.52280679104457
quartiere_porto_bibl_borges,Quartiere Porto / Biblioteca Borges,2026-09-16T02:00:00+00:00,3-Mercoledi,4,0,11.329093689479468,44.50224882527717
quartiere_navile,Quartiere Navile,2026-09-16T02:00:00+00:00,3-Mercoledi,4,0,11.329479223221583,44.51883731169992
parco_11_settembre,Parco 11 Settembre 2001,2026-09-16T02:00:00+00:00,3-Mercoledi,4,0,11.33658934486044,44.50012185840865
piazza_malpighi,Piazza Malpighi,2026-09-16T02:00:00+00:00,3-Mercoledi,4,0,11.336354718343932,44.494051038094796
laboratorio_interculturale,Biblioteca del Laboratorio Interculturale,2026-09-16T02:00:00+00:00,3-Mercoledi,4,0,11.334050593880528,44.4923245617229
archiginnasio,Archiginnasio,2026-09-16T02:00:00+00:00,3-Mercoledi,4,0,11.343736052819256,44.492084218142104
piazza_8_agosto,Piazza 8 Agosto,2026-09-16T02:00:00+00:00,3-Mercoledi,4,0,11.34527686440958,44.50027943650601
archivio_storico,Archivio Storico Comunale,2026-09-16T02:00:00+00:00,3-Mercoledi,4,0,11.36173097716811,44.501697151666704
giardino_vittime_macinella,Giardino Vittime di Marcinelle e Caduti,2026-09-16T02:00:00+00:00,3-Mercoledi,4,0,11.367729464838469,44.50500806480565
salaborsa,Biblioteca Salaborsa,2026-09-16T02:00:00+00:00,3-Mercoledi,4,0,11.34190051712521,44.494670263442316
santostefano,Quartiere Santo Stefano,2026-09-16T02:00:00+00:00,3-Mercoledi,4,0,11.354555150931915,44.48530398061519
rimesse,Rimesse,2026-09-16T02:00:00+00:00,3-Mercoledi,4,0,11.373160257437307,44.494264502223714
poliambulatorio_pilastro,Poliambulatorio Pilastro,2026-09-16T02:00:00+00:00,3-Mercoledi,4,0,11.389375799301899,44.512949920002974
piazza_aldrovandi,Piazza Aldrovandi,2026-09-16T02:00:00+00:00,3-Mercoledi,4,0,11.351772647464196,44.493514395619975
casa_gialla,Casa Gialla,2026-09-16T02:00:00+00:00,3-Mercoledi,4,0,11.393719182005707,44.511272044800684
comune_liber_paradisus,Comune / Piazza Liber Paradisus,2026-09-16T01:00:00+00:00,3-Mercoledi,3,0,11.340078869439344,44.50963022646414
mambo,Mambo,2026-09-16T01:00:00+00:00,3-Mercoledi,3,0,11.33683360818396,44.50257695055724
parco_cavaticcio,Parco del Cavaticcio,2026-09-16T01:00:00+00:00,3-Mercoledi,3,0,11.335924318560533,44.50261558056925
quartiere_savena,Quartiere Savena,2026-09-16T01:00:00+00:00,3-Mercoledi,3,0,11.389659092242418,44.473548759415905
giardini_margherita,Giardini Margherita,2026-09-16T01:00:00+00:00,3-Mercoledi,3,0,11.352924327935487,44.48310495437518
serre_giardini_margherita,Le Serre dei Giardini Margherita,2026-09-16T01:00:00+00:00,3-Mercoledi,3,0,11.34918685728514,44.48327710584824
piazza_san_francesco,Piazza San Francesco,2026-09-16T01:00:00+00:00,3-Mercoledi,3,0,11.334972379366,44.49496055460151
casa_carducci,Casa Carducci,2026-09-16T01:00:00+00:00,3-Mercoledi,3,0,11.357189683658326,44.48793199445139
borgo_panigale_biblioteca,Biblioteca Borgo Panigale,2026-09-16T01:00:00+00:00,3-Mercoledi,3,0,11.265670638184051,44.52280679104457
museo_tappezzeria,Museo della Tappezzeria,2026-09-16T01:00:00+00:00,3-Mercoledi,3,0,11.315258504368558,44.48793845172337
biblioteca_casa_khaoula,Biblioteca Casa di Khaoula,2026-09-16T01:00:00+00:00,3-Mercoledi,3,0,11.34762433889239,44.52005878008443
cineteca,Cineteca,2026-09-16T01:00:00+00:00,3-Mercoledi,3,0,11.336904443406464,44.49891741678237
sede_quartiere_saragozza,Sede del Quartiere Saragozza,2026-09-16T01:00:00+00:00,3-Mercoledi,3,0,11.33118420388445,44.49473482787063
piazza_galileo_galilei,Piazza Galileo Galilei,2026-09-16T01:00:00+00:00,3-Mercoledi,3,0,11.3407440252421,44.49334026452536
museo_civico_medievale,Museo Civico Medievale,2026-09-16T01:00:00+00:00,3-Mercoledi,3,0,11.342158706616681,44.49633487816838
mercato_san_donato,Mercato San Donato,2026-09-16T01:00:00+00:00,3-Mercoledi,3,0,11.362214860040977,44.50201910803576
pubblica_assistenza,Pubblica Assistenza Citta' di Bologna,2026-09-16T01:00:00+00:00,3-Mercoledi,3,0,11.383647893083001,44.49688238272082
giardino_vittime_macinella,Giardino Vittime di Marcinelle e Caduti,2026-09-16T01:00:00+00:00,3-Mercoledi,3,0,11.367729464838469,44.50500806480565
rimesse,Rimesse,2026-09-16T01:00:00+00:00,3-Mercoledi,3,0,11.373160257437307,44.494264502223714
poliambulatorio_pilastro,Poliambulatorio Pilastro,2026-09-16T01:00:00+00:00,3-Mercoledi,3,0,11.389375799301899,44.512949920002974
sportello_porto_saragozza,Sportello Sociale Porto Saragozza,2026-09-16T01:00:00+00:00,3-Mercoledi,3,0,11.330591933200418,44.49743898853058
polizia_minucipale,Polizia Municipale,2026-09-16T01:00:00+00:00,3-Mercoledi,3,0,11.390647443148671,44.50355993301129
portici_santo_stefano,Portici Piazza Santo Stefano,2026-09-16T01:00:00+00:00,3-Mercoledi,3,0,11.348214023424926,44.4923724938828
portico_pavaglione,Portico del Pavaglione,2026-09-16T01:00:00+00:00,3-Mercoledi,3,0,11.343554321642664,44.49277258177935
palazzo_accursio,Palazzo D'Accursio,2026-09-16T01:00:00+00:00,3-Mercoledi,3,0,11.341797312105145,44.494189630319596
piazza_galvani_archiginnasio,Piazza Galvani / Archiginnasio,2026-09-16T01:00:00+00:00,3-Mercoledi,3,0,11.343575024054044,44.49159441036996
velostazione,Velostazione,2026-09-16T01:00:00+00:00,3-Mercoledi,3,0,11.345568423884524,44.50352386626166
autostazione,Autostazione,2026-09-16T01:00:00+00:00,3-Mercoledi,3,0,11.346413471395405,44.50412233071955
parco_zucca,Parco della Zucca,2026-09-16T01:00:00+00:00,3-Mercoledi,3,0,11.350633924100899,44.51289217630053
certosa,Certosa,2026-09-16T01:00:00+00:00,3-Mercoledi,3,0,11.307060780642725,44.496582005814055
stadio,Stadio,2026-09-16T01:00:00+00:00,3-Mercoledi,3,0,11.309684973790153,44.49237798941952
giardino_lennon_parker,Giardino Parker - Lennon,2026-09-16T01:00:00+00:00,3-Mercoledi,3,0,11.357721592278907,44.50388698316799
mercato_via_albani,Mercato di Via Albani,2026-09-16T01:00:00+00:00,3-Mercoledi,3,0,11.34402582275058,44.510272660753174
quartiere_navile,Quartiere Navile,2026-09-16T01:00:00+00:00,3-Mercoledi,3,0,11.329479223221583,44.51883731169992
museo_patrimonio_industriale,Museo del Patrimonio Industriale,2026-09-16T01:00:00+00:00,3-Mercoledi,3,0,11.33453154568292,44.52185116940013
piazza_malpighi,Piazza Malpighi,2026-09-16T01:00:00+00:00,3-Mercoledi,3,0,11.336354718343932,44.494051038094796
laboratorio_interculturale,Biblioteca del Laboratorio Interculturale,2026-09-16T01:00:00+00:00,3-Mercoledi,3,0,11.334050593880528,44.4923245617229
piazza_maggiore_podesta,Piazza Maggiore / Podesta',2026-09-16T01:00:00+00:00,3-Mercoledi,3,0,11.343076044345585,44.494053409105085
archiginnasio,Archiginnasio,2026-09-16T01:00:00+00:00,3-Mercoledi,3,0,11.343736052819256,44.492084218142104
piazza_verdi,Piazza Verdi,2026-09-16T01:00:00+00:00,3-Mercoledi,3,0,11.350683736069605,44.49624149011274
giardino_lavinia_fontana,Giardino Lavinia Fontana,2026-09-16T01:00:00+00:00,3-Mercoledi,3,0,11.355645424287196,44.48809517552899
biblioteca_natalia_ginzburg,Biblioteca Natalia Ginzburg,2026-09-16T01:00:00+00:00,3-Mercoledi,3,0,11.391702427962384,44.47411627490949
santostefano,Quartiere Santo Stefano,2026-09-16T01:00:00+00:00,3-Mercoledi,3,0,11.354555150931915,44.48530398061519
ateliersaperi,Atelier dei Saperi,2026-09-16T01:00:00+00:00,3-Mercoledi,3,0,11.366440147791629,44.496061169138635
cineteca_archivi,Cineteca Archivi,2026-09-16T01:00:00+00:00,3-Mercoledi,3,0,11.389976453444145,44.50454108042767
artigiano,Comune di Bologna - Artigiano,2026-09-16T01:00:00+00:00,3-Mercoledi,3,0,11.367334801846928,44.50274841761949
piazza_aldrovandi,Piazza Aldrovandi,2026-09-16T01:00:00+00:00,3-Mercoledi,3,0,11.351772647464196,44.493514395619975
poliambulatorio_zanolini,Poliambulatorio Zanolini,2026-09-16T01:00:00+00:00,3-Mercoledi,3,0,11.357455161993055,44.49484089990392
portici_san_luca,Portici San Luca,2026-09-16T01:00:00+00:00,3-Mercoledi,3,0,11.310793464002822,44.49002124816221
torre_orologio,Torre dell'Orologio,2026-09-16T01:00:00+00:00,3-Mercoledi,3,0,11.342030493697278,44.49363299381554
museo_archeologico,Museo Archeologico,2026-09-16T01:00:00+00:00,3-Mercoledi,3,0,11.344317925246633,44.492907377216
piazza_porta_ravegnana,Piazza Porta Ravegnana,2026-09-16T01:00:00+00:00,3-Mercoledi,3,0,11.346786132701961,44.4942259928551
museo_musica,Museo della Musica,2026-09-16T01:00:00+00:00,3-Mercoledi,3,0,11.350320867805817,44.49286727626905
biblioteca_ruffilli,Biblioteca Ruffilli,2026-09-16T01:00:00+00:00,3-Mercoledi,3,0,11.354926937578657,44.49379360311267
stazione_piazza_med_oro,Stazione / Piazza Medaglie D'Oro,2026-09-16T01:00:00+00:00,3-Mercoledi,3,0,11.343236115621353,44.50522439397164
piazza_unita,Piazza Dell'Unita',2026-09-16T01:00:00+00:00,3-Mercoledi,3,0,11.347095551842576,44.51146165088361
biblioteca_tassinari,Biblioteca Tassinari (Villa Spada),2026-09-16T01:00:00+00:00,3-Mercoledi,3,0,11.315077862364939,44.48711563513905
quartiere_reno,Quartiere Reno,2026-09-16T01:00:00+00:00,3-Mercoledi,3,0,11.296666972106967,44.502170876800726
quartiere_borgo,Quartiere Borgo Panigale,2026-09-16T01:00:00+00:00,3-Mercoledi,3,0,11.279163670955871,44.51715386515034
casteldebole_giardini,Giardino Sorelle Mirabal,2026-09-16T01:00:00+00:00,3-Mercoledi,3,0,11.276619859402423,44.50253212720367
quartiere_porto_bibl_borges,Quartiere Porto / Biblioteca Borges,2026-09-16T01:00:00+00:00,3-Mercoledi,3,0,11.329093689479468,44.50224882527717
museo_per_la_memoria,Museo per la Memoria di Ustica,2026-09-16T01:00:00+00:00,3-Mercoledi,3,0,11.351056616136248,44.51326745817074
sala_centofiori,Sala Centofiori,2026-09-16T01:00:00+00:00,3-Mercoledi,3,0,11.35990829854188,44.546273268328655
parco_11_settembre,Parco 11 Settembre 2001,2026-09-16T01:00:00+00:00,3-Mercoledi,3,0,11.33658934486044,44.50012185840865
piazza_8_agosto,Piazza 8 Agosto,2026-09-16T01:00:00+00:00,3-Mercoledi,3,0,11.34527686440958,44.50027943650601
quartiere_san_donato,Quartiere San Donato,2026-09-16T01:00:00+00:00,3-Mercoledi,3,0,11.367392710090371,44.50459666027341
archivio_storico,Archivio Storico Comunale,2026-09-16T01:00:00+00:00,3-Mercoledi,3,0,11.36173097716811,44.501697151666704
centro_studi_cabral,Centro Studi Amilcar Cabral,2026-09-16T01:00:00+00:00,3-Mercoledi,3,0,11.33955685469799,44.484257625677024
polizia_municipale_lombardia,Polizia Municipale Via Lombardia,2026-09-16T01:00:00+00:00,3-Mercoledi,3,0,11.380734611561703,44.475041518877816
piazza_pasolini_lumiere,Piazza Pasolini / Lumiere,2026-09-16T01:00:00+00:00,3-Mercoledi,3,0,11.334766886590288,44.502403722367106
salaborsa,Biblioteca Salaborsa,2026-09-16T01:00:00+00:00,3-Mercoledi,3,0,11.34190051712521,44.494670263442316
biblioteca_spina,Biblioteca Spina,2026-09-16T01:00:00+00:00,3-Mercoledi,3,0,11.394655103500526,44.5111220826962
dumbo,Dumbo,2026-09-16T01:00:00+00:00,3-Mercoledi,3,0,11.325935453367027,44.50535134807505
bassa_soglia,Servizio Bassa Soglia,2026-09-16T01:00:00+00:00,3-Mercoledi,3,0,11.346106360310804,44.50975850467694
casa_gialla,Casa Gialla,2026-09-16T01:00:00+00:00,3-Mercoledi,3,0,11.393719182005707,44.511272044800684
velostazione,Velostazione,2026-09-16T00:00:00+00:00,3-Mercoledi,2,0,11.345568423884524,44.50352386626166
stazione_piazza_med_oro,Stazione / Piazza Medaglie D'Oro,2026-09-16T00:00:00+00:00,3-Mercoledi,2,0,11.343236115621353,44.50522439397164
parco_cavaticcio,Parco del Cavaticcio,2026-09-16T00:00:00+00:00,3-Mercoledi,2,0,11.335924318560533,44.50261558056925
certosa,Certosa,2026-09-16T00:00:00+00:00,3-Mercoledi,2,0,11.307060780642725,44.496582005814055
quartiere_savena,Quartiere Savena,2026-09-16T00:00:00+00:00,3-Mercoledi,2,0,11.389659092242418,44.473548759415905
giardini_margherita,Giardini Margherita,2026-09-16T00:00:00+00:00,3-Mercoledi,2,0,11.352924327935487,44.48310495437518
stadio,Stadio,2026-09-16T00:00:00+00:00,3-Mercoledi,2,0,11.309684973790153,44.49237798941952
giardino_lennon_parker,Giardino Parker - Lennon,2026-09-16T00:00:00+00:00,3-Mercoledi,2,0,11.357721592278907,44.50388698316799
museo_patrimonio_industriale,Museo del Patrimonio Industriale,2026-09-16T00:00:00+00:00,3-Mercoledi,2,0,11.33453154568292,44.52185116940013
sala_centofiori,Sala Centofiori,2026-09-16T00:00:00+00:00,3-Mercoledi,2,0,11.35990829854188,44.546273268328655
biblioteca_casa_khaoula,Biblioteca Casa di Khaoula,2026-09-16T00:00:00+00:00,3-Mercoledi,2,0,11.34762433889239,44.52005878008443
piazza_maggiore_podesta,Piazza Maggiore / Podesta',2026-09-16T00:00:00+00:00,3-Mercoledi,2,0,11.343076044345585,44.494053409105085
archiginnasio,Archiginnasio,2026-09-16T00:00:00+00:00,3-Mercoledi,2,0,11.343736052819256,44.492084218142104
piazza_8_agosto,Piazza 8 Agosto,2026-09-16T00:00:00+00:00,3-Mercoledi,2,0,11.34527686440958,44.50027943650601
pubblica_assistenza,Pubblica Assistenza Citta' di Bologna,2026-09-16T00:00:00+00:00,3-Mercoledi,2,0,11.383647893083001,44.49688238272082
piazza_pasolini_lumiere,Piazza Pasolini / Lumiere,2026-09-16T00:00:00+00:00,3-Mercoledi,2,0,11.334766886590288,44.502403722367106
salaborsa,Biblioteca Salaborsa,2026-09-16T00:00:00+00:00,3-Mercoledi,2,0,11.34190051712521,44.494670263442316
biblioteca_spina,Biblioteca Spina,2026-09-16T00:00:00+00:00,3-Mercoledi,2,0,11.394655103500526,44.5111220826962
artigiano,Comune di Bologna - Artigiano,2026-09-16T00:00:00+00:00,3-Mercoledi,2,0,11.367334801846928,44.50274841761949
torre_orologio,Torre dell'Orologio,2026-09-16T00:00:00+00:00,3-Mercoledi,2,0,11.342030493697278,44.49363299381554
museo_archeologico,Museo Archeologico,2026-09-16T00:00:00+00:00,3-Mercoledi,2,0,11.344317925246633,44.492907377216
piazza_galvani_archiginnasio,Piazza Galvani / Archiginnasio,2026-09-16T00:00:00+00:00,3-Mercoledi,2,0,11.343575024054044,44.49159441036996
piazza_porta_ravegnana,Piazza Porta Ravegnana,2026-09-16T00:00:00+00:00,3-Mercoledi,2,0,11.346786132701961,44.4942259928551
museo_musica,Museo della Musica,2026-09-16T00:00:00+00:00,3-Mercoledi,2,0,11.350320867805817,44.49286727626905
biblioteca_ruffilli,Biblioteca Ruffilli,2026-09-16T00:00:00+00:00,3-Mercoledi,2,0,11.354926937578657,44.49379360311267
parco_zucca,Parco della Zucca,2026-09-16T00:00:00+00:00,3-Mercoledi,2,0,11.350633924100899,44.51289217630053
biblioteca_tassinari,Biblioteca Tassinari (Villa Spada),2026-09-16T00:00:00+00:00,3-Mercoledi,2,0,11.315077862364939,44.48711563513905
quartiere_reno,Quartiere Reno,2026-09-16T00:00:00+00:00,3-Mercoledi,2,0,11.296666972106967,44.502170876800726
quartiere_borgo,Quartiere Borgo Panigale,2026-09-16T00:00:00+00:00,3-Mercoledi,2,0,11.279163670955871,44.51715386515034
mambo,Mambo,2026-09-16T00:00:00+00:00,3-Mercoledi,2,0,11.33683360818396,44.50257695055724
casa_carducci,Casa Carducci,2026-09-16T00:00:00+00:00,3-Mercoledi,2,0,11.357189683658326,44.48793199445139
casteldebole_giardini,Giardino Sorelle Mirabal,2026-09-16T00:00:00+00:00,3-Mercoledi,2,0,11.276619859402423,44.50253212720367
quartiere_porto_bibl_borges,Quartiere Porto / Biblioteca Borges,2026-09-16T00:00:00+00:00,3-Mercoledi,2,0,11.329093689479468,44.50224882527717
museo_per_la_memoria,Museo per la Memoria di Ustica,2026-09-16T00:00:00+00:00,3-Mercoledi,2,0,11.351056616136248,44.51326745817074
sede_quartiere_saragozza,Sede del Quartiere Saragozza,2026-09-16T00:00:00+00:00,3-Mercoledi,2,0,11.33118420388445,44.49473482787063
piazza_galileo_galilei,Piazza Galileo Galilei,2026-09-16T00:00:00+00:00,3-Mercoledi,2,0,11.3407440252421,44.49334026452536
museo_civico_medievale,Museo Civico Medievale,2026-09-16T00:00:00+00:00,3-Mercoledi,2,0,11.342158706616681,44.49633487816838
quartiere_san_donato,Quartiere San Donato,2026-09-16T00:00:00+00:00,3-Mercoledi,2,0,11.367392710090371,44.50459666027341
polizia_municipale_lombardia,Polizia Municipale Via Lombardia,2026-09-16T00:00:00+00:00,3-Mercoledi,2,0,11.380734611561703,44.475041518877816
cineteca_archivi,Cineteca Archivi,2026-09-16T00:00:00+00:00,3-Mercoledi,2,0,11.389976453444145,44.50454108042767
poliambulatorio_pilastro,Poliambulatorio Pilastro,2026-09-16T00:00:00+00:00,3-Mercoledi,2,0,11.389375799301899,44.512949920002974
dumbo,Dumbo,2026-09-16T00:00:00+00:00,3-Mercoledi,2,0,11.325935453367027,44.50535134807505
bassa_soglia,Servizio Bassa Soglia,2026-09-16T00:00:00+00:00,3-Mercoledi,2,0,11.346106360310804,44.50975850467694
sportello_porto_saragozza,Sportello Sociale Porto Saragozza,2026-09-16T00:00:00+00:00,3-Mercoledi,2,0,11.330591933200418,44.49743898853058
polizia_minucipale,Polizia Municipale,2026-09-16T00:00:00+00:00,3-Mercoledi,2,0,11.390647443148671,44.50355993301129
casa_gialla,Casa Gialla,2026-09-16T00:00:00+00:00,3-Mercoledi,2,0,11.393719182005707,44.511272044800684
palazzo_accursio,Palazzo D'Accursio,2026-09-16T00:00:00+00:00,3-Mercoledi,2,0,11.341797312105145,44.494189630319596
autostazione,Autostazione,2026-09-16T00:00:00+00:00,3-Mercoledi,2,0,11.346413471395405,44.50412233071955
comune_liber_paradisus,Comune / Piazza Liber Paradisus,2026-09-16T00:00:00+00:00,3-Mercoledi,2,0,11.340078869439344,44.50963022646414
piazza_unita,Piazza Dell'Unita',2026-09-16T00:00:00+00:00,3-Mercoledi,2,0,11.347095551842576,44.51146165088361
serre_giardini_margherita,Le Serre dei Giardini Margherita,2026-09-16T00:00:00+00:00,3-Mercoledi,2,0,11.34918685728514,44.48327710584824
piazza_san_francesco,Piazza San Francesco,2026-09-16T00:00:00+00:00,3-Mercoledi,2,0,11.334972379366,44.49496055460151
borgo_panigale_biblioteca,Biblioteca Borgo Panigale,2026-09-16T00:00:00+00:00,3-Mercoledi,2,0,11.265670638184051,44.52280679104457
museo_tappezzeria,Museo della Tappezzeria,2026-09-16T00:00:00+00:00,3-Mercoledi,2,0,11.315258504368558,44.48793845172337
mercato_via_albani,Mercato di Via Albani,2026-09-16T00:00:00+00:00,3-Mercoledi,2,0,11.34402582275058,44.510272660753174
quartiere_navile,Quartiere Navile,2026-09-16T00:00:00+00:00,3-Mercoledi,2,0,11.329479223221583,44.51883731169992
cineteca,Cineteca,2026-09-16T00:00:00+00:00,3-Mercoledi,2,0,11.336904443406464,44.49891741678237
parco_11_settembre,Parco 11 Settembre 2001,2026-09-16T00:00:00+00:00,3-Mercoledi,2,0,11.33658934486044,44.50012185840865
piazza_malpighi,Piazza Malpighi,2026-09-16T00:00:00+00:00,3-Mercoledi,2,0,11.336354718343932,44.494051038094796
laboratorio_interculturale,Biblioteca del Laboratorio Interculturale,2026-09-16T00:00:00+00:00,3-Mercoledi,2,0,11.334050593880528,44.4923245617229
piazza_verdi,Piazza Verdi,2026-09-16T00:00:00+00:00,3-Mercoledi,2,0,11.350683736069605,44.49624149011274
mercato_san_donato,Mercato San Donato,2026-09-16T00:00:00+00:00,3-Mercoledi,2,0,11.362214860040977,44.50201910803576
archivio_storico,Archivio Storico Comunale,2026-09-16T00:00:00+00:00,3-Mercoledi,2,0,11.36173097716811,44.501697151666704
giardino_lavinia_fontana,Giardino Lavinia Fontana,2026-09-16T00:00:00+00:00,3-Mercoledi,2,0,11.355645424287196,44.48809517552899
centro_studi_cabral,Centro Studi Amilcar Cabral,2026-09-16T00:00:00+00:00,3-Mercoledi,2,0,11.33955685469799,44.484257625677024
biblioteca_natalia_ginzburg,Biblioteca Natalia Ginzburg,2026-09-16T00:00:00+00:00,3-Mercoledi,2,0,11.391702427962384,44.47411627490949
giardino_vittime_macinella,Giardino Vittime di Marcinelle e Caduti,2026-09-16T00:00:00+00:00,3-Mercoledi,2,0,11.367729464838469,44.50500806480565
santostefano,Quartiere Santo Stefano,2026-09-16T00:00:00+00:00,3-Mercoledi,2,0,11.354555150931915,44.48530398061519
rimesse,Rimesse,2026-09-16T00:00:00+00:00,3-Mercoledi,2,0,11.373160257437307,44.494264502223714
ateliersaperi,Atelier dei Saperi,2026-09-16T00:00:00+00:00,3-Mercoledi,2,0,11.366440147791629,44.496061169138635
piazza_aldrovandi,Piazza Aldrovandi,2026-09-16T00:00:00+00:00,3-Mercoledi,2,0,11.351772647464196,44.493514395619975
poliambulatorio_zanolini,Poliambulatorio Zanolini,2026-09-16T00:00:00+00:00,3-Mercoledi,2,0,11.357455161993055,44.49484089990392
portici_san_luca,Portici San Luca,2026-09-16T00:00:00+00:00,3-Mercoledi,2,0,11.310793464002822,44.49002124816221
portici_santo_stefano,Portici Piazza Santo Stefano,2026-09-16T00:00:00+00:00,3-Mercoledi,2,0,11.348214023424926,44.4923724938828
portico_pavaglione,Portico del Pavaglione,2026-09-16T00:00:00+00:00,3-Mercoledi,2,0,11.343554321642664,44.49277258177935
biblioteca_ruffilli,Biblioteca Ruffilli,2026-09-15T23:00:00+00:00,3-Mercoledi,1,0,11.354926937578657,44.49379360311267
autostazione,Autostazione,2026-09-15T23:00:00+00:00,3-Mercoledi,1,0,11.346413471395405,44.50412233071955
stazione_piazza_med_oro,Stazione / Piazza Medaglie D'Oro,2026-09-15T23:00:00+00:00,3-Mercoledi,1,0,11.343236115621353,44.50522439397164
parco_zucca,Parco della Zucca,2026-09-15T23:00:00+00:00,3-Mercoledi,1,0,11.350633924100899,44.51289217630053
quartiere_borgo,Quartiere Borgo Panigale,2026-09-15T23:00:00+00:00,3-Mercoledi,1,0,11.279163670955871,44.51715386515034
mambo,Mambo,2026-09-15T23:00:00+00:00,3-Mercoledi,1,0,11.33683360818396,44.50257695055724
parco_cavaticcio,Parco del Cavaticcio,2026-09-15T23:00:00+00:00,3-Mercoledi,1,0,11.335924318560533,44.50261558056925
certosa,Certosa,2026-09-15T23:00:00+00:00,3-Mercoledi,1,0,11.307060780642725,44.496582005814055
quartiere_savena,Quartiere Savena,2026-09-15T23:00:00+00:00,3-Mercoledi,1,0,11.389659092242418,44.473548759415905
stadio,Stadio,2026-09-15T23:00:00+00:00,3-Mercoledi,1,0,11.309684973790153,44.49237798941952
mercato_via_albani,Mercato di Via Albani,2026-09-15T23:00:00+00:00,3-Mercoledi,1,0,11.34402582275058,44.510272660753174
sala_centofiori,Sala Centofiori,2026-09-15T23:00:00+00:00,3-Mercoledi,1,0,11.35990829854188,44.546273268328655
cineteca,Cineteca,2026-09-15T23:00:00+00:00,3-Mercoledi,1,0,11.336904443406464,44.49891741678237
laboratorio_interculturale,Biblioteca del Laboratorio Interculturale,2026-09-15T23:00:00+00:00,3-Mercoledi,1,0,11.334050593880528,44.4923245617229
archiginnasio,Archiginnasio,2026-09-15T23:00:00+00:00,3-Mercoledi,1,0,11.343736052819256,44.492084218142104
piazza_verdi,Piazza Verdi,2026-09-15T23:00:00+00:00,3-Mercoledi,1,0,11.350683736069605,44.49624149011274
centro_studi_cabral,Centro Studi Amilcar Cabral,2026-09-15T23:00:00+00:00,3-Mercoledi,1,0,11.33955685469799,44.484257625677024
polizia_municipale_lombardia,Polizia Municipale Via Lombardia,2026-09-15T23:00:00+00:00,3-Mercoledi,1,0,11.380734611561703,44.475041518877816
giardino_vittime_macinella,Giardino Vittime di Marcinelle e Caduti,2026-09-15T23:00:00+00:00,3-Mercoledi,1,0,11.367729464838469,44.50500806480565
santostefano,Quartiere Santo Stefano,2026-09-15T23:00:00+00:00,3-Mercoledi,1,0,11.354555150931915,44.48530398061519
cineteca_archivi,Cineteca Archivi,2026-09-15T23:00:00+00:00,3-Mercoledi,1,0,11.389976453444145,44.50454108042767
biblioteca_spina,Biblioteca Spina,2026-09-15T23:00:00+00:00,3-Mercoledi,1,0,11.394655103500526,44.5111220826962
poliambulatorio_pilastro,Poliambulatorio Pilastro,2026-09-15T23:00:00+00:00,3-Mercoledi,1,0,11.389375799301899,44.512949920002974
bassa_soglia,Servizio Bassa Soglia,2026-09-15T23:00:00+00:00,3-Mercoledi,1,0,11.346106360310804,44.50975850467694
polizia_minucipale,Polizia Municipale,2026-09-15T23:00:00+00:00,3-Mercoledi,1,0,11.390647443148671,44.50355993301129
artigiano,Comune di Bologna - Artigiano,2026-09-15T23:00:00+00:00,3-Mercoledi,1,0,11.367334801846928,44.50274841761949
portici_santo_stefano,Portici Piazza Santo Stefano,2026-09-15T23:00:00+00:00,3-Mercoledi,1,0,11.348214023424926,44.4923724938828
portico_pavaglione,Portico del Pavaglione,2026-09-15T23:00:00+00:00,3-Mercoledi,1,0,11.343554321642664,44.49277258177935
museo_archeologico,Museo Archeologico,2026-09-15T23:00:00+00:00,3-Mercoledi,1,0,11.344317925246633,44.492907377216
piazza_porta_ravegnana,Piazza Porta Ravegnana,2026-09-15T23:00:00+00:00,3-Mercoledi,1,0,11.346786132701961,44.4942259928551
comune_liber_paradisus,Comune / Piazza Liber Paradisus,2026-09-15T23:00:00+00:00,3-Mercoledi,1,0,11.340078869439344,44.50963022646414
piazza_unita,Piazza Dell'Unita',2026-09-15T23:00:00+00:00,3-Mercoledi,1,0,11.347095551842576,44.51146165088361
biblioteca_tassinari,Biblioteca Tassinari (Villa Spada),2026-09-15T23:00:00+00:00,3-Mercoledi,1,0,11.315077862364939,44.48711563513905
quartiere_reno,Quartiere Reno,2026-09-15T23:00:00+00:00,3-Mercoledi,1,0,11.296666972106967,44.502170876800726
giardini_margherita,Giardini Margherita,2026-09-15T23:00:00+00:00,3-Mercoledi,1,0,11.352924327935487,44.48310495437518
serre_giardini_margherita,Le Serre dei Giardini Margherita,2026-09-15T23:00:00+00:00,3-Mercoledi,1,0,11.34918685728514,44.48327710584824
borgo_panigale_biblioteca,Biblioteca Borgo Panigale,2026-09-15T23:00:00+00:00,3-Mercoledi,1,0,11.265670638184051,44.52280679104457
museo_tappezzeria,Museo della Tappezzeria,2026-09-15T23:00:00+00:00,3-Mercoledi,1,0,11.315258504368558,44.48793845172337
museo_per_la_memoria,Museo per la Memoria di Ustica,2026-09-15T23:00:00+00:00,3-Mercoledi,1,0,11.351056616136248,44.51326745817074
quartiere_navile,Quartiere Navile,2026-09-15T23:00:00+00:00,3-Mercoledi,1,0,11.329479223221583,44.51883731169992
parco_11_settembre,Parco 11 Settembre 2001,2026-09-15T23:00:00+00:00,3-Mercoledi,1,0,11.33658934486044,44.50012185840865
piazza_galileo_galilei,Piazza Galileo Galilei,2026-09-15T23:00:00+00:00,3-Mercoledi,1,0,11.3407440252421,44.49334026452536
piazza_maggiore_podesta,Piazza Maggiore / Podesta',2026-09-15T23:00:00+00:00,3-Mercoledi,1,0,11.343076044345585,44.494053409105085
museo_civico_medievale,Museo Civico Medievale,2026-09-15T23:00:00+00:00,3-Mercoledi,1,0,11.342158706616681,44.49633487816838
piazza_8_agosto,Piazza 8 Agosto,2026-09-15T23:00:00+00:00,3-Mercoledi,1,0,11.34527686440958,44.50027943650601
quartiere_san_donato,Quartiere San Donato,2026-09-15T23:00:00+00:00,3-Mercoledi,1,0,11.367392710090371,44.50459666027341
pubblica_assistenza,Pubblica Assistenza Citta' di Bologna,2026-09-15T23:00:00+00:00,3-Mercoledi,1,0,11.383647893083001,44.49688238272082
giardino_lavinia_fontana,Giardino Lavinia Fontana,2026-09-15T23:00:00+00:00,3-Mercoledi,1,0,11.355645424287196,44.48809517552899
piazza_pasolini_lumiere,Piazza Pasolini / Lumiere,2026-09-15T23:00:00+00:00,3-Mercoledi,1,0,11.334766886590288,44.502403722367106
salaborsa,Biblioteca Salaborsa,2026-09-15T23:00:00+00:00,3-Mercoledi,1,0,11.34190051712521,44.494670263442316
ateliersaperi,Atelier dei Saperi,2026-09-15T23:00:00+00:00,3-Mercoledi,1,0,11.366440147791629,44.496061169138635
piazza_aldrovandi,Piazza Aldrovandi,2026-09-15T23:00:00+00:00,3-Mercoledi,1,0,11.351772647464196,44.493514395619975
poliambulatorio_zanolini,Poliambulatorio Zanolini,2026-09-15T23:00:00+00:00,3-Mercoledi,1,0,11.357455161993055,44.49484089990392
casa_gialla,Casa Gialla,2026-09-15T23:00:00+00:00,3-Mercoledi,1,0,11.393719182005707,44.511272044800684
portici_san_luca,Portici San Luca,2026-09-15T23:00:00+00:00,3-Mercoledi,1,0,11.310793464002822,44.49002124816221
palazzo_accursio,Palazzo D'Accursio,2026-09-15T23:00:00+00:00,3-Mercoledi,1,0,11.341797312105145,44.494189630319596
torre_orologio,Torre dell'Orologio,2026-09-15T23:00:00+00:00,3-Mercoledi,1,0,11.342030493697278,44.49363299381554
piazza_galvani_archiginnasio,Piazza Galvani / Archiginnasio,2026-09-15T23:00:00+00:00,3-Mercoledi,1,0,11.343575024054044,44.49159441036996
museo_musica,Museo della Musica,2026-09-15T23:00:00+00:00,3-Mercoledi,1,0,11.350320867805817,44.49286727626905
velostazione,Velostazione,2026-09-15T23:00:00+00:00,3-Mercoledi,1,0,11.345568423884524,44.50352386626166
piazza_san_francesco,Piazza San Francesco,2026-09-15T23:00:00+00:00,3-Mercoledi,1,0,11.334972379366,44.49496055460151
casa_carducci,Casa Carducci,2026-09-15T23:00:00+00:00,3-Mercoledi,1,0,11.357189683658326,44.48793199445139
casteldebole_giardini,Giardino Sorelle Mirabal,2026-09-15T23:00:00+00:00,3-Mercoledi,1,0,11.276619859402423,44.50253212720367
quartiere_porto_bibl_borges,Quartiere Porto / Biblioteca Borges,2026-09-15T23:00:00+00:00,3-Mercoledi,1,0,11.329093689479468,44.50224882527717
giardino_lennon_parker,Giardino Parker - Lennon,2026-09-15T23:00:00+00:00,3-Mercoledi,1,0,11.357721592278907,44.50388698316799
museo_patrimonio_industriale,Museo del Patrimonio Industriale,2026-09-15T23:00:00+00:00,3-Mercoledi,1,0,11.33453154568292,44.52185116940013
biblioteca_casa_khaoula,Biblioteca Casa di Khaoula,2026-09-15T23:00:00+00:00,3-Mercoledi,1,0,11.34762433889239,44.52005878008443
piazza_malpighi,Piazza Malpighi,2026-09-15T23:00:00+00:00,3-Mercoledi,1,0,11.336354718343932,44.494051038094796
sede_quartiere_saragozza,Sede del Quartiere Saragozza,2026-09-15T23:00:00+00:00,3-Mercoledi,1,0,11.33118420388445,44.49473482787063
mercato_san_donato,Mercato San Donato,2026-09-15T23:00:00+00:00,3-Mercoledi,1,0,11.362214860040977,44.50201910803576
archivio_storico,Archivio Storico Comunale,2026-09-15T23:00:00+00:00,3-Mercoledi,1,0,11.36173097716811,44.501697151666704
biblioteca_natalia_ginzburg,Biblioteca Natalia Ginzburg,2026-09-15T23:00:00+00:00,3-Mercoledi,1,0,11.391702427962384,44.47411627490949
rimesse,Rimesse,2026-09-15T23:00:00+00:00,3-Mercoledi,1,0,11.373160257437307,44.494264502223714
dumbo,Dumbo,2026-09-15T23:00:00+00:00,3-Mercoledi,1,0,11.325935453367027,44.50535134807505
sportello_porto_saragozza,Sportello Sociale Porto Saragozza,2026-09-15T23:00:00+00:00,3-Mercoledi,1,0,11.330591933200418,44.49743898853058
museo_musica,Museo della Musica,2026-09-15T22:00:00+00:00,3-Mercoledi,0,0,11.350320867805817,44.49286727626905
parco_zucca,Parco della Zucca,2026-09-15T22:00:00+00:00,3-Mercoledi,0,0,11.350633924100899,44.51289217630053
piazza_unita,Piazza Dell'Unita',2026-09-15T22:00:00+00:00,3-Mercoledi,0,0,11.347095551842576,44.51146165088361
quartiere_reno,Quartiere Reno,2026-09-15T22:00:00+00:00,3-Mercoledi,0,0,11.296666972106967,44.502170876800726
parco_cavaticcio,Parco del Cavaticcio,2026-09-15T22:00:00+00:00,3-Mercoledi,0,0,11.335924318560533,44.50261558056925
quartiere_savena,Quartiere Savena,2026-09-15T22:00:00+00:00,3-Mercoledi,0,0,11.389659092242418,44.473548759415905
piazza_san_francesco,Piazza San Francesco,2026-09-15T22:00:00+00:00,3-Mercoledi,0,0,11.334972379366,44.49496055460151
casa_carducci,Casa Carducci,2026-09-15T22:00:00+00:00,3-Mercoledi,0,0,11.357189683658326,44.48793199445139
borgo_panigale_biblioteca,Biblioteca Borgo Panigale,2026-09-15T22:00:00+00:00,3-Mercoledi,0,0,11.265670638184051,44.52280679104457
museo_tappezzeria,Museo della Tappezzeria,2026-09-15T22:00:00+00:00,3-Mercoledi,0,0,11.315258504368558,44.48793845172337
quartiere_navile,Quartiere Navile,2026-09-15T22:00:00+00:00,3-Mercoledi,0,0,11.329479223221583,44.51883731169992
cineteca,Cineteca,2026-09-15T22:00:00+00:00,3-Mercoledi,0,0,11.336904443406464,44.49891741678237
parco_11_settembre,Parco 11 Settembre 2001,2026-09-15T22:00:00+00:00,3-Mercoledi,0,0,11.33658934486044,44.50012185840865
sede_quartiere_saragozza,Sede del Quartiere Saragozza,2026-09-15T22:00:00+00:00,3-Mercoledi,0,0,11.33118420388445,44.49473482787063
museo_civico_medievale,Museo Civico Medievale,2026-09-15T22:00:00+00:00,3-Mercoledi,0,0,11.342158706616681,44.49633487816838
quartiere_san_donato,Quartiere San Donato,2026-09-15T22:00:00+00:00,3-Mercoledi,0,0,11.367392710090371,44.50459666027341
polizia_municipale_lombardia,Polizia Municipale Via Lombardia,2026-09-15T22:00:00+00:00,3-Mercoledi,0,0,11.380734611561703,44.475041518877816
biblioteca_natalia_ginzburg,Biblioteca Natalia Ginzburg,2026-09-15T22:00:00+00:00,3-Mercoledi,0,0,11.391702427962384,44.47411627490949
piazza_pasolini_lumiere,Piazza Pasolini / Lumiere,2026-09-15T22:00:00+00:00,3-Mercoledi,0,0,11.334766886590288,44.502403722367106
rimesse,Rimesse,2026-09-15T22:00:00+00:00,3-Mercoledi,0,0,11.373160257437307,44.494264502223714
ateliersaperi,Atelier dei Saperi,2026-09-15T22:00:00+00:00,3-Mercoledi,0,0,11.366440147791629,44.496061169138635
biblioteca_spina,Biblioteca Spina,2026-09-15T22:00:00+00:00,3-Mercoledi,0,0,11.394655103500526,44.5111220826962
sportello_porto_saragozza,Sportello Sociale Porto Saragozza,2026-09-15T22:00:00+00:00,3-Mercoledi,0,0,11.330591933200418,44.49743898853058
casa_gialla,Casa Gialla,2026-09-15T22:00:00+00:00,3-Mercoledi,0,0,11.393719182005707,44.511272044800684
portico_pavaglione,Portico del Pavaglione,2026-09-15T22:00:00+00:00,3-Mercoledi,0,0,11.343554321642664,44.49277258177935
torre_orologio,Torre dell'Orologio,2026-09-15T22:00:00+00:00,3-Mercoledi,0,0,11.342030493697278,44.49363299381554
museo_archeologico,Museo Archeologico,2026-09-15T22:00:00+00:00,3-Mercoledi,0,0,11.344317925246633,44.492907377216
piazza_galvani_archiginnasio,Piazza Galvani / Archiginnasio,2026-09-15T22:00:00+00:00,3-Mercoledi,0,0,11.343575024054044,44.49159441036996
piazza_porta_ravegnana,Piazza Porta Ravegnana,2026-09-15T22:00:00+00:00,3-Mercoledi,0,0,11.346786132701961,44.4942259928551
velostazione,Velostazione,2026-09-15T22:00:00+00:00,3-Mercoledi,0,0,11.345568423884524,44.50352386626166
comune_liber_paradisus,Comune / Piazza Liber Paradisus,2026-09-15T22:00:00+00:00,3-Mercoledi,0,0,11.340078869439344,44.50963022646414
biblioteca_tassinari,Biblioteca Tassinari (Villa Spada),2026-09-15T22:00:00+00:00,3-Mercoledi,0,0,11.315077862364939,44.48711563513905
quartiere_borgo,Quartiere Borgo Panigale,2026-09-15T22:00:00+00:00,3-Mercoledi,0,0,11.279163670955871,44.51715386515034
mambo,Mambo,2026-09-15T22:00:00+00:00,3-Mercoledi,0,0,11.33683360818396,44.50257695055724
serre_giardini_margherita,Le Serre dei Giardini Margherita,2026-09-15T22:00:00+00:00,3-Mercoledi,0,0,11.34918685728514,44.48327710584824
casteldebole_giardini,Giardino Sorelle Mirabal,2026-09-15T22:00:00+00:00,3-Mercoledi,0,0,11.276619859402423,44.50253212720367
quartiere_porto_bibl_borges,Quartiere Porto / Biblioteca Borges,2026-09-15T22:00:00+00:00,3-Mercoledi,0,0,11.329093689479468,44.50224882527717
mercato_via_albani,Mercato di Via Albani,2026-09-15T22:00:00+00:00,3-Mercoledi,0,0,11.34402582275058,44.510272660753174
museo_per_la_memoria,Museo per la Memoria di Ustica,2026-09-15T22:00:00+00:00,3-Mercoledi,0,0,11.351056616136248,44.51326745817074
piazza_verdi,Piazza Verdi,2026-09-15T22:00:00+00:00,3-Mercoledi,0,0,11.350683736069605,44.49624149011274
mercato_san_donato,Mercato San Donato,2026-09-15T22:00:00+00:00,3-Mercoledi,0,0,11.362214860040977,44.50201910803576
giardino_lavinia_fontana,Giardino Lavinia Fontana,2026-09-15T22:00:00+00:00,3-Mercoledi,0,0,11.355645424287196,44.48809517552899
centro_studi_cabral,Centro Studi Amilcar Cabral,2026-09-15T22:00:00+00:00,3-Mercoledi,0,0,11.33955685469799,44.484257625677024
santostefano,Quartiere Santo Stefano,2026-09-15T22:00:00+00:00,3-Mercoledi,0,0,11.354555150931915,44.48530398061519
cineteca_archivi,Cineteca Archivi,2026-09-15T22:00:00+00:00,3-Mercoledi,0,0,11.389976453444145,44.50454108042767
bassa_soglia,Servizio Bassa Soglia,2026-09-15T22:00:00+00:00,3-Mercoledi,0,0,11.346106360310804,44.50975850467694
polizia_minucipale,Polizia Municipale,2026-09-15T22:00:00+00:00,3-Mercoledi,0,0,11.390647443148671,44.50355993301129
artigiano,Comune di Bologna - Artigiano,2026-09-15T22:00:00+00:00,3-Mercoledi,0,0,11.367334801846928,44.50274841761949
piazza_aldrovandi,Piazza Aldrovandi,2026-09-15T22:00:00+00:00,3-Mercoledi,0,0,11.351772647464196,44.493514395619975
poliambulatorio_zanolini,Poliambulatorio Zanolini,2026-09-15T22:00:00+00:00,3-Mercoledi,0,0,11.357455161993055,44.49484089990392
portici_santo_stefano,Portici Piazza Santo Stefano,2026-09-15T22:00:00+00:00,3-Mercoledi,0,0,11.348214023424926,44.4923724938828
palazzo_accursio,Palazzo D'Accursio,2026-09-15T22:00:00+00:00,3-Mercoledi,0,0,11.341797312105145,44.494189630319596
biblioteca_ruffilli,Biblioteca Ruffilli,2026-09-15T22:00:00+00:00,3-Mercoledi,0,0,11.354926937578657,44.49379360311267
autostazione,Autostazione,2026-09-15T22:00:00+00:00,3-Mercoledi,0,0,11.346413471395405,44.50412233071955
stazione_piazza_med_oro,Stazione / Piazza Medaglie D'Oro,2026-09-15T22:00:00+00:00,3-Mercoledi,0,0,11.343236115621353,44.50522439397164
certosa,Certosa,2026-09-15T22:00:00+00:00,3-Mercoledi,0,0,11.307060780642725,44.496582005814055
giardini_margherita,Giardini Margherita,2026-09-15T22:00:00+00:00,3-Mercoledi,0,0,11.352924327935487,44.48310495437518
stadio,Stadio,2026-09-15T22:00:00+00:00,3-Mercoledi,0,0,11.309684973790153,44.49237798941952
giardino_lennon_parker,Giardino Parker - Lennon,2026-09-15T22:00:00+00:00,3-Mercoledi,0,0,11.357721592278907,44.50388698316799
museo_patrimonio_industriale,Museo del Patrimonio Industriale,2026-09-15T22:00:00+00:00,3-Mercoledi,0,0,11.33453154568292,44.52185116940013
sala_centofiori,Sala Centofiori,2026-09-15T22:00:00+00:00,3-Mercoledi,0,0,11.35990829854188,44.546273268328655
biblioteca_casa_khaoula,Biblioteca Casa di Khaoula,2026-09-15T22:00:00+00:00,3-Mercoledi,0,0,11.34762433889239,44.52005878008443
piazza_malpighi,Piazza Malpighi,2026-09-15T22:00:00+00:00,3-Mercoledi,0,0,11.336354718343932,44.494051038094796
laboratorio_interculturale,Biblioteca del Laboratorio Interculturale,2026-09-15T22:00:00+00:00,3-Mercoledi,0,0,11.334050593880528,44.4923245617229
piazza_galileo_galilei,Piazza Galileo Galilei,2026-09-15T22:00:00+00:00,3-Mercoledi,0,0,11.3407440252421,44.49334026452536
piazza_maggiore_podesta,Piazza Maggiore / Podesta',2026-09-15T22:00:00+00:00,3-Mercoledi,0,0,11.343076044345585,44.494053409105085
archiginnasio,Archiginnasio,2026-09-15T22:00:00+00:00,3-Mercoledi,0,0,11.343736052819256,44.492084218142104
piazza_8_agosto,Piazza 8 Agosto,2026-09-15T22:00:00+00:00,3-Mercoledi,0,0,11.34527686440958,44.50027943650601
archivio_storico,Archivio Storico Comunale,2026-09-15T22:00:00+00:00,3-Mercoledi,0,0,11.36173097716811,44.501697151666704
pubblica_assistenza,Pubblica Assistenza Citta' di Bologna,2026-09-15T22:00:00+00:00,3-Mercoledi,0,0,11.383647893083001,44.49688238272082
giardino_vittime_macinella,Giardino Vittime di Marcinelle e Caduti,2026-09-15T22:00:00+00:00,3-Mercoledi,0,0,11.367729464838469,44.50500806480565
salaborsa,Biblioteca Salaborsa,2026-09-15T22:00:00+00:00,3-Mercoledi,0,0,11.34190051712521,44.494670263442316
poliambulatorio_pilastro,Poliambulatorio Pilastro,2026-09-15T22:00:00+00:00,3-Mercoledi,0,0,11.389375799301899,44.512949920002974
dumbo,Dumbo,2026-09-15T22:00:00+00:00,3-Mercoledi,0,0,11.325935453367027,44.50535134807505
portici_san_luca,Portici San Luca,2026-09-15T22:00:00+00:00,3-Mercoledi,0,0,11.310793464002822,44.49002124816221
torre_orologio,Torre dell'Orologio,2026-09-15T21:00:00+00:00,2-Martedi,23,0,11.342030493697278,44.49363299381554
piazza_porta_ravegnana,Piazza Porta Ravegnana,2026-09-15T21:00:00+00:00,2-Martedi,23,0,11.346786132701961,44.4942259928551
velostazione,Velostazione,2026-09-15T21:00:00+00:00,2-Martedi,23,0,11.345568423884524,44.50352386626166
autostazione,Autostazione,2026-09-15T21:00:00+00:00,2-Martedi,23,0,11.346413471395405,44.50412233071955
stazione_piazza_med_oro,Stazione / Piazza Medaglie D'Oro,2026-09-15T21:00:00+00:00,2-Martedi,23,0,11.343236115621353,44.50522439397164
comune_liber_paradisus,Comune / Piazza Liber Paradisus,2026-09-15T21:00:00+00:00,2-Martedi,23,0,11.340078869439344,44.50963022646414
biblioteca_tassinari,Biblioteca Tassinari (Villa Spada),2026-09-15T21:00:00+00:00,2-Martedi,23,0,11.315077862364939,44.48711563513905
quartiere_reno,Quartiere Reno,2026-09-15T21:00:00+00:00,2-Martedi,23,0,11.296666972106967,44.502170876800726
mambo,Mambo,2026-09-15T21:00:00+00:00,2-Martedi,23,0,11.33683360818396,44.50257695055724
parco_cavaticcio,Parco del Cavaticcio,2026-09-15T21:00:00+00:00,2-Martedi,23,0,11.335924318560533,44.50261558056925
stadio,Stadio,2026-09-15T21:00:00+00:00,2-Martedi,23,0,11.309684973790153,44.49237798941952
casteldebole_giardini,Giardino Sorelle Mirabal,2026-09-15T21:00:00+00:00,2-Martedi,23,0,11.276619859402423,44.50253212720367
borgo_panigale_biblioteca,Biblioteca Borgo Panigale,2026-09-15T21:00:00+00:00,2-Martedi,23,0,11.265670638184051,44.52280679104457
sala_centofiori,Sala Centofiori,2026-09-15T21:00:00+00:00,2-Martedi,23,0,11.35990829854188,44.546273268328655
mercato_via_albani,Mercato di Via Albani,2026-09-15T21:00:00+00:00,2-Martedi,23,0,11.34402582275058,44.510272660753174
museo_per_la_memoria,Museo per la Memoria di Ustica,2026-09-15T21:00:00+00:00,2-Martedi,23,0,11.351056616136248,44.51326745817074
museo_patrimonio_industriale,Museo del Patrimonio Industriale,2026-09-15T21:00:00+00:00,2-Martedi,23,0,11.33453154568292,44.52185116940013
sede_quartiere_saragozza,Sede del Quartiere Saragozza,2026-09-15T21:00:00+00:00,2-Martedi,23,0,11.33118420388445,44.49473482787063
piazza_galileo_galilei,Piazza Galileo Galilei,2026-09-15T21:00:00+00:00,2-Martedi,23,0,11.3407440252421,44.49334026452536
piazza_maggiore_podesta,Piazza Maggiore / Podesta',2026-09-15T21:00:00+00:00,2-Martedi,23,0,11.343076044345585,44.494053409105085
museo_civico_medievale,Museo Civico Medievale,2026-09-15T21:00:00+00:00,2-Martedi,23,0,11.342158706616681,44.49633487816838
piazza_8_agosto,Piazza 8 Agosto,2026-09-15T21:00:00+00:00,2-Martedi,23,0,11.34527686440958,44.50027943650601
quartiere_san_donato,Quartiere San Donato,2026-09-15T21:00:00+00:00,2-Martedi,23,0,11.367392710090371,44.50459666027341
mercato_san_donato,Mercato San Donato,2026-09-15T21:00:00+00:00,2-Martedi,23,0,11.362214860040977,44.50201910803576
archivio_storico,Archivio Storico Comunale,2026-09-15T21:00:00+00:00,2-Martedi,23,0,11.36173097716811,44.501697151666704
giardino_lavinia_fontana,Giardino Lavinia Fontana,2026-09-15T21:00:00+00:00,2-Martedi,23,0,11.355645424287196,44.48809517552899
giardino_vittime_macinella,Giardino Vittime di Marcinelle e Caduti,2026-09-15T21:00:00+00:00,2-Martedi,23,0,11.367729464838469,44.50500806480565
salaborsa,Biblioteca Salaborsa,2026-09-15T21:00:00+00:00,2-Martedi,23,0,11.34190051712521,44.494670263442316
rimesse,Rimesse,2026-09-15T21:00:00+00:00,2-Martedi,23,0,11.373160257437307,44.494264502223714
ateliersaperi,Atelier dei Saperi,2026-09-15T21:00:00+00:00,2-Martedi,23,0,11.366440147791629,44.496061169138635
cineteca_archivi,Cineteca Archivi,2026-09-15T21:00:00+00:00,2-Martedi,23,0,11.389976453444145,44.50454108042767
biblioteca_spina,Biblioteca Spina,2026-09-15T21:00:00+00:00,2-Martedi,23,0,11.394655103500526,44.5111220826962
poliambulatorio_pilastro,Poliambulatorio Pilastro,2026-09-15T21:00:00+00:00,2-Martedi,23,0,11.389375799301899,44.512949920002974
sportello_porto_saragozza,Sportello Sociale Porto Saragozza,2026-09-15T21:00:00+00:00,2-Martedi,23,0,11.330591933200418,44.49743898853058
piazza_aldrovandi,Piazza Aldrovandi,2026-09-15T21:00:00+00:00,2-Martedi,23,0,11.351772647464196,44.493514395619975
portici_santo_stefano,Portici Piazza Santo Stefano,2026-09-15T21:00:00+00:00,2-Martedi,23,0,11.348214023424926,44.4923724938828
museo_archeologico,Museo Archeologico,2026-09-15T21:00:00+00:00,2-Martedi,23,0,11.344317925246633,44.492907377216
museo_musica,Museo della Musica,2026-09-15T21:00:00+00:00,2-Martedi,23,0,11.350320867805817,44.49286727626905
biblioteca_ruffilli,Biblioteca Ruffilli,2026-09-15T21:00:00+00:00,2-Martedi,23,0,11.354926937578657,44.49379360311267
parco_zucca,Parco della Zucca,2026-09-15T21:00:00+00:00,2-Martedi,23,0,11.350633924100899,44.51289217630053
quartiere_savena,Quartiere Savena,2026-09-15T21:00:00+00:00,2-Martedi,23,0,11.389659092242418,44.473548759415905
piazza_san_francesco,Piazza San Francesco,2026-09-15T21:00:00+00:00,2-Martedi,23,0,11.334972379366,44.49496055460151
museo_tappezzeria,Museo della Tappezzeria,2026-09-15T21:00:00+00:00,2-Martedi,23,0,11.315258504368558,44.48793845172337
giardino_lennon_parker,Giardino Parker - Lennon,2026-09-15T21:00:00+00:00,2-Martedi,23,0,11.357721592278907,44.50388698316799
cineteca,Cineteca,2026-09-15T21:00:00+00:00,2-Martedi,23,0,11.336904443406464,44.49891741678237
parco_11_settembre,Parco 11 Settembre 2001,2026-09-15T21:00:00+00:00,2-Martedi,23,0,11.33658934486044,44.50012185840865
dumbo,Dumbo,2026-09-15T21:00:00+00:00,2-Martedi,23,0,11.325935453367027,44.50535134807505
poliambulatorio_zanolini,Poliambulatorio Zanolini,2026-09-15T21:00:00+00:00,2-Martedi,23,0,11.357455161993055,44.49484089990392
portici_san_luca,Portici San Luca,2026-09-15T21:00:00+00:00,2-Martedi,23,0,11.310793464002822,44.49002124816221
archiginnasio,Archiginnasio,2026-09-15T21:00:00+00:00,2-Martedi,23,0,11.343736052819256,44.492084218142104
piazza_verdi,Piazza Verdi,2026-09-15T21:00:00+00:00,2-Martedi,23,0,11.350683736069605,44.49624149011274
pubblica_assistenza,Pubblica Assistenza Citta' di Bologna,2026-09-15T21:00:00+00:00,2-Martedi,23,0,11.383647893083001,44.49688238272082
centro_studi_cabral,Centro Studi Amilcar Cabral,2026-09-15T21:00:00+00:00,2-Martedi,23,0,11.33955685469799,44.484257625677024
biblioteca_natalia_ginzburg,Biblioteca Natalia Ginzburg,2026-09-15T21:00:00+00:00,2-Martedi,23,0,11.391702427962384,44.47411627490949
santostefano,Quartiere Santo Stefano,2026-09-15T21:00:00+00:00,2-Martedi,23,0,11.354555150931915,44.48530398061519
certosa,Certosa,2026-09-15T21:00:00+00:00,2-Martedi,23,0,11.307060780642725,44.496582005814055
giardini_margherita,Giardini Margherita,2026-09-15T21:00:00+00:00,2-Martedi,23,0,11.352924327935487,44.48310495437518
serre_giardini_margherita,Le Serre dei Giardini Margherita,2026-09-15T21:00:00+00:00,2-Martedi,23,0,11.34918685728514,44.48327710584824
casa_carducci,Casa Carducci,2026-09-15T21:00:00+00:00,2-Martedi,23,0,11.357189683658326,44.48793199445139
quartiere_porto_bibl_borges,Quartiere Porto / Biblioteca Borges,2026-09-15T21:00:00+00:00,2-Martedi,23,0,11.329093689479468,44.50224882527717
quartiere_navile,Quartiere Navile,2026-09-15T21:00:00+00:00,2-Martedi,23,0,11.329479223221583,44.51883731169992
biblioteca_casa_khaoula,Biblioteca Casa di Khaoula,2026-09-15T21:00:00+00:00,2-Martedi,23,0,11.34762433889239,44.52005878008443
piazza_malpighi,Piazza Malpighi,2026-09-15T21:00:00+00:00,2-Martedi,23,0,11.336354718343932,44.494051038094796
laboratorio_interculturale,Biblioteca del Laboratorio Interculturale,2026-09-15T21:00:00+00:00,2-Martedi,23,0,11.334050593880528,44.4923245617229
polizia_municipale_lombardia,Polizia Municipale Via Lombardia,2026-09-15T21:00:00+00:00,2-Martedi,23,0,11.380734611561703,44.475041518877816
piazza_pasolini_lumiere,Piazza Pasolini / Lumiere,2026-09-15T21:00:00+00:00,2-Martedi,23,0,11.334766886590288,44.502403722367106
bassa_soglia,Servizio Bassa Soglia,2026-09-15T21:00:00+00:00,2-Martedi,23,0,11.346106360310804,44.50975850467694
polizia_minucipale,Polizia Municipale,2026-09-15T21:00:00+00:00,2-Martedi,23,0,11.390647443148671,44.50355993301129
artigiano,Comune di Bologna - Artigiano,2026-09-15T21:00:00+00:00,2-Martedi,23,0,11.367334801846928,44.50274841761949
casa_gialla,Casa Gialla,2026-09-15T21:00:00+00:00,2-Martedi,23,0,11.393719182005707,44.511272044800684
portico_pavaglione,Portico del Pavaglione,2026-09-15T21:00:00+00:00,2-Martedi,23,0,11.343554321642664,44.49277258177935
palazzo_accursio,Palazzo D'Accursio,2026-09-15T21:00:00+00:00,2-Martedi,23,0,11.341797312105145,44.494189630319596
piazza_galvani_archiginnasio,Piazza Galvani / Archiginnasio,2026-09-15T21:00:00+00:00,2-Martedi,23,0,11.343575024054044,44.49159441036996
piazza_unita,Piazza Dell'Unita',2026-09-15T21:00:00+00:00,2-Martedi,23,0,11.347095551842576,44.51146165088361
quartiere_borgo,Quartiere Borgo Panigale,2026-09-15T21:00:00+00:00,2-Martedi,23,0,11.279163670955871,44.51715386515034
palazzo_accursio,Palazzo D'Accursio,2026-09-15T20:00:00+00:00,2-Martedi,22,0,11.341797312105145,44.494189630319596
piazza_porta_ravegnana,Piazza Porta Ravegnana,2026-09-15T20:00:00+00:00,2-Martedi,22,0,11.346786132701961,44.4942259928551
stazione_piazza_med_oro,Stazione / Piazza Medaglie D'Oro,2026-09-15T20:00:00+00:00,2-Martedi,22,0,11.343236115621353,44.50522439397164
piazza_unita,Piazza Dell'Unita',2026-09-15T20:00:00+00:00,2-Martedi,22,0,11.347095551842576,44.51146165088361
quartiere_reno,Quartiere Reno,2026-09-15T20:00:00+00:00,2-Martedi,22,0,11.296666972106967,44.502170876800726
mambo,Mambo,2026-09-15T20:00:00+00:00,2-Martedi,22,0,11.33683360818396,44.50257695055724
giardini_margherita,Giardini Margherita,2026-09-15T20:00:00+00:00,2-Martedi,22,0,11.352924327935487,44.48310495437518
serre_giardini_margherita,Le Serre dei Giardini Margherita,2026-09-15T20:00:00+00:00,2-Martedi,22,0,11.34918685728514,44.48327710584824
piazza_san_francesco,Piazza San Francesco,2026-09-15T20:00:00+00:00,2-Martedi,22,0,11.334972379366,44.49496055460151
stadio,Stadio,2026-09-15T20:00:00+00:00,2-Martedi,22,0,11.309684973790153,44.49237798941952
museo_tappezzeria,Museo della Tappezzeria,2026-09-15T20:00:00+00:00,2-Martedi,22,0,11.315258504368558,44.48793845172337
giardino_lennon_parker,Giardino Parker - Lennon,2026-09-15T20:00:00+00:00,2-Martedi,22,0,11.357721592278907,44.50388698316799
museo_patrimonio_industriale,Museo del Patrimonio Industriale,2026-09-15T20:00:00+00:00,2-Martedi,22,0,11.33453154568292,44.52185116940013
parco_11_settembre,Parco 11 Settembre 2001,2026-09-15T20:00:00+00:00,2-Martedi,22,0,11.33658934486044,44.50012185840865
sede_quartiere_saragozza,Sede del Quartiere Saragozza,2026-09-15T20:00:00+00:00,2-Martedi,22,0,11.33118420388445,44.49473482787063
piazza_maggiore_podesta,Piazza Maggiore / Podesta',2026-09-15T20:00:00+00:00,2-Martedi,22,0,11.343076044345585,44.494053409105085
archiginnasio,Archiginnasio,2026-09-15T20:00:00+00:00,2-Martedi,22,0,11.343736052819256,44.492084218142104
piazza_8_agosto,Piazza 8 Agosto,2026-09-15T20:00:00+00:00,2-Martedi,22,0,11.34527686440958,44.50027943650601
mercato_san_donato,Mercato San Donato,2026-09-15T20:00:00+00:00,2-Martedi,22,0,11.362214860040977,44.50201910803576
archivio_storico,Archivio Storico Comunale,2026-09-15T20:00:00+00:00,2-Martedi,22,0,11.36173097716811,44.501697151666704
giardino_lavinia_fontana,Giardino Lavinia Fontana,2026-09-15T20:00:00+00:00,2-Martedi,22,0,11.355645424287196,44.48809517552899
centro_studi_cabral,Centro Studi Amilcar Cabral,2026-09-15T20:00:00+00:00,2-Martedi,22,0,11.33955685469799,44.484257625677024
polizia_municipale_lombardia,Polizia Municipale Via Lombardia,2026-09-15T20:00:00+00:00,2-Martedi,22,0,11.380734611561703,44.475041518877816
santostefano,Quartiere Santo Stefano,2026-09-15T20:00:00+00:00,2-Martedi,22,0,11.354555150931915,44.48530398061519
sportello_porto_saragozza,Sportello Sociale Porto Saragozza,2026-09-15T20:00:00+00:00,2-Martedi,22,0,11.330591933200418,44.49743898853058
polizia_minucipale,Polizia Municipale,2026-09-15T20:00:00+00:00,2-Martedi,22,0,11.390647443148671,44.50355993301129
artigiano,Comune di Bologna - Artigiano,2026-09-15T20:00:00+00:00,2-Martedi,22,0,11.367334801846928,44.50274841761949
piazza_aldrovandi,Piazza Aldrovandi,2026-09-15T20:00:00+00:00,2-Martedi,22,0,11.351772647464196,44.493514395619975
casa_gialla,Casa Gialla,2026-09-15T20:00:00+00:00,2-Martedi,22,0,11.393719182005707,44.511272044800684
portici_santo_stefano,Portici Piazza Santo Stefano,2026-09-15T20:00:00+00:00,2-Martedi,22,0,11.348214023424926,44.4923724938828
museo_archeologico,Museo Archeologico,2026-09-15T20:00:00+00:00,2-Martedi,22,0,11.344317925246633,44.492907377216
comune_liber_paradisus,Comune / Piazza Liber Paradisus,2026-09-15T20:00:00+00:00,2-Martedi,22,0,11.340078869439344,44.50963022646414
biblioteca_tassinari,Biblioteca Tassinari (Villa Spada),2026-09-15T20:00:00+00:00,2-Martedi,22,0,11.315077862364939,44.48711563513905
quartiere_savena,Quartiere Savena,2026-09-15T20:00:00+00:00,2-Martedi,22,0,11.389659092242418,44.473548759415905
casa_carducci,Casa Carducci,2026-09-15T20:00:00+00:00,2-Martedi,22,0,11.357189683658326,44.48793199445139
casteldebole_giardini,Giardino Sorelle Mirabal,2026-09-15T20:00:00+00:00,2-Martedi,22,0,11.276619859402423,44.50253212720367
quartiere_porto_bibl_borges,Quartiere Porto / Biblioteca Borges,2026-09-15T20:00:00+00:00,2-Martedi,22,0,11.329093689479468,44.50224882527717
mercato_via_albani,Mercato di Via Albani,2026-09-15T20:00:00+00:00,2-Martedi,22,0,11.34402582275058,44.510272660753174
museo_per_la_memoria,Museo per la Memoria di Ustica,2026-09-15T20:00:00+00:00,2-Martedi,22,0,11.351056616136248,44.51326745817074
quartiere_navile,Quartiere Navile,2026-09-15T20:00:00+00:00,2-Martedi,22,0,11.329479223221583,44.51883731169992
sala_centofiori,Sala Centofiori,2026-09-15T20:00:00+00:00,2-Martedi,22,0,11.35990829854188,44.546273268328655
biblioteca_casa_khaoula,Biblioteca Casa di Khaoula,2026-09-15T20:00:00+00:00,2-Martedi,22,0,11.34762433889239,44.52005878008443
rimesse,Rimesse,2026-09-15T20:00:00+00:00,2-Martedi,22,0,11.373160257437307,44.494264502223714
biblioteca_spina,Biblioteca Spina,2026-09-15T20:00:00+00:00,2-Martedi,22,0,11.394655103500526,44.5111220826962
poliambulatorio_pilastro,Poliambulatorio Pilastro,2026-09-15T20:00:00+00:00,2-Martedi,22,0,11.389375799301899,44.512949920002974
bassa_soglia,Servizio Bassa Soglia,2026-09-15T20:00:00+00:00,2-Martedi,22,0,11.346106360310804,44.50975850467694
piazza_malpighi,Piazza Malpighi,2026-09-15T20:00:00+00:00,2-Martedi,22,0,11.336354718343932,44.494051038094796
piazza_galileo_galilei,Piazza Galileo Galilei,2026-09-15T20:00:00+00:00,2-Martedi,22,0,11.3407440252421,44.49334026452536
museo_civico_medievale,Museo Civico Medievale,2026-09-15T20:00:00+00:00,2-Martedi,22,0,11.342158706616681,44.49633487816838
quartiere_san_donato,Quartiere San Donato,2026-09-15T20:00:00+00:00,2-Martedi,22,0,11.367392710090371,44.50459666027341
pubblica_assistenza,Pubblica Assistenza Citta' di Bologna,2026-09-15T20:00:00+00:00,2-Martedi,22,0,11.383647893083001,44.49688238272082
piazza_pasolini_lumiere,Piazza Pasolini / Lumiere,2026-09-15T20:00:00+00:00,2-Martedi,22,0,11.334766886590288,44.502403722367106
parco_cavaticcio,Parco del Cavaticcio,2026-09-15T20:00:00+00:00,2-Martedi,22,0,11.335924318560533,44.50261558056925
certosa,Certosa,2026-09-15T20:00:00+00:00,2-Martedi,22,0,11.307060780642725,44.496582005814055
borgo_panigale_biblioteca,Biblioteca Borgo Panigale,2026-09-15T20:00:00+00:00,2-Martedi,22,0,11.265670638184051,44.52280679104457
cineteca,Cineteca,2026-09-15T20:00:00+00:00,2-Martedi,22,0,11.336904443406464,44.49891741678237
laboratorio_interculturale,Biblioteca del Laboratorio Interculturale,2026-09-15T20:00:00+00:00,2-Martedi,22,0,11.334050593880528,44.4923245617229
piazza_verdi,Piazza Verdi,2026-09-15T20:00:00+00:00,2-Martedi,22,0,11.350683736069605,44.49624149011274
biblioteca_natalia_ginzburg,Biblioteca Natalia Ginzburg,2026-09-15T20:00:00+00:00,2-Martedi,22,0,11.391702427962384,44.47411627490949
giardino_vittime_macinella,Giardino Vittime di Marcinelle e Caduti,2026-09-15T20:00:00+00:00,2-Martedi,22,0,11.367729464838469,44.50500806480565
salaborsa,Biblioteca Salaborsa,2026-09-15T20:00:00+00:00,2-Martedi,22,0,11.34190051712521,44.494670263442316
ateliersaperi,Atelier dei Saperi,2026-09-15T20:00:00+00:00,2-Martedi,22,0,11.366440147791629,44.496061169138635
cineteca_archivi,Cineteca Archivi,2026-09-15T20:00:00+00:00,2-Martedi,22,0,11.389976453444145,44.50454108042767
dumbo,Dumbo,2026-09-15T20:00:00+00:00,2-Martedi,22,0,11.325935453367027,44.50535134807505
poliambulatorio_zanolini,Poliambulatorio Zanolini,2026-09-15T20:00:00+00:00,2-Martedi,22,0,11.357455161993055,44.49484089990392
portici_san_luca,Portici San Luca,2026-09-15T20:00:00+00:00,2-Martedi,22,0,11.310793464002822,44.49002124816221
portico_pavaglione,Portico del Pavaglione,2026-09-15T20:00:00+00:00,2-Martedi,22,0,11.343554321642664,44.49277258177935
torre_orologio,Torre dell'Orologio,2026-09-15T20:00:00+00:00,2-Martedi,22,0,11.342030493697278,44.49363299381554
piazza_galvani_archiginnasio,Piazza Galvani / Archiginnasio,2026-09-15T20:00:00+00:00,2-Martedi,22,0,11.343575024054044,44.49159441036996
museo_musica,Museo della Musica,2026-09-15T20:00:00+00:00,2-Martedi,22,0,11.350320867805817,44.49286727626905
biblioteca_ruffilli,Biblioteca Ruffilli,2026-09-15T20:00:00+00:00,2-Martedi,22,0,11.354926937578657,44.49379360311267
velostazione,Velostazione,2026-09-15T20:00:00+00:00,2-Martedi,22,0,11.345568423884524,44.50352386626166
autostazione,Autostazione,2026-09-15T20:00:00+00:00,2-Martedi,22,0,11.346413471395405,44.50412233071955
parco_zucca,Parco della Zucca,2026-09-15T20:00:00+00:00,2-Martedi,22,0,11.350633924100899,44.51289217630053
quartiere_borgo,Quartiere Borgo Panigale,2026-09-15T20:00:00+00:00,2-Martedi,22,0,11.279163670955871,44.51715386515034
piazza_galvani_archiginnasio,Piazza Galvani / Archiginnasio,2026-09-15T19:00:00+00:00,2-Martedi,21,0,11.343575024054044,44.49159441036996
museo_musica,Museo della Musica,2026-09-15T19:00:00+00:00,2-Martedi,21,0,11.350320867805817,44.49286727626905
velostazione,Velostazione,2026-09-15T19:00:00+00:00,2-Martedi,21,0,11.345568423884524,44.50352386626166
comune_liber_paradisus,Comune / Piazza Liber Paradisus,2026-09-15T19:00:00+00:00,2-Martedi,21,0,11.340078869439344,44.50963022646414
piazza_unita,Piazza Dell'Unita',2026-09-15T19:00:00+00:00,2-Martedi,21,0,11.347095551842576,44.51146165088361
biblioteca_tassinari,Biblioteca Tassinari (Villa Spada),2026-09-15T19:00:00+00:00,2-Martedi,21,0,11.315077862364939,44.48711563513905
quartiere_borgo,Quartiere Borgo Panigale,2026-09-15T19:00:00+00:00,2-Martedi,21,0,11.279163670955871,44.51715386515034
quartiere_savena,Quartiere Savena,2026-09-15T19:00:00+00:00,2-Martedi,21,0,11.389659092242418,44.473548759415905
serre_giardini_margherita,Le Serre dei Giardini Margherita,2026-09-15T19:00:00+00:00,2-Martedi,21,0,11.34918685728514,44.48327710584824
casa_carducci,Casa Carducci,2026-09-15T19:00:00+00:00,2-Martedi,21,0,11.357189683658326,44.48793199445139
casteldebole_giardini,Giardino Sorelle Mirabal,2026-09-15T19:00:00+00:00,2-Martedi,21,0,11.276619859402423,44.50253212720367
borgo_panigale_biblioteca,Biblioteca Borgo Panigale,2026-09-15T19:00:00+00:00,2-Martedi,21,0,11.265670638184051,44.52280679104457
quartiere_porto_bibl_borges,Quartiere Porto / Biblioteca Borges,2026-09-15T19:00:00+00:00,2-Martedi,21,0,11.329093689479468,44.50224882527717
museo_patrimonio_industriale,Museo del Patrimonio Industriale,2026-09-15T19:00:00+00:00,2-Martedi,21,0,11.33453154568292,44.52185116940013
archiginnasio,Archiginnasio,2026-09-15T19:00:00+00:00,2-Martedi,21,0,11.343736052819256,44.492084218142104
museo_civico_medievale,Museo Civico Medievale,2026-09-15T19:00:00+00:00,2-Martedi,21,0,11.342158706616681,44.49633487816838
piazza_8_agosto,Piazza 8 Agosto,2026-09-15T19:00:00+00:00,2-Martedi,21,0,11.34527686440958,44.50027943650601
quartiere_san_donato,Quartiere San Donato,2026-09-15T19:00:00+00:00,2-Martedi,21,0,11.367392710090371,44.50459666027341
giardino_lavinia_fontana,Giardino Lavinia Fontana,2026-09-15T19:00:00+00:00,2-Martedi,21,0,11.355645424287196,44.48809517552899
biblioteca_natalia_ginzburg,Biblioteca Natalia Ginzburg,2026-09-15T19:00:00+00:00,2-Martedi,21,0,11.391702427962384,44.47411627490949
giardino_vittime_macinella,Giardino Vittime di Marcinelle e Caduti,2026-09-15T19:00:00+00:00,2-Martedi,21,0,11.367729464838469,44.50500806480565
dumbo,Dumbo,2026-09-15T19:00:00+00:00,2-Martedi,21,0,11.325935453367027,44.50535134807505
bassa_soglia,Servizio Bassa Soglia,2026-09-15T19:00:00+00:00,2-Martedi,21,0,11.346106360310804,44.50975850467694
sportello_porto_saragozza,Sportello Sociale Porto Saragozza,2026-09-15T19:00:00+00:00,2-Martedi,21,0,11.330591933200418,44.49743898853058
artigiano,Comune di Bologna - Artigiano,2026-09-15T19:00:00+00:00,2-Martedi,21,0,11.367334801846928,44.50274841761949
piazza_aldrovandi,Piazza Aldrovandi,2026-09-15T19:00:00+00:00,2-Martedi,21,0,11.351772647464196,44.493514395619975
poliambulatorio_zanolini,Poliambulatorio Zanolini,2026-09-15T19:00:00+00:00,2-Martedi,21,0,11.357455161993055,44.49484089990392
museo_archeologico,Museo Archeologico,2026-09-15T19:00:00+00:00,2-Martedi,21,0,11.344317925246633,44.492907377216
autostazione,Autostazione,2026-09-15T19:00:00+00:00,2-Martedi,21,0,11.346413471395405,44.50412233071955
parco_zucca,Parco della Zucca,2026-09-15T19:00:00+00:00,2-Martedi,21,0,11.350633924100899,44.51289217630053
certosa,Certosa,2026-09-15T19:00:00+00:00,2-Martedi,21,0,11.307060780642725,44.496582005814055
giardini_margherita,Giardini Margherita,2026-09-15T19:00:00+00:00,2-Martedi,21,0,11.352924327935487,44.48310495437518
piazza_san_francesco,Piazza San Francesco,2026-09-15T19:00:00+00:00,2-Martedi,21,0,11.334972379366,44.49496055460151
museo_tappezzeria,Museo della Tappezzeria,2026-09-15T19:00:00+00:00,2-Martedi,21,0,11.315258504368558,44.48793845172337
mercato_via_albani,Mercato di Via Albani,2026-09-15T19:00:00+00:00,2-Martedi,21,0,11.34402582275058,44.510272660753174
museo_per_la_memoria,Museo per la Memoria di Ustica,2026-09-15T19:00:00+00:00,2-Martedi,21,0,11.351056616136248,44.51326745817074
sala_centofiori,Sala Centofiori,2026-09-15T19:00:00+00:00,2-Martedi,21,0,11.35990829854188,44.546273268328655
biblioteca_casa_khaoula,Biblioteca Casa di Khaoula,2026-09-15T19:00:00+00:00,2-Martedi,21,0,11.34762433889239,44.52005878008443
cineteca,Cineteca,2026-09-15T19:00:00+00:00,2-Martedi,21,0,11.336904443406464,44.49891741678237
casa_gialla,Casa Gialla,2026-09-15T19:00:00+00:00,2-Martedi,21,0,11.393719182005707,44.511272044800684
portici_santo_stefano,Portici Piazza Santo Stefano,2026-09-15T19:00:00+00:00,2-Martedi,21,0,11.348214023424926,44.4923724938828
portico_pavaglione,Portico del Pavaglione,2026-09-15T19:00:00+00:00,2-Martedi,21,0,11.343554321642664,44.49277258177935
piazza_maggiore_podesta,Piazza Maggiore / Podesta',2026-09-15T19:00:00+00:00,2-Martedi,21,0,11.343076044345585,44.494053409105085
archivio_storico,Archivio Storico Comunale,2026-09-15T19:00:00+00:00,2-Martedi,21,0,11.36173097716811,44.501697151666704
pubblica_assistenza,Pubblica Assistenza Citta' di Bologna,2026-09-15T19:00:00+00:00,2-Martedi,21,0,11.383647893083001,44.49688238272082
centro_studi_cabral,Centro Studi Amilcar Cabral,2026-09-15T19:00:00+00:00,2-Martedi,21,0,11.33955685469799,44.484257625677024
polizia_municipale_lombardia,Polizia Municipale Via Lombardia,2026-09-15T19:00:00+00:00,2-Martedi,21,0,11.380734611561703,44.475041518877816
santostefano,Quartiere Santo Stefano,2026-09-15T19:00:00+00:00,2-Martedi,21,0,11.354555150931915,44.48530398061519
parco_cavaticcio,Parco del Cavaticcio,2026-09-15T19:00:00+00:00,2-Martedi,21,0,11.335924318560533,44.50261558056925
stadio,Stadio,2026-09-15T19:00:00+00:00,2-Martedi,21,0,11.309684973790153,44.49237798941952
