docweb,titolo,url,testo
1712680,Provvedimento in materia di videosorveglianza - 8 aprile 2010 [1712680],https://www.garanteprivacy.it/home/docweb/-/docweb-display/docweb/1712680,"3.1.2. Ulteriori specificazioni: l´informativa eventuale nella videosorveglianza effettuata per finalità di tutela dell´ordine e della sicurezza pubblica, prevenzione, accertamento o repressione dei reati
3.3. Misure di sicurezza da applicare ai dati personali trattati mediante sistemi di videosorveglianza e soggetti preposti
5.4. Ulteriori avvertenze per i sistemi di videosorveglianza posti in essere da enti pubblici e, in particolare, da enti territoriali
NELLA riunione odierna, in presenza del prof. Francesco Pizzetti, presidente, del dott. Giuseppe Chiaravalloti, vice presidente, del dott. Mauro Paissan e del dott. Giuseppe Fortunato, componenti e del dott. Daniele De Paoli, segretario generale reggente;
VISTO lo schema del provvedimento in materia di videosorveglianza approvato dal Garante il 22 dicembre 2009 e trasmesso al Ministero dell´Interno, all´Unione delle Province d´Italia (UPI) ed all´Associazione Nazionale Comuni Italiani (ANCI), al fine di acquisirne preventivamente le specifiche valutazioni per i profili di competenza;
CONSIDERATE le osservazioni formulate dall´ ANCI con note del 25 febbraio 2010 (prot. n. 10/Area INSAP/AR/crc-10) e del 29 marzo 2010 (prot. n. 17/
Il trattamento dei dati personali effettuato mediante l´uso di sistemi di videosorveglianza non forma oggetto di legislazione specifica; al riguardo si applicano, pertanto, le disposizioni generali in tema di protezione dei dati personali.
Il Garante ritiene necessario intervenire nuovamente in tale settore con il presente provvedimento generale che sostituisce quello del
Ciò in considerazione sia dei numerosi interventi legislativi in materia, sia dell´ingente quantità di quesiti, segnalazioni, reclami e richieste di verifica preliminare in materia sottoposti a questa Autorità.
Nel quinquennio di relativa applicazione, infatti, talune disposizioni di legge hanno attribuito ai sindaci e ai comuni specifiche competenze volte a garantire l´incolumità pubblica e la sicurezza urbana(
), hanno previsto altresì forme di incentivazione economica a favore delle amministrazioni pubbliche e di soggetti privati al fine di incrementare l´utilizzo della videosorveglianza quale forma di difesa passiva, controllo e deterrenza di fenomeni criminosi e vandalici.
La raccolta, la registrazione, la conservazione e, in generale, l´utilizzo di immagini configura un trattamento di dati personali (
). È considerato dato personale, infatti, qualunque informazione relativa a persona fisica identificata o identificabile, anche indirettamente, mediante riferimento a qualsiasi altra informazione.
Un´analisi non esaustiva delle principali applicazioni dimostra che la videosorveglianza è utilizzata a fini molteplici, alcuni dei quali possono essere raggruppati nei seguenti ambiti generali:
1) protezione e incolumità degli individui, ivi ricompresi i profili attinenti alla sicurezza urbana, all´ordine e sicurezza pubblica, alla prevenzione, accertamento o repressione dei reati svolti dai soggetti pubblici, alla razionalizzazione e miglioramento dei servizi al pubblico volti anche ad accrescere la sicurezza degli utenti, nel quadro delle competenze ad essi attribuite dalla legge;
3) rilevazione, prevenzione e controllo delle infrazioni svolti dai soggetti pubblici, nel quadro delle competenze ad essi attribuite dalla legge;
La necessità di garantire, in particolare, un livello elevato di tutela dei diritti e delle libertà fondamentali rispetto al trattamento dei dati personali consente la possibilità di utilizzare sistemi di videosorveglianza, purché ciò non determini un´ingerenza ingiustificata nei diritti e nelle libertà fondamentali degli interessati.
Naturalmente l´installazione di sistemi di rilevazione delle immagini deve avvenire nel rispetto, oltre che della disciplina in materia di protezione dei dati personali, anche delle altre disposizioni dell´ordinamento applicabili, quali ad es. le vigenti norme dell´ordinamento civile e penale in materia di interferenze illecite nella vita privata(
) e, ancora, nell´ambito dei porti, delle stazioni ferroviarie, delle stazioni delle ferrovie metropolitane e nell´ambito delle linee di trasporto urbano(
a) il trattamento dei dati attraverso sistemi di videosorveglianza sia fondato su uno dei presupposti di liceità che il Codice prevede espressamente per i soggetti pubblici da un lato (svolgimento di funzioni istituzionali:
) e, dall´altro, per soggetti privati ed enti pubblici economici (es. adempimento ad un obbligo di legge, provvedimento del Garante di c.d. ""bilanciamento di interessi"" -v., in proposito,
). Si tratta di presupposti operanti in settori diversi e che sono pertanto richiamati separatamente nei successivi paragrafi del presente provvedimento relativi, rispettivamente, all´ambito pubblico e a quello privato;
b) ciascun sistema informativo ed il relativo programma informatico vengano conformati già in origine in modo da non utilizzare dati relativi a persone identificabili quando le finalità del trattamento possono essere realizzate impiegando solo dati anonimi (es., configurando il programma informatico in modo da consentire, per monitorare il traffico, solo riprese generali che escludano la possibilità di ingrandire le immagini e rendere identificabili le persone). Lo impone il
, il quale comporta un obbligo di attenta configurazione di sistemi informativi e di programmi informatici per ridurre al minimo l´utilizzazione di dati personali (
c) l´attività di videosorveglianza venga effettuata nel rispetto del c.d. principio di proporzionalità nella scelta delle modalità di ripresa e dislocazione (es. tramite telecamere fisse o brandeggiabili, dotate o meno di zoom), nonché nelle varie fasi del trattamento che deve comportare, comunque, un trattamento di dati pertinenti e non eccedenti rispetto alle finalità perseguite (
Gli interessati devono essere sempre informati che stanno per accedere in una zona videosorvegliata; ciò anche nei casi di eventi e in occasione di spettacoli pubblici (es. concerti, manifestazioni sportive).
A tal fine, il Garante ritiene che si possa utilizzare lo stesso modello semplificato di informativa ""minima"", indicante il titolare del trattamento e la finalità perseguita, già individuato ai sensi dell´art. 13, comma 3, del Codice nel provvedimento del 2004 e riportato in
Il modello è ovviamente adattabile a varie circostanze. In presenza di più telecamere, in relazione alla vastità dell´area oggetto di rilevamento e alle modalità delle riprese, potranno essere installati più cartelli.
• deve essere collocato prima del raggio di azione della telecamera, anche nelle sue immediate vicinanze e non necessariamente a contatto con gli impianti;
• deve avere un formato ed un posizionamento tale da essere chiaramente visibile in ogni condizione di illuminazione ambientale, anche quando il sistema di videosorveglianza sia eventualmente attivo in orario notturno;
• può inglobare un simbolo o una stilizzazione di esplicita e immediata comprensione, eventualmente diversificati al fine di informare se le immagini sono solo visionate o anche registrate.
Il Garante ritiene auspicabile che l´informativa, resa in forma semplificata avvalendosi del predetto modello, poi rinvii a un testo completo contenente tutti gli elementi di cui all´art. 13, comma 1, del Codice, disponibile agevolmente senza oneri per gli interessati, con modalità facilmente accessibili anche con strumenti informatici e telematici (in particolare, tramite reti Intranet o siti Internet, affissioni in bacheche o locali, avvisi e cartelli agli sportelli per gli utenti, messaggi preregistrati disponibili digitando un numero telefonico gratuito).
In ogni caso il titolare, anche per il tramite di un incaricato, ove richiesto è tenuto a fornire anche oralmente un´informativa adeguata, contenente gli elementi individuati dall´art. 13 del Codice.
Talune disposizioni del Codice, tra le quali quella riguardante l´obbligo di fornire una preventiva informativa agli interessati, non sono applicabili al trattamento di dati personali effettuato, anche sotto forma di suoni e immagini, dal
""Centro elaborazione dati del Dipartimento di pubblica sicurezza o da forze di polizia sui dati destinati a confluirvi in base alla legge, ovvero da organi di pubblica sicurezza o altri soggetti pubblici per finalità di tutela dell´ordine e della sicurezza pubblica, prevenzione, accertamento o repressione dei reati, effettuati in base ad espressa disposizione di legge che preveda specificamente il trattamento"" (art. 53 del Codice)
Alla luce di tale previsione del Codice, i predetti titolari del trattamento di dati personali devono osservare i seguenti principi:
a) l´informativa può non essere resa quando i dati personali sono trattati per il perseguimento delle finalità di tutela dell´ordine e della sicurezza pubblica, prevenzione, accertamento o repressione dei reati;
b) il trattamento deve comunque essere effettuato in base ad espressa disposizione di legge che lo preveda specificamente.
3.1.2. Ulteriori specificazioni: l´informativa eventuale nella videosorveglianza effettuata per finalità di tutela dell´ordine e della sicurezza pubblica, prevenzione, accertamento o repressione dei reati
Il Garante, al fine di rafforzare la tutela dei diritti e delle libertà fondamentali degli interessati, ritiene fortemente auspicabile che l´informativa, benché non obbligatoria, laddove l´attività di videosorveglianza sia espletata ai sensi dell´art. 53 del Codice, sia comunque resa in tutti i casi nei quali non ostano in concreto specifiche ragioni di tutela e sicurezza pubblica o di prevenzione, accertamento o repressione dei reati.
Ciò naturalmente all´esito di un prudente apprezzamento volto a verificare che l´informativa non ostacoli, ma anzi rafforzi, in concreto l´espletamento delle specifiche funzioni perseguite, tenuto anche conto che rendere palese l´utilizzo dei sistemi di videosorveglianza può, in molti casi, svolgere una efficace funzione di deterrenza.
A tal fine i titolari del trattamento possono rendere nota la rilevazione di immagini tramite impianti di videosorveglianza attraverso forme anche semplificate di informativa, che evidenzino, mediante l´apposizione nella cartellonistica di riferimenti grafici, simboli, diciture, l´utilizzo di tali sistemi per finalità di tutela dell´ordine e della sicurezza pubblica, prevenzione, accertamento o repressione dei reati.
In ogni caso resta fermo che, anche se i titolari si avvalgono della facoltà di fornire l´informativa, resta salva la non applicazione delle restanti disposizioni del Codice tassativamente indicate dall´art. 53, comma 1, lett.
Va infine sottolineato che deve essere obbligatoriamente fornita un´idonea informativa in tutti i casi in cui, invece, i trattamenti di dati personali effettuati tramite l´utilizzo di sistemi di videosorveglianza dalle forze di polizia, dagli organi di pubblica sicurezza e da altri soggetti pubblici non siano riconducibili a quelli espressamente previsti dall´art. 53 del Codice (es. utilizzo di sistemi di rilevazioni delle immagini per la contestazione delle violazioni del Codice della strada).
I trattamenti di dati personali effettuati da soggetti privati tramite sistemi di videosorveglianza, direttamente collegati con le forze di polizia, esulano dall´ambito di applicazione dell´art. 53 del Codice. Pertanto, l´attivazione del predetto collegamento deve essere reso noto agli interessati. A tal fine, il Garante ritiene che si possa utilizzare il modello semplificato di informativa ""minima"" - indicante il titolare del trattamento, la finalità perseguita ed il collegamento con le forze di polizia- individuato ai sensi dell´art. 13, comma 3, del Codice e riportato in
al presente provvedimento. Nell´ambito del testo completo di informativa reso eventualmente disponibile agli interessati, tale collegamento deve essere reso noto.
La violazione delle disposizioni riguardanti l´informativa di cui all´art. 13, consistente nella sua omissione o inidoneità (es. laddove non indichi comunque il titolare del trattamento, la finalità perseguita ed il collegamento con le forze di polizia), è punita con la sanzione amministrativa prevista dall´art. 161 del Codice.
Le diverse problematiche riguardanti le competenze attribuite ai comuni in materia di sicurezza urbana sono esaminate al punto 5.1.
I trattamenti di dati personali nell´ambito di una attività di videosorveglianza devono essere effettuati rispettando le misure e gli accorgimenti prescritti da questa Autorità come esito di una verifica preliminare attivata d´ufficio o a seguito di un interpello del titolare (
), quando vi sono rischi specifici per i diritti e le libertà fondamentali, nonché per la dignità degli interessati, in relazione alla natura dei dati o alle modalità di trattamento o agli effetti che può determinare.
In tali ipotesi devono ritenersi ricompresi i sistemi di raccolta delle immagini associate a dati biometrici. L´uso generalizzato e incontrollato di tale tipologia di dati può comportare, in considerazione della loro particolare natura, il concreto rischio del verificarsi di un pregiudizio rilevante per l´interessato, per cui si rende necessario prevenire eventuali utilizzi impropri, nonché possibili abusi.
Ad esempio, devono essere sottoposti alla verifica preliminare di questa Autorità i sistemi di videosorveglianza dotati di
che permetta il riconoscimento della persona  tramite collegamento o incrocio o confronto delle immagini rilevate (es. morfologia del volto) con altri specifici dati personali, in particolare con dati biometrici, o sulla base del confronto della relativa immagine con una campionatura di soggetti precostituita alla rilevazione medesima.
Un analogo obbligo sussiste con riferimento a sistemi c.d. intelligenti, che non si limitano a riprendere e registrare le immagini, ma sono in grado di rilevare automaticamente comportamenti o eventi anomali, segnalarli, ed eventualmente registrarli. In linea di massima tali sistemi devono considerarsi eccedenti rispetto alla normale attività di videosorveglianza, in quanto possono determinare effetti particolarmente invasivi sulla sfera di autodeterminazione dell´interessato e, conseguentemente, sul suo comportamento. Il relativo utilizzo risulta comunque giustificato solo in casi particolari, tenendo conto delle finalità e del contesto in cui essi sono trattati, da verificare caso per caso sul piano della conformità ai principi di necessità, proporzionalità, finalità e correttezza (
Deve essere sottoposto a verifica preliminare l´utilizzo di sistemi integrati di videosorveglianza nei casi in cui le relative modalità di trattamento non corrispondano a quelle individuate nei
Ulteriori casi in cui si rende necessario richiedere una verifica preliminare riguardano l´allungamento dei tempi di conservazione dei dati delle immagini registrate oltre il previsto termine massimo di sette giorni derivante da speciali esigenze di ulteriore conservazione, a meno che non derivi da una specifica richiesta dell´autorità giudiziaria o di polizia giudiziaria in relazione a un´attività investigativa in corso (v.
Comunque, anche fuori dalle predette ipotesi, in tutti i casi in cui i trattamenti effettuati tramite videosorveglianza hanno natura e caratteristiche tali per cui le misure e gli accorgimenti individuati nel presente provvedimento non sono integralmente applicabili, in relazione alla natura dei dati o alle modalità del trattamento o agli effetti che possono determinare, il titolare del trattamento è tenuto a  richiedere una verifica preliminare a questa Autorità.
Il titolare del trattamento di dati personali effettuato tramite sistemi di videosorveglianza non deve richiedere una verifica preliminare purché siano rispettate tutte le seguenti condizioni:
a) il Garante si sia già espresso con un provvedimento di verifica preliminare in relazione a determinate categorie di titolari o di trattamenti;
b) la fattispecie concreta, le finalità del trattamento, la tipologia e le modalità d´impiego del sistema che si intende adottare, nonché le categorie dei titolari, corrispondano a quelle del trattamento approvato;
c) si rispettino integralmente le misure e gli accorgimenti conosciuti o concretamente conoscibili prescritti nel provvedimento di cui alla lett.
Resta inteso che il normale esercizio di un impianto di videosorveglianza, non rientrante nelle ipotesi previste al precedente punto 3.2.1, non deve essere sottoposto all´esame preventivo del Garante, sempreché il trattamento medesimo avvenga con modalità conformi al presente provvedimento.
Resta altresì inteso che nessuna approvazione implicita può desumersi dal semplice inoltro al Garante di documenti relativi a progetti di videosorveglianza (spesso generici e non valutabili a distanza) cui non segua un esplicito riscontro dell´Autorità, in quanto non si applica il principio del silenzio-assenso.
E´ regola generale che i trattamenti di dati personali devono essere notificati al Garante solo se rientrano in casi specificamente previsti (
), del comma 1, dell´art. 37, questa Autorità ha già disposto che non vanno comunque notificati i trattamenti di dati effettuati per esclusive finalità di sicurezza o di tutela delle persone o del patrimonio ancorché relativi a comportamenti illeciti o fraudolenti, quando immagini o suoni raccolti siano conservati temporaneamente(
). Al di fuori di tali precisazioni, il trattamento, che venga effettuato tramite sistemi di videosorveglianza e che sia riconducibile a quanto disposto dall´art. 37 del Codice, deve essere preventivamente notificato a questa Autorità.
La mancata o incompleta notificazione ai sensi degli artt. 37 e 38 del Codice è punita con la sanzione amministrativa prevista dall´art. 163
3.3. Misure di sicurezza da applicare ai dati personali trattati mediante sistemi di videosorveglianza e soggetti preposti
I dati raccolti mediante sistemi di videosorveglianza devono essere protetti con idonee e preventive misure di sicurezza, riducendo al minimo i rischi di distruzione, di perdita, anche accidentale, di accesso non autorizzato, di trattamento non consentito o non conforme alle finalità della raccolta, anche in relazione alla trasmissione delle immagini (artt. 31 e ss. del Codice).
Devono quindi essere adottate specifiche misure tecniche ed organizzative che consentano al titolare di verificare l´attività espletata da parte di chi accede alle immagini o controlla i sistemi di ripresa (se soggetto distinto dal titolare medesimo, nel caso in cui questo sia persona fisica).
E´ inevitabile che -in considerazione dell´ampio spettro di utilizzazione di sistemi di videosorveglianza, anche in relazione ai soggetti e alle finalità perseguite nonché della varietà dei sistemi tecnologici utilizzati- le misure minime di sicurezza possano variare anche significativamente. E´ tuttavia necessario che le stesse siano quanto meno rispettose dei principi che seguono:
a) in presenza di differenti competenze specificatamente attribuite ai singoli operatori devono essere configurati diversi livelli di visibilità e trattamento delle immagini (v. punto 3.3.2). Laddove tecnicamente possibile, in base alle caratteristiche dei sistemi utilizzati, i predetti soggetti, designati incaricati o, eventualmente, responsabili del trattamento, devono essere in possesso di credenziali di autenticazione che permettano di effettuare, a seconda dei compiti attribuiti ad ognuno, unicamente le operazioni di propria competenza;
b)  laddove i sistemi siano configurati per la registrazione e successiva conservazione delle immagini rilevate, deve essere altresì attentamente limitata la possibilità, per i soggetti abilitati, di visionare non solo in sincronia con la ripresa, ma anche in tempo differito, le immagini registrate e di effettuare sulle medesime operazioni di cancellazione o duplicazione;
c) per quanto riguarda il periodo di conservazione delle immagini  devono essere predisposte misure tecniche od organizzative per la cancellazione, anche in forma automatica, delle registrazioni, allo scadere del termine previsto (v.
d) nel caso di  interventi derivanti da esigenze di manutenzione, occorre adottare specifiche cautele; in particolare, i soggetti preposti alle predette operazioni possono accedere alle immagini solo se ciò si renda indispensabile al fine di effettuare eventuali verifiche tecniche ed in presenza dei soggetti dotati di credenziali di autenticazione abilitanti alla visione delle immagini;
e) qualora si utilizzino apparati di ripresa digitali connessi a reti informatiche, gli apparati medesimi devono essere protetti contro i rischi di accesso abusivo di cui all´art. 615-
f) la trasmissione tramite una rete pubblica di comunicazioni di immagini riprese da apparati di videosorveglianza deve essere effettuata previa applicazione di tecniche crittografiche che ne garantiscano la riservatezza; le stesse  cautele sono richieste per la trasmissione di immagini da punti di ripresa dotati di connessioni wireless (tecnologie
Il titolare o il responsabile devono designare per iscritto tutte le persone fisiche, incaricate del trattamento, autorizzate sia ad accedere ai locali dove sono situate le postazioni di controllo, sia ad utilizzare gli impianti e, nei casi in cui sia indispensabile per gli scopi perseguiti, a visionare le immagini (
). Deve trattarsi di un numero delimitato di soggetti, specie quando il titolare si avvale di collaboratori esterni. Occorre altresì individuare diversi livelli di accesso in corrispondenza delle specifiche mansioni attribuite ad ogni singolo operatore, distinguendo coloro che sono unicamente abilitati a visionare le immagini dai soggetti che possono effettuare, a determinate condizioni, ulteriori operazioni (es. registrare, copiare, cancellare, spostare l´angolo visuale, modificare lo zoom, ecc.) (v. punto 3.3.1.).
Vanno osservate le regole ordinarie anche per ciò che attiene all´eventuale designazione di responsabili del trattamento (
Il mancato rispetto di quanto previsto nelle lettere da a) ad f) del punto 3.3.1 comporta l´applicazione della sanzione amministrativa stabilita dall´art. 162, comma 2-
L´omessa adozione delle misure minime di sicurezza comporta l´applicazione della sanzione amministrativa stabilita dall´art. 162, comma 2-
Nei casi in cui sia stato scelto un sistema che preveda la conservazione delle immagini, in applicazione del principio di proporzionalità (
), anche l´eventuale conservazione temporanea dei dati deve essere commisurata al tempo necessario - e predeterminato - a raggiungere la finalità perseguita.
La conservazione deve essere limitata a poche ore o, al massimo, alle ventiquattro ore successive alla rilevazione, fatte salve speciali esigenze di ulteriore conservazione in relazione a festività o chiusura di uffici o esercizi, nonché nel caso in cui si deve aderire ad una specifica richiesta investigativa dell´autorità giudiziaria o di polizia giudiziaria. Solo in alcuni casi, per peculiari esigenze tecniche (mezzi di trasporto) o per la particolare rischiosità dell´attività svolta dal titolare del trattamento (ad esempio, per alcuni luoghi come le banche può risultare giustificata l´esigenza di identificare gli autori di un sopralluogo nei giorni precedenti una rapina), può ritenersi ammesso un tempo più ampio di conservazione dei dati che, sulla scorta anche del tempo massimo legislativamente posto per altri trattamenti, si ritiene non debba comunque superare la settimana.
Per i comuni e nelle sole ipotesi in cui l´attività di videosorveglianza sia finalizzata alla tutela della sicurezza urbana, alla luce delle recenti disposizioni normative(
""ai sette giorni successivi alla rilevazione delle informazioni e delle immagini raccolte mediante l´uso di sistemi di videosorveglianza, fatte salve speciali esigenze di ulteriore conservazione""
In tutti i casi in cui si voglia procedere a un allungamento dei tempi di conservazione per un periodo superiore alla settimana, una richiesta in tal senso deve essere sottoposta ad una verifica preliminare del Garante (v. punto
), e comunque essere ipotizzato dal titolare come eccezionale nel rispetto del principio di proporzionalità. La congruità di un termine di tempo più ampio di conservazione va adeguatamente motivata con riferimento ad una specifica esigenza di sicurezza perseguita, in relazione a concrete situazioni di rischio riguardanti eventi realmente incombenti e per il periodo di tempo in cui venga confermata tale eccezionale necessità. La relativa congruità può altresì dipendere dalla necessità di aderire ad una specifica richiesta di custodire o consegnare una copia specificamente richiesta dall´autorità giudiziaria o dalla polizia giudiziaria in relazione ad un´attività investigativa in corso.
Il sistema impiegato deve essere programmato in modo da operare al momento prefissato l´integrale cancellazione automatica delle informazioni allo scadere del termine previsto da ogni supporto, anche mediante sovra-registrazione, con modalità tali da rendere non riutilizzabili i dati cancellati. In presenza di impianti basati su tecnologia non digitale o comunque non dotati di capacità di elaborazione tali da consentire la realizzazione di meccanismi automatici di expiring dei dati registrati, la cancellazione delle immagini dovrà comunque essere effettuata nel più breve tempo possibile per l´esecuzione materiale delle operazioni dalla fine del periodo di conservazione fissato dal titolare.
Il mancato rispetto dei tempi di conservazione delle immagini raccolte e del correlato obbligo di cancellazione di dette immagini oltre il termine previsto comporta l´applicazione della sanzione amministrativa stabilita dall´art. 162, comma 2-
Deve essere assicurato agli interessati identificabili l´effettivo esercizio dei propri diritti in conformità al Codice, in particolare quello di accedere ai dati che li riguardano, di verificare le finalità, le modalità e la logica del trattamento (
La risposta ad una richiesta di accesso a dati conservati deve riguardare tutti quelli attinenti al richiedente identificabile e può comprendere eventuali dati riferiti a terzi solo nei limiti previsti dal Codice, ovvero nei soli casi in cui la scomposizione dei dati trattati o la privazione di alcuni elementi renda incomprensibili i dati personali relativi all´interessato (
In riferimento alle immagini registrate non è in concreto esercitabile il diritto di aggiornamento, rettificazione o integrazione in considerazione della natura intrinseca dei dati raccolti, in quanto si tratta di immagini raccolte in tempo reale riguardanti un fatto obiettivo (
). Viceversa, l´interessato ha diritto di ottenere il blocco dei dati qualora essi siano trattati in violazione di legge (
Nelle attività di sorveglianza occorre rispettare il divieto di controllo a distanza dell´attività lavorativa, pertanto è vietata l´installazione di apparecchiature specificatamente preordinate alla predetta finalità: non devono quindi essere effettuate riprese al fine di verificare l´osservanza dei doveri di diligenza stabiliti per il rispetto dell´orario di lavoro e la correttezza nell´esecuzione della prestazione lavorativa (ad es. orientando la telecamera sul
). Vanno poi osservate le garanzie previste in materia di lavoro quando la videosorveglianza è resa necessaria da esigenze organizzative o produttive, ovvero è richiesta per la sicurezza del lavoro: in tali casi, ai sensi dell´art. 4 della l. n. 300/1970, gli impianti e le apparecchiature, ""
dai quali può derivare anche la possibilità di controllo a distanza dell´attività dei lavoratori, possono essere installati soltanto previo accordo con le rappresentanze sindacali aziendali, oppure, in mancanza di queste, con la commissione interna. In difetto di accordo, su istanza del datore di lavoro, provvede l´Ispettorato del lavoro, dettando, ove occorra, le modalità per l´uso di tali impianti"" (v., altresì, artt. 113 e 114 del Codice; art. 8 l. n. 300/1970 cit.; art. 2 d.lg. n. 165/2001).
Tali garanzie vanno osservate sia all´interno degli edifici, sia in altri contesti in cui è resa la prestazione di lavoro, come, ad esempio, nei cantieri edili o con riferimento alle telecamere installate su veicoli adibiti al servizio di linea per il trasporto di persone (artt. 82, 85-87, d.lg. 30 aprile 1992, n. 285, ""
) o su veicoli addetti al servizio di noleggio con conducente e servizio di piazza (taxi) per trasporto di persone (le quali non devono riprendere in modo stabile la postazione di guida, e le cui immagini, raccolte per finalità di sicurezza e di eventuale accertamento di illeciti, non possono essere utilizzate per controlli, anche indiretti, sull´attività lavorativa degli addetti, v.
Il mancato rispetto di quanto sopra prescritto comporta l´applicazione della sanzione amministrativa stabilita dall´art. 162, comma 2-
L´utilizzo di sistemi di videosorveglianza preordinati al controllo a distanza dei lavoratori o ad effettuare indagini sulle loro opinioni integra la fattispecie di reato prevista dall´art. 171 del Codice.
Sotto un diverso profilo, eventuali riprese televisive sui luoghi di lavoro per documentare attività od operazioni solo per scopi divulgativi o di comunicazione istituzionale o aziendale, e che vedano coinvolto il personale dipendente, possono essere assimilati ai trattamenti temporanei finalizzati alla pubblicazione occasionale di articoli, saggi ed altre manifestazioni del pensiero. In tal caso, alle stesse si applicano le disposizioni sull´attività giornalistica contenute nel Codice (
), fermi restando, comunque, i limiti al diritto di cronaca posti a tutela della riservatezza, nonché l´osservanza del codice deontologico per l´attività giornalistica ed il diritto del lavoratore a tutelare la propria immagine opponendosi, per motivi legittimi, alla sua diffusione (
L´eventuale controllo di ambienti sanitari e il monitoraggio di pazienti ricoverati in particolari reparti o ambienti (ad es. unità di rianimazione, reparti di isolamento), stante la natura sensibile di molti dati che possono essere in tal modo raccolti, devono essere limitati ai casi di comprovata indispensabilità, derivante da specifiche esigenze di cura e tutela della salute degli interessati.
Devono essere inoltre adottati tutti gli ulteriori accorgimenti necessari per garantire un elevato livello di tutela della riservatezza e della dignità delle persone malate, anche in attuazione di quanto prescritto dal provvedimento generale del 9 novembre 2005 adottato in attuazione dell´art. 83 del Codice(
Il titolare deve garantire che possano accedere alle immagini rilevate per le predette finalità solo i soggetti specificamente autorizzati (es. personale medico ed infermieristico). Particolare attenzione deve essere riservata alle modalità di accesso alle riprese video da parte di terzi legittimati (familiari, parenti, conoscenti) di ricoverati in reparti dove non sia consentito agli stessi di recarsi personalmente (es. rianimazione), ai quali può essere consentita, con gli adeguati accorgimenti tecnici, la visione dell´immagine solo del proprio congiunto o conoscente.
Il mancato rispetto di quanto sopra prescritto comporta l´applicazione della sanzione amministrativa stabilita dall´art. 162, comma 2-
La diffusione di immagini in violazione dell´art. 22, comma 8, del Codice, oltre a comportare l´applicazione della sanzione amministrativa prevista dall´art. 162, comma 2-
), prevedendo opportune cautele al fine di assicurare l´armonico sviluppo delle personalità dei minori in relazione alla loro vita, al loro processo di maturazione ed al loro diritto all´educazione(
4.3.1. In tale quadro, può risultare ammissibile l´utilizzo di tali sistemi in casi di stretta indispensabilità, al fine di tutelare l´edificio ed i beni scolastici da atti vandalici, circoscrivendo le riprese alle sole aree interessate ed attivando gli impianti negli orari di chiusura degli istituti; è vietato, altresì, attivare le telecamere in coincidenza con lo svolgimento di eventuali attività extrascolastiche che si svolgono all´interno della scuola.
4.3.2. Laddove la ripresa delle immagini riguardi anche le aree perimetrali esterne degli edifici scolastici, l´angolo visuale deve essere delimitato alle sole parti interessate, escludendo dalle riprese le aree non strettamente pertinenti l´edificio.
4.3.3. Il mancato rispetto di quanto prescritto ai punti 4.3.1. e 4.3.2. comporta l´applicazione della sanzione amministrativa stabilita dall´art. 162, comma 2-ter, del Codice.
4.4.1. Alcune situazioni di particolare rischio possono fare ritenere lecita l´installazione di sistemi di videosorveglianza sia su mezzi di trasporto pubblici, sia presso le fermate dei predetti  mezzi.
4.4.2. La localizzazione delle telecamere e le modalità di ripresa devono essere determinate nel rispetto dei richiamati principi di necessità, proporzionalità e finalità; pertanto, occorre evitare riprese particolareggiate nei casi in cui le stesse non sono indispensabili in relazione alle finalità perseguite.
4.4.3. I titolari del trattamento dovranno poi provvedere a fornire la prevista informativa agli utenti del servizio di trasporto urbano. Gli autobus, i tram, i taxi ed i veicoli da noleggio con o senza conducente dotati di telecamere dovranno pertanto portare apposite indicazioni o contrassegni che diano conto con immediatezza della presenza dell´impianto di videosorveglianza, anche utilizzando a tal fine il
4.4.4. Specifiche cautele devono essere osservate laddove vengano installati impianti di videosorveglianza presso le aree di fermata, in prossimità delle quali possono transitare anche soggetti diversi dagli utenti del servizio di trasporto pubblico. In particolare, l´angolo visuale delle apparecchiature di ripresa deve essere strettamente circoscritto all´area di permanenza, permettendo l´inquadratura solo della pensilina e di altri arredi urbani funzionali al servizio di trasporto pubblico (tabelle degli orari, paline recanti l´indicazione degli autobus in transito, ecc.), con esclusione della zona non immediatamente circostante e comunque dell´area non direttamente funzionale rispetto alle esigenze di sicurezza del sistema di traffico e trasporto. Anche in tale ipotesi occorre evitare le riprese inutilmente particolareggiate o tali da rilevare caratteristiche eccessivamente dettagliate degli individui che stazionano presso le fermate. L´esistenza delle telecamere deve essere opportunamente evidenziata nelle predette aree di fermata.
4.4.5. Fermo restando che la violazione delle disposizioni riguardanti l´informativa di cui all´art. 13 è punita con la sanzione amministrativa prevista dall´art. 161 del Codice e l´utilizzo di sistemi di videosorveglianza preordinati al controllo a distanza dei lavoratori integra la fattispecie  di reato prevista dall´art. 171, il mancato rispetto di quanto prescritto al punto 4.4.4 comporta l´applicazione della sanzione amministrativa stabilita dall´art. 162, comma 2-
devono avvenire con modalità che rendano non identificabili i soggetti ripresi. Ciò in considerazione delle peculiari modalità del trattamento, dalle quali deriva un concreto rischio del verificarsi di un pregiudizio rilevante per gli interessati: le immagini raccolte tramite tali sistemi, infatti, vengono inserite direttamente sulla rete Internet,  consentendo a chiunque navighi sul web di visualizzare in tempo reale i soggetti ripresi e di utilizzare le medesime immagini anche per scopi diversi dalle predette finalità promozionali-turistiche o pubblicitarie perseguite dal titolare del trattamento.
In ottemperanza del principio di economicità delle risorse e dei mezzi impiegati, si è incrementato il ricorso a sistemi integrati di videosorveglianza tra diversi soggetti, pubblici e privati, nonché l´offerta di servizi centralizzati di videosorveglianza remota da parte di fornitori (società di vigilanza,
, fornitori di servizi video specialistici, ecc.). Inoltre, le immagini riprese vengono talvolta rese disponibili, con varie tecnologie o modalità, alle forze di polizia.
Nell´ambito dei predetti trattamenti, sono individuabili le seguenti tipologie di sistemi integrati di videosorveglianza:
gestione coordinata di funzioni e servizi tramite condivisione, integrale o parziale, delle immagini  riprese da parte di diversi e autonomi titolari del trattamento
, i quali utilizzano le medesime infrastrutture tecnologiche; in tale ipotesi, i singoli titolari possono trattare le immagini solo nei termini strettamente funzionali al perseguimento dei propri compiti istituzionali ed alle finalità chiaramente indicate nell´informativa, nel caso dei soggetti pubblici, ovvero alle sole finalità riportate nell´informativa, nel caso dei soggetti privati;
; tale soggetto terzo, designato responsabile del trattamento ai sensi dell´art. 29 del Codice da parte di ogni singolo titolare, deve assumere un ruolo di coordinamento e gestione dell´attività di videosorveglianza senza consentire, tuttavia, forme di correlazione delle immagini raccolte per conto di ciascun titolare;
c)  sia nelle predette ipotesi, sia nei casi in cui l´attività di videosorveglianza venga effettuata da un solo titolare, si può anche attivare un
. L´attivazione del predetto collegamento deve essere reso noto agli interessati. A tal fine, il Garante ritiene che si possa utilizzare il modello semplificato di informativa ""minima"" - indicante il titolare del trattamento, la finalità perseguita ed il collegamento con le forze di polizia- individuato ai sensi dell´art. 13, comma 3, del Codice e riportato in
al presente provvedimento. Tale collegamento deve essere altresì reso noto nell´ambito del testo completo di informativa reso eventualmente disponibile agli interessati  (v.
Le modalità di trattamento sopra elencate richiedono l´adozione di specifiche misure di sicurezza ulteriori rispetto a quelle individuate nel precedente punto
1) adozione di sistemi idonei alla registrazione degli accessi logici degli incaricati e delle operazioni compiute sulle immagini registrate, compresi i relativi riferimenti temporali, con conservazione per un periodo di tempo congruo all´esercizio dei doveri di verifica periodica dell´operato dei responsabili da parte del titolare, comunque non inferiore a sei mesi;
Il mancato rispetto delle misure previste ai punti 1) e 2) comporta l´applicazione della sanzione amministrativa stabilita dall´art. 162, comma 2-
Fuori dalle predette ipotesi, in tutti i casi in cui i trattamenti effettuati tramite sistemi integrati di videosorveglianza hanno natura e caratteristiche tali per cui le misure e gli accorgimenti sopra individuati non siano integralmente applicabili, in relazione alla natura dei dati o alle modalità del trattamento o agli effetti che possono determinare, il titolare del trattamento è tenuto a  richiedere una verifica preliminare a questa Autorità (v.
), possono trattare dati personali nel rispetto del principio di finalità, perseguendo scopi determinati, espliciti e legittimi (
), soltanto per lo svolgimento delle proprie funzioni istituzionali. Ciò vale ovviamente anche in relazione a rilevazioni di immagini mediante sistemi di videosorveglianza (
I soggetti pubblici sono tenuti a rispettare, al pari di ogni titolare di trattamento effettuato tramite sistemi di videosorveglianza, i principi enunciati nel presente provvedimento.
), ferme restando le ipotesi prese in considerazione al punto 3.1.1. Pertanto, coloro che accedono o transitano in luoghi dove sono attivi sistemi di videosorveglianza devono essere previamente informati in ordine al trattamento dei dati personali. A tal fine, anche i soggetti pubblici possono utilizzare il modello semplificato di informativa ""minima"", riportato in
Recenti disposizioni legislative in materia di sicurezza hanno attribuito ai sindaci il compito di sovrintendere alla vigilanza ed all´adozione di atti che sono loro attribuiti dalla legge e dai regolamenti in materia di ordine e sicurezza pubblica, nonché allo svolgimento delle funzioni affidati ad essi dalla legge in materia di sicurezza e di polizia giudiziaria(
) che minacciano l´incolumità pubblica e la sicurezza urbana, il sindaco può altresì adottare provvedimenti, anche contingibili e urgenti, nel rispetto dei principi generali dell´ordinamento. Infine, il sindaco, quale ufficiale del Governo, concorre ad assicurare la cooperazione della polizia locale con le forze di polizia statali, nell´ambito delle direttive di coordinamento impartite dal Ministero dell´interno.
Da tale quadro emerge che sussistono specifiche funzioni attribuite sia al sindaco, quale ufficiale del Governo, sia ai comuni, rispetto alle quali i medesimi soggetti possono utilizzare sistemi di videosorveglianza in luoghi pubblici o aperti al pubblico al fine di tutelare la sicurezza urbana(
Non spetta a questa Autorità definire il concetto di sicurezza urbana e delimitarne l´ambito operativo rispetto a quelli di ordine e sicurezza pubblica; purtuttavia, resta inteso che, nelle ipotesi in cui le attività di videosorveglianza siano assimilabili alla tutela della sicurezza pubblica, nonché alla prevenzione, accertamento o repressione dei reati, trova applicazione l´art. 53 del Codice (v.
In ogni caso, si ribadisce l´auspicio che, nelle predette ipotesi, l´informativa, benché non obbligatoria, venga comunque resa, specie laddove i comuni ritengano opportuno rendere noto alla cittadinanza l´adozione di misure e accorgimenti, quali l´installazione di sistemi di videosorveglianza, volti al controllo del territorio e alla protezione degli individui.
In applicazione dei richiamati principi di liceità, finalità e proporzionalità, l´utilizzo di sistemi di videosorveglianza risulta lecito con riferimento alle attività di controllo volte ad accertare l´utilizzo abusivo di aree impiegate come discariche di materiali e di sostanze pericolose solo se non risulta possibile, o si riveli non efficace, il ricorso a strumenti e sistemi di controllo alternativi.
Analogamente, l´utilizzo di sistemi di videosorveglianza è lecito se risultano inefficaci o inattuabili altre misure nei casi in cui si intenda monitorare il rispetto delle disposizioni concernenti modalità, tipologia ed orario di deposito dei rifiuti, la cui violazione è sanzionata amministrativamente (art. 13, l. 24 novembre 1981, n. 689).
Gli impianti elettronici di rilevamento automatizzato delle infrazioni, utilizzati per documentare la violazione delle disposizioni in materia di circolazione stradale, analogamente all´utilizzo di sistemi di videosorveglianza, comportano un trattamento di dati personali.
5.3.1. L´utilizzo di tali sistemi è quindi lecito se sono raccolti solo dati pertinenti e non eccedenti per il perseguimento delle finalità istituzionali del titolare, delimitando a tal fine la dislocazione e l´angolo visuale delle riprese in modo da non raccogliere immagini non pertinenti o inutilmente dettagliate. In conformità alla prassi ed al quadro normativo di settore riguardante talune violazioni del Codice della strada(
a) gli impianti elettronici di rilevamento devono circoscrivere la conservazione dei dati alfanumerici contenuti nelle targhe automobilistiche ai soli casi in cui risultino non rispettate le disposizioni in materia di circolazione stradale;
b) le risultanze fotografiche o le riprese video possono individuare unicamente gli elementi previsti dalla normativa di settore per la predisposizione del verbale di accertamento delle violazioni (
es., ai sensi dell´art. 383 del d.P.R. n. 495/1992, il tipo di veicolo, il giorno, l´ora e il luogo nei quali la violazione è avvenuta
); deve essere effettuata una ripresa del veicolo che non comprenda o, in via subordinata, mascheri, per quanto possibile, la porzione delle risultanze video/fotografiche riguardanti soggetti non coinvolti nell´accertamento amministrativo (es., pedoni, altri utenti della strada);
c) le risultanze fotografiche o le riprese video rilevate devono essere utilizzate solo per accertare le violazioni delle disposizioni in materia di circolazione stradale anche in fase di contestazione, ferma restando la loro accessibilità da parte degli aventi diritto;
d) le immagini devono essere conservate per il periodo di tempo strettamente necessario in riferimento alla contestazione, all´eventuale applicazione di una sanzione e alla definizione del possibile contenzioso in conformità alla normativa di settore(
), fatte salve eventuali esigenze di ulteriore conservazione derivanti da una specifica richiesta investigativa dell´autorità giudiziaria o di polizia giudiziaria;
e) le fotografie o le immagini che costituiscono fonte di prova per le violazioni contestate non devono essere inviate d´ufficio al domicilio dell´intestatario del veicolo unitamente al verbale di contestazione, ferma restando la loro accessibilità agli aventi diritto;
f) in considerazione del legittimo interesse dell´intestatario del veicolo di verificare l´autore della violazione e, pertanto, di ottenere dalla competente autorità ogni elemento a tal fine utile, la visione della documentazione video-fotografica deve essere resa disponibile a richiesta del destinatario del verbale; al momento dell´accesso, dovranno essere opportunamente oscurati o resi comunque non riconoscibili i passeggeri presenti a bordo del veicolo.
Il mancato rispetto di quanto sopra prescritto nelle lettere da a) ad f) comporta l´applicazione della sanzione amministrativa stabilita dall´art. 162, comma 2-ter, del Codice.
5.3.2. Anche i conducenti dei veicoli e le persone che accedono o transitano in aree dove sono attivi sistemi elettronici di rilevazione automatizzata delle violazioni devono essere previamente informati in ordine al trattamento dei dati personali (
Particolari disposizioni normative vigenti individuano già talune ipotesi (come, ad es., in caso di rilevamento a distanza dei limiti di velocità) in cui l´amministrazione pubblica è tenuta a informare gli utenti in modo specifico in ordine all´utilizzo di dispositivi elettronici(
L´obiettivo da assicurare è quello di un´efficace informativa agli interessati, che può essere fornita dagli enti preposti alla rilevazione delle immagini attraverso più soluzioni.
Un´idonea informativa in materia può essere anzitutto assicurata mediante l´utilizzo di strumenti appropriati che rendano agevolmente conoscibile l´esistenza e la presenza nelle aree interessate degli strumenti di rilevamento di immagini. A tal fine, svolgono un ruolo efficace gli strumenti di comunicazione al pubblico e le iniziative periodiche di diffusa informazione (
, comunicati scritti); tali forme di informazione possono essere eventualmente integrate con altre modalità (es., volantini consegnati all´utenza, pannelli a messaggio variabile, annunci televisivi e radiofonici, reti civiche e altra comunicazione istituzionale).
A integrazione di tali strumenti di comunicazione e informazione, va considerato il contributo che possono dare appositi cartelli. A tal fine, il modello semplificato di informativa ""minima"", riportato nel
in allegato, può essere utilizzato nei casi in cui la normativa in materia di circolazione stradale non prevede espressamente l´obbligo di informare gli utenti relativamente alla presenza di dispositivi elettronici volti a rilevare automaticamente le infrazioni.
Come si è detto, la normativa di settore prevede espressamente, in alcuni casi (es., rilevamento a distanza dei limiti di velocità, dei sorpassi vietati), l´obbligo di rendere nota agli utenti l´installazione degli impianti elettronici di rilevamento automatizzato delle infrazioni. In questi stessi casi è quindi possibile fare a meno di fornire un´ulteriore, distinta informativa rispetto al trattamento dei dati che riproduca gli elementi che sono già noti agli interessati per effetto degli avvisi di cui alla disciplina di settore in tema di circolazione stradale (
). L´installazione di questi ultimi appositi avvisi previsti dal Codice della strada permette già agli interessati di percepire vari elementi essenziali in ordine al trattamento dei propri dati personali. Pertanto, gli avvisi che segnalano adeguatamente l´attivazione di dispositivi elettronici di rilevazione automatica delle infrazioni possono essere considerati idonei ad adempiere all´obbligo di fornire l´informativa di cui all´art. 13 del Codice.
Infine, l´obbligo di fornire tale informativa deve ritenersi soddisfatto anche quando il titolare del trattamento, pur mancando una previsione normativa che obblighi specificamente a segnalare la rilevazione automatizzata, la segnali comunque utilizzando avvisi analoghi a quelli previsti dal Codice della strada.
La violazione delle disposizioni riguardanti l´informativa di cui all´art. 13 è punita con la sanzione amministrativa prevista dall´art. 161 del Codice.
5.3.3. Qualora si introducano sistemi di rilevazione degli accessi dei veicoli ai centri storici e alle zone a traffico limitato, i comuni dovranno rispettare quanto previsto dal d.P.R. 22 giugno 1999, n. 250. Tale normativa prevede che i dati trattati possono essere conservati solo per il periodo necessario per contestare le infrazioni e definire il relativo contenzioso, ferma restando l´accessibilità agli stessi per fini di polizia giudiziaria o di indagine penale (
5.4. Ulteriori avvertenze per i sistemi di videosorveglianza posti in essere da enti pubblici e, in particolare, da enti territoriali
Anche gli enti territoriali e, in generale, i soggetti pubblici operanti sul territorio effettuano attività di videosorveglianza in forma integrata, tramite la compartecipazione ad un medesimo sistema di rilevazione, al fine di economizzare risorse e mezzi impiegati nell´espletamento delle più diverse attività istituzionali.
Questa Autorità ha già individuato al punto 4.6. un quadro di specifiche garanzie in ordine alle corrette modalità che vengono qui ulteriormente richiamate, in particolare con riferimento all´attività del controllo sul territorio da parte dei comuni, anche relativamente a quanto disposto in materia di videosorveglianza comunale(
a)  l´utilizzo condiviso, in forma integrale o parziale, di sistemi di videosorveglianza tramite la medesima infrastruttura tecnologica deve essere configurato con modalità tali da permettere ad ogni singolo ente e, in taluni casi, anche alle diverse strutture organizzative dell´ente, l´accesso alle immagini solo nei termini strettamente funzionali allo svolgimento dei propri compiti istituzionali, evitando di tracciare gli spostamenti degli interessati e di ricostruirne il percorso effettuato in aree che esulano dalla competenza territoriale dell´ente;
b)  nei casi in cui un ""centro"" unico gestisca l´attività di videosorveglianza per conto di diversi soggetti pubblici, i dati personali raccolti dovranno essere trattati in forma differenziata e rigorosamente distinta, in relazione alle competenze istituzionali della singola pubblica amministrazione.
Il titolare del trattamento è tenuto a richiedere una verifica preliminare a questa Autorità fuori dalle predette ipotesi, ed in tutti i casi in cui i trattamenti effettuati tramite sistemi integrati di videosorveglianza hanno natura e caratteristiche tali per cui le misure e gli accorgimenti sopra individuati non siano integralmente applicabili, in relazione alla natura dei dati o alle modalità del trattamento, agli effetti che possono determinare o, a maggior ragione, con riferimento a quei sistemi per i quali già il
la richiede (es. sistemi di raccolta delle immagini associate a dati biometrici o c.d. intelligenti, cioè in grado di rilevare automaticamente comportamenti o eventi anomali, segnalarli, ed eventualmente registrarli).
L´installazione di sistemi di videosorveglianza -come si rileva dall´esame di numerose istanze pervenute all´Autorità- viene sovente effettuata da persone fisiche per fini esclusivamente personali. In tal caso va chiarito che la disciplina del Codice non trova applicazione qualora i dati non siano comunicati sistematicamente a terzi ovvero diffusi, risultando comunque necessaria l´adozione di cautele a tutela dei terzi (
, del Codice, che fa salve le disposizioni in tema di responsabilità civile e di sicurezza dei dati). In tali ipotesi possono rientrare, a titolo esemplificativo, strumenti di videosorveglianza idonei ad identificare coloro che si accingono ad entrare in luoghi privati (videocitofoni ovvero altre apparecchiature che rilevano immagini o suoni, anche tramite registrazione), oltre a sistemi di ripresa installati nei pressi di immobili privati ed all´interno di condomini e loro pertinenze (quali posti auto e
Benché non trovi applicazione la disciplina del Codice, al fine di evitare di incorrere nel reato di interferenze illecite nella vita privata (
.), l´angolo visuale delle riprese deve essere comunque limitato ai soli spazi di propria esclusiva pertinenza (ad esempio antistanti l´accesso alla propria abitazione) escludendo ogni forma di ripresa, anche senza registrazione di immagini, relativa ad aree comuni (cortili, pianerottoli, scale, garage comuni) ovvero ad ambiti antistanti l´abitazione di altri condomini.
Nel caso in cui trovi applicazione la disciplina del Codice, il trattamento di dati può essere lecitamente effettuato da privati ed enti pubblici economici solamente se vi sia il consenso preventivo dell´interessato, oppure se ricorra uno dei presupposti di liceità previsti in alternativa al consenso (
Nel caso di impiego di strumenti di videosorveglianza la possibilità di acquisire il consenso risulta in concreto limitata dalle caratteristiche stesse dei sistemi di rilevazione che rendono pertanto necessario individuare un´idonea alternativa nell´ambito dei requisiti equipollenti del consenso di cui all´art. 24, comma 1, del Codice.
). Il presente provvedimento dà attuazione a tale istituto, individuando i casi in cui la rilevazione delle immagini può avvenire senza consenso, qualora, con le modalità stabilite in questo stesso provvedimento, sia effettuata nell´intento di perseguire un legittimo interesse del titolare o di un terzo attraverso la raccolta di mezzi di prova o perseguendo fini di tutela di persone e beni rispetto a possibili aggressioni, furti, rapine, danneggiamenti, atti di vandalismo, o finalità di prevenzione di incendi o di sicurezza del lavoro.
A tal fine, possono essere individuati i seguenti casi, in relazione ai quali, con le precisazioni di seguito previste, il trattamento può lecitamente avvenire pure in assenza del consenso.
Tali trattamenti sono ammessi in presenza di concrete situazioni che giustificano l´installazione, a protezione delle persone, della proprietà o del patrimonio aziendale.
Nell´uso delle apparecchiature volte a riprendere, con o senza registrazione delle immagini, aree esterne ad edifici e immobili (perimetrali, adibite a parcheggi o a carico/scarico merci, accessi, uscite di emergenza), resta fermo che il trattamento debba essere effettuato con modalità tali da limitare l´angolo visuale all´area effettivamente da proteggere, evitando, per quanto possibile, la ripresa di luoghi circostanti e di particolari che non risultino rilevanti (vie, edifici, esercizi commerciali, istituzioni ecc.).
Qualora i trattamenti siano effettuati dal condominio (anche per il tramite della relativa amministrazione), si evidenzia che tale specifica ipotesi è stata recentemente oggetto di una segnalazione da parte del Garante al Governo ed al Parlamento(
); ciò in relazione all´assenza di una puntuale disciplina che permetta di risolvere alcuni problemi applicativi evidenziati nell´esperienza di questi ultimi anni. Non è infatti chiaro se l´installazione di sistemi di videosorveglianza possa essere effettuata in base alla sola volontà dei comproprietari, o se rilevi anche la qualità di conduttori. Non è parimenti chiaro quale sia il numero di voti necessario per la deliberazione condominiale in materia (se occorra cioè l´unanimità ovvero una determinata maggioranza).
Il Garante invita tutti i titolari dei trattamenti di dati personali effettuati tramite sistemi di videosorveglianza ad attenersi alle prescrizioni indicate nel presente provvedimento.
Le misure necessarie prescritte con il presente provvedimento devono essere osservate da tutti i titolari di trattamento. In caso contrario il trattamento dei dati è, a seconda dei casi, illecito oppure non corretto, ed espone:
1. prescrive ai sensi dell´art. 154, comma 1, lett. c), del Codice, ai titolari del trattamento di dati personali effettuato tramite sistemi di videosorveglianza, di adottare al più presto e, comunque, entro e non oltre i distinti termini di volta in volta indicati decorrenti dalla data di pubblicazione del presente provvedimento nella Gazzetta Ufficiale della Repubblica italiana, le misure e gli accorgimenti illustrati in premessa e di seguito individuati concernenti l´obbligo di:
a) entro dodici mesi, rendere l´informativa visibile anche quando il sistema di videosorveglianza sia eventualmente attivo in orario notturno (
b) entro sei mesi, sottoporre i trattamenti che presentano rischi specifici per i diritti e le libertà fondamentali degli interessati, alla verifica preliminare ai sensi dell´art. 17 del Codice (
c) entro dodici mesi, adottare, le misure di sicurezza a protezione dei dati registrati tramite impianti di videosorveglianza (
), del Codice, i casi nei quali il trattamento dei dati personali mediante videosorveglianza può essere effettuato da soggetti privati ed enti pubblici economici, nei limiti e alle condizioni indicate, per perseguire legittimi interessi e senza richiedere il consenso degli interessati (
, ai sensi dell´art. 13, comma 3, del Codice, un modello semplificato di informativa utilizzabile alle condizioni indicate in motivazione (
, ai sensi dell´art. 13, comma 3, del Codice, un modello semplificato di informativa utilizzabile alle condizioni indicate in motivazione, al fine di rendere noto agli interessati l´attivazione di un collegamento del sistema di videosorveglianza con le forze di polizia (punti
5. segnala l´opportunità che, anche nell´espletamento delle attività di cui all´art. 53 del Codice, l´informativa, benché non obbligatoria, sia comunque resa in tutti i casi nei quali non ostano in concreto specifiche ragioni di tutela e sicurezza pubblica o di prevenzione, accertamento o repressione dei reati (
6. dispone, ai sensi dell´art. 143, comma 2, del Codice, che copia del presente provvedimento sia trasmessa al Ministero della giustizia-Ufficio pubblicazione leggi e decreti per la sua pubblicazione sulla
(2). V. l´art. 6, comma 8, del d.l. 23 febbraio 2009, n. 11 convertito in legge, con modificazioni, dall´art. 1, comma 1, l. 23 aprile 2009, n. 38, recante
""Misure urgenti in materia di sicurezza pubblica e di contrasto alla violenza sessuale, nonché in tema di atti persecutori""
; d.l. 23 maggio 2008, n. 92, convertito in legge, con modificazioni, dall´art. 1, comma 1, l. 24 luglio 2008, n. 125, recante
, il cui art. 6 ha novellato l´art. 54 del d.lg. 18 agosto 2000, n. 267, con cui sono stati disciplinati i compiti del sindaco in materia di ordine e sicurezza pubblica. Con il decreto del 5 agosto 2008 il Ministro dell´interno ha stabilito l´ambito di applicazione, individuando la definizione di incolumità pubblica e sicurezza urbana, nonché i correlati ambiti di intervento attribuiti al sindaco. Cfr., altresì, l. 15 luglio 2009, n. 94 recante
, il cui art. 1, comma 228, ha previsto, ai fini dell´adozione di misure finalizzate a prevenire il rischio del compimento di atti illeciti da parte di terzi, compresa l´installazione di apparecchi di videosorveglianza, per ciascuno dei periodi d´imposta 2008, 2009 e 2010, la concessione da parte dell´Agenzia delle entrate (
""Modalità di attuazione dei commi da 233 a 237, dell´articolo 1, della legge n. 244/2007- credito d´imposta in favore degli esercenti attività di rivendita di generi di monopolio, per le spese sostenute per l´acquisizione e l´installazione di impianti e attrezzature di sicurezza e per favorire la diffusione degli strumenti di pagamento con moneta elettronica, al fine di prevenire il compimento di atti illeciti ai loro danni""
) di un credito d´imposta, determinato nella misura dell´80% del costo sostenuto e, comunque, fino ad un importo massimo di 3000 euro per ciascun beneficiario, in favore delle piccole e medie imprese commerciali di vendita al dettaglio e all´ingrosso e quelle di somministrazione di alimenti e bevande.
(4). V., a titolo esemplificativo, l.r. Emilia Romagna, 4 dicembre 2003, n. 24 recante ""Disciplina della polizia amministrativa locale e promozione di un sistema integrato di sicurezza""; l.r. Friuli Venezia Giulia, 28 dicembre 2007, n. 30 recante ""Legge strumentale alla manovra di bilancio (Legge strumentale 2008)""; l.r. Lombardia, 14 aprile 2003, n. 4, recante
""Norme finanziarie urgenti e variazioni al bilancio della Regione per l´anno finanziario 2003 Norme di razionalizzazione in materia di organizzazione amministrativa e di sviluppo economico""
""Regolamento recante disposizioni per l´affidamento dei servizi di sicurezza sussidiaria nell´ambito dei porti, delle stazioni ferroviarie e dei relativi mezzi di trasporto e depositi, delle stazioni delle ferrovie metropolitane e dei relativi mezzi di trasporto e depositi, nonché nell´ambito delle linee di trasporto urbano, per il cui espletamento non è richiesto l´esercizio di pubbliche potestà, adottato ai sensi dell´articolo 18, comma 2, del decreto-legge 27 luglio 2005, n. 144, convertito, con modificazioni, dalla legge 31 luglio 2005, n. 155""
. 31 marzo 2004, n. 1/2004 relativo ai casi da sottrarre all´obbligo di notificazione (pubblicato in G.U. 6 aprile 2004, n. 81; doc.
); v. anche i chiarimenti forniti con nota n. 9654/33365 del 23 aprile 2004 relativamente alla posizione geografica delle persone, doc.
(18). V. quanto previsto con riferimento al rilevamento a distanza dei limiti di velocità e dei sorpassi vietati dal d.P.R. 16 dicembre 1992, n. 495 recante
; circ. Ministero dell´interno, Dipartimento della pubblica sicurezza, Direzione centrale per la polizia stradale, ferroviaria, delle comunicazioni e per i reparti speciali della Polizia di Stato, del 16 maggio 2008, n. 300/A/1/34197/101/138 riguardante
""Accesso ai documenti amministrativi riguardanti l´attività di accertamento e contestazione delle violazioni in materia di limiti di velocità""
(par. 6); nota del Ministero dell´interno, Dipartimento della pubblica sicurezza, Direzione centrale per la polizia stradale, ferroviaria e delle comunicazioni e per i reparti speciali della Polizia di Stato, prot. n. 300/A/1/38001/144/16/20 del 27 ottobre 2008.
""Regolamento recante norme per l´autorizzazione alla installazione e all´esercizio di impianti per la rilevazione degli accessi di veicoli ai centri storici e alle zone a traffico limitato, a norma dell´articolo 7, comma 133-bis, della L. 15 maggio 1997, n. 127""
(20). La disciplina in tema di circolazione stradale prevede che le postazioni di controllo sulla rete stradale per rilevare la velocità debbano essere segnalate preventivamente e rese ben visibili in casi specificatamente delimitati: v., ad es., quanto stabilito in ordine all´utilizzazione dei dispositivi e dei mezzi tecnici di controllo della viabilità finalizzati al rilevamento a distanza dei limiti di velocità, dei sorpassi vietati e delle norme di comportamento sulle autostrade e sulle strade extraurbane principali (artt. 142, 148 e 176 d.lg. 30 aprile 1992, n. 285; art. 4, comma 1, d.lg. 20 giugno 2002, n. 121, conv., con mod., dall´art. 1 l. 1° agosto 2002, n. 168 recante
""Attuazione dell´articolo 3, comma 1, lettera b) d.l. 3 agosto 2007, n. 117, recante disposizioni urgenti modificative del codice della strada per incrementare i livelli di sicurezza nella circolazione""
; art. 7 circ. Ministero dell´interno del 14 agosto 2009, n. 300/A/10307/09/144/5/20/3 cit.; circ. Ministero dell´interno 8 aprile 2003, n. 300/A/1/41198/101/3/3/9
""Direttive per l´utilizzazione e l´installazione dei dispositivi e dei mezzi tecnici di controllo del traffico finalizzati al rilevamento a distanza delle violazioni delle norme di comportamento di cui agli articoli 142 e 148 del d.lg. 30 aprile 1992, n. 285""
videorsorveglianza - modello di Informativa da parte dei soggetti privati che effettuano collegamenti con le forze di polizia jpg
videorsorveglianza - modello di Informativa da parte dei soggetti privati che effettuano collegamenti con le forze di polizia eps
Verifica preliminare. Installazione di apparecchiature di rilevazione audio-video nelle c.d. Engine Control Room presenti sulle navi da crociera - 16 febbraio 2017
Verifica preliminare. Conservazione fino a 30 giorni delle immagini registrate da un sistema di videosorveglianza e dei dati rilevati da un sistema di controllo accessi biometrico - 20 aprile 2017 [6393088]
Videosorveglianza: stop del Garante privacy a riconoscimento facciale e occhiali smart. L’Autorità apre istruttorie nei confronti di due Comuni"
3134436,"Linee guida in materia di trattamento di dati personali, contenuti anche...",https://www.garanteprivacy.it/home/docweb/-/docweb-display/docweb/3134436,"Linee guida in materia di trattamento di dati personali, contenuti anche in atti e documenti amministrativi, effettuato per finalità di pubblicità e trasparenza sul web da soggetti pubblici e da altri enti obbligati
Linee guida in materia di trattamento di dati personali, contenuti anche in atti e documenti amministrativi, effettuato per finalità di pubblicità e trasparenza sul web da soggetti pubblici e da altri enti obbligati
""Linee guida in materia di trattamento di dati personali, contenuti anche in atti e documenti amministrativi, effettuato per finalità di pubblicità e trasparenza sul web da soggetti pubblici e da altri enti obbligati""
NELLA riunione odierna, in presenza del dott. Antonello Soro, presidente, della dott.ssa Augusta Iannini, vicepresidente, della dott.ssa Giovanna Bianchi Clerici e della prof.ssa Licia Califano, componenti, e del dott. Giuseppe Busia, segretario generale;
VISTA la direttiva del Parlamento europeo e del Consiglio 95/46/CE del 24 ottobre 1995 relativa alla tutela delle persone fisiche con riguardo al trattamento dei dati personali, nonché alla libera circolazione di tali dati;
CONSIDERATO il ""Parere del Garante su uno schema di decreto legislativo concernente il riordino della disciplina riguardante gli obblighi di pubblicità, trasparenza e diffusione di informazioni da parte delle P.a."" del 7 febbraio 2013 (in www.garanteprivacy.it, doc. web n.
VISTO il decreto legislativo 14 marzo 2013, n. 33 recante ""Riordino della disciplina riguardante gli obblighi di pubblicità, trasparenza e diffusione di informazioni da parte delle pubbliche amministrazioni"" (in G.U. 5 aprile 2013, n. 80);
VISTE le ""Linee guida in materia di trattamento di dati personali contenuti anche in atti e documenti amministrativi effettuato da soggetti pubblici per finalità di pubblicazione e diffusione sul web"" del 2 marzo 2011 (in G.U. 19 marzo 2011, n. 64, p. 32; in www.garanteprivacy.it, doc. web n.
ESAMINATE le segnalazioni e i quesiti pervenuti in ordine al trattamento dei dati personali derivante dagli obblighi di pubblicazione di atti e informazioni nel web contenuti nel citato d. lgs. n. 33/2013;
RITENUTA l´opportunità di individuare un quadro organico e unitario di garanzie finalizzato a indicare apposite cautele in relazione alle ipotesi di diffusione di dati personali mediante la pubblicazione sui siti web da parte di organismi pubblici e in particolare di quelli chiamati a dare attuazione al d. lgs. n. 33/2013 attraverso l´adozione di nuove ""Linee guida in materia di trattamento di dati personali, contenuti anche in atti e documenti amministrativi, effettuato per finalità di pubblicità e trasparenza sul web da soggetti pubblici e da altri enti obbligati"";
CONSIDERATO che tali nuove Linee guida sono state elaborate come opportuno supporto fornito a tutti i soggetti pubblici e altri enti obbligati per favorire l´implementazione, sotto il profilo della protezione dei dati personali, delle numerose e complesse disposizioni normative che si sono succedute negli ultimi anni in materia di pubblicazione e di diffusione dei dati, specie con riguardo al conseguimento della finalità di trasparenza;
RILEVATO che il quadro legislativo e regolamentare incidente su tale materia andrà soggetto a ulteriori modificazioni, segnatamente in relazione alla necessità di recepire nell´ordinamento nazionale la nuova direttiva 2013/37/UE relativa al riutilizzo dell´informazione del settore pubblico, e che pertanto potranno essere adottate altre linee guida e provvedimenti anche sulla base di una leale collaborazione con le altre autorità competenti;
TENUTO CONTO delle osservazioni e dei riscontri ricevuti dal Dipartimento della Funzione Pubblica presso la Presidenza del Consiglio dei Ministri, dall´Autorità nazionale anticorruzione e per la valutazione e la trasparenza delle amministrazioni pubbliche (già CIVIT e ora ANAC) e dall´Agenzia per l´Italia Digitale (AgID);
VISTE le osservazioni dell´Ufficio, formulate dal segretario generale ai sensi dell´art. 15 del regolamento del Garante n. 1/2000;
""Linee guida in materia di trattamento di dati personali, contenuti anche in atti e documenti amministrativi, effettuato per finalità di pubblicità e trasparenza sul web da soggetti pubblici e da altri enti obbligati""
2) che copia del presente provvedimento sia trasmessa al Ministero della giustizia-Ufficio pubblicazione leggi e decreti, per la sua pubblicazione sulla Gazzetta Ufficiale della Repubblica italiana.
""Linee guida in materia di trattamento di dati personali, contenuti anche in atti e documenti amministrativi, effettuato per finalità di pubblicità e trasparenza sul web da soggetti pubblici e da altri enti obbligati""
9.a. Obblighi di pubblicazione dei curricula professionali (es. art. 10, comma 8, lett. d, del d. lgs. n. 33/2013 et al.)
9.b. Obblighi di pubblicazione della dichiarazione dei redditi dei componenti degli organi di indirizzo politico e dei loro familiari (art. 14 del d. lgs. n. 33/2013)
9.d. Obblighi di pubblicazione concernenti i provvedimenti amministrativi (es. concorsi e prove selettive per l´assunzione del personale e progressioni di carriera, art. 23 del d. lgs. n. 33/2013)
9.e. Obblighi di pubblicazione degli atti di concessione di sovvenzioni, contributi, sussidi e attribuzione di vantaggi economici e dell´elenco dei soggetti beneficiari (artt. 26 e 27 del d. lgs. n. 33/2013)
1. Limiti alla diffusione di dati personali nella pubblicazione di atti e documenti sul web per finalità diverse dalla trasparenza
Le recenti modifiche legislative in materia di pubblicità e trasparenza della pubblica amministrazione (cfr. da ultimo il d. lgs. 14 marzo 2013, n. 33) hanno reso necessario un intervento del Garante diretto ad assicurare l´osservanza della disciplina in materia di protezione dei dati personali nell´adempimento degli obblighi di pubblicazione sul web previsti dalle disposizioni di riferimento.
Le presenti ""Linee guida"" hanno, pertanto, lo scopo di definire un quadro unitario di misure e accorgimenti volti a individuare opportune cautele che i soggetti pubblici, e gli altri soggetti parimenti destinatari delle norme vigenti, sono tenuti ad applicare nei casi in cui effettuano attività di diffusione di dati personali sui propri siti web istituzionali per finalità di trasparenza o per altre finalità di pubblicità dell´azione amministrativa. Pertanto, il presente provvedimento sostituisce le precedenti ""Linee guida in materia di trattamento di dati personali contenuti anche in atti e documenti amministrativi, effettuato da soggetti pubblici per finalità di pubblicazione e diffusione sul web"" del 2 marzo 2011 (doc. web n.
In via preliminare, vanno distinte, considerato il profilo del diverso regime giuridico applicabile, le disposizioni che regolano gli obblighi di pubblicità dell´azione amministrativa per finalità di trasparenza da quelle che regolano forme di pubblicità per finalità diverse (es.: pubblicità legale).
In particolare, gli obblighi di pubblicazione online di dati per finalità di ""trasparenza"" sono quelli indicati nel d. lgs. n. 33/2013 e nella normativa vigente in materia avente a oggetto le ""informazioni concernenti l´organizzazione e l´attività delle pubbliche amministrazioni, allo scopo di favorire forme diffuse di controllo sul perseguimento delle funzioni istituzionali e sull´utilizzo delle risorse pubbliche"". A tali obblighi si applicano le indicazioni contenute nella parte prima delle presenti Linee guida.
Accanto a questi obblighi di pubblicazione permangono altri obblighi di pubblicità online di dati, informazioni e documenti della p.a. – contenuti in specifiche disposizioni di settore diverse da quelle approvate in materia di trasparenza – come, fra l´altro, quelli volti a far conoscere l´azione amministrativa in relazione al rispetto dei principi di legittimità e correttezza, o quelli atti a garantire la pubblicità legale degli atti amministrativi (es.: pubblicità integrativa dell´efficacia, dichiarativa, notizia). Si pensi, a titolo meramente esemplificativo, alle pubblicazioni ufficiali dello Stato, alle pubblicazioni di deliberazioni, ordinanze e determinazioni sull´albo pretorio online degli enti locali (oppure su analoghi albi di altri enti, come ad esempio le Asl), alle pubblicazioni matrimoniali, alla pubblicazione degli atti concernenti il cambiamento del nome, alla pubblicazione della comunicazione di avviso deposito delle cartelle esattoriali a persone irreperibili, ai casi di pubblicazione dei ruoli annuali tributari dei consorzi di bonifica, alla pubblicazione dell´elenco dei giudici popolari di corte d´assise, etc. A tali obblighi si riferiscono le indicazioni contenute nella parte seconda delle presenti Linee guida.
In tutti i casi, indipendentemente dalla finalità perseguita, laddove la pubblicazione online di dati, informazioni e documenti, comporti un trattamento di dati personali, devono essere opportunamente contemperate le esigenze di pubblicità e trasparenza con i diritti e le libertà fondamentali, nonché la dignità dell´interessato, con particolare riferimento alla riservatezza, all´identità personale e al diritto alla protezione dei dati personali (art. 2 del Codice).
In tale quadro, è opportuno evidenziare che le decisioni, assunte dalle amministrazioni pubbliche o dagli altri soggetti onerati, in ordine all´attuazione degli obblighi di pubblicità sui siti web istituzionali di informazioni, atti e documenti contenenti dati personali sono oggetto di sindacato da parte del Garante al fine di verificare che siano rispettati i principi in materia di protezione dei dati personali.
Si fa presente, altresì, che la diffusione di dati personali da parte dei soggetti pubblici effettuato in mancanza di idonei presupposti normativi è sanzionata ai sensi degli artt. 162, comma 2-bis, e 167 del Codice.
Inoltre, l´interessato che ritenga di aver subito un danno – anche non patrimoniale – in particolare per effetto della diffusione di dati personali, può far valere le proprie pretese risarcitorie, ove ne ricorrano i presupposti, davanti all´autorità giudiziaria ordinaria (art. 15 del Codice).
Con il d. lgs. 14 marzo 2013 n. 33 intitolato ""Riordino della disciplina riguardante gli obblighi di pubblicità, trasparenza e diffusione di informazioni da parte delle pubbliche amministrazioni"" il legislatore – in attuazione della delega contenuta nella legge 6 novembre 2012, n. 190, recante: ""Disposizioni per la prevenzione e la repressione della corruzione e dell´illegalità nella pubblica amministrazione"" (art. 1, commi 35 e 36) – ha disciplinato in maniera organica i casi di pubblicità per finalità di trasparenza mediante inserzione di dati, informazioni, atti e documenti sui siti web istituzionali dei soggetti obbligati.
A tal fine, nel capo I dedicato ai ""principi generali"", la trasparenza è definita come ""l´accessibilità totale delle informazioni concernenti l´organizzazione e l´attività delle pubbliche amministrazioni, allo scopo di favorire forme diffuse di controllo sul perseguimento delle funzioni istituzionali e sull´utilizzo delle risorse pubbliche"" (art. 1, comma 1).
Nel medesimo capo I è precisato che ""oggetto del decreto"" è l´individuazione degli obblighi di trasparenza ""concernenti l´organizzazione e l´attività delle pubbliche amministrazioni"" e che ""tutti i documenti, le informazioni e i dati oggetto di pubblicazione obbligatoria ai sensi della normativa vigente sono pubblici e chiunque ha diritto di conoscerli, di fruirne gratuitamente, e di utilizzarli e riutilizzarli ai sensi dell´articolo 7"" (art. 2, comma 1, e art. 3).
Si evidenzia, in proposito, che lo stesso legislatore, ai soli fini del campo di applicazione del decreto, definisce la ""pubblicazione"" come l´inserimento nei siti istituzionali delle pubbliche amministrazioni, in conformità alle specifiche e alle regole tecniche previste nell´allegato al decreto stesso, dei documenti, delle informazioni e dei dati ""concernenti l´organizzazione e l´attività delle pubbliche amministrazioni"" (art. 2, comma 2).
Da ciò si deduce che tutte le volte in cui nel decreto legislativo n. 33/2013 è utilizzata la locuzione ""pubblicazione obbligatoria ai sensi della normativa vigente"" – cfr. artt. 3, 5, 7, 8, 9, 10, 41, 43, 45, 46 e 48 – il riferimento è limitato agli ""obblighi di pubblicazione concernenti l´organizzazione e l´attività delle pubbliche amministrazioni"" contenuti oltre che nel d. lgs. n. 33/2013 anche in altre disposizioni normative aventi analoga finalità di trasparenza, con esclusione degli obblighi di pubblicazione aventi finalità diverse.
La tipologia dei predetti obblighi di pubblicazione per finalità di trasparenza concernenti l´organizzazione e l´attività delle pubbliche amministrazioni è schematicamente riassunta nell´allegato al d. lgs. n. 33/2013 che individua la ""struttura delle informazioni sui siti istituzionali""
e che precisa come la sezione dei siti istituzionali denominata ""Amministrazione trasparente"" deve essere organizzata in sotto-sezioni all´interno delle quali devono essere inseriti i documenti, le informazioni e i dati previsti dal decreto (art. 48 e allegato al d. lgs.).
Uno schema più particolareggiato degli obblighi di pubblicazione ai sensi della normativa vigente per finalità di trasparenza sopra descritti è contenuto poi nell´allegato n. 1 della delibera della CIVIT n. 50/2013 recante ""Linee guida per l´aggiornamento del Programma triennale per la trasparenza e l´integrità 2014-2016"") cui si rimanda.
Per tale motivo, come si è detto, devono ritenersi estranei all´oggetto del citato decreto legislativo tutti gli obblighi di pubblicazione previsti da altre disposizioni per finalità diverse da quelle di trasparenza, quali gli obblighi di pubblicazione a fini di pubblicità legale
, pubblicità integrativa dell´efficacia, pubblicità dichiarativa o notizia (già illustrati in forma esemplificativa nell´""Introduzione"" (pag. 4) e presi in considerazione nella parte seconda delle presenti Linee guida.
Si pensi, ad esempio – tra i diversi casi indicati – alle pubblicazioni matrimoniali, la cui affissione alla porta della casa comunale (e oggi sui siti web istituzionali dei comuni) è prevista per otto giorni (cfr. art. 55 del d.P.R. n. 396 del 3/11/2000). La pubblicazione dei dati personali dei nubendi assolve a una funzione che evidentemente esula dalle finalità di trasparenza previste dal d. lgs. n. 33/2013 e che è pienamente assolta con la semplice pubblicazione per la durata temporale prevista. Infatti, sarebbe irragionevole applicare a essi il regime di conoscibilità previsto dalla normativa sulla trasparenza (limiti temporali di permanenza sul web, indicizzazione, accesso civico, riutilizzo etc.)
Di conseguenza, tutte le ipotesi di pubblicità non riconducibili a finalità di trasparenza (cfr. gli esempi forniti nell´""Introduzione"" alle presenti Linee guida), qualora comportino una diffusione di dati personali, sono escluse dall´oggetto del d. lgs. n. 33/2013 e dall´ambito di applicazione delle relative previsioni fra cui, in particolare, quelle relative all´accesso civico (art. 5), all´indicizzazione (art. 4 e 9), al riutilizzo (art. 7), alla durata dell´obbligo di pubblicazione (art. 8) e alla trasposizione dei dati in archivio (art. 9).
I principi e la disciplina di protezione dei dati personali – come peraltro previsto anche dagli artt. 1, comma 2, e 4 del d. lgs. n. 33/2013 (v. altresì art. 8, comma 3) – devono essere rispettati anche nell´attività di pubblicazione di dati sul web per finalità di trasparenza.
In merito, si rappresenta che ""dato personale"" è ""qualunque informazione relativa a persona fisica, identificata o identificabile, anche indirettamente, mediante riferimento a qualsiasi altra informazione, ivi compreso un numero di identificazione personale"" (art. 4, comma 1, lett. b, del Codice).
Inoltre, la ""diffusione"" di dati personali – ossia ""il dare conoscenza dei dati personali a soggetti indeterminati, in qualunque forma, anche mediante la loro messa a disposizione o consultazione"" (art. 4, comma 1, lett. m) – da parte dei ""soggetti pubblici"" è ammessa unicamente quando la stessa è prevista da una specifica norma di legge o di regolamento (art. 19, comma 3). Pertanto, in relazione all´operazione di diffusione, occorre che le pubbliche amministrazioni, prima di mettere a disposizione sui propri siti web istituzionali informazioni, atti e documenti amministrativi (in forma integrale o per estratto, ivi compresi gli allegati) contenenti dati personali, verifichino che la normativa in materia di trasparenza preveda tale obbligo (artt. 4, comma 1, lett. m, 19, comma 3 e 22, comma 11, del Codice).
Laddove l´amministrazione riscontri l´esistenza di un obbligo normativo che impone la pubblicazione dell´atto o del documento nel proprio sito web istituzionale è necessario selezionare i dati personali da inserire in tali atti e documenti, verificando, caso per caso, se ricorrono i presupposti per l´oscuramento di determinate informazioni.
I soggetti pubblici, infatti, in conformità ai principi di protezione dei dati, sono tenuti a ridurre al minimo l´utilizzazione di dati personali e di dati identificativi
ed evitare il relativo trattamento quando le finalità perseguite nei singoli casi possono essere realizzate mediante dati anonimi o altre modalità che permettano di identificare l´interessato solo in caso di necessità (cd. ""principio di necessità"" di cui all´art. 3, comma 1, del Codice). Pertanto, anche in presenza degli obblighi di pubblicazione di atti o documenti contenuti nel d. lgs. n. 33/2013, i soggetti chiamati a darvi attuazione non possono comunque ""rendere […] intelligibili i dati personali non pertinenti o, se sensibili o giudiziari, non indispensabili rispetto alle specifiche finalità di trasparenza della pubblicazione"" (art. 4, comma 4, del d. lgs. n. 33/2013).
È, quindi, consentita la diffusione dei soli dati personali la cui inclusione in atti e documenti da pubblicare sia realmente necessaria e proporzionata alla finalità di trasparenza perseguita nel caso concreto (cd. ""principio di pertinenza e non eccedenza"" di cui all´art. 11, comma 1, lett. d, del Codice). Di conseguenza, i dati personali che esulano da tale finalità non devono essere inseriti negli atti e nei documenti oggetto di pubblicazione online. In caso contrario, occorre provvedere, comunque, all´oscuramento delle informazioni che risultano eccedenti o non pertinenti.
È, invece, sempre vietata la diffusione di dati idonei a rivelare lo ""stato di salute"" (art. 22, comma 8, del Codice) e ""la vita sessuale"" (art. 4, comma 6, del d. lgs. n. 33/2013).
In particolare, con riferimento ai dati idonei a rivelare lo stato di salute degli interessati, è vietata la pubblicazione di qualsiasi informazione da cui si possa desumere, anche indirettamente, lo stato di malattia o l´esistenza di patologie dei soggetti interessati, compreso qualsiasi riferimento alle condizioni di invalidità, disabilità o handicap fisici e/o psichici
Il procedimento di selezione dei dati personali che possono essere resi conoscibili online deve essere, inoltre, particolarmente accurato nei casi in cui tali informazioni sono idonee a rivelare l´origine razziale ed etnica, le convinzioni religiose, filosofiche, le opinioni politiche, l´adesione a partiti, sindacati, associazioni o organizzazioni a carattere religioso, filosofico, politico o sindacale (""dati sensibili""), oppure nel caso di dati idonei a rivelare provvedimenti di cui all´articolo 3, comma 1, lettere da a) a o) e da r) a u), del d.P.R. 14 novembre 2002, n. 313, in materia di casellario giudiziale, di anagrafe delle sanzioni amministrative dipendenti da reato e dei relativi carichi pendenti, nonché la qualità di imputato o di indagato (""dati giudiziari"") (art. 4, comma 1, lett. d ed e, del Codice).
I dati sensibili e giudiziari, infatti, sono protetti da un quadro di garanzie particolarmente stringente che prevede la possibilità per i soggetti pubblici di diffondere tali informazioni solo nel caso in cui sia previsto da una espressa disposizione di legge e di trattarle solo nel caso in cui siano in concreto ""indispensabili"" per il perseguimento di una finalità di rilevante interesse pubblico come quella di trasparenza; ossia quando la stessa non può essere conseguita, caso per caso, mediante l´utilizzo di dati anonimi o di dati personali di natura diversa (art. 4, commi 2 e 4, del d. lgs. n. 33/2013 cit.; artt. 20, 21 e 22, con particolare riferimento ai commi 3, 5 e 11, e art. 68, comma 3, del Codice).
), gli enti pubblici sono tenuti a porre in essere la massima attenzione nella selezione dei dati personali da utilizzare, sin dalla fase di redazione degli atti e documenti soggetti a pubblicazione, in particolare quando vengano in considerazione dati sensibili. In proposito, può risultare utile non riportare queste informazioni nel testo dei provvedimenti pubblicati online (ad esempio nell´oggetto, nel contenuto, etc.), menzionandole solo negli atti a disposizione degli uffici (richiamati quale presupposto del provvedimento e consultabili solo da interessati e controinteressati), oppure indicare delicate situazioni di disagio personale solo sulla base di espressioni di carattere più generale o, se del caso, di codici numerici (cfr. par. 2 del parere citato).
Effettuata, alla luce delle predette indicazioni, la previa valutazione circa i presupposti e l´indispensabilità della pubblicazione di dati sensibili e giudiziari, devono essere adottate idonee misure e accorgimenti tecnici volti ad evitare ""la indicizzazione e la rintracciabilità tramite i motori di ricerca web ed il loro riutilizzo"" (cfr. art. 4, comma 1 e art. 7, del d. lgs. n. 33/2013, nonché le precisazioni fornite infra nei parr. 6 e 8 delle presente parte ai quali si rimanda).
Per esigenze di chiarezza espositiva, i limiti alla trasparenza sopradescritti sono sinteticamente rappresentati nello schema 1 sotto riportato.
Le pubbliche amministrazioni non sono libere di diffondere ""dati personali"" ulteriori, non individuati dal d. lgs. n. 33/2013 o da altra specifica norma di legge o di regolamento (art. 19, comma 3, del Codice).
L´eventuale pubblicazione di dati, informazioni e documenti, che non si ha l´obbligo di pubblicare, è legittima solo ""procedendo alla anonimizzazione dei dati personali eventualmente presenti"" (art. 4, comma 3, del d. lgs. n. 33/2013).
In proposito, si evidenzia che la prassi seguita da alcune amministrazioni di sostituire il nome e cognome dell´interessato con le sole iniziali è di per sé insufficiente ad anonimizzare i dati personali contenuti negli atti e documenti pubblicati online. Inoltre, il rischio di identificare l´interessato è tanto più probabile quando, fra l´altro, accanto alle iniziali del nome e cognome permangono ulteriori informazioni di contesto che rendono comunque identificabile l´interessato (si pensi, ad esempio, alle informazioni relative alla residenza oppure quando si possiede un doppio nome e/o un doppio cognome).
In molti casi, infatti, in particolari ambiti (ad esempio, per campioni di popolazioni di ridotte dimensioni), la pubblicazione online anche solo di alcuni dati – come la data di nascita, il sesso, la residenza, il domicilio, il codice di avviamento postale, il luogo di lavoro, il numero di telefono, la complessiva vicenda oggetto di pubblicazione, etc.– è sufficiente a individuare univocamente la persona cui le stesse si riferiscono e, dunque, a rendere tale soggetto identificabile mediante il collegamento con altre informazioni che possono anche essere nella disponibilità di terzi o ricavabili da altre fonti.
i dati pubblicati online occorre, quindi, oscurare del tutto il nominativo e le altre informazioni riferite all´interessato che ne possono consentire l´identificazione anche a posteriori
L´art. 6 del d. lgs. n. 33/2013 sancisce che ""Le pubbliche amministrazioni garantiscono la qualità delle informazioni riportate nei siti istituzionali nel rispetto degli obblighi di pubblicazione previsti dalla legge, assicurandone l´integrità, il costante aggiornamento, la completezza, la tempestività, la semplicità di consultazione, la comprensibilità, l´omogeneità, la facile accessibilità, nonché la conformità ai documenti originali in possesso dell´amministrazione, l´indicazione della loro provenienza e la riutilizzabilità secondo quanto previsto dall´articolo 7"" e che ""L´esigenza di assicurare adeguata qualità delle informazioni diffuse non può, in ogni caso, costituire motivo per l´omessa o ritardata pubblicazione dei dati, delle informazioni e dei documenti"".
Tale previsione deve essere interpretata anche alla luce dei principi in materia di protezione dei dati personali, per cui le pubbliche amministrazioni sono, altresì, tenute a mettere a disposizione soltanto dati personali esatti, aggiornati e contestualizzati (art. 11, comma 1, lett. c, del Codice).
Le pubbliche amministrazioni titolari del trattamento devono, quindi, non solo controllare l´attualità delle informazioni pubblicate, ma anche modificarle o aggiornarle opportunamente, quando sia necessario all´esito di tale controllo e ogni volta che l´interessato ne richieda l´aggiornamento, la rettificazione oppure, quando vi abbia interesse, l´integrazione (art. 7, comma 3, lett. a, del Codice).
L´art. 7 del d. lgs. n. 33/2013 prevede che ""I documenti, le informazioni e i dati oggetto di pubblicazione obbligatoria ai sensi della normativa vigente, resi disponibili anche a seguito dell´accesso civico di cui all´articolo 5, sono pubblicati in formato di tipo aperto ai sensi dell´articolo 68 del Codice dell´amministrazione digitale, di cui al decreto legislativo 7 marzo 2005, n. 82, e sono riutilizzabili ai sensi del decreto legislativo 24 gennaio 2006, n. 36, del decreto legislativo 7 marzo 2005, n. 82, e del decreto legislativo 30 giugno 2003, n. 196, senza ulteriori restrizioni diverse dall´obbligo di citare la fonte e di rispettarne l´integrità"".
La disposizione citata persegue, peraltro, lo scopo di non obbligare gli utenti a dotarsi di programmi proprietari o a pagamento per la fruizione – e, quindi, per la visualizzazione – dei file contenenti i dati oggetto di pubblicazione obbligatoria. Infatti, il ""formato di tipo aperto"" è ""un formato di dati reso pubblico, documentato esaustivamente e neutro rispetto agli strumenti tecnologici necessari per la fruizione dei dati stessi"" (art. 68, comma 3, lett. a, del d. lgs. 7 marzo 2005, n. 82, Codice dell´amministrazione digitale-CAD) .
Con riferimento ai dati personali (dal novero dei quali sono esclusi i dati delle persone giuridiche, enti e associazioni non riconosciute, nonché i dati anonimi o aggregati; cfr. la definizione contenuta nell´art. 4, comma 1, lett. b, del Codice), si rappresenta, quindi, che l´obbligo di pubblicazione in ""formato di tipo aperto"" non comporta che tali dati, pubblicati sui siti web istituzionali in ottemperanza agli obblighi di trasparenza, siano anche ""dati di tipo aperto"" nei termini definiti dal CAD .
Occorre, infatti, tenere distinto il concetto di ""formato di tipo aperto"" avente il significato sopra descritto, da quello di ""dato di tipo aperto"" che attiene, invece, più propriamente alla disponibilità unita alla riutilizzabilità del dato da parte di chiunque, anche per finalità commerciali e in formato disaggregato (art. 52, comma 2, e art. 68, comma 3, lett. b, del CAD).
Da ciò consegue che i dati personali oggetto di pubblicazione obbligatoria non sono liberamente riutilizzabili da chiunque per qualsiasi ulteriore finalità, come meglio specificato nel paragrafo seguente.
Gli artt. 4 e 7 del d. lgs. n. 33/2013 stabiliscono che il riutilizzo dei dati personali pubblicati è soggetto alle condizioni e ai limiti previsti dalla disciplina sulla protezione dei dati personali e dalle specifiche disposizioni del d. lgs. del 24 gennaio 2006 n. 36 di recepimento della direttiva 2003/98/CE sul riutilizzo dell´informazione del settore pubblico
. Tale direttiva è stata oggetto di recente revisione (v. direttiva 2013/37/UE entrata in vigore dopo l´approvazione del decreto legislativo sulla trasparenza
Con la modifica della predetta direttiva, l´Unione europea conferma il principio, da ritenersi ormai consolidato in ambito europeo
, in base al quale il riutilizzo di tali documenti non deve pregiudicare il livello di tutela delle persone fisiche con riguardo al trattamento dei dati personali fissato dalle disposizioni di diritto europeo e nazionale in materia
. In particolare, le nuove disposizioni della direttiva introducono specifiche eccezioni al riutilizzo fondate sui principi di protezione dei dati, prevedendo che una serie di documenti del settore pubblico contenenti tale tipologia di informazioni siano sottratti al riuso anche qualora siano liberamente accessibili online.
, stabilito dalla disciplina nazionale ed europea, riguarda essenzialmente documenti che non contengono dati personali oppure riguarda dati personali opportunamente aggregati e resi anonimi
In altri termini, il semplice fatto che informazioni personali siano rese pubblicamente conoscibili online per finalità di trasparenza non comporta che le stesse siano liberamente riutilizzabili da chiunque e per qualsiasi scopo, bensì impone al soggetto chiamato a dare attuazione agli obblighi di pubblicazione sul proprio sito web istituzionale di determinare – qualora intenda rendere i dati riutilizzabili – se, per quali finalità e secondo quali limiti e condizioni eventuali utilizzi ulteriori dei dati personali resi pubblici possano ritenersi leciti alla luce del ""principio di finalità"" e degli altri principi di matrice europea in materia di protezione dei dati personali.
In particolare, in attuazione del principio di finalità di cui all´art. 11 del Codice, il riutilizzo dei dati personali conoscibili da chiunque sulla base delle previsioni del d. lgs. n. 33/2013 non può essere consentito ""in termini incompatibili"" con gli scopi originari per i quali i medesimi dati sono resi accessibili pubblicamente (art. 7 del d. lgs. n. 33/2013, art. 6, comma 1, lett. b, direttiva 95/46/CE; art. 11, comma 1, lett. b, del Codice).
Pertanto, al fine di evitare di perdere il controllo sui dati personali pubblicati online in attuazione degli obblighi di trasparenza e di ridurre i rischi di loro usi indebiti, è quindi in primo luogo opportuno che le pubbliche amministrazioni e gli altri soggetti chiamati a dare attuazione agli obblighi di pubblicazione di cui al d. lgs. n. 33/2013 inseriscano nella sezione denominata ""Amministrazione trasparente"" dei propri siti web istituzionali un Alert generale con cui si informi il pubblico che i dati personali pubblicati sono ""riutilizzabili solo alle condizioni previste dalla normativa vigente sul riuso dei dati pubblici (direttiva comunitaria 2003/98/CE e d. lgs. 36/2006 di recepimento della stessa), in termini compatibili con gli scopi per i quali sono stati raccolti e registrati, e nel rispetto della normativa in materia di protezione dei dati personali"".
Al riguardo, si rappresenta che una volta effettuata la pubblicazione online dei dati personali prevista dalla normativa in materia di trasparenza, il soggetto pubblico può rendere riutilizzabili tali dati o accogliere eventuali richieste di riutilizzo degli stessi da parte di terzi, solamente dopo avere effettuato una rigorosa valutazione d´impatto in materia di protezione dei dati, al fine di ridurre il rischio di perdere il controllo sulle medesime informazioni o di dover far fronte a richieste di risarcimento del danno da parte degli interessati
a) stabilire se è lecito, alla luce dell´esistenza di un presupposto normativo idoneo, che i dati personali pubblicamente accessibili sui siti web istituzionali possano essere riutilizzati da terzi e per scopi ulteriori (art. 11, comma 1, lett. a e b del Codice)
b) in caso di valutazione positiva, occorre poi verificare se l´utilizzo ulteriore di questi dati possa essere consentito:
- limitatamente ai dati rielaborati in forma anonima e aggregata, individuando il livello appropriato di aggregazione e la specifica tecnica di anonimizzazione da utilizzare sulla base di una ponderata valutazione del rischio di re-identificazione degli interessati oppure rispetto a tutti o soltanto ad alcuni dei dati personali resi pubblici (cfr. artt. 3 e 11, lett. d, del Codice)
- secondo modalità di messa a disposizione online conformi ai principi di necessità, proporzionalità e pertinenza (artt. 3 e 11 del Codice)
- a condizione che gli utilizzatori adottino modalità tecniche e ri-spettino specifici vincoli giuridici definiti in apposite licenze predisposte al fine di individuare idonee cautele per tutelare i diritti degli interessati nei successivi trattamenti di dati a fini di riutilizzo
All´interno del quadro generale delineato, è illecito, ad esempio, riutilizzare a fini di marketing o di propaganda elettorale i recapiti e gli indirizzi di posta elettronica del personale della p.a. oggetto di pubblicazione obbligatoria, in quanto tale ulteriore trattamento deve ritenersi incompatibile con le originarie finalità di trasparenza per le quali i dati sono resi pubblicamente disponibili. Lo scopo perseguito dalle disposizioni che impongono la pubblicazione dei dati del personale, infatti, seppure non espressamente indicato, è quello di aiutare i consociati a individuare i soggetti e i recapiti da contattare per presentare istanze o ottenere informazioni relative a procedimenti di competenza delle pubbliche amministrazioni (es. art. 35, d. lgs. n. 33/2013). Di conseguenza, il personale interessato, tenuto conto del contesto in cui i dati che lo riguardano sono stati raccolti, non potrebbe ragionevolmente prevedere che questi possano essere utilizzati per scopi non collegati alle proprie attività lavorative
In ogni caso, nella valutazione d´impatto sopra delineata, è necessario tener conto che, anche alla luce di un´intepretazione sistematica delle disposizioni del decreto sulla trasparenza, i dati personali sensibili e giudiziari sono espressamente esclusi dal riutilizzo (art. 4, comma 1, e art. 7 del d. lgs. n. 33/2013).
Va tenuto presente, inoltre, che non è ammesso l´incondizionato riutilizzo di dati personali oggetto di pubblicazione obbligatoria sulla base di mere licenze aperte che non pongano alcuna limitazione all´ulteriore trattamento dei dati
. Laddove, infatti, il soggetto che ha assolto gli obblighi di pubblicazione dei dati personali online voglia rendere gli stessi – dopo avere effettuato la predetta valutazione d´impatto privacy – anche riutilizzabili, è invece indispensabile che lo stesso predisponga sul proprio sito istituzionale licenze standard
, in formato elettronico e rese facilmente conoscibili ai potenziali utilizzatori, le quali stabiliscano chiaramente le modalità di carattere giuridico e tecnico che presiedono al corretto riutilizzo di tali dati
In proposito, per garantire il rispetto dei diritti degli interessati da parte degli utilizzatori, i termini delle licenze per il riutilizzo dovrebbero contenere una clausola di protezione dei dati sia quando il riuso riguardi dati personali, sia quando riguardi dati anonimi derivati da dati personali
. Nel primo caso, le condizioni di licenza dovrebbero indicare chiaramente le finalità e le modalità degli ulteriori trattamenti consentiti. Nel secondo caso tali condizioni dovrebbero, invece, vietare ai titolari delle licenze di re-identificare gli interessati e di assumere qualsiasi decisione o provvedimento che possa riguardarli individualmente sulla base dei dati personali così ottenuti, nonché prevedere in capo ai medesimi titolari l´obbligo di informare l´organismo pubblico nel caso in cui venisse rilevato che gli individui interessati possano essere o siano stati re-identificati.
Infine, dal punto vista tecnico, è importante considerare con attenzione quali accorgimenti tecnologici possono essere messi in atto per ridurre i rischi di usi impropri dei dati personali resi disponibili online e delle conseguenze negative che possono derivarne agli interessati. In questo quadro devono essere privilegiate modalità tecniche di messa a disposizione dei dati a fini di riutilizzo che consentano di controllare gli accessi a tali dati da parte degli utilizzatori e che impediscano la possibilità di scaricare o di duplicare in maniera massiva e incondizionata le informazioni rese disponibili, nonché l´indiscriminato utilizzo di software o programmi automatici
L´art. 8, comma 3, del d. lgs. n. 88/2013 prevede che i dati, le informazioni e i documenti oggetto di pubblicazione ""sono pubblicati per un periodo di 5 anni, decorrenti dal 1° gennaio dell´anno successivo a quello da cui decorre l´obbligo di pubblicazione, e comunque fino a che gli atti pubblicati producono i loro effetti, fatti salvi i diversi termini previsti dalla normativa in materia di trattamento dei dati personali e quanto previsto dagli articoli 14, comma 2, e 15, comma 4"".
Ai sensi di tale disposizione, dunque, il periodo di mantenimento di dati, informazioni e documenti sul web coincide in linea di massima con il termine di cinque anni.
a) nel caso in cui gli atti producono ancora i loro effetti alla scadenza dei cinque anni, con la conseguenza che gli stessi devono rimanere pubblicati fino alla cessazione della produzione degli effetti;
b) per alcuni dati e informazioni riguardanti i ""titolari di incarichi politici, di carattere elettivo o comunque di esercizio di poteri di indirizzo politico, di livello statale regionale e locale"" (art. 14, comma 2) e i ""titolari di incarichi dirigenziali e di collaborazione o consulenza"" che devono rimanere pubblicati online per i tre anni successivi dalla cessazione del mandato o dell´incarico (art. 15, comma 4);
c) nel caso in cui siano previsti ""diversi termini"" dalla normativa in materia di trattamento dei dati personali. In merito, si evidenzia come il Codice – che non prevede termini espliciti (come già evidenziato dal Garante nel parere del 7 febbraio 2013
), – richiede espressamente che i dati personali devono essere ""conservati per un periodo di tempo non superiore a quello necessario agli scopi per i quali essi sono stati raccolti o successivamente trattati"" e che l´interessato ha diritto di ottenere la cancellazione dei dati personali ""di cui non è necessaria la conservazione in relazione agli scopi per i quali sono stati raccolti o successivamente trattati"" (artt. 11, comma 1, lett. e, e 7, comma 3, lett. b, del Codice). Tali articoli recepiscono, peraltro, le identiche disposizioni contenute nella direttiva 95/46/CE relativa alla tutela delle persone fisiche con riguardo al trattamento dei dati personali
le quali, in quanto tali, non possono essere derogate dalla disciplina nazionale in virtù del primato del diritto europeo. Da tale principio, inoltre, discende l´obbligo di interpretare il diritto nazionale in maniera conforme al diritto europeo
e, nello specifico, alle disposizioni direttamente applicabili che impongono il rispetto dei principi di pertinenza, necessità e proporzionalità, in base alle quali la pubblicazione di dati personali è consentita soltanto quando è al contempo necessaria e appropriata rispetto all´obiettivo perseguito e, in particolare, quando l´obiettivo perseguito non può essere realizzato in modo ugualmente efficace con modalità meno pregiudizievoli per la riservatezza degli interessati.
Per tale motivo, il Garante ritiene che laddove atti, documenti e informazioni, oggetto di pubblicazione obbligatoria per finalità di trasparenza, contengano dati personali, questi ultimi devono essere oscurati, anche prima del termine di cinque anni, quando sono stati raggiunti gli scopi per i quali essi sono stati resi pubblici e gli atti stessi hanno prodotto i loro effetti.
L´art. 9, comma 2, del d. lgs. n. 33/2013 prevede che ""Alla scadenza del termine di durata dell´obbligo di pubblicazione di cui all´articolo 8, comma 3, i documenti, le informazioni e i dati sono comunque conservati e resi disponibili, con le modalità di cui all´articolo 6, all´interno di distinte sezioni del sito di archivio, collocate e debitamente segnalate nell´ambito della sezione ""Amministrazione trasparente"". I documenti possono essere trasferiti all´interno delle sezioni di archivio anche prima della scadenza del termine di cui all´articolo 8, comma 3"".
La disposizione richiamata richiede ai soggetti tenuti agli obblighi di pubblicazione di conservare e mettere a disposizione i documenti, le informazioni e i dati all´interno della sezione di archivio dei siti web, eventualmente anche prima che sia terminato il periodo di pubblicazione.
Con riferimento alla documentazione contenente dati personali, si precisa che la predetta ipotesi di ""messa a disposizione"" della documentazione nella sezione di archivio non comporta l´accesso e la conoscenza indiscriminata degli stessi una volta scaduti i diversi periodi di pubblicazione previsti dall´art. 8, comma 3, del d. lgs. n. 33/2013. Ciò perché, in caso contrario, si determinerebbe una diffusione sine die di dati personali online in violazione dei principi contenuti nella normativa europea come quello di proporzionalità descritto nel paragrafo precedente
. Inoltre, sempre ragionando a contrario, la formazione della sezione archivio si trasformerebbe in un mero trasferimento di documenti, informazioni e dati da una parte all´altra dello stesso sito web e all´interno, peraltro, della stessa sezione ""Amministrazione trasparente"".
Di conseguenza, per attuare le esigenze sottese alla prevista ipotesi di consultabilità di atti e documenti contenuti nella sezione archivio, non è in linea generale giustificato, alla luce del principio di proporzionalità, consentire, al di fuori dei casi espressamente previsti, l´accesso online libero e incondizionato alla consultazione di atti e documenti contenenti informazioni personali, specie se aventi natura sensibile, senza applicare criteri selettivi.
In tale quadro, bisogna, quindi, rendere disponibile la documentazione contenuta nelle sezioni di archivio secondo le regole sull´accessibilità degli ""archivi""
, individuando le condizioni di accesso e selezionando, a tal fine, anche preliminarmente, nell´ambito dei singoli atti e documenti, le informazioni da rendere consultabili. In tale prospettiva, si ritiene che le informazioni personali contenute in atti e documenti possano essere reperibili nelle sezioni di archivio, mediante modalità che ne garantiscano tra l´altro la ""semplicità di consultazione"" e la ""facile accessibilità"" (art. 6 del d. lgs. n. 33/2013)
, attraverso, ad esempio, l´attribuzione alle persone che ne hanno fatto richiesta, nel rispetto delle predette regole, di una chiave personale di identificazione informatica secondo le regole stabilite in materia dal Codice dell´amministrazione digitale.
In alternativa, il Garante ritiene che è comunque possibile la libera consultazione da parte di chiunque della sezione di archivio a condizione che i soggetti destinatari degli obblighi di pubblicazione in materia di trasparenza adottino opportune misure a tutela degli interessati avendo cura di rendere anonimi i dati personali contenuti nella documentazione inserita in archivio, fermo restando il rispetto delle disposizioni normative sulla tenuta degli ""archivi"" sopra richiamate. Sulle misure e sugli accorgimenti necessari per l´anonimizzazione dei dati si rimanda alle indicazioni contenute supra in par. 3.
Per espressa previsione normativa, infine, i dati e le informazioni concernenti la situazione patrimoniale dei titolari di incarichi politici, di cui al citato art. 14, non devono essere trasferiti nelle sezioni di archivio dei siti web istituzionali alla scadenza del termine di pubblicazione (art. 14, comma 2, del d. lgs. n. 33/2013).
L´art. 9 del d. lgs. n. 33/2013 stabilisce che ""Le amministrazioni non possono disporre filtri e altre soluzioni tecniche atte ad impedire ai motori di ricerca web di indicizzare ed effettuare ricerche all´interno della sezione ""Amministrazione trasparente"""".
Si evidenzia che l´obbligo di indicizzazione nei motori generalisti durante il periodo di pubblicazione obbligatoria è limitato ai soli dati tassativamente individuati ai sensi delle disposizioni in materia di trasparenza da collocarsi nella ""sezione ""Amministrazione trasparente"""", con esclusione di altri dati che si ha l´obbligo di pubblicare per altre finalità di pubblicità diverse da quelle di ""trasparenza"", come esposto nell´""Introduzione"" e nella parte seconda delle presenti Linee guida.
Sono, fra l´altro, espressamente sottratti all´indicizzazione i dati sensibili e i dati giudiziari (art. 4, comma 1, d. lgs. n. 33/2013). Pertanto, i soggetti destinatari degli obblighi di pubblicazione previsti dal d. lgs. n. 33/2013 devono provvedere alla relativa deindicizzazione tramite – ad esempio – l´inserimento di metatag noindex e noarchive nelle intestazioni delle pagine web o alla codifica di regole di esclusione all´interno di uno specifico file di testo (il file robots.txt) posto sul server che ospita il sito web configurato in accordo al Robot Exclusion Protocol (avendo presente, comunque, come tali accorgimenti non sono immediatamente efficaci rispetto a contenuti già indicizzati da parte dei motori di ricerca Internet, la cui rimozione potrà avvenire secondo le modalità da ciascuno di questi previste)
9.a. Obblighi di pubblicazione dei curricula professionali (es. art. 10, comma 8, lett. d, del d. lgs. n. 33/2013 et al.)
La disciplina in materia di trasparenza prevede di rendere visibile al pubblico, rispetto a taluni soggetti, informazioni personali concernenti il percorso di studi e le esperienze professionali rilevanti, nella forma del curriculum redatto in conformità al vigente modello europeo (art. 10, comma 8, lett. d).
Le ipotesi previste riguardano, ad esempio, i curricula professionali dei titolari di incarichi di indirizzo politico (art. 14), dei titolari di incarichi amministrativi di vertice, dirigenziali e di collaborazione o consulenza (art. 15, comma 1, lett. b), nonché delle posizioni dirigenziali attribuite a persone – anche esterne alle pubbliche amministrazioni – individuate discrezionalmente dall´organo di indirizzo politico senza procedure pubbliche di selezione, di cui all´articolo 1, commi 39 e 40, della legge 6 novembre 2012, n. 190 (art. 15, comma 5), dei componenti degli organismi indipendenti di valutazione (art. 10, comma 8, lett. c), nonché dei dirigenti in ambito sanitario come individuati dall´art. 41, commi 2 e 3.
Il riferimento del legislatore all´obbligo di pubblicazione del curriculum non può tuttavia comportare la diffusione di tutti i contenuti astrattamente previsti dal modello europeo (rispondendo taluni di essi alle diverse esigenze di favorire l´incontro tra domanda e offerta di lavoro in vista della valutazione di candidati oppure, nel corso del rapporto di lavoro, per l´assegnazione dell´interessato a nuovi incarichi o per selezioni concernenti la progressione di carriera), ma solo di quelli pertinenti rispetto alle finalità di trasparenza perseguite.
Prima di pubblicare sul sito istituzionale i curricula, il titolare del trattamento dovrà pertanto operare un´attenta selezione dei dati in essi contenuti, se del caso predisponendo modelli omogenei e impartendo opportune istruzioni agli interessati (che, in concreto, possono essere chiamati a predisporre il proprio curriculum in vista della sua pubblicazione per le menzionate finalità di trasparenza). In tale prospettiva, sono pertinenti le informazioni riguardanti i titoli di studio e professionali, le esperienze lavorative (ad esempio, gli incarichi ricoperti), nonché ulteriori informazioni di carattere professionale (si pensi alle conoscenze linguistiche oppure alle competenze nell´uso delle tecnologie, come pure alla partecipazione a convegni e seminari oppure alla redazione di pubblicazioni da parte dell´interessato). Non devono formare invece oggetto di pubblicazione dati eccedenti, quali ad esempio i recapiti personali oppure il codice fiscale degli interessati, ciò anche al fine di ridurre il rischio di c.d. furti di identità.
Deve inoltre essere garantita agli interessati la possibilità di aggiornare periodicamente il proprio curriculum ai sensi dell´art. 7 del Codice  evidenziando gli elementi oggetto di aggiornamento.
9.b. Obblighi di pubblicazione della dichiarazione dei redditi dei componenti degli organi di indirizzo politico e dei loro familiari (art. 14 del d. lgs. n. 33/2013)
L´art. 14 del d. lgs. n 33/2013 prevede la pubblicazione delle ""dichiarazioni di cui all´articolo 2, della legge 5 luglio 1982, n. 441, nonché le attestazioni e dichiarazioni di cui agli articoli 3 e 4 della medesima legge, come modificata dal presente decreto, limitatamente al soggetto, al coniuge non separato e ai parenti entro il secondo grado, ove gli stessi vi consentano""
Con riferimento all´obbligo di pubblicazione della dichiarazione dei redditi, la predetta disposizione deve essere coordinata con le altre disposizioni dello stesso d. lgs. n. 33/2013 (art. 4, comma 4), con i principi di pertinenza e non eccedenza (art. 11, comma 1, lett. d, del Codice), nonché con le previsioni a tutela dei dati sensibili (art. 22 del Codice).
Pertanto, ai fini dell´adempimento del previsto obbligo di pubblicazione, risulta sufficiente pubblicare copia della dichiarazione dei redditi – dei componenti degli organi di indirizzo politico e, laddove vi acconsentano, del coniuge non separato e dei parenti entro il secondo grado – previo però oscuramento, a cura dell´interessato o del soggetto tenuto alla pubblicazione qualora il primo non vi abbia provveduto, delle informazioni eccedenti e non pertinenti rispetto alla ricostruzione della situazione patrimoniale degli interessati (quali, ad esempio, lo stato civile, il codice fiscale, la sottoscrizione, etc.), nonché di quelle dalle quali si possano desumere indirettamente dati di tipo sensibile, come, fra l´altro, le indicazioni relative a:
- erogazioni liberali in denaro a favore delle organizzazioni non lucrative di utilità sociale, delle iniziative umanitarie, religiose, o laiche, gestite da fondazioni, associazioni, comitati ed enti individuati con decreto del Presidente del Consiglio dei ministri nei paesi non appartenenti all´OCSE;
- contributi associativi versati dai soci alle società di mutuo soccorso che operano esclusivamente nei settori di cui all´art. 1 della l. 15 aprile 1886, n. 3818, al fine di assicurare ai soci medesimi un sussidio nei casi di malattia, di impotenza al lavoro o di vecchiaia, oppure, in caso di decesso, un aiuto alle loro famiglie;
- spese sostenute per i servizi di interpretariato dai soggetti riconosciuti sordomuti ai sensi della l. 26 maggio 1970, n. 381;
Si ricorda che non possono essere pubblicati i dati personali del coniuge non separato e dei parenti entro il secondo grado che non abbiano prestato il consenso alla pubblicazione delle attestazioni e delle dichiarazioni di cui all´art. 14, comma 1, lett. f), del d. lgs. n. 33/2013.
La disciplina in materia di trasparenza prevede che informazioni concernenti l´entità di corrispettivi e compensi percepiti da alcune tipologie di soggetti formino oggetto di pubblicazione secondo le modalità previste dal d. lgs. n. 33/2013. Tra questi ultimi sono annoverati, ad esempio, i titolari di incarichi amministrativi di vertice, dirigenziali e di collaborazione o consulenza (cfr. artt. 15 e 41, commi 2 e 3), nonché i dipendenti pubblici cui siano stati conferiti o autorizzati incarichi (art. 18).
Pertanto, ai fini dell´adempimento degli obblighi di pubblicazione, risulta proporzionato indicare il compenso complessivo percepito dai singoli soggetti interessati, determinato tenendo conto di tutte le componenti, anche variabili, della retribuzione. Non appare, invece, giustificato riprodurre sul web la versione integrale di documenti contabili, i dati di dettaglio risultanti dalle dichiarazioni fiscali oppure dai cedolini dello stipendio di ciascun lavoratore
come pure l´indicazione di altri dati eccedenti riferiti a percettori di somme (quali, ad esempio, i recapiti individuali e le coordinate bancarie utilizzate per effettuare i pagamenti).
Non risulta inoltre giustificata la pubblicazione di informazioni relative alle dichiarazioni dei redditi dei dipendenti e dei loro familiari, ipotesi questa che la legge impone esclusivamente nei confronti dei componenti degli organi di indirizzo politico (art. 14, del d. lgs. n. 33/2013).
9.d. Obblighi di pubblicazione concernenti i provvedimenti amministrativi (ad es. concorsi e prove selettive per l´assunzione del personale e progressioni di carriera, art. 23 del d. lgs. n. 33/2013)
L´art. 23 del d. lgs. n. 33/2013 prevede la pubblicazione obbligatoria di elenchi dei provvedimenti adottati dagli organi di indirizzo politico e dai dirigenti, tra i quali vanno menzionati i provvedimenti finali dei procedimenti relativi a concorsi e prove selettive per l´assunzione del personale e progressioni di carriera. In attuazione di tale disposizione, di questi provvedimenti devono essere pubblicati solo gli elementi di sintesi, indicati nel comma 2, quali il contenuto, l´oggetto, l´eventuale spesa prevista e gli estremi dei principali documenti contenuti nel fascicolo del procedimento. Con particolare riferimento ai provvedimenti finali adottati all´esito dell´espletamento di concorsi oppure di prove selettive non devono formare quindi oggetto di pubblicazione, in base alla disposizione in esame, gli atti nella loro veste integrale contenenti (anche in allegato), le graduatorie formate a conclusione del procedimento, né le informazioni comunque concernenti eventuali prove intermedie che preludono all´adozione dei provvedimenti finali (per i quali restano salve altre forme di conoscibilità previste dall´ordinamento: v. in merito, con riguardo alle forme di pubblicità delle graduatorie e degli altri atti riguardanti i concorsi, le prove selettive e le progressioni di carriera, le indicazioni contenute nel par. 3.b. della seconda parte delle presenti Linee guida).
9.e. Obblighi di pubblicazione degli atti di concessione di sovvenzioni, contributi, sussidi e attribuzione di vantaggi economici e dell´elenco dei soggetti beneficiari (artt. 26 e 27 del d. lgs. n. 33/2013)
L´art. 26, comma 2, del d. lgs. n. 33/2013 stabilisce l´obbligo di pubblicazione degli atti di concessione ""delle sovvenzioni, contributi, sussidi ed ausili finanziari alle imprese, e comunque di vantaggi economici di qualunque genere a persone ed enti pubblici e privati ai sensi del citato articolo 12 della legge n. 241 del 1990, di importo superiore a mille euro"". Il comma 3 del medesimo articolo aggiunge che tale pubblicazione ""costituisce condizione legale di efficacia dei provvedimenti che dispongano concessioni e attribuzioni di importo complessivo superiore a mille euro nel corso dell´anno solare al medesimo beneficiario"".
Per le predette pubblicazioni è prevista l´indicazione delle seguenti informazioni: a) il nome dell´impresa o dell´ente e i rispettivi dati fiscali o il nome di altro soggetto beneficiario; b) l´importo del vantaggio economico corrisposto; c) la norma o il titolo a base dell´attribuzione; d) l´ufficio e il funzionario o dirigente responsabile del relativo procedimento amministrativo; e) la modalità seguita per l´individuazione del beneficiario; f) il link al progetto selezionato e al curriculum del soggetto incaricato (art. 27, comma 1).
In tale quadro, lo stesso d. lgs. n. 33/2013 individua una serie di limiti all´obbligo di pubblicazione di atti di concessione di benefici economici comunque denominati.
Non possono, infatti, essere pubblicati i dati identificativi delle persone fisiche destinatarie dei provvedimenti di concessione di sovvenzioni, contributi, sussidi e attribuzione di vantaggi economici, nonché gli elenchi dei relativi destinatari:
b) di importo superiore a mille euro nel corso dell´anno solare a favore del medesimo beneficiario ""qualora da tali dati sia possibile ricavare informazioni relative allo stato di salute"" (art. 26, comma 4, d. lgs. n. 33/2013; nonché artt. 22, comma 8, e 68, comma 3, del Codice);
c) di importo superiore a mille euro nel corso dell´anno solare a favore del medesimo beneficiario ""qualora da tali dati sia possibile ricavare informazioni relative […] alla situazione di disagio economico-sociale degli interessati"" (art. 26, comma 4, d. lgs. n. 33/2013).
Si ribadisce, con specifico riferimento alle informazioni idonee a rivelare lo stato di salute, che è vietata la diffusione di qualsiasi dato o informazione da cui si possa desumere lo stato di malattia o l´esistenza di patologie dei soggetti interessati, compreso qualsiasi riferimento alle condizioni di invalidità, disabilità o handicap fisici e/o psichici (cfr. supra par. 2). Si pensi, ad esempio, all´indicazione:
- della disposizione sulla base della quale ha avuto luogo l´erogazione del beneficio economico se da essa è possibile ricavare informazioni sullo stato di salute di una persona (si pensi all´indicazione ""erogazione ai sensi della legge 104/1992"" che, come noto, è la ""Legge-quadro per l´assistenza, l´integrazione sociale e i diritti delle persone handicappate"");
- dei titoli dell´erogazione dei benefici (es. attribuzione di borse di studio a ""soggetto portatore di handicap"", o riconoscimento di buono sociale a favore di ""anziano non autosufficiente"" o con l´indicazione, insieme al dato anagrafico, delle specifiche patologie sofferte dal beneficiario);
- delle modalità e dei criteri di attribuzione del beneficio economico (es. punteggi attribuiti con l´indicazione degli ""indici di autosufficienza nelle attività della vita quotidiana"")
- della destinazione dei contributi erogati (es. contributo per ""ricovero in struttura sanitaria"" o per ""assistenza sanitaria"").
Analogamente, è vietato riportare dati o informazioni da cui si può desumere la condizione di indigenza o di disagio sociale in cui versano gli interessati (art. 26, comma 4, del d. lgs. n. 33/2013).
Si tratta di un divieto funzionale alla tutela della dignità, dei diritti e delle libertà fondamentali dell´interessato (art. 2 del Codice), al fine di evitare che soggetti che si trovano in condizioni disagiate – economiche o sociali – soffrano l´imbarazzo della diffusione di tali informazioni, o possano essere sottoposti a conseguenze indesiderate, a causa della conoscenza da parte di terzi della particolare situazione personale. Si pensi, fra l´altro alle fasce deboli della popolazione (persone inserite in programmi di recupero e di reinserimento sociale, anziani, minori di età, etc.). Alla luce delle considerazioni sopra espresse, spetta agli enti destinatari degli obblighi di pubblicazione online contenuti nel d. lgs. n. 33/2013, in quanto titolari del trattamento, valutare, caso per caso, quando le informazioni contenute nei provvedimenti rivelino l´esistenza di una situazione di disagio economico o sociale in cui versa il destinatario del beneficio e non procedere, di conseguenza, alla pubblicazione dei dati identificativi del beneficiario o delle altre informazioni che possano consentirne l´identificazione. Tale decisione rimane comunque sindacabile da parte del Garante che assicura il rispetto dei predetti principi in materia di protezione dei dati personali.
In ogni modo, si evidenzia che i soggetti destinatari degli obblighi di pubblicazione contenuti nel d. lgs. n. 33/2013 sono tenuti, anche in tale ambito, al rispetto dei principi di necessità (art. 3, comma 1, del Codice), pertinenza e non eccedenza (art. 11, comma 1, lett. d, del Codice), nonché delle disposizioni a tutela dei dati sensibili (art. 22 del Codice).
Non risulta, pertanto, giustificato diffondere, fra l´altro, dati quali, ad esempio, l´indirizzo di abitazione o la residenza, il codice fiscale di persone fisiche, le coordinate bancarie dove sono accreditati i contributi o i benefici economici (codici IBAN), la ripartizione degli assegnatari secondo le fasce dell´Indicatore della situazione economica equivalente-Isee, l´indicazione di analitiche situazioni reddituali, di condizioni di bisogno o di peculiari situazioni abitative, etc.
Si evidenzia, inoltre, che il riutilizzo dei dati personali pubblicati ai sensi dei predetti artt. 26 e 27, non è libero, ma subordinato – come stabilito dallo stesso art. 7 del d. lgs. n. 33/2013 – alle specifiche disposizioni di cui alla direttiva comunitaria 2003/98/CE e al d. lgs. n. 36 del 24 gennaio 2006 di recepimento della stessa, che non pregiudicano in alcun modo il livello di tutela delle persone con riguardo al trattamento dei dati personali (sul punto si rimanda alle indicazioni fornite supra nel par. 6).
L´assolvimento degli obblighi di pubblicazione degli atti di concessione di sovvenzioni, contributi, sussidi e attribuzione di vantaggi economici descritti nel paragrafo precedente deve essere coordinato con le disposizioni che regolano la predisposizione dell´albo dei beneficiari di provvidenze di natura economica (d.P.R. 7 aprile 2000, n. 118).
Per tale motivo – alla luce di un´interpretazione sistematica del quadro normativo emergente dalla recente novella in tema di trasparenza e al fine di non duplicare in capo alle pubbliche amministrazioni gli oneri di pubblicazione – deve ritenersi che l´adempimento delle prescrizioni contenute negli artt. 26 e 27 del d. lgs. n. 33/2013, con le relative modalità ed eccezioni descritte nel paragrafo precedente, assorbe gli obblighi previsti dagli artt. 1 e 2 del d.P.R. n. 118
parimenti tenuti alla pubblicazione dell´albo dei beneficiari di provvidenze di natura economica ai sensi del d.P.R. n. 118/2000 devono comunque rispettare le medesime cautele ed eccezioni previste dagli artt. 26 e 27 descritte nel paragrafo precedente (es.: divieto di pubblicazione dei dati identificativi dei soggetti beneficiari di importi inferiori a mille euro nell´anno solare, di informazioni idonee a rivelare lo stato di salute o la situazione di disagio economico-sociale degli interessati, di dati eccedenti o non pertinenti).
1. Limiti alla diffusione di dati personali nella pubblicazione di atti e documenti sul web per finalità diverse dalla trasparenza
Come illustrato nell´""Introduzione"" alle presenti Linee guida, esistono casi e obblighi di pubblicità online di dati, informazioni e documenti della p.a., contenuti in specifiche disposizioni di settore diverse da quelle previste in materia di trasparenza, come, fra l´altro, quelli volti a far conoscere l´azione amministrativa in relazione al rispetto dei principi di legittimità e correttezza, o quelli necessari a garantire la pubblicità legale degli atti amministrativi (es.: pubblicità integrativa dell´efficacia, dichiarativa, notizia).
Per un´elencazione non esaustiva degli obblighi di pubblicità che ricadono in tale categoria si rinvia agli esempi già illustrati nell´""Introduzione"" alle presenti Linee guida.
Anche per tali fattispecie occorre – come già indicato per gli obblighi di pubblicità di dati personali per finalità di ""trasparenza"" – che le pubbliche amministrazioni, prima di mettere a disposizione sui propri siti web istituzionali atti e documenti amministrativi (in forma integrale o per estratto, ivi compresi gli allegati) contenenti dati personali, verifichino se la normativa di settore preveda espressamente tale obbligo (art. 4, comma 1, lett. m, e art. 19, comma 3, del Codice, con riguardo ai dati comuni, nonché artt. 20, 21 e 22, comma 11, con riferimento ai dati sensibili e giudiziari).
Laddove l´amministrazione riscontri l´esistenza di un obbligo normativo che impone la pubblicazione dell´atto o del documento nel proprio sito web istituzionale è necessario selezionare i dati personali da inserire in tali atti e documenti, verificando, caso per caso, se ricorrono i presupposti per l´oscuramento di determinate informazioni.
Ciò pure in considerazione del fatto che, anche in tale ipotesi, i soggetti pubblici sono tenuti a ridurre al minimo l´utilizzazione di dati personali e di dati identificativi (art. 4, comma 1, lett c, del Codice), ed evitare il relativo trattamento quando le finalità perseguite nei singoli casi possono essere realizzate mediante dati anonimi o altre modalità che permettano di identificare l´interessato solo in caso di necessità (c.d. ""principio di necessità"" di cui all´art. 3, comma 1, del Codice).
Pertanto, anche in presenza di un obbligo di pubblicità è consentita la diffusione dei soli dati personali la cui inclusione in atti e documenti sia realmente necessaria e proporzionata al raggiungimento delle finalità perseguite dall´atto (c.d. ""principio di pertinenza e non eccedenza"" di cui all´art. 11, comma 1, lett. d, del Codice).
Il procedimento di selezione dei dati personali suscettibili di essere resi diffusi deve essere, inoltre, particolarmente accurato nei casi in cui tali informazioni sono idonee a rivelare l´origine razziale ed etnica, le convinzioni religiose, filosofiche, le opinioni politiche, l´adesione a partiti, sindacati, associazioni o organizzazioni a carattere religioso, filosofico, politico o sindacale, la vita sessuale (""dati sensibili""), oppure nel caso di dati idonei a rivelare provvedimenti di cui all´articolo 3, comma 1, lettere da a) a o) e da r) a u), del d.P.R. 14 novembre 2002, n. 313, in materia di casellario giudiziale, di anagrafe delle sanzioni amministrative dipendenti da reato e dei relativi carichi pendenti, nonché la qualità di imputato o di indagato (""dati giudiziari"") (art. 4, comma 1, lett. d ed e, del Codice).
I dati sensibili e giudiziari, infatti, sono protetti da un quadro di garanzie particolarmente stringente che prevede la possibilità per i soggetti pubblici di diffondere tali informazioni solo nel caso in cui sia previsto da una espressa disposizione di legge e di trattarle solo nel caso in cui siano in concreto ""indispensabili"" per svolgere l´attività istituzionale che non può essere adempiuta, caso per caso, mediante l´utilizzo di dati anonimi o di dati personali di natura diversa (artt. 22, in particolare commi 3, 5 e 11 e 68, comma 3, del Codice).
Resta, invece, del tutto vietata la diffusione di ""dati idonei a rivelare lo stato di salute"" (art. 22, comma 8, del Codice).
Ciò significa, di conseguenza, che è vietata la pubblicazione di qualsiasi informazione da cui si possa desumere lo stato di malattia o l´esistenza di patologie dei soggetti interessati, compreso qualsiasi riferimento alle condizioni di invalidità, disabilità o handicap fisici e/o psichici
A tale scopo, fin dalla fase di redazione degli atti e dei documenti oggetto di pubblicazione, nel rispetto del principio di adeguata motivazione, non dovrebbero essere inseriti dati personali ""eccedenti"", ""non pertinenti"", ""non indispensabili"" (e, tantomeno, ""vietati""). In caso contrario, occorre provvedere, comunque, al relativo oscuramento
Si pensi oltre al caso dei dati sensibili e giudiziari, a quelle informazioni delicate (come ad esempio agli atti adottati nel quadro dell´attività di assistenza e beneficenza, che comportano spesso la valutazione di circostanze e requisiti personali che attengono a situazioni di particolare disagio). Specie in tali casi – come già evidenziato con riferimento alla trasparenza (nel par. 2 della parte prima delle presenti Linee guida) – può risultare utile menzionare i predetti dati solo negli atti a disposizione negli uffici (richiamati quale presupposto della deliberazione e consultabili solo da interessati e controinteressati), oppure fare riferimento a delicate situazioni di disagio personale solo sulla base di espressioni di carattere più generale o, se del caso, di codici numerici
Per esigenze di chiarezza espositiva, i limiti alla diffusione di dati personali sopradescritti sono sinteticamente rappresentati nello schema 1 riportato in calce al par. 2 della parte prima delle presenti Linee guida.
A fronte della messa a disposizione online di atti e documenti amministrativi contenenti dati personali per finalità di pubblicità dell´azione amministrativa, occorre assicurare forme corrette e proporzionate di conoscibilità di tali informazioni. A tal fine, è necessario impedire la loro indiscriminata e incondizionata reperibilità in Internet e garantire il rispetto dei principi di qualità ed esattezza dei dati, delimitando la durata della loro disponibilità online.
Occorre evitare, ove possibile, la reperibilità dei dati personali da parte dei motori di ricerca esterni (es. Google), stante il pericolo di decontestualizzazione del dato personale e la riorganizzazione delle informazioni restituite dal motore di ricerca secondo una logica di priorità di importanza del tutto sconosciuta, non conoscibile e non modificabile dall´utente.
Pertanto, è opportuno privilegiare funzionalità di ricerca interne al sito web, poiché in tal modo si assicurano accessi maggiormente selettivi e coerenti con le finalità di volta in volta sottese alla pubblicazione, garantendo, al contempo, la conoscibilità sui siti istituzionali delle informazioni che si intende mettere a disposizione
A tale scopo, alla luce dell´attuale meccanismo di funzionamento dei più diffusi motori di ricerca, in relazione ai dati personali di cui si intende limitare la diretta reperibilità online tramite tali strumenti, è possibile utilizzare regole di accesso convenzionali concordate nella comunità Internet.
Come già visto (cfr. parte prima, par. 8), si fa riferimento, a titolo esemplificativo, all´inserimento di metatag noindex e noarchive nelle intestazioni delle pagine web o alla codifica di regole di esclusione all´interno di uno specifico file di testo (il file robots.txt) posto sul server che ospita il sito web configurato in accordo al Robot Exclusion Protocol (avendo presente, comunque, come tali accorgimenti non sono immediatamente efficaci rispetto a contenuti già indicizzati da parte dei motori di ricerca Internet, la cui rimozione potrà avvenire secondo le modalità da ciascuno di questi previste)
I soggetti pubblici sono tenuti ad assicurare il rispetto delle specifiche disposizioni di settore che individuano circoscritti periodi di tempo per la pubblicazione di atti e provvedimenti amministrativi contenenti dati personali, rendendoli accessibili sul proprio sito web solo per l´ambito temporale individuato dalle disposizioni normative di riferimento, anche per garantire il diritto all´oblio degli interessati (es.: art. 124, del d. lgs. 18 agosto 2000, n. 267, riguardante la pubblicazione di deliberazioni sull´albo pretorio degli enti locali per quindici giorni consecutivi, su cui infra par. 3.a.).
Nei casi in cui, invece, la disciplina di settore non stabilisce un limite temporale alla pubblicazione degli atti, vanno individuati – a cura delle amministrazioni pubbliche titolari del trattamento – congrui periodi di tempo entro i quali mantenerli online
. Tale lasso di tempo non può essere superiore al periodo ritenuto, caso per caso, necessario al raggiungimento degli scopi per i quali i dati personali stessi sono resi pubblici
Trascorsi i predetti periodi di tempo specificatamente individuati dalla normativa di settore o, in mancanza, dall´amministrazione, determinate notizie, documenti o sezioni del sito devono essere rimossi dal sito web oppure devono essere privati degli elementi identificativi degli interessati e delle altre informazioni che possano consentirne l´identificazione.
Resta salva la possibilità di consultare il documento completo, con i riferimenti in chiaro, tramite una rituale richiesta di accesso agli atti amministrativi presso gli uffici competenti, laddove esistano i presupposti previsti dalla l. 7 agosto 1990, n. 241.
Devono essere adottate opportune cautele per ostacolare operazioni di duplicazione massiva dei file contenenti dati personali da parte degli utenti della rete, rinvenibili sui siti istituzionali delle amministrazioni pubbliche, mediante l´utilizzo di software o programmi automatici, al fine di ridurre il rischio di riproduzione e riutilizzo dei contenuti informativi in ambiti e contesti differenti.
A tale scopo si può fare ricorso ad accorgimenti consistenti, ad esempio, nell´uso di strumenti tecnologici in grado di riconoscere accessi che risultino anomali per la loro frequenza o perché realizzati tramite l´azione di strumenti automatizzati e non da persone: si può ricorrere in tal caso a sistemi di verifica ‘captcha´
Gli accorgimenti che si intende utilizzare devono comunque essere conformi ai principi di fruibilità, di usabilità e di accessibilità dei siti istituzionali delle pubbliche amministrazioni, garantendo in particolare l´accessibilità alle informazioni riprodotte online anche alle persone disabili
Per garantire la qualità dei dati personali trattati, le amministrazioni pubbliche, nel procedere alla divulgazione online nei casi previsti dalla disciplina di settore di dati e informazioni, sono tenute a mettere a disposizione soltanto dati personali esatti e aggiornati (art. 11, comma 1, lett. c, del Codice).
A tale fine, occorre adottare idonee misure per eliminare o ridurre il rischio di cancellazioni, modifiche, alterazioni o decontestualizzazioni delle informazioni e dei documenti resi disponibili tramite il proprio sito web istituzionale. Un utile accorgimento consiste, ad esempio, nell´indicazione, tra i dati di contesto riportati all´interno del contenuto informativo dei documenti
, delle fonti attendibili per il reperimento dei medesimi documenti. Un ulteriore accorgimento la cui adozione potrà essere valutata dalle amministrazioni pubbliche titolari del trattamento, anche in relazione a specifiche categorie di documenti, è la sottoscrizione del documento pubblicato sul sito web con firma digitale
Il rischio della decontestualizzazione è strettamente correlato alla possibilità che i contenuti informativi disponibili sul sito istituzionale sono accessibili mediante l´utilizzo di motori di ricerca esterni, oppure sono reperibili attraverso la consultazione di siti web dove sono ospitate copie dei medesimi contenuti informativi.
Pertanto, ogni file oggetto di pubblicazione sui siti web istituzionali, potendo essere letto in un altro ambito e in un momento successivo alla sua diffusione, dovrebbe prevedere l´inserimento dei ""dati di contesto"" (es. data di aggiornamento, periodo di validità, amministrazione, segnatura di protocollo o dell´albo).
La disposizione di ordine generale sulla tenuta dell´albo pretorio negli enti locali è contenuta nel ""Testo unico delle leggi sull´ordinamento degli enti locali"", il quale sancisce che ""Tutte le deliberazioni del comune e della provincia sono pubblicate mediante affissione all´albo pretorio, nella sede dell´ente, per quindici giorni consecutivi, salvo specifiche disposizioni di legge"" e che ""Tutte le deliberazioni degli altri enti locali sono pubblicate mediante affissione all´albo pretorio del comune ove ha sede l´ente, per quindici giorni consecutivi, salvo specifiche disposizioni"" (art. 124, commi 1 e 2, del d. lgs. n. 267/2000).
Va aggiunto che, accanto a tale regola, nel corso del tempo si sono susseguite molteplici disposizioni di natura statale, regionale e locale che sanciscono a carico degli enti locali ulteriori obblighi di pubblicazione di atti e documenti nella bacheca dell´albo pretorio per periodi di tempo differenziati, producendo una frammentazione della disciplina in materia
A seguito dell´entrata in vigore della riforma contenuta nella l. 18 giugno 2009, n. 69, recante ""Disposizioni per lo sviluppo economico, la semplificazione, la competitività nonché in materia di processo civile"", gli enti locali hanno provveduto all´istituzione dell´albo pretorio online al fine di adempiere agli obblighi di pubblicità legale dei propri atti.
La disciplina appena richiamata, infatti, senza abrogare le precedenti disposizioni in materia di tenuta dell´albo pretorio, ha sancito espressamente che ""a far data dal 1° gennaio 2010, gli obblighi di pubblicazione di atti e provvedimenti amministrativi aventi effetto di pubblicità legale si intendono assolti con la pubblicazione nei propri siti informatici da parte delle amministrazioni e degli enti pubblici obbligati"" e che ""a decorrere dal 1 gennaio 2011 […] le pubblicazioni effettuate in forma cartacea non hanno effetto di pubblicità legale"" (art. 32, commi 1 e 5). Dal 1° gennaio 2011, dunque, gli obblighi di pubblicità legale che gli enti locali assolvevano attraverso l´affissione all´albo pretorio sono sostituiti dalla pubblicazione della medesima documentazione nei rispettivi siti web istituzionali
Pertanto, l´amministrazione locale che ha intenzione di pubblicare sull´albo pretorio online un atto contenente dati personali (cfr. la definizione contenuta nell´art. 4, comma 1, lett. b, del Codice) è tenuta a verificare, preliminarmente, per i dati comuni, l´esistenza di una norma di legge o di regolamento (ai sensi dell´art. 19, comma 3, del Codice) oppure, per i dati sensibili e giudiziari, di una norma di legge (ai sensi degli artt. 20, 21 e art. 22, comma 11, del Codice) che le prescriva l´affissione di quell´atto all´albo pretorio.
Inoltre, anche alle pubblicazioni nell´albo pretorio online si applicano tutti i limiti previsti supra nel par. 1, della parte seconda, delle presenti Linee Guida (cfr. divieto di diffusione di dati idonei a rivelare lo stato di salute e cautele per gli altri dati sensibili e giudiziari; nonché divieto di diffondere dati personali non necessari, non pertinenti o eccedenti).
Con specifico riferimento, inoltre, ai dati sensibili e giudiziari, gli enti locali devono agire nel rispetto del proprio regolamento sul trattamento dei dati sensibili e giudiziari adottato in conformità agli schemi tipo Anci, Upi e Uncem su cui il Garante ha già espresso parere favorevole, rispettivamente, il 21 settembre 2005, il 7 settembre 2005 e il 19 ottobre 2005 (v. doc. web n.
Una volta trascorso il periodo temporale previsto dalle singole discipline per la pubblicazione degli atti e documenti nell´albo pretorio, gli enti locali non possono continuare a diffondere i dati personali in essi contenuti. In caso contrario, si determinerebbe, per il periodo eccedente la durata prevista dalla normativa di riferimento, una diffusione dei dati personali illecita perché non supportata da idonei presupposti normativi (art. 19, comma 3, del Codice). Ciò, salvo che gli stessi atti e documenti non debbano essere pubblicati in ottemperanza agli obblighi in materia di trasparenza (cfr. parte prima delle presenti Linee guida).
A tal proposito, ad esempio, la permanenza nel web di dati personali contenuti nelle deliberazioni degli enti locali oltre il termine di quindici giorni, previsto dall´art. 124 del citato d. lgs. n. 267/2000, può integrare una violazione del suddetto art. 19, comma 3, del Codice, laddove non esista un diverso parametro legislativo o regolamentare che preveda la relativa diffusione
Nell´ipotesi in cui, invece, la normativa di riferimento non indichi la durata temporale dell´affissione all´albo, l´amministrazione deve comunque individuare un congruo periodo di tempo – non superiore al periodo ritenuto, caso per caso, necessario al raggiungimento dello scopo per il quale l´atto è stato adottato e i dati stessi sono stati resi pubblici – entro il quale i dati personali devono rimanere disponibili. Per i motivi esposti nell´""Introduzione"" e nel par. 1 della parte prima delle presenti Linee guida alle pubblicazioni nell´albo pretorio online non si applica l´arco temporale dei cinque anni previsto per la pubblicità di dati e informazioni sui siti web istituzionali per finalità di trasparenza di cui all´art. 8 del d. lgs. n. 33/2013.
Pertanto – una volta trascorso il periodo di pubblicazione previsto dalle singole discipline di riferimento oppure, in mancanza, decorso il periodo di tempo individuato dalla stessa amministrazione – se gli enti locali vogliono continuare a mantenere nel proprio sito web istituzionale gli atti e i documenti pubblicati, ad esempio nelle sezioni dedicate agli archivi degli atti e/o della normativa dell´ente, devono apportare gli opportuni accorgimenti per la tutela dei dati personali. In tali casi, quindi, è necessario provvedere a oscurare nella documentazione pubblicata i dati e le informazioni idonei a identificare, anche in maniera indiretta, i soggetti interessati.
Poiché, inoltre, la finalità perseguita mediante gli obblighi di pubblicazione nell´albo pretorio online riguarda atti e provvedimenti concernenti questioni rilevanti essenzialmente nell´ambito della collettività locale di riferimento, risulta sproporzionato, rispetto alla finalità di pubblicità, consentire l´indiscriminata reperibilità in rete dei dati personali contenuti in atti e provvedimenti amministrativi tramite i comuni motori di ricerca generalisti (es. Google). Pertanto, si consiglia alle amministrazioni pubbliche responsabili dell´inserzione degli atti nell´albo pretorio online, di adottare gli opportuni accorgimenti tecnici per evitare l´indicizzazione nei motori di ricerca generalisti della documentazione contenente dati personali e pubblicata sull´albo pretorio online dei siti istituzionali degli enti locali (sulle tecniche per deindicizzare si rinvia alle indicazioni contenute supra nel par. 2.a. della presente parte seconda).
Con riguardo alla pubblicità degli esiti delle prove concorsuali e delle graduatorie finali – nonché, nei casi (e con le modalità) previsti, dei risultati di prove intermedie – di concorsi e selezioni pubbliche e di altri procedimenti che prevedono la formazione di graduatorie, restano salve le normative di settore che ne regolano tempi e forme di pubblicità (es. affissione presso la sede dell´ente pubblico, pubblicazione nel bollettino dell´amministrazione o, per gli enti locali, all´albo pretorio)
, assolve alla funzione di rendere pubbliche le decisioni adottate dalla commissione esaminatrice e/o dall´ente pubblico procedente, anche al fine di consentire agli interessati l´attivazione delle forme di tutela dei propri diritti e di controllo della legittimità delle procedure concorsuali o selettive.
. Non possono quindi formare oggetto di pubblicazione dati concernenti i recapiti degli interessati (si pensi alle utenze di telefonia fissa o mobile, l´indirizzo di residenza o di posta elettronica
, il codice fiscale, l´indicatore Isee, il numero di figli disabili, i risultati di test psicoattitudinali o i titoli di studio), né quelli concernenti le condizioni di salute degli interessati (cfr. art. 22, comma 8, del Codice), ivi compresi i riferimenti a condizioni di invalidità, disabilità o handicap fisici e/o psichici
, al fine di agevolare le modalità di consultazione delle graduatorie oggetto di pubblicazione in conformità alla disciplina di settore (per finalità diverse dalla trasparenza), le stesse possono altresì essere messe a disposizione degli interessati in aree ad accesso selezionato dei siti web istituzionali consentendo la consultazione degli esiti delle prove o del procedimento ai soli partecipanti alla procedura concorsuale o selettiva mediante l´attribuzione agli stessi di credenziali di autenticazione (es. username o password, numero di protocollo o altri estremi identificativi forniti dall´ente agli aventi diritto, oppure mediante utilizzo di dispositivi di autenticazione, quali la carta nazionale dei servizi).
1. Ai sensi del d. lgs. n. 33/2013, l´allegato al decreto costituisce parte integrante dello stesso e può essere modificato solo con un d.P.C.M. sentito il Garante per la protezione dei dati personali, la Conferenza unificata, l´Agenzia Italia Digitale, la CIVIT e l´ISTAT (art. 48, comma 2).
3. Nello stesso d. lgs. n. 33/2013 si fa riferimento più volte a ipotesi di pubblicità legale per finalità diverse da quelle di trasparenza (cfr. artt. 19, comma 1, e 37, comma 1).
4. Dati identificativi sono i ""dati personali che permettono l´identificazione diretta dell´interessato"" (cfr. art. 4, comma 1, lett. c, del Codice).
5. Sulla nozione di dato relativo alle condizioni di salute cfr. Linee guida in materia di trattamento di dati personali di lavoratori per finalità di gestione del rapporto di lavoro in ambito pubblico del 14 giugno 2007, doc. web n. 1417809, punto 6.3; nonché, ex pluribus, i provvedimenti del Garante 27 giugno 2013, doc. web n. 2576686; 4 aprile 2013, doc. web n. 2460997; 4 aprile 2013, doc. web n. 2473879; 22 novembre 2012, doc. web n. 2194472; 29 novembre 2012, doc. web n. 2192671; 7 ottobre 2009, doc. web n. 1664456; 17 settembre 2009, doc. web n. 1658335; 25 giugno 2009, doc. web n. 1640102; 3 febbraio 2009, doc. web 1597590; 8 maggio 2008, doc. web n. 1521716; 18 gennaio 2007, doc. web n. 1382026; 7 luglio 2004, doc. web nn. 1068839 e 1068917, 27 febbraio 2002, doc. web n. 1063639. Nella giurisprudenza di legittimità v. Cass. civ., sez. I, 8/8/2013, n. 18980.
6. Ai sensi del Codice ""dato anonimo"" è ""il dato che in origine, o a seguito di trattamento, non può essere associato ad un interessato identificato o identificabile"" (art. 4, comma 1, lett n).
7. In proposito, va considerato che ottenere dati effettivamente ‘anonimi´ è sempre più difficile stante l´avanzare delle tecnologie informatiche e la crescente e diffusa mole di informazioni disponibili online e offline che aumenta progressivamente il rischio per gli interessati di essere re-identificati. Per un esame delle tecniche con cui anonimizzare i dati si rimanda al Parere del Gruppo Art. 29 n. 6/2013 su dati aperti e riutilizzo delle informazioni del settore pubblico, sez. VI (http://www.garanteprivacy.it/documents/10160/2133805/WP207). Sul tema v. anche il codice di condotta ""Anonymisation: Managing data protection risk code of practice"" pubblicato dall´Information Commissioner´s Office del Regno Unito nel novembre 2012 (http://
) e le Linee guida ""Gestion des risques vie privée"" della Commission Nationale de l´Informatique et des Libertés (CNIL) del giugno 2012 (in http://
). La questione relativa alle diverse tecniche di anonimizzazione disponibili è peraltro ancora all´attenzione del Gruppo Art. 29 il quale è in procinto di fornire specifiche indicazioni al riguardo.
8. A mero titolo esemplificativo sono considerati file in formato aperto, fra gli altri, quelli dei file che nei sistemi personal computer sono usualmente registrati con estensione txt, pdf, xml. Sulla tipologia dei diversi ""formati di tipo aperto"" si rinvia alle citate ""Linee guida nazionali per la valorizzazione del patrimonio informativo pubblico"", par. 6.2, pagg. 51 ss.
9. Ai sensi dell´art. 68, comma 3, lett b), del CAD sono ""dati di tipo aperto"" quei dati che presentano le seguenti tre caratteristiche:
""1)  sono disponibili secondo i termini di una licenza che ne permetta l´utilizzo da parte di chiunque, anche per finalità commerciali, in formato disaggregato;
2) sono accessibili attraverso le tecnologie dell´informazione e della comunicazione, ivi comprese le reti telematiche pubbliche e private, in formati aperti ai sensi della lettera a), sono adatti all´utilizzo automatico da parte di programmi per elaboratori e sono provvisti dei relativi metadati;
3)  sono resi disponibili gratuitamente attraverso le tecnologie dell´informazione e della comunicazione, ivi comprese le reti telematiche pubbliche e private, oppure sono resi disponibili ai costi marginali sostenuti per la loro riproduzione e divulgazione. L´Agenzia per l´Italia digitale deve stabilire, con propria deliberazione, i casi eccezionali, individuati secondo criteri oggettivi, trasparenti e verificabili, in cui essi sono resi disponibili a tariffe superiori ai costi marginali. In ogni caso, l´Agenzia, nel trattamento dei casi eccezionali individuati, si attiene alle indicazioni fornite dalla direttiva 2003/98/CE del Parlamento europeo e del Consiglio, del 17 novembre 2003, sul riutilizzo dell´informazione del settore pubblico, recepita con il decreto legislativo 24 gennaio 2006, n. 36"".
10. Direttiva 17 novembre 2003, 2003/98/CE del Parlamento europeo e del Consiglio relativa al riutilizzo dell´informazione del settore pubblico.
11. Direttiva 26 giugno 2013, 2013/37/UE che modifica la direttiva 2003/98/CE del Parlamento europeo e del Consiglio relativa al riutilizzo dell´informazione del settore pubblico.
12. Cfr., ad esempio, le indicazioni contenute nel documento ""Open Data Handbook"" dell´Open Knowledge Foundation (http://
), una fondazione non governativa che ha lo scopo di promuovere l´apertura dei contenuti e i dati aperti attraverso gruppi di lavoro internazionali (pag. 6).
13. Art. 1, par. 4, dir. 2003/98/CE, come modificato dall´art. 1, par. 1, lett. c), dir. 2013/37/UE; cfr. art. 4, comma 1, lett. a), del d. lgs. n. 36/2006.
14. Art. 1, par. 2, lett. c-quater) dir. 2003/98/CE, come modificato dall´art. 1, par. 1, lett. a), punto iii), dir. 2013/37/UE. V. anche Gruppo Art. 29, Parere n. 6/2013 cit., sez. V.
15. Per dati pubblici si intendono dati conoscibili da chiunque (art. 1, comma 1, lett. n, del CAD), ma come, peraltro, specificato anche nelle Linee guida nazionali per la valorizzazione del patrimonio informativo pubblico dell´AgID, cit., par. 3.3, pag. 28 ""Il concetto di dato pubblico esclude, in linea generale, i dati personali per i quali trovano applicazione le norme del ""Codice in materia di protezione dei dati personali"" (i.e., D. lgs. n. 196/2003 e deliberazione del 88/2011 dell´Autorità Garante per la protezione dei dati personali). Laddove, in un contesto informativo, il dato pubblico contiene riferimenti o è collegato a dati personali trova applicazione il comma 5 dell´articolo 2 del CAD ""Le disposizioni del presente codice si applicano nel rispetto della disciplina rilevante in materia di trattamento dei dati personali e, in particolare, delle disposizioni del codice in materia di protezione dei dati personali approvato con decreto legislativo 30 giugno 2003, n. 196. I cittadini e le imprese hanno, comunque, diritto ad ottenere che il trattamento dei dati effettuato mediante l´uso di tecnologie telematiche sia conformato al rispetto dei diritti e delle libertà fondamentali, nonché della dignità dell´interessato"" o altre norme specifiche che consentono la pubblicazione di certe tipologie di informazioni, come ad esempio le norme sulla trasparenza come prima descritto (D. lgs. n. 33/2013)"".
16. Cfr. Gruppo Art. 29, Parere n. 6/2013 cit., sez. VI e Linee guida nazionali per la valorizzazione del patrimonio informativo pubblico dell´AgID, cit., par. 3.3, pag. 28.
17. Cfr. Parere del Garante del 7 febbraio 2013, doc. web. n. 2243168, par. 6; v. anche considerando n. 21 dir. 2003/98/CE e considerando n. 11 e n. 34, dir. 2013/37/UE; Corte di Giustizia UE, 16/12/2008, C-73/07, Tietosuojavaltuutettu v. Satakunnan Markkinapörssi Oy and Satamedia Oy, punto. 48; Gruppo Art. 29, Parere n. 6/2013, cit., sez. IV.
18. Per valutare se i dati personali pubblicamente disponibili online possono essere utilizzati per ulteriori scopi in termini compatibili con quelli originari, si vedano gli elementi condivisi in ambito europeo ed elaborati dal Gruppo Art. 29 nel Parere n. 3/2013 sul principio di limitazione della finalità (http://www.garanteprivacy.it/documents/10160/2133805/WP203).
19. Cfr. Gruppo Art. 29, Parere n. 6/2013, cit., sez. IV e VII.; v. anche i commenti del Garante europeo per la protezione dei dati in risposta alla consultazione pubblica avviata dalla Commissione europea sulle linee guida riguardanti le licenze standard raccomandate, i set di dati e l´imposizione di un corrispettivo in denaro per il riutilizzo, in attuazione del considerando n. 36 della dir. 2013/37/UE cit. (https://
secure.edps.europa.eu/EDPSWEB/webdav/site/mySite/shared/Documents/Consultation/Comments/2013/13-11- 22_Comments_public_sector_EN.pdf
20. Al riguardo, il mero rinvio alla disciplina generale sul riutilizzo dei dati pubblici (d. lgs. n. 36/2006 e dir. 2003/98/CE) non può costituire una base giuridica idonea a consentire il riutilizzo dei dati personali contenuti nei documenti degli organismi pubblici, essendo, invece, necessario verificare non solo se esiste una norma di settore che preveda specificamente la diffusione al pubblico di tali informazioni, ma anche se e in quali termini in base a tale previsione sia consentito qualsiasi ulteriore trattamento (v. art. 7 del d. lgs. n. 33/2013 e cfr. Gruppo Art. 29, Parere n. 6/2013, cit., specie sez. IV e par. 7.5, Parere n. 3/2013, cit., specie sez. III.2, e All. n. 2).
21. Come detto, il tema della difficoltà di ottenere dati personali effettivamente ‘anonimi´ che impediscano la re-identificazione degli interessati è stato oggetto degli interventi di alcune autorità nazionali di protezione dei dati ed è attualmente all´attenzione del Gruppo ex Art. 29 (v. supra nota 7 e Parere del Gruppo Art. 29 n. 6/2013 cit., sez. VI).
23. Ciò sulla base di una rigorosa ponderazione dei rischi di utilizzi impropri e degli effetti negativi che possono derivare agli interessati, tenuto conto delle tipologie di informazioni oggetto di successivo trattamento, delle finalità per le quali esso può essere effettuato, delle categorie di potenziali utilizzatori e degli strumenti utilizzabili. Si fa riferimento in particolare all´adozione di accorgimenti tecnici e giuridici di messa a disposizione dei dati che garantiscano, fra l´altro, l´esattezza e l´aggiornamento delle informazioni rese disponibili, l´ulteriore utilizzo dei dati per finalità e con modalità compatibili con lo scopo iniziale della pubblicazione, la messa a disposizione dei dati per un periodo di tempo limitato e la loro tempestiva cancellazione una volta trascorso tale periodo, nonché l´esercizio dei diritti dell´interessato (compreso il diritto di chiederne la rettifica, l´aggiornamento o la cancellazione) riguardo ai dati personali resi disponibili per il riutilizzo (art. 6 della direttiva 95/46/CE; artt. 3 e 11, del Codice. Cfr. Gruppo Art. 29, Parere n. 6/2013, cit., sez. VII).
24. Le condizioni di riutilizzo cui si fa riferimento dovrebbero riguardare in particolare le questioni relative alle responsabilità in capo agli utilizzatori e alle modalità che garantiscono un uso corretto dei dati sotto il profilo del rispetto dei diritti delle persone cui questi si riferiscono. Cfr. art. 8, comma 2, d. lgs. n. 36/2006; v. anche art. 8 dir. 2003/98/CE così come modificato dall´art. 1, par. 8 della dir. 2013/37/UE e Gruppo Art. 29, Parere n. 6/2013 cit., sezz. VII e X.
27. Sulle licenze standard si rinvia agli artt. 2, comma 1, lett. h), 5, comma 1, e 8, comma 1, del d. lgs. n. 36/2006; v. anche art. 8, della dir. 2003/98/CE così come modificato dall´art. 1, par. 8, della dir. 2013/37/UE.
28. Tale esigenza è peraltro imprescindibile al fine di non ingenerare equivoci sulla legittimità del riutilizzo dei dati personali pubblicati online, stante la disposizione del Codice dell´amministrazione digitale in base alla quale, nel rispetto dalla disciplina in materia di trattamento dei dati personali (art. 2, comma 5, d. lgs. n. 82/2005), qualunque informazione o documento pubblicato dall´amministrazione con qualsiasi modalità, senza l´espressa adozione di una licenza, si intende rilasciato come ""dato di tipo aperto"", disponibile al riutilizzo gratuito da parte di chiunque, anche per finalità commerciali, e in formato aperto e disaggregato (artt. 52, comma 2, e 68, comma 3, ivi).
29. Tali accorgimenti sono volti, nel primo caso, a evitare che i dati personali accessibili online siano riutilizzati in termini incompatibili con gli scopi originari e, nel secondo, a garantire che questi siano effettivamente utilizzati in forma anonima e aggregata.
30. Cfr. Gruppo Art. 29, Parere n. 6/2013, cit., sez. X. Cfr. anche i sopra citati commenti del Garante europeo per la protezione dei dati in risposta alla consultazione pubblica avviata dalla Commissione europea sulle linee guida previste dal considerando n. 36 della dir. 2013/37/UE.
31. A titolo esemplificativo, è possibile utilizzare a questo scopo sistemi di verifica ‘captcha´ o interfacce personalizzate con funzionalità di accesso ai dati limitato (ad esempio, previa registrazione dell´utente oppure limitando le interrogazioni eseguibili sui data base accessibili online o la quantità e il tipo di dati ottenibili); oppure sistemi di web publishing e Cms (Content management systems) in grado di associare ai dati resi pubblici, anche mediante l´utilizzo di parole-chiave (meta-dati), regole di accesso e di utilizzo dei dati che consentono di regolarne la permanenza all´interno del sito istituzionale, consentendone anche la loro agevole rimozione, anche in forma automatica, al verificarsi di determinati eventi quali intervalli temporali o soglie di accessi online. In assenza di meccanismi automatizzati di gestione del termine di scadenza dei dati sul sito istituzionale, andrebbero inoltre previste procedure di verifica della validità temporale e del requisito di disponibilità al pubblico delle informazioni, da programmare con cadenza periodica o in seguito a un aggiornamento dell´informazioni.
34. Cfr., in particolare, ex pluribus, le sentenze della Corte di Giustizia CE, 10 aprile 1984, causa 14/83, Von Colson e Kamann, punto 26; 13 novembre 1990, C-106/89, Marleasing, punto 8; 16 dicembre 1993, causa C- 334/92, Wagner Miret, punto 20; 25 febbraio 1999, causa C-131/97, Carbonari, punto 48; 5 ottobre 2004, C-397/01, Pfeiffer, punto 114; Corte di Giustizia CE, 29/1/2008, C-275/06, Productores de Música de España-Promusicae, punto 70.
35. Cfr. art. 6, par. 1, lett. c), e art. 7, par.1, lett. c) e d), dir. 95/46/CE; artt. 3 e 11 del Codice. V. inoltre, Corte di Giustizia CE, 20/5/2003, cause riunite C-465/00, C-138/01 e C-139/01 e Corte Costituzionale austriaca 28 novembre 2003, KR 1/00-33 (in http://
f). Si ricorda che i principi di deriva-zione comunitaria richiamati soddisfano i requisiti dell´immediata applicabilità (cfr. la già citata sentenza della Corte di Giustizia CE, 20/5/2003, punti 98-100), con la conseguenza di obbligare, come già ricordato, non solo i giudici nazionali ma anche gli organi amministrativi a disapplicare la legislazione nazionale contrastante con la normativa comunitaria senza doverne attendere la rimozione in sede legislativa o per il tramite di impugnazioni di incostituzionalità (Corte cost. 11/7/1989, n 389; cfr. anche Corte di Giustizia 9 marzo 1978 causa C-106/77).
36. Cfr. artt. 6, 7 e 12 dir. 95/46/CE cit. Sul punto, peraltro, la Corte di Giustizia dell´Unione europea (sent. 9/11/2010, cause riunite C-92/09 e C-93/09) ha dichiarato l´invalidità di un regolamento comunitario nella parte in cui imponeva la pubblicazione di dati personali di beneficiari di finanziamenti di fondi strutturali senza prevedere, fra l´altro, un limite temporale per la durata della stessa, commisurato ai periodi nel corso dei quali gli interessati hanno percepito gli aiuti.
37. Cfr. artt. 124 ss., del d. lgs. 22/1/2004 n. 42. Al riguardo, vedi anche il Codice di deontologia e di buona condotta per i trattamenti di dati personali per scopi storici (all. A.2 del Codice in materia di protezione dei dati personali, Provv. n. 8/P/2001 del 14 marzo 2001, in G.U. 5 aprile 2001, n. 80).
40. V. Provv. del Garante del 16 luglio 2009 in materia di ""Pubblica amministrazione: dirigenza e assenze e presenze del personale"" (doc. web n. 1639950), e circolare del Dipartimento della funzione pubblica presso la Presidenza del Consiglio dei Ministri n. 3/2009.
42. In relazione all´ambito soggettivo di applicazione di tale articolo si rimanda alle indicazioni con-tenute nella Delibera CIVIT n. 65/2013 in tema di ""Applicazione dell´art. 14 del d. lgs. n. 33/2013 – Obblighi di pubblicazione concernenti i componenti degli organi di indirizzo politico"" del 31 luglio 2013, in http://
43. V. Linee guida in materia di trattamento di dati personali di lavoratori per finalità di gestione del rapporto di lavoro in ambito pubblico del 14 giugno 2007.
44. Cfr. sul punto la Delibera CIVIT n. 59/2013 in tema di ""Pubblicazione degli atti di concessione di sovvenzioni, contributi, sussidi e attribuzione di vantaggi economici a persone fisiche ed enti pubblici e privati (artt. 26 e 27, d. lgs. n. 33/2013)"" (in http://
) che in proposito ha indicato: ""L´art. 26, c. 2, del d. lgs. n. 33/20013, inoltre, stabilisce che la pubblicazione è obbligatoria e condizione di efficacia solo per importi superiori a mille euro. In base a quanto stabilito dalla norma, questi sono da intendersi sia se erogati con un unico atto, sia con atti diversi ma che nel corso dell´anno solare superino il tetto dei mille euro nei confronti di un unico beneficiario. Ove, quindi, l´amministrazione abbia emanato più provvedimenti i quali, nell´arco dell´anno solare, hanno disposto la concessione di vantaggi economici a un medesimo soggetto, superando il tetto dei mille euro, l´importo del vantaggio economico corrisposto, di cui all´art. 27, c. 1, lett. b), del decreto, è da intendersi come la somma di tutte le erogazioni effettuate nel periodo di riferimento. In tali casi, l´amministrazione deve necessariamente pubblicare, come condizione legale di efficacia, l´atto che comporta il superamento della soglia dei mille euro, facendo peraltro riferimento anche alle pregresse attribuzioni che complessivamente hanno concorso al suddetto superamento della soglia"".
46. Cfr. Delibera Civit n. 59/2013 in tema di ""Pubblicazione degli atti di concessione di sovvenzioni, contributi, sussidi e attribuzione di vantaggi economici a persone fisiche ed enti pubblici e privati (artt. 26 e 27, d.lgs. n. 33/2013)"", cit.
47. Cfr. la definizione contenuta nell´art. 11 del d. lgs. n. 33/2013 che richiama l´art. 1, comma 2, del decreto legislativo 30 marzo 2001, n. 165, e ss.mm.
49. In tal senso v. già il parere del Garante del 26 ottobre 1998, doc. web n. 30951; Provv.ti 17 aprile 2003, doc. web n. 1054640; 12 gennaio 2004, doc. web n. 1053395; 25 gennaio 2007, doc. web n. 1386836; 7 ottobre 2009, doc. web n. 1669620; 12 aprile 2012, doc. web n. 1896533; 1 agosto 2013, doc. web n. 2578588. Nella giurisprudenza di legittimità, in senso analogo, cfr. Cass. civ., sez. I, 20 luglio 2012, n. 12726, che ha confermato il Provv. Garante 9 dicembre 2003, doc. web n. 1054649; sulla necessità dell´osservanza del principio di proporzionalità (in occasione alla diffusione sull´albo pretorio di dati riferiti alle condizioni di salute dell´interessato) v. altresì Cass. civ., sez. I, 8 agosto 2013, n. 18980; Cass. civ., sez. I, 13 febbraio 2012, n. 2034.
51. V. Provvedimento riguardante ""Motori di ricerca e provvedimenti di Autorità indipendenti: le misure necessarie a garantire il c.d. ""diritto all´oblio"""" del 10 novembre 2004 (doc. web n. 1116068).
53. A titolo esemplificativo, è possibile utilizzare a questo scopo sistemi di web publishing e Cms (Content management systems) in grado di attribuire, anche mediante l´utilizzo di parole-chiave (meta-dati), un intervallo temporale di permanenza della documentazione all´interno del sito istituzionale, con-sentendone una sua agevole rimozione, anche in forma automatica. In assenza di meccanismi automatizzati di gestione del termine di scadenza della medesima documentazione, andrebbero inoltre previste procedure di verifica della validità temporale e del requisito di disponibilità al pubblico delle informazioni ivi contenute, da programmare con cadenza periodica o in seguito a un aggiornamento dell´informazione. Cfr. anche le Linee guida per i siti web della PA del Ministro per la pubblica amministrazione e l´innovazione redatte dall´allora DigitPa (ora AgID) ai sensi dell´art. 4 della Direttiva 8/2009 del Ministro per la pubblica amministrazione e l´innovazione del 26 novembre 2009 (in http://www.funzionepubblica.gov.it/lazione-del-ministro/linee-guida-siti-web-pa/presentazione.aspx).
56. V., al riguardo, art. 53 del CAD; v. anche d.P.R. 1 marzo 2005, n. 75 ""Regolamento di attuazio-ne della l. 9 gennaio 2004, n. 4, per favorire l´accesso dei soggetti disabili agli strumenti informatici"" e d.m. 30 aprile 2008 ""Regole tecniche disciplinanti l´accessibilità agli strumenti didattici e formativi a favore degli alunni disabili"".
57. V. la Delibera n. 105/2010 della CIVIT recante le ""Linee guida per la predisposizione del Programma triennale per la trasparenza e l´integrità (articolo 13, comma 6, lettera e, del decreto legislativo 27 ottobre 2009, n. 150)"", in http://
58. Si rinvia, al riguardo, alle regole tecniche sulla firma digitale dettate da DigitPA (ora AgID) reperibili sul sito istituzionale dell´ente: http://
59. Cfr., a titolo esemplificativo, ex pluribus, l´affissione nell´albo del comune dell´avviso di deposito dell´atto da notificare a persona irreperibile in materia di accertamento delle imposte sui redditi (art. 60, comma 1, lett. e, del d.P.R. 29 settembre 1973, n. 600); l´affissione all´albo comunale o provinciale della notizia dell´inadempienza alla diffida ad adempiere l´obbligo di pubblicità della situazione patrimoniale da parte degli amministratori locali (art. 14, comma 1, della legge 5 luglio 1982, n. 441); l´affissione nell´albo comunale da parte del segretario comunale dei dati relativi agli immobili e alle opere realizzati abusivamente, oggetto dei rapporti degli ufficiali e agenti di polizia giudiziaria e delle relative ordinanze di sospensione (art. 31, comma 7, del d.P.R. 6 giugno 2001, n. 380); l´affissione dell´avviso del sindaco contenente l´invito ai cittadini a presentare eventualmente ricorso contro le decisioni della Commissione elettorale comunale relative l´iscrizione nelle liste elettorali e dell´avviso del deposito presso la segreteria del comune dell´elenco revisionato degli elettori iscritti alle liste elettorali (art. 18, comma 1, e art. 32, comma 6, del d.P.R. 20 marzo 1967, n. 223); l´affissione all´albo pretorio del comune di una copia dell´elenco dei cittadini che, pur essendo compresi nelle liste elettorali, non avranno compiuto, nel primo giorno fissato per le elezioni, il diciottesimo anno di età redatta dalla commissione elettorale comunale (art. 33, comma 3, del d.P.R. n. 223/1967 cit.); l´affissione all´albo pretorio del comune dell´elenco dei giudici popolari di Corte di assise e di Corte di assise di appello (artt. 17 ss. della legge 10 aprile 1951, n. 287).
60. Per una specifica delle caratteristiche dell´albo pretorio si rimanda alle indicazioni contenute nel Vademecum elaborato da DigitPA (ora AgID) del luglio 2011 intitolato ""Modalità di pubblicazione dei documenti nell´Albo online"", in http://
62. V. Linee guida in materia di trattamento di dati personali di lavoratori per finalità di gestione del rapporto di lavoro in ambito pubblico del 14 giugno 2007, cit., punto 6.1. Cfr. art. 15, d.P.R. 9 maggio 1994, n. 487, in particolare commi 5, 6 e 6 bis e, più in generale, sulla pubblicità delle procedure di reclutamento del personale delle pubbliche amministrazioni, art. 35, comma 3, d. lgs. 30 marzo 2001, n. 165.
63. Cfr. parr. 6.B.1 e 6.B.2, delle Linee guida in materia di trattamento di dati personali contenuti anche in atti e documenti amministrativi, effettuato da soggetti pubblici per finalità di pubblicazione e diffusione sul web, 2 marzo 2011 (già par. 6.1 delle Linee guida in materia di trattamento di dati personali di lavoratori per finalità di gestione del rapporto di lavoro in ambito pubblico, 14 giugno 2007 e par. 10.2 delle Linee guida in materia di trattamento di dati personali per finalità di pubblicazione e diffusione di atti e documenti di enti locali, doc. web n. 1407101).
65. Linee guida in materia di trattamento di dati personali di lavoratori per finalità di gestione del rapporto di lavoro in ambito pubblico, del 14 giugno 2007, cit., par. 6.1; Provv.ti 6 giugno 2013, n. 274, doc. web n. 2535862; del 6 giugno 2013, n. 275, doc. web n. 2536184; 6 giugno 2013, n. 276, doc. web n. 2536409.
66. Cfr. già Linee guida in materia di trattamento di dati personali contenuti anche in atti e documenti amministrativi, effettuato da soggetti pubblici per finalità di pubblicazione e diffusione sul web (pubblicato in G.U. n. 64 del 19 marzo 2011, e doc. web n. 1793203; v. altresì, per fattispecie individuali, Provv.ti del 6 giugno 2013, n. 277, doc. web n. 2554965; 22 novembre 2012, doc. web n. 2194472; 29 novembre 2012, doc. web n. 2192671; 7 ottobre 2009, doc. web n. 1664456; 17 settembre 2009, doc. web n. 1658335; 25 giugno 2009, doc. web n. 1640102; 8 maggio 2008, doc. web n. 1521716; 18 gennaio 2007, doc. web n. 1382026; 27 febbraio 2002, doc. web n. 1063639.
67. Linee guida in materia di trattamento di dati personali di lavoratori per finalità di gestione del rapporto di lavoro in ambito pubblico, del 14 giugno 2007, cit., par. 6.1.
Parere del Garante su uno schema di decreto legislativo concernente il riordino della disciplina riguardante gli obblighi di pubblicità, trasparenza e diffusione di informazioni da parte delle Pa - 7 febbraio 2013 [2243168]
Linee guida per il trattamento di dati personali effettuato da soggetti pubblici per finalità di pubblicazione e diffusione sul web
Parere del Garante su uno schema di decreto legislativo concernente il riordino della disciplina riguardante gli obblighi di pubblicità, trasparenza e diffusione di informazioni da parte delle Pa - 7 febbraio 2013 [2243168]
Newsletter del 23 febbraio 2015 - Attività ispettiva 2014: l'ammontare delle sanzioni sale a 5 milioni di euro - Dispersi in montagna: sì a nuove tecnologie per localizzare lo smartphone
Vanno protette le valutazioni sui ricercatori - Intervento di Antonello Soro, Presidente del Garante per la protezione dei dati personali"
9487928,Parere sullo schema di “Linee guida per l’erogazione del servizio...,https://www.garanteprivacy.it/home/docweb/-/docweb-display/docweb/9487928,"Parere sullo schema di “Linee guida per l’erogazione del servizio pubblico Wi-Fi free” predisposto da AgID - 29 ottobre 2020 [9487928]
Parere sullo schema di “Linee guida per l’erogazione del servizio pubblico Wi-Fi free” predisposto da AgID - 29 ottobre 2020 [9487928]
Parere sullo schema di “Linee guida per l’erogazione del servizio pubblico Wi-Fi free” predisposto da AgID - 29 ottobre 2020
Nella riunione odierna, alla quale hanno preso parte il prof. Pasquale Stanzione, presidente, la prof.ssa Ginevra Cerrina Feroni, vicepresidente, il dott. Agostino Ghiglia e l’avv. Guido Scorza, componenti e il dott. Claudio Filippi, vice segretario generale;
Visto il Regolamento (Ue) 2016/679 del Parlamento europeo e del Consiglio del 27 aprile 2016 relativo alla protezione delle persone fisiche con riguardo al trattamento dei dati personali, nonché alla libera circolazione di tali dati e che abroga la direttiva 95/46/CE (Regolamento generale sulla protezione dei dati), di seguito Regolamento;
Visto il decreto legislativo 30 giugno 2003, n. 196, recante il Codice in materia di protezione dei dati personali, così come modificato dal decreto legislativo 10 agosto 2018, n. 101, recante “Disposizioni per l’adeguamento della normativa nazionale alle disposizioni del Regolamento (UE) 2016/679 del Parlamento europeo e del Consiglio del 27 aprile 2016 relativo alla protezione delle persone fisiche con riguardo al trattamento dei dati personali, nonché alla libera circolazione di tali dati e che abroga la direttiva 95/46/CE”, di seguito Codice;
Visti gli artt. 14-bis e 71 del decreto legislativo 7 marzo 2005, n. 82, recante il “Codice dell’amministrazione digitale” (di seguito CAD) e la determinazione dell’Agenzia per l’Italia digitale (AgID) n. 160 del 2019, recante il “Regolamento per l’adozione di linee guida per l’attuazione del Codice dell’Amministrazione Digitale”, che disciplinano le procedure per l’adozione di linee guida contenenti le regole tecniche e di indirizzo, previa consultazione pubblica e sentiti l’amministrazione interessata e il Garante per la protezione dei dati personali, nonché l’acquisizione del parere della Conferenza unificata;
Viste le osservazioni formulate dal vice segretario generale ai sensi dell’art. 15 del regolamento del Garante n. 1/2000;
L’AgID ha inoltrato al Garante la richiesta di parere sullo schema di “Linee guida per l’erogazione del servizio pubblico Wi-Fi free”, già sottoposto a consultazione pubblica, adottato, ai sensi dell’art. 71 del CAD, in attuazione dell’art. 8-bis del CAD, rubricato “Connettività alla rete Internet negli uffici e luoghi pubblici”, in base al quale le amministrazioni, i gestori di servizi pubblici e le società a controllo pubblico favoriscono la disponibilità di connettività alla rete Internet presso gli uffici pubblici e altri luoghi pubblici (in particolare, nei settori scolastico, sanitario e di interesse turistico), anche mettendo a disposizione degli utenti la porzione di banda trasmissiva non utilizzata dagli stessi uffici.
In generale, dunque, lo schema è volto a fornire alle amministrazioni locali e nazionali, che intendono mettere a disposizione della cittadinanza un servizio di accesso ad Internet tramite access point (di seguito anche “AP”) Wi-Fi, un quadro di riferimento “normativo e tecnologico entro il quale armonizzare le iniziative in essere, con le strategie governative nazionali ed europee”.
Lo schema di Linee guida, che sarà oggetto di aggiornamento nel tempo, si applica ai soggetti di cui all’art. 2, comma 2 del CAD (di seguito, in alcuni casi, anche semplicemente “le amministrazioni”) e intende fornire indicazioni circa le modalità attraverso le quali può essere resa disponibile la banda destinata al wireless gratuito, anche attraverso il richiamo alla normativa tecnica di settore (famiglia di standard IEEE 802.11x), nonché i criteri di sicurezza che devono essere adottati, in termini di: configurazione della rete interna e modalità di trasporto sulla rete geografica; sicurezza delle comunicazioni; identificazione degli utenti del servizio; prevenzione di potenziali attacchi; monitoraggio del servizio.
• garantire la segregazione degli AP rispetto alla rete interna, attraverso la separazione fisica delle reti o attraverso una separazione logica basata sulla creazione di reti locali virtuali (VLAN) a “livello 2” o “livello 3” dell’architettura di riferimento ISO/OSI;
• dedicare al servizio Wi-Fi free la sola banda non utilizzata, al fine di non compromettere la disponibilità di banda per il funzionamento dei servizi propri dell’amministrazione.
E’, inoltre, raccomandato alle amministrazioni di provvedere all’identificazione degli utenti, al fine di poter rintracciare eventuali comportamenti malevoli perpetrati attraverso la propria rete di AP, valutando anche la possibilità di interoperare con le strutture alberghiere per offrire il servizio ai turisti.
Considerata la delicatezza dei profili coinvolti, si rileva la necessità di apportare integrazioni allo schema in esame, al fine di renderlo pienamente conforme ai principi e alle garanzie in materia di protezione dei dati personali, con specifico riferimento agli aspetti di seguito evidenziati.
In primo luogo, si rappresenta che l’attività di erogazione del servizio di Wi-Fi free comporta, da parte dei soggetti di cui all’art. 2, comma 2 del CAD e, in particolare, delle amministrazioni, il trattamento dei dati personali degli utenti che intendono usufruire del predetto servizio, nell’ambito delle varie fasi dell’utilizzo dello stesso, che presentano differenti caratteristiche, anche in ragione dei diversi apparati e servizi di rete impiegati (es. firewall, proxy server, DNS server). In tal senso, occorre, infatti, distinguere i trattamenti di dati personali relativi alla preliminare attività di identificazione degli utenti, in fase di autenticazione all’atto dell’accesso al servizio, da quelli relativi alla successiva fase di utilizzo della rete da parte dell’utente.
Conseguentemente, appare opportuno integrare lo schema al fine di rendere adeguatamente consapevoli le predette amministrazioni, in qualità di titolari, dei rischi che il connesso trattamento di dati personali comporta per le libertà e i diritti degli interessati.
In primo luogo, sarebbe necessario inserire un richiamo di carattere generale - eventualmente nell’ambito del Capitolo 3 rubricato “Framework normativo” - agli obblighi che gravano in capo al titolare, per garantire la conformità al Regolamento, anche assicurando la protezione dei dati fin dalla progettazione e per impostazione predefinita (art. 25 del Regolamento).
In particolare, è opportuno evidenziare che, nel configurare il predetto servizio (a partire dall’eventuale bando di gara), il titolare deve integrare, in ciascuna fase del trattamento, come sopra descritta, le garanzie volte ad attuare in modo efficace i principi di protezione dati, con particolare riferimento a:
d )integrità e riservatezza dei dati, adottando misure tecniche ed organizzative per garantire un livello di sicurezza adeguato (artt. 5, par. 1, lett. f), e 32).
Preliminarmente, si ritiene necessario osservare che, al fine di rispettare il principio di liceità, correttezza e trasparenza nei confronti degli utenti, occorre precisare, che gli obblighi che gravano in capo alle amministrazioni (cc.dd. service provider) sono distinti da quelli che sono imposti dalla legge a carico dei fornitori di servizi di comunicazione elettronica (cc.dd. resource provider).
Pertanto, nello specifico, sarebbe opportuno evidenziare più chiaramente - anche nell’ambito del Capitolo 3, al paragrafo rubricato “Identificazione degli utenti” - che gli obblighi di identificazione degli utenti e di conservazione dei dati di traffico telematico gravano, secondo la normativa di riferimento, esclusivamente in capo agli operatori di telecomunicazione e non, in generale, ai soggetti di cui all’art. 2, comma 2, del CAD considerato che, anche quando offrono il servizio Wi-Fi free, questi ultimi non sono equiparabili ai “fornitori di servizi di comunicazione elettronica”.
Nello schema viene, invece, raccomandato alle amministrazioni di dotarsi “di sistemi di identificazione (e autenticazione) dell’utente, ovvero consentano l’accesso attraverso dispositivi personali il cui rilascio prevede l’identificazione”; ciò al fine di consentire di risalire all’autore di un’eventuale condotta illecita, perpetrata attraverso l’uso del servizio Wi-Fi free (sul punto, si evidenzia, peraltro, la non pertinenza del richiamo al provvedimento del Garante n. 106 del 30 aprile 2019 - cfr. nota n. 6 dello schema - considerato che, nel caso specifico, l’AP attraverso cui è stato effettuato l’accesso fraudolento alla rete faceva parte della rete intranet di una società).
Al riguardo, considerato che i soggetti che forniscono accesso ad Internet, tramite Wi-Fi free, non sono in ogni caso legittimati a implementare sistemi di tracciamento che comportano la conservazione dei dati relativi al traffico telematico, effettuato dagli utenti tramite i propri AP Wi-Fi, si osserva che nello schema in esame non si forniscono indicazioni sugli eventuali trattamenti di dati personali che, conseguentemente, le amministrazioni dovrebbero porre in essere per consentire di individuare, a posteriori, i responsabili di eventuali condotte illecite, nel rispetto dei principi di proporzionalità e minimizzazione (ad es. conservando i dati relativi alla connessione e disconnessione degli utenti e non i dati relativi al traffico telematico).
Al fine di disciplinare adeguatamente il trattamento dei dati personali degli utenti, posto in essere dai soggetti di cui all’art. 2, comma 2, del CAD, per l’esecuzione del compito di interesse pubblico consistente nell’offerta del servizio Wi-Fi free, ai sensi dell’art. 8-bis del CAD, con particolare riferimento alla fase di identificazione degli utenti e alla conservazione dei dati, occorre che lo schema in esame sia integrato fornendo indicazioni alle amministrazioni in relazione a:
a) l’individuazione dei dati personali degli utenti da raccogliere e conservare nell’ambito del predetto processo di identificazione, nel rispetto del principio di minimizzazione (art. 5, par. 1 lett. c) del Regolamento);
b) se del caso, la minimizzazione dei dati di cui è consentita la conservazione al solo fine di individuare, a posteriori, i responsabili di eventuali condotte illecite, senza effettuare tracciamenti, non necessari, relativi al traffico telematico riferito agli utenti (art. 5, par. 1, lett. b) e c) del Regolamento);
c) le modalità che, eventualmente, si intendono utilizzare per impedire l’accesso a determinate tipologie di siti o servizi in rete, configurando i sistemi e gli apparati, a tal fine utilizzati, evitando di conservare i dati al traffico telematico effettuato dagli utenti (art. 5, par. 1, lett. c), del Regolamento);
d) l’individuazione, per ciascuna delle tipologie di dati trattati, di adeguati tempi di conservazione dei dati, nel rispetto del principio di limitazione della conservazione (art. 5, par. 1, lett. e), del Regolamento);
e) le misure adottate per assicurare il rispetto del principio di trasparenza nei confronti degli interessati, con l’indicazione puntuale della finalità perseguita, delle tipologie di dati oggetto di trattamento e dei tempi di conservazione dei dati (art. 5, par. 1, lett. a) del Regolamento).
Per quanto concerne l’identificazione dei “turisti” (par. 5.1.8), lo schema prevede che le amministrazioni possano “interoperare con le strutture alberghiere al fine di poter assegnare credenziali per l’utilizzo della Wi-Fi gratuita per il periodo di permanenza in Italia”.
In generale, si rappresenta che tale modalità di interoperabilità può essere attuata con più scenari d’uso, esemplificati nello schema in esame, che comportano diverse conseguenze in termini di trattamento dei dati personali degli utenti, in relazione ai quali occorre precisare i ruoli assunti dai vari soggetti coinvolti, nell’ambito del trattamento, e le diverse misure che devono essere adottate a garanzia degli interessati.
In ogni caso, deve essere chiarito che la predetta interoperabilità non deve automaticamente prevedere la comunicazione alle amministrazioni dei dati dei clienti delle strutture alberghiere aderenti all’iniziativa, e il turista deve poter decidere autonomamente se aderire al servizio di Wi-Fi free in interoperabilità o utilizzare la sola connettività alberghiera.
Nell’ambito delle attività poste in essere per offrire il servizio di Wi-Fi free intervengono soggetti diversi che possono trattare i dati personali degli utenti quali, in particolare, il service provider, ossia la pubblica amministrazione, e il resource provider, ovvero il fornitore di servizi di comunicazione elettronica.
Nel richiamare quanto già indicato con riferimento al processo di identificazione da parte degli albergatori, si rappresenta, in generale, la necessità che siano configurati correttamente i ruoli e i compiti assunti nel trattamento dei dati personali dai diversi soggetti coinvolti nell’erogazione del predetto servizio, anche con specifico riferimento agli obblighi di sicurezza che ricadono in capo ai predetti soggetti (art. 32 del Regolamento e art. 132-ter del Codice), già nell’ambito delle clausole contrattuali del contratto di fornitura del servizio di comunicazione elettronica.
Sul tema della sicurezza, in generale, occorre assicurare una corretta applicazione del Regolamento e, conseguentemente, integrare lo schema (anche nell’ambito del Capitolo 5 rubricato “Criteri di implementazione del servizio per le PA”), tenendo conto degli obblighi previsti in materia di sicurezza dei dati e dei sistemi dal Regolamento, in ragione dei rischi che possono derivare agli utenti connessi ad una rete Wi-Fi non adeguatamente protetta.
Al fine di promuovere una corretta applicazione del Regolamento da parte delle amministrazioni e dei loro fornitori, si ritiene che il riferimento alle misure “minime di sicurezza” di cui al par. 5.1.5, non sia conforme ai più ampi obblighi di sicurezza previsti dal Regolamento. Come più volte ribadito da questa Autorità (cfr. da ultimo, il provvedimento n. 32 del 13 febbraio 2020), il concetto di misure minime non è di per sé sufficiente ad assicurare la conformità al Regolamento, a norma del quale, occorre invece valutare, in concreto, i rischi che possono derivare, in particolare, dalla divulgazione non autorizzata o dall’accesso, in modo accidentale o illegale, a dati personali trasmessi, conservati o comunque trattati. Le misure tecniche ed organizzative che, infatti, il titolare e il responsabile del trattamento sono tenuti ad adottare, devono essere tali da garantire un livello di sicurezza adeguato al rischio, che presenta il trattamento, “tenendo conto dello stato dell’arte e dei costi di attuazione, nonché della natura, dell’oggetto, del contesto e delle finalità del trattamento, come anche del rischio di varia probabilità e gravità per i diritti e le libertà delle persone fisiche” (art. 32 del Regolamento).
Considerato quanto sopra, si rappresenta dunque la necessità che sia introdotto un richiamo specifico agli obblighi di sicurezza previsti dal citato art. 32 del Regolamento, volto ad esplicitare l’obbligo di adottare misure tecniche e organizzative adeguate, per assicurare la disponibilità e l’integrità di sistemi informativi e di dati, anche per prevenire utilizzi indebiti, nonché di adottare procedure per la gestione delle violazioni di dati personali (artt. 33 e 34 del Regolamento), nonché, per quanto riguarda l’attività svolta dal resource provider, all’art. 132-ter del Codice relativo alla sicurezza del trattamento nella fornitura dei servizi di comunicazione elettronica.
In particolare, si ritiene, inoltre, opportuno integrare lo schema (anche eventualmente nell’ambito del paragrafo “Sicurezza e prevenzione di potenziali attacchi”) con indicazioni più puntuali rivolte alle amministrazioni, relative ai livelli di sicurezza, affinché i trattamenti dei dati vengano posti in essere in modo conforme alle garanzie previste in materia di protezione dei dati personali, con specifico riferimento alla necessità di:
- adottare misure di sicurezza volte ad impedire che, tramite il servizio pubblico Wi-Fi free, sia possibile accedere a risorse di rete interne (es. postazioni di lavoro, portale intranet o altri servizi interni) o ad altre risorse esposte su rete SPC;
- individuare specifiche cautele nel caso in cui il servizio pubblico Wi-Fi free sia utilizzato anche dai dipendenti della pubblica amministrazione che fornisce il servizio;
- prevedere il divieto esplicito di trattamento dei dati relativi ai dispositivi degli utenti, a fini di tracciamento dell’ubicazione o degli spostamenti, mediante tecniche di Wi-Fi location tracking.
Da ultimo, anche alla luce di quanto statuito dalla Corte di giustizia nella recente sentenza relativa al caso cd. Schrems II (16 luglio 2020, causa C-311/18), è opportuno evidenziare che con riferimento alla possibile migrazione del controller fisico in un’infrastruttura cloud (prevista nell’ambito del Capitolo 6 rubricato “Possibili evoluzioni tecnologiche del servizio”), l’eventuale scelta del fornitore, qualora esterno all’amministrazione, deve rispondere a tutte le garanzie previste dal Regolamento in relazione ai trattamenti effettuati al di fuori dell’Unione europea.
Considerato quanto sopra si ritiene che lo schema in esame debba essere opportunamente integrato, come rilevato ai precedenti paragrafi 1, 2 e 3, al fine di assicurare la conformità ai principi e alle garanzie previsti dal Regolamento e dal Codice nel trattamento di dati personali effettuato dai soggetti che erogano servizi Wi-Fi free, ai sensi dell’art. 8- bis del CAD.
ai sensi degli artt. 36, par. 4, e 57, comma 1, lett. c), del Regolamento, esprime parere nei termini di cui in motivazione sullo schema di “Linee guida per l’erogazione del servizio pubblico Wi-Fi free”, predisposto da AgID, ai sensi dell’art. 14-bis e art. 71 del decreto legislativo 7 marzo 2005, n. 82, Codice dell’amministrazione digitale.
Newsletter 1/12/2020 - Wi-Fi pubblico gratuito, il Garante chiede all’Agid più tutele per gli utenti - Questura non rettifica i dati, il Garante privacy sanziona il Ministero dell'interno - Diritto all'oblio, Garante: sì per chi è risultato estraneo a vicende giudiziarie
Newsletter 1/12/2020 - Wi-Fi pubblico gratuito, il Garante chiede all’Agid più tutele per gli utenti - Questura non rettifica i dati, il Garante privacy sanziona il Ministero dell'interno - Diritto all'oblio, Garante: sì per chi è risultato estraneo a vicende giudiziarie"
5217175,Trattamento di dati personali effettuato attraverso la localizzazione di...,https://www.garanteprivacy.it/home/docweb/-/docweb-display/docweb/5217175,"Trattamento di dati personali effettuato attraverso la localizzazione di dispositivi smartphone - 18 maggio 2016 [5217175]
Trattamento di dati personali effettuato attraverso la localizzazione di dispositivi smartphone - 18 maggio 2016 [5217175]
NELLA riunione odierna, in presenza del dott. Antonello Soro, presidente, della dott.ssa Augusta Iannini, vicepresidente, della prof.ssa Licia Califano, componente, e del dott. Giuseppe Busia, segretario generale;
1.1. SITE S.p.A. (di seguito, la società) ha presentato una richiesta di verifica preliminare ai sensi dell´art. 17 del Codice, in relazione al trattamento dei dati personali connesso all´attivazione di una funzionalità di localizzazione geografica mediante l´installazione di una specifica applicazione sugli smartphone aziendali forniti in dotazione ai dipendenti che svolgono l´attività lavorativa all´esterno delle sedi aziendali. Il dispositivo consentirebbe di raccogliere, al momento dell´attivazione dell´applicazione da parte del lavoratore, l´orario di ""inizio e fine lavoro,  […] inizio e fine pausa pranzo, […] inizio e fine di un evento meteorologico di maltempo"" associato alla rilevazione della posizione geografica effettuata mediante il sistema GPS - Global Positioning System (cfr. istanza 23.9.2015, p. 1-2).
Gli scopi perseguiti con l´adozione del sistema sono indicati nella possibilità di effettuare il ""calcolo della presenza dei dipendenti, orario di lavoro – ordinario, straordinario, notturno – per l´elaborazione della busta paga""; il calcolo della ""sospensione momentanea o definitiva del lavoro e conseguentemente l´orario di lavoro effettivo svolto""; nonché ""il calcolo delle indennità di viaggio e di trasferta spettanti al dipendente e per conoscere la località ove si verifica l´evento meteorologico del maltempo che l´Azienda deve indicare nella richiesta di Cassa integrazione ordinaria"" (cfr. istanza cit., p. 1-2).
L´applicazione ˗ predisposta da una società terza che, secondo quanto dichiarato, non avrà accesso ai dati raccolti ˗ opererebbe connettendosi ""con il sistema informatico aziendale di gestione del personale/amministrazione"" memorizzando i dati indicati. L´applicativo, inoltre, ""potrà essere disattivat[o] dal dipendente per il periodo non lavorativo (pausa pranzo ˗ fine attività lavorativa)"" (cfr. istanza cit., p. 2). E´ altresì previsto, in caso di malfunzionamento del sistema GPS, l´inserimento manuale dei dati da parte dal dipendente ""in risposta a domande dell´applicazione"", riferite alle ""fasce di trasferta e le fasce di viaggio secondo i codici aziendali"". Il dipendente dovrà inserire anche ulteriori informazioni riguardanti mansione, qualifica, numero della commessa, dichiarazione di esecuzione delle attività a regola d´arte e secondo le norme aziendali, allo scopo di ""gestire la commessa di lavoro e di prevenire/gestire eventuali reclami o difformità del cliente"" (cfr. istanza cit., p. 2).
I dati raccolti, cui avrebbero accesso ""in via esclusiva i responsabili dei dipendenti che ne coordinano le attività, l´Ufficio amministrazione e paghe, per la gestione degli adempimenti connessi al rapporto di lavoro e solo in caso di esigenze informatiche/manutenzione, l´Ufficio Informatico Aziendale"", saranno conservati ""sui sistemi aziendali per il tempo necessario allo svolgimento delle finalità indicate e per i tempi previsti per legge"" (cfr. istanza cit., p. 2). Inoltre i dati saranno conservati ""per un breve periodo"" anche sul dispositivo, per consentire ai lavoratori l´invio dei dati anche in un momento successivo, in caso di mancata copertura della rete o comunque per visualizzare ""a fine giornata il riepilogo dei dati giornalieri"" (cfr. istanza cit., p. 2).
Il sistema non consentirebbe alcuna ""ulteriore interazione […] con altre informazioni presenti sullo smartphone (posta elettronica, traffico telefonico, sms, ecc.)"".
La società, infine, ha dichiarato che predisporrà adeguate misure di sicurezza relativamente al trattamento dei dati (compresa la designazione di incaricati ed eventuali responsabili esterni), che fornirà ai dipendenti una specifica informativa scritta e provvederà ad aggiornare la notificazione al Garante ai sensi dell´art. 37 del Codice (cfr. istanza cit., p. 3).
a. vista la natura dell´attività svolta, consistente nella realizzazione  e manutenzione di impianti telefonici ed elettrici, ""ad eccezione delle sole attività di ufficio che avvengono all´interno degli stabili aziendali e per le quali non valgono questi sistemi"", l´attività della gran parte dei lavoratori si svolge presso ""abitazioni di utenti privati, strade ed edifici pubblici e, più in generale, qualsiasi altro luogo pubblico o privato"" (cfr. nota 30.12.2015, p. 1);
b. il sistema prevede altresì l´attivazione della funzionalità di localizzazione geografica ""in quanto tale dato (localizzazione di inizio e fine attività lavorativa) è necessario per calcolare automaticamente l´indennità di viaggio che, in base a quanto previsto dal contratto collettivo […], spetta al lavoratore in misura diversa a seconda del luogo in cui opera. Oggi i dati […] sono rilevati […] tramite la compilazione di moduli cartacei con enorme dispendio di tempo e difficoltà gestionali"" (cfr. nota cit., p. 1);
c. posto che il rimborso forfettario dei pasti consumati durante la giornata lavorativa si differenzia a seconda ""che il pasto venga consumato all´interno del Comune di assunzione della sede di riferimento"" o in altro comune e che ""il comune dove ha inizio la pausa pranzo […] spesso non coincide con il comune ove ha inizio l´attività lavorativa […] risulta essere necessaria la localizzazione geografica anche al momento della timbratura effettuata all´inizio della pausa pranzo"" (cfr. nota cit., p. 2);
d. per quanto riguarda la localizzazione geografica relativa ""all´inizio del maltempo […] tale informazione […] consente all´azienda di espletare correttamente la richiesta agli enti (Inps) di cassa integrazione maltempo e, in caso di ispezione di tali enti, di comunicare a costoro le località ove il maltempo si è verificato"" (cfr. nota cit., p. 2);
e. ""il sistema non consente di procedere alla geolocalizzazione da remoto in tempo reale in momenti differenti dal momento dell´accensione del sistema per l´effettuazione delle timbrature"" (cfr. nota cit., p. 2);
f. circa i tempi di conservazione dei dati relativi alla posizione geografica, questi sono destinati a confluire nel libro unico del lavoro che in base alla normativa vigente deve conservare le informazioni ivi contenute per cinque anni dall´ultima registrazione; posto inoltre che, ""con riferimento al termine di prescrizione dei contributi, nel caso di denuncia da parte del lavoratore, tale termine risulta essere pari a 10 anni"", la società intende pertanto conservare tali dati per 10 anni, salva eventuale diversa valutazione dell´Autorità (cfr. nota cit., p. 3);
g. ""al fine di disciplinare le modalità, le finalità e i limiti del trattamento dei dati a norma di legge l´azienda ha stipulato a livello nazionale un accordo sindacale e, successivamente, anche accordi sindacali a livello territoriale. La società sta provvedendo alla stipula di accordi presso altre sedi"" (cfr. nota cit., p. 3).
Il trattamento dei dati personali dei dipendenti sottoposto a verifica preliminare consente di rilevare la localizzazione geografica di dispositivi smartphone (e, indirettamente, del lavoratore cui il dispositivo è affidato) attraverso l´attivazione di una applicazione che interagisce con il sistema aziendale di gestione del personale.
Considerato che i dati personali relativi alla geolocalizzazione ˗ riferiti alla ""posizione geografica dell´apparecchiatura terminale dell´utente di un servizio di comunicazione elettronica accessibile al pubblico"", in base all´art. 4, comma 2, lett. i) del Codice ˗ devono essere trattati adottando particolari cautele e che i dispositivi smartphone sono, in considerazione delle normali potenzialità d´uso e dell´utilizzo comune degli stessi, destinati a ""seguire"" la persona che li detiene indipendentemente dalla distinzione tra tempo di lavoro e tempo di non lavoro, tale trattamento presenta rischi specifici per la libertà, i diritti e la dignità del dipendente (v. provv.ti n. 401 dell´11 settembre 2014, doc. web n.
; analogamente, in ambito europeo, v. Gruppo di lavoro sulla protezione dei dati - Articolo 29, Parere 13/2011 sui servizi di geolocalizzazione su dispositivi mobili intelligenti, WP 185, 16 maggio 2011; si veda anche la Raccomandazione CM/Rec(2015)5 sul trattamento di dati personali nel contesto occupazionale, par. 16).
La società dichiara di voler attivare il sistema descritto in precedenza (v. par. 1) per scopi connessi alle particolari esigenze organizzative e produttive derivanti dallo svolgimento dell´attività di impresa ˗ consistente nella realizzazione e manutenzione di impianti telefonici ed elettrici ˗ per lo più al di fuori delle sedi aziendali, in particolare presso cantieri o luoghi esterni o presso utenze pubbliche o private. Il sistema, in particolare, si renderebbe necessario per effettuare il calcolo delle ore di lavoro prestate, delle indennità dovute e per precostituire elementi utili alla documentazione di istanze presentate, nei casi previsti dalla legge, presso enti pubblici.
In termini generali le finalità del prospettato trattamento risultano lecite. L´adozione di un sistema che associ determinati dati di localizzazione geografica (inizio e fine dell´attività lavorativa, inizio della pausa pranzo, inizio maltempo), alla gestione informatizzata della rilevazione delle ore di lavoro prestate dal personale tecnico in servizio al di fuori delle sedi aziendali (attraverso la sostituzione della modulistica cartacea con la timbratura ""virtuale"" effettuata tramite il dispositivo portatile) o della indicazione del verificarsi di particolari condizione atmosferiche, consente di effettuare il calcolo delle indennità (o altri emolumenti) spettanti in base al contratto di lavoro nonché di acquisire elementi preordinati alla presentazione all´ente competente, secondo quanto stabilito dalla disciplina di settore, delle domande di cassa integrazione ordinaria per impossibilità di svolgere la prestazione lavorativa a seguito di eventi meteorologici (intemperie stagionali).
Pertanto, considerato anche che la società ha provveduto a stipulare un accordo con le organizzazioni sindacali ai sensi dell´articolo 4 della legge 20 maggio 1970, n. 300 ˗ richiamato dall´articolo 114 del Codice ˗, si ritiene che i descritti trattamenti possano essere effettuati, nei confronti dei dipendenti, per effetto del presente provvedimento che, in applicazione della disciplina sul c.d. ""bilanciamento di interessi"", individua un legittimo interesse al trattamento di tale tipologia di dati in relazione alle finalità rappresentate (art. 24, comma 1, lett. g) del Codice).
4.1. Il trattamento di dati relativi alla localizzazione geografica dei dispositivi (inizio e fine dell´attività lavorativa, inizio della pausa pranzo), in associazione alla timbratura ""virtuale"", per la rappresentata necessità di effettuare il calcolo delle dovute indennità di viaggio e di trasferta (compresi i rimborsi per i pasti) in caso di interventi effettuati dai tecnici presso cantieri o impianti esterni ˗ in relazione ai quali può risultare in concreto difficile individuare esattamente la località e il comune di appartenenza ˗ risulta conforme al principio di pertinenza e non eccedenza dei dati trattati rispetto alle finalità perseguite (cfr. art. 11. comma 1, lett. d) del Codice). Per le stesse ragioni è altresì conforme al menzionato principio la localizzazione del dispositivo nel caso in cui l´inizio del maltempo si verifichi presso cantieri o impianti esterni.
Quanto alle modalità del trattamento, risultano altresì proporzionate la predisposizione di una procedura alternativa in caso di malfunzionamento del dispositivo (anche per assenza o insufficiente copertura del GPS) nonché la consentita disattivazione dell´applicativo al di fuori dell´orario di lavoro e nella pausa per il pranzo e la predisposizione del sistema in modo da non consentire la rilevazione della posizione geografica al di fuori della attivazione della funzionalità nei casi stabiliti.
5.1. Per quanto riguarda la conservazione dei dati di geolocalizzazione, posto che in base ai principi di necessità e di pertinenza e non eccedenza i tempi di conservazione delle diverse tipologie di dati personali eventualmente trattati devono essere individuati tenendo conto di ciascuna delle finalità in concreto perseguite, si ritiene che la società, intendendo avvalersi del sistema di localizzazione anche per la regolare tenuta del libro unico del lavoro, potrà conservare per cinque anni i dati necessari, limitatamente alle informazioni che nello stesso devono essere annotate in base alla disciplina di riferimento (artt. 3 e 11, comma 1. lett. d) ed e), del Codice).
5.2. I dati di volta in volta necessari a far valere o difendere un diritto in sede giudiziaria possono, in base ai principi generali, essere trattati per tale finalità per il periodo strettamente necessario al loro perseguimento.
5.3. In relazione ai dati trattati in caso di impossibilità di svolgere la prestazione lavorativa a seguito di particolari eventi meteorologici, i tempi di conservazione dovranno essere commisurati  a quanto previsto dalla specifica disciplina di settore in ordine alla documentazione delle domande di ammissione al trattamento ordinario di integrazione salariale ed alla effettuazione degli eventuali controlli sulla regolarità dei requisiti sottesi alle domande stesse.
Considerate le menzionate potenzialità dei dispostivi smartphone e la particolarità dei dati relativi alla posizione geografica trattati in relazione a finalità distinte, a tutela dei diritti degli interessati la società dovrà configurare il sistema in modo da consentire il trattamento dei dati di localizzazione nei casi predeterminati, impedendo l´eventuale trattamento di dati ultronei rispetto alle finalità indicate (es. dati relativi al traffico telefonico, agli sms, alla posta elettronica, alla navigazione in internet o altro). Il sistema dovrà prevedere sullo schermo del dispositivo, anche quando l´applicazione lavora in background, la presenza di un´icona che indichi che la funzionalità di localizzazione è attiva.
La società dovrà altresì consentire l´accesso ai dati trattati al solo personale incaricato. Per quanto riguarda l´accesso ai dati di localizzazione nel sistema aziendale di gestione del personale, devono essere assegnate credenziali di autenticazione differenziate per ogni incaricato, individuando profili autorizzativi personalizzati e limitando quanto più possibile l´assegnazione di profili con funzionalità di modifica ed estrazione dei dati. Per quanto riguarda tali ultimi profili autorizzativi, è necessario che siano  registrati gli accessi ai dati di rilevazione, tramite un apposito file di log riportante la data e l´ora dell´operazione, il tipo di operazione effettuata, i dipendenti visualizzati e l´identificativo dell´incaricato.
Devono altresì essere individuati tempi certi per la cancellazione dei dati conservati temporaneamente sul dispositivo, operazione che deve essere effettuata dal dipendente salvaguardando eventuali esigenze di ulteriore conservazione da parte dello stesso.
Infine la società dovrà attenersi, in quanto applicabili, alle prescrizioni ed alle raccomandazioni contenute nel provvedimento del Garante del 1° marzo 2007, n. 13 (""Linee guida per posta elettronica e internet"": doc. web n.
), segnatamente in caso di predisposizione di misure di sicurezza al fine di assicurare la disponibilità e l´integrità di sistemi informativi e di dati nonché a seguito della riconsegna del dispositivo per interventi di manutenzione o in caso di cessazione del rapporto di lavoro.
Resta fermo che la società, prima dell´inizio dei descritti trattamenti - come del resto, per alcuni aspetti, già rilevato nell´istanza -  è tenuta in base alla normativa vigente a:
b. fornire ai dipendenti della società coinvolti dai descritti trattamenti, un´informativa comprensiva di tutti gli elementi contenuti nell´articolo 13 del Codice (tipologia di dati, finalità e modalità del trattamento, compresi i tempi di conservazione), anche in conformità al principio di correttezza in base al quale il titolare è tenuto a rendere chiaramente riconoscibili agli interessati i trattamenti che intende effettuare (art. 11, comma 1, lett. a), del Codice);
c. adottare le misure di sicurezza previste dagli articoli 31 ss. del Codice al fine di preservare l´integrità dei dati trattati e prevenire l´accesso agli stessi da parte di soggetti non autorizzati;
d. predisporre misure al fine di garantire agli interessati l´esercizio dei diritti previsti dagli articoli 7 e seguenti del Codice.
1. ai sensi dell´articolo 24, comma 1, lett. g), del Codice, stabilisce che il trattamento dei dati personali relativi all´ubicazione dei dipendenti possa essere effettuato mediante il descritto applicativo nei termini di cui in motivazione;
a. adottare specifiche misure idonee a garantire che le informazioni presenti sul dispositivo mobile visibili o utilizzabili dall´applicazione installata siano riferibili esclusivamente a dati di geolocalizzazione nonché ad impedire l´eventuale trattamento di dati ultronei (es. dati relativi al traffico telefonico, agli sms, alla posta elettronica o alla navigazione in internet o altro);
b. configurare il sistema in modo tale che sul dispositivo sia posizionata un´icona che indichi che la funzionalità di localizzazione è attiva; l´icona dovrà essere sempre chiaramente visibile sullo schermo del dispositivo, anche quando l´applicazione lavora in background;
c. consentire l´accesso ai dati trattati ai soli incaricati della società che, in ragione delle mansioni svolte o degli incarichi affidati, possono prenderne legittimamente conoscenza;
d. in relazione all´accesso ai dati di localizzazione nel sistema aziendale di gestione del personale, assegnare credenziali di autenticazione differenziate per ogni incaricato, individuando profili autorizzativi personalizzati e limitando quanto più possibile l´assegnazione di profili con funzionalità di modifica ed estrazione dei dati; con riferimento a tali ultimi profili autorizzativi, registrare gli accessi ai dati di rilevazione tramite un apposito file di log riportante la data e l´ora dell´operazione, il tipo di operazione effettuata, i dipendenti visualizzati e l´identificativo dell´incaricato;
e. individuare tempi certi per la cancellazione dei dati conservati temporaneamente sul dispositivo, che deve essere effettuata dal dipendente salvaguardando eventuali esigenze di ulteriore conservazione da parte dello stesso;
3. rammenta la necessità di effettuare la notificazione al Garante ai sensi dell´articolo 37, comma 1, lett. a), del Codice, di fornire ai dipendenti un´informativa completa di tutti gli elementi previsti dall´articolo 13 del Codice, di predisporre misure al fine di garantire agli interessati l´esercizio dei diritti previsti dagli articoli 7 e seguenti del Codice (punto 6.);
4. rammenta la necessità di attenersi, in quanto applicabili, alle prescrizioni ed alle raccomandazioni contenute nel provvedimento del Garante del 1° marzo 2007, n. 13 (""Linee guida per posta elettronica e internet""), in caso di trattamenti effettuati in occasione della predisposizione di idonee misure di sicurezza per assicurare la disponibilità e l´integrità di sistemi informativi e di dati e a seguito della riconsegna del dispositivo per interventi di manutenzione o a seguito della cessazione del rapporto di lavoro.
Ai sensi degli articoli 152 del Codice e 10 del decreto legislativo n. 150 del 2011, avverso il presente provvedimento può essere proposta opposizione all´autorità giudiziaria ordinaria, con ricorso depositato al tribunale ordinario del luogo ove ha la residenza il titolare del trattamento dei dati, entro il termine di trenta giorni dalla data di comunicazione del provvedimento stesso, ovvero di sessanta giorni se il ricorrente risiede all´estero.
Trattamento di dati personali dei dipendenti effettuato attraverso la localizzazione di dispositivi smartphone  Verifica preliminare richiesta da Ericsson Telecomunicazioni s p a  - 11 settembre 2014
Trattamento di dati personali dei dipendenti effettuato attraverso la localizzazione di dispositivi smartphone  Verifica preliminare richiesta da Wind Telecomunicazioni s p a  - 9 ottobre 2014"
10085707,Parere sullo schema di deliberazione dell’Autorità di regolazione per...,https://www.garanteprivacy.it/home/docweb/-/docweb-display/docweb/10085707,"Parere sullo schema di deliberazione dell’Autorità di regolazione per energia reti e ambiente – ARERA recante “Messa a disposizione dei dati di misurazione dell’energia elettrica e del gas naturale dei clienti finali alle parti terze da essi autorizzate e aggiornamento dell’area privata del Portale consumi” - 14 novembre 2024 [10085707]
Parere sullo schema di deliberazione dell’Autorità di regolazione per energia reti e ambiente – ARERA recante “Messa a disposizione dei dati di misurazione dell’energia elettrica e del gas naturale dei clienti finali alle parti terze da essi autorizzate e aggiornamento dell’area privata del Portale consumi” - 14 novembre 2024 [10085707]
Parere sullo schema di deliberazione dell’Autorità di regolazione per energia reti e ambiente – ARERA recante “Messa a disposizione dei dati di misurazione dell’energia elettrica e del gas naturale dei clienti finali alle parti terze da essi autorizzate e aggiornamento dell’area privata del Portale consumi” - 14 novembre 2024
NELLA riunione odierna, alla quale hanno preso parte il prof. Pasquale Stanzione, presidente, la prof.ssa Ginevra Cerrina Feroni, vicepresidente, il dott. Agostino Ghiglia e l’avv. Guido Scorza, componenti, e il cons. Fabio Mattei, segretario generale;
VISTO il Regolamento (UE) 2016/679 del Parlamento europeo e del Consiglio, del 27 aprile 2016, relativo alla protezione delle persone fisiche con riguardo al trattamento dei dati personali, nonché alla libera circolazione di tali dati e che abroga la direttiva 95/46/CE (Regolamento generale sulla protezione dei dati – di seguito, Regolamento);
VISTO il d.lgs. 30 giugno 2003, n. 196, recante “Codice in materia di protezione dei dati personali” (di seguito, Codice);
L’Autorità di regolazione per energia reti e ambiente (di seguito, ARERA), con nota del 30 aprile 2024, ha trasmesso al Garante la deliberazione 23 aprile 2024, n. 158/2024/R/com, con cui ha dato avvio al procedimento per le definizione delle regole per la messa a disposizione dei dati di immissione e prelievo dell’energia elettrica e del gas naturale, in favore delle terze parti autorizzate dai clienti finali, nonché delle prime modalità attuative dell’elenco delle terze parti e del registro degli accessi, prevedendo, tra le altre cose, che tale procedimento si concluda entro il 30 novembre 2024.
A seguito dello svolgimento di apposita consultazione pubblica, disposta dall’ARERA con delibera del 23 luglio 2024, n. 316/2024/R/com, nonché di numerose interlocuzioni con l’Ufficio del Garante (avvenute sia prima che dopo la predetta consultazione), la menzionata Autorità ha sottoposto al Garante, con note del 15 ottobre e 5 novembre 2024, lo schema di deliberazione recante “Messa a disposizione dei dati di misurazione dell’energia elettrica e del gas naturale dei clienti finali alle parti terze da essi autorizzate e aggiornamento dell’area privata del Portale consumi”, comprensiva di due allegati (che ne costituiscono parte integrante) e attuativa dell’art. 9, commi 3, lett. d), e 3-bis, del d.lgs. 4 luglio 2014, n. 102, al fine di acquisirne il parere di competenza.
L’art. 1-bis del d.l. 8 luglio 2010, n. 105, convertito, con modificazioni, dalla l. 13 agosto 2010, n. 129, ha istituito presso l'Acquirente unico S.p.A. (di seguito, Gestore) il Sistema informativo integrato per la gestione dei flussi informativi relativi ai mercati dell'energia elettrica e del gas, basato su una banca dati dei punti di prelievo e dei dati identificativi dei clienti finali (di seguito, SII), rimettendo all’ARERA il compito di emanare i criteri generali sul funzionamento del sistema medesimo.
Il SII è stato successivamente arricchito di funzionalità da parte del legislatore, che, dopo avervi ricompreso anche i dati sulle misure dei consumi di energia elettrica e di gas (cfr. art. 22 del d.l. 24 gennaio 2012, n. 1, convertito, con modificazioni, dalla l. 24 marzo 2012, n. 27), ha previsto l’introduzione di un’interfaccia che permettesse ai clienti finali di accedere ai dati riguardanti i propri consumi (cfr. art. 1, comma 8, della l. 27 dicembre 2017, n. 205).
A quest’ultimo riguardo, l’ARERA, mediante la deliberazione del 25 giugno 2019, n. 270/2019/R/com – su cui il Garante si è pronunciato con provv. n. 131 del 20 giugno 2019 (disponibile sul sito istituzionale www.garanteprivacy.it, doc. web n. 9123551) – ha approvato il regolamento che disciplina la realizzazione, all’interno del SII, del “Portale dei consumi” (di seguito, Portale).
Il legislatore, con il d.lgs. 4 luglio 2014, n. 102, nel dare attuazione ad apposita regolazione di matrice europea, ha inoltre introdotto forme di accessibilità, da parte di soggetti terzi, ai dati riferiti ai clienti finali contenuti nel SII (cfr. art. 9).
A questo proposito, la l. 30 dicembre 2023, n. 214, ha, da ultimo, modificato il menzionato art. 9 del d.lgs. 102/2014, stabilendo che:
a) l’ARERA definisca le modalità attraverso le quali, “nel caso dell'energia elettrica e del gas naturale, su richiesta del cliente finale, l'Acquirente Unico S.p.A., in qualità di gestore del Sistema informatico integrato di cui all'articolo 1-bis del decreto-legge 8 luglio 2010, n. 105, convertito, con modificazioni, dalla legge 13 agosto 2010, n. 129, per il tramite del Portale dei consumi di energia elettrica e di gas naturale istituito ai sensi dell'articolo 1, comma 8, della legge 27 dicembre 2017, n. 205, metta i dati del contatore di fornitura relativi all'immissione e al prelievo di energia elettrica e al prelievo del gas naturale a disposizione del medesimo cliente finale o, su sua richiesta formale, a disposizione di un soggetto terzo univocamente designato, nel rispetto della normativa in materia di protezione dei dati personali, in un formato facilmente comprensibile che possa essere utilizzato per confrontare offerte comparabili ovvero per l'erogazione di servizi da parte dei predetti soggetti terzi” (art. 9, comma 3, lett. d), del d.lgs. 102/2014);
b) “È istituito presso l'Acquirente Unico S.p.A. un registro informatico recante l'elencazione dei soggetti terzi che accedono ai dati del cliente finale ai sensi del comma 3, lettera d). Il registro di cui al primo periodo garantisce a titolo gratuito la messa a disposizione dei clienti finali di ciascuna informazione concernente gli accessi ai dati da parte dei soggetti terzi, comprese la cronologia di tali accessi e la tipologia di dati consultati […]” (art. 9, comma 3-bis, del d.lgs. 102/2014).
Lo schema sottoposto all’esame del Garante prevede l’approvazione della “Disciplina relativa all’accesso di terze parti autorizzate ai dati di misura di energia elettrica e gas naturale” (allegato A) e del nuovo “Regolamento di funzionamento del portale consumi di cui all’articolo 1, comma 8, della legge 205/2017” (allegato B, sostitutivo del precedente del 2019), nonché, tra le altre cose, demanda al Gestore, “affinché possa prevedere, in qualità di autonomo titolare dei dati personali presenti sul SII e sul Portale Consumi, [la] definizione delle specifiche tecniche necessarie all’implementazione di quanto previsto dal presente provvedimento”.
In particolare, viene previsto che il cliente finale possa mettere a disposizione delle terze parti i propri dati di misura esclusivamente per le sole finalità di confronto di offerte comparabili e di erogazione di servizi connessi all’energia, indicando quale delle due con riferimento a ciascuna richiesta di autorizzazione (art. 2 all. A).
Le terze parti a cui il cliente finale può conferire l’autorizzazione all’accesso, previa richiesta di iscrizione ad apposito elenco, sono le imprese di vendita (allo stato già accreditate al SII), nonché ulteriori soggetti che forniscono servizi connessi alle summenzionate finalità – previo accreditamento al SII – e che appartengono a categorie selezionate (quali, ad esempio, società di servizi energetici, comunità energetiche, associazioni di consumatori o di imprese) e siano già identificati presso GSE, Terna, CNCU o CNEL, rimandando a successive valutazioni l’ammissibilità, tra quelli autorizzabili, di soggetti che tipicamente operano al di fuori del contesto energetico e non risultano iscritti in elenchi identificativi (artt. 3 e 4 all. A).
Le tipologie di dati personali oggetto di messa a disposizione delle terze parti comprendono, oltre al POD/PDR della fornitura, solo i dati effettivi direttamente rilevati dagli strumenti di misura (incluso il dato della potenza massima assorbita), validati dalle imprese di distribuzione e disponibili nell’ambito del SII, con l’indicazione della data di rilevazione e della tipologia del dato, escludendo, quindi, dati diversi dalle mere misurazioni, loro elaborazioni e dati propri del contratto (pp. 15 e 16 della deliberazione, art. 6-bis all. B).
Per quanto concerne il periodo di riferimento nel quale i dati sono messi a disposizione delle terze parti, vengono distinti due casi (art. 6-bis all. B): nel caso di autorizzazione concessa per la finalità del confronto di offerte comparabili, tale periodo è compreso tra la data di autorizzazione e i dodici o ventiquattro mesi precedenti, se disponibili, su indicazione del cliente finale; nel caso di autorizzazione concessa per la finalità del confronto di erogazione di servizi energetici, tale periodo è compreso tra dodici mesi precedenti dal primo giorno del mese successivo alla data di autorizzazione, se disponibili, e, secondo indicazioni da parte del cliente, al più ventiquattro mesi dal primo giorno del mese successivo alla data di autorizzazione; la cessazione della messa a disposizione dei dati di misura avviene al raggiungimento del primo termine fra la fine del periodo di riferimento, la data della fine di validità dell’autorizzazione o la data dell’eventuale revoca dell’autorizzazione da parte del cliente.
Nel processo di autorizzazione di ciascuna terza parte da parte del cliente finale – che accede alla propria area privata del Portale previa autenticazione tramite SPID o CIEId di livello 2 – è previsto che:
- i soggetti che intendono essere autorizzati, dopo essere stati iscritti in un apposito elenco, presentino, nell’ambito del SII, la richiesta di autorizzazione alla messa a disposizione dei dati di misura di un cliente finale, indicando codice POD/PDR della fornitura di energia elettrica/gas naturale di cui è titolare il cliente, codice fiscale/partita IVA del cliente, dichiarazione in merito all’esistenza di un contratto/accordo con il cliente finale (che è esterno e preliminare), verificabile su richiesta – comprensiva dell’informativa resa a quest’ultimo, in sede di accordo, in ordine ai trattamenti effettuati per le finalità di cui alla disciplina in esame – e finalità di utilizzo dei dati (comparazione delle offerte commerciali e/o erogazione di servizi connessi all’energia) (art. 5 all. A);
- successivamente, il Gestore, accertata la coerenza delle informazioni riportate, comunichi tale esito alla terza parte richiedente e generi una richiesta di autorizzazione nell’area privata del Portale del corrispondente cliente finale (artt. 6.1 e 6.2 all. A);
- nel caso di cliente finale persona fisica (identificato da codice fiscale, quindi che si tratti di privato cittadino o anche di professionista o imprenditore individuale), l’autorizzazione sia confermata da quest’ultimo entro 3 giorni lavorativi, spirati i quali la richiesta di autorizzazione è cancellata, prevedendo altresì che, qualora vengano formulate da terze parti altre richieste di autorizzazione mentre ve ne sia già una attiva, le altre richieste siano rese visibili al cliente, nella sua area privata, solo quando la prima richiesta sarà stata o confermata o annullata, e comunque una alla volta in ordine di formulazione (artt. 6.3 e 6.4 all. A);
- insieme all’autorizzazione, siano trasmessi alla terza parte anche indicazioni, fornite dallo stesso cliente, in merito alla finalità di utilizzo dei dati di misura, al periodo di riferimento dei dati di misura e dei termini temporali di validità dell’autorizzazione (art. 7 all. A);
Al termine del periodo di efficacia dell’autorizzazione, o alla sua revoca da parte del cliente finale, alla terza parte, all’uopo informata dal Gestore, vengono impediti ulteriori accessi ai dati estratti e fino ad allora messi a disposizione, mentre, con riferimento ai dati precedentemente scaricati, la stessa procede alla loro cancellazione affinché non siano effettuati ulteriori trattamenti; la terza parte risponde del relativo trattamento illecito secondo quanto previsto dalla normativa in materia di trattamento dei dati personali (art. 8 all. A).
È inoltre previsto che il Gestore del SII svolga attività di controllo e monitoraggio sui requisiti delle terze parti verificati in fase di accreditamento (anche al fine di individuare tempestivamente casi di utilizzo improprio delle credenziali di accesso), sulle richieste di autorizzazione (incluse quelle non accettate e quelle revocate, anche al fine di individuare e bloccare tempestivamente eventuali richieste anomale, massive o ripetute) e sul registro informatico degli accessi (anche al fine di individuare eventuali accessi ai dati irregolari o impropri); ciò per consentire al Gestore di porre in essere tutti gli interventi necessari (come la sospensione o la rimozione della terza parte o l’inibizione all’operatività) (art. 9 all. A).
Infine, nella propria area privata del Portale, il cliente finale, oltre ad accedere direttamente ai dati delle proprie forniture di energia, potrà anche gestire le autorizzazioni (e le relative revoche) alla messa a disposizione dei propri dati rilasciate nei confronti delle terze parti (art. 4-bis all. B).
A partire dall’invio della deliberazione 158/2024/R/com, tra gli Uffici delle due Autorità si è instaurato un confronto volto a prevedere, nei trattamenti in questione, le garanzie necessarie per assicurare la conformità alla disciplina in materia di protezione dei dati personali.
Ciò nella consapevolezza dei rischi elevati connessi all’introduzione di un meccanismo attraverso cui i clienti finali possono consentire, a una potenzialmente vasta platea di terze parti, di accedere alle informazioni relative ai propri consumi energetici.
Rischi che, prima di tutto, attengono all’esigenza di una reale consapevolezza degli interessati in merito alle scelte (e alle relative conseguenze) circa la messa a disposizione di terzi di informazioni che concernono le proprie abitudini energetiche, nonché alla necessità di assicurare, nei fatti, che gli accessi siano limitati ai soli soggetti (e relativi operatori) e per le sole finalità per i quali è stata espressa una specifica volontà, mitigando, dunque, le eventualità che si pongano in essere trattamenti non autorizzati.
In questo quadro, al fine di rendere conformi alla normativa in materia di protezione dei dati personali i trattamenti in esame, in ossequio al principio di privacy by design e by default (art. 25 del Regolamento), lo schema di deliberazione e i relativi allegati tengono conto delle indicazioni fornite dall’Ufficio nel corso delle menzionate interlocuzioni, avendo individuato misure affinché, in particolare:
- l’autorizzazione per la messa a disposizione dei dati personali sia conferita dal cliente finale esclusivamente per le sole finalità determinate, esplicite e legittime (le due tipologie di servizi individuate) previste dalla normativa cui si sta dando attuazione – nonché per un limite temporale scelti dallo stesso – e il Gestore possa verificare presso la terza parte la corrispondenza tra autorizzazione rilasciata e accordo preliminare che ne dovrebbe stare alla base, nel rispetto dei principi di liceità, correttezza e trasparenza e di limitazione della finalità (art. 5, par. 1, lett. a) e b), del Regolamento); quindi una volta scaduta o revocata l’autorizzazione, i dati acquisiti dal SII nel modo ivi descritto dovranno essere cancellati da parte delle medesime terze parti, e gli ulteriori dati non potranno essere più accessibili, nel rispetto del principio di limitazione della conservazione (art. 5, par. 1, lett. e), del Regolamento). Ciò per assicurare che le terze parti, tramite il meccanismo disciplinato dallo schema di deliberazione in esame, possano effettuare, a mezzo dei dati personali acquisiti dal SII, i soli trattamenti necessari per il perseguimento delle predette finalità, senza, dunque, porre in essere trattamenti ulteriori per le medesime finalità (ad esempio, ulteriori comparazioni al di fuori del perimetro temporale dell’autorizzazione) né, tantomeno, per ulteriori e diverse finalità (come il marketing o la profilazione); eventuali trattamenti che, in quanto diversi da quelli ammessi dalla disciplina normativa in esame, dovrebbero essere fondati su autonome e idonee condizioni di liceità (tra quelle previste dall’art. 6 del Regolamento), previa la somministrazione di informazioni adeguate agli interessati (ai sensi degli artt. 12 e 13 del Regolamento), in ogni caso al di fuori dei processi che con lo schema di deliberazione in esame si stanno strutturando;
- siano individuate e rese evidenti agli interessati le categorie di soggetti cui i dati potranno essere messi a disposizione in base alle finalità specificamente perseguite e alle tipologie di servizi offerti, limitando l’ambito di applicazione del procedimento alle sole finalità di confronto di offerte comparabili e di erogazione di servizi energetici ed evitando, allo stato, di consentire l’accesso a categorie di soggetti esterni al settore energetico, nel rispetto dei principi di proporzionalità, di liceità, correttezza e trasparenza, di limitazione della finalità e di minimizzazione dei dati (art. 5, par. 1, lett. a), b) e c), e art. 6, par. 3, del Regolamento);
- le tipologie di dati personali che potranno essere messi a disposizione delle terze parti siano effettivamente limitate a quelle necessarie al perseguimento delle finalità esplicitate, anche con riferimento alla profondità temporale delle informazioni relative ai consumi storici, nel rispetto del principio di minimizzazione dei dati (art. 5, par. 1, lett. c), del Regolamento); in questa prospettiva, sono adottate anche misure tecniche che assicurano una rigorosa separazione con altre porzioni del Portale e, più in generale, del SII, non coinvolte nei processi in esame;
- agli interessati siano attribuiti poteri di controllo sugli accessi alle proprie informazioni e sulle autorizzazioni nei confronti delle terze parti, anche al fine di consentire loro di avere cognizione, gestire e revocare le medesime autorizzazioni, nel rispetto dei principi di liceità, correttezza e trasparenza e di integrità e riservatezza, degli obblighi di sicurezza e con l’obiettivo di assicurare l’esercizio dei diritti (art. 5, par. 1, lett. a) e f), artt. 12 e ss. e art. 32 del Regolamento); in questo ambito, gli interessati vengono adeguatamente informati dal Gestore anche in merito ai trattamenti posti in essere per finalità di messa a disposizione dei dati di misura a terze parti previamente autorizzate;
- siano previsti strumenti di controllo da parte del Gestore, introducendo apposite verifiche periodiche e procedure di audit e monitoraggio al fine di prevenire possibili trattamenti non autorizzati, nel rispetto del principio di integrità e riservatezza e degli obblighi di sicurezza (art. 5, par. 1, lett. f), e art. 32 del Regolamento).
Inoltre, con riferimento alle modalità di autorizzazione, nello schema di deliberazione viene infine previsto che sia la terza parte (previa iscrizione nell’apposito elenco detenuto dal Gestore) a trasmettere una richiesta di conferma dell’autorizzazione al cliente finale (identificato tramite il codice fiscale), specificando le forniture e il periodo temporale per le quali tale conferma è richiesta; spetta poi al cliente confermare esplicitamente, nell’ambito della propria area privata del Portale, la volontà di concedere l’autorizzazione affinché il Gestore possa fornire alla predetta terza parte i dati di misura, selezionando la profondità temporale dei dati storici.
Al riguardo, pur ritenendo maggiormente garantista una diversa opzione basata sull’impulso del cliente finale – che avrebbe dovuto inviare sua sponte l’autorizzazione alla terza parte già individuata in sede di accordo preliminare – le misure introdotte da ARERA appaiono comunque contemperare adeguatamente le esigenze di protezione dei dati personali con quelle di semplificazione dei processi. In particolare, vengono previste le seguenti garanzie:
- la riduzione del rischio che l’autorizzazione venga rilasciata da persona diversa dal cliente finale, grazie all’accesso previo utilizzo di strumenti di autenticazione quali SPID e CIEId di livello 2;
- una maggiore consapevolezza del cliente persona fisica, introducendo la necessità di una conferma dell’autorizzazione rilasciata alla terza parte entro un periodo breve, pari a 3 giorni lavorativi, al termine del quale la richiesta di autorizzazione è cancellata; qualora vengano formulate da terze parti altre richieste di autorizzazione mentre ve ne sia già una attiva, le altre richieste saranno rese visibili al cliente medesimo, nella sua area privata, solo quando la prima richiesta sarà stata o confermata o annullata, e comunque una alla volta in ordine di formulazione.
Lo schema di deliberazione rimette al Gestore “in qualità di autonomo titolare dei dati personali presenti sul SII e sul Portale Consumi, [la] definizione delle specifiche tecniche necessarie all’implementazione di quanto previsto dal presente provvedimento” (punto 4 del dispositivo); al riguardo, cfr. altresì l’art. 9.1 all. B, laddove stabilisce che “Il Gestore, in qualità di titolare del trattamento dei dati personali disponibili nel Portale Consumi, è tenuto a garantire il rispetto della normativa vigente in materia di protezione dei dati personali ai sensi dell’articolo 24 del GDPR”.
Ciò significa che il Gestore, nel rispetto del principio di accountability, è tenuto a individuare nel dettaglio e adottare le misure tecniche e organizzative necessarie per assicurare, in particolare, un adeguato livello di sicurezza dei trattamenti, ai sensi dell’art. 5, parr. 1, lett. f), e 2, e degli artt. 24, 25 e 32 del Regolamento, tenuto conto dei rischi elevati derivanti, in particolare, dall’ampia platea di terze parti – e dall’ancor più ampio numero di operatori posti sotto la loro autorità – che possono potenzialmente accedere ai dati personali contenuti nel SII; rischi connessi sia ad accessi non autorizzati che ad utilizzi dei dati personali (ancorché lecitamente acquisiti tramite il SII) al di fuori del perimetro dell’autorizzazione rilasciata dal cliente finale nell’ambito della disciplina in esame.
Pertanto, il Gestore, preliminarmente alla definizione delle specifiche tecniche richiamate dallo schema di deliberazione dell’ARERA, è tenuto a effettuare la valutazione di impatto sulla protezione dei dati ai sensi dell’art. 35 del Regolamento, al fine di rilevare i rischi connessi e individuare le misure adeguate per prevenirli, mitigarli e gestirli, fermi restando, all’esito di predetta valutazione, l’eventuale consultazione preventiva del Garante ai sensi dell’art. 36, par. 1, del medesimo Regolamento, nonché il potere dell’Autorità di effettuare verifiche con riguardo all’adozione delle garanzie a tutela dei diritti e delle libertà fondamentali delle persone fisiche.
In tale processo valutativo, il Gestore deve considerare, soprattutto, che se finora l’accesso al SII era limitato alle imprese di vendita di energia elettrica e/o di gas naturale (nonché ai distributori, i quali però non rientrano tra i soggetti autorizzabili ai sensi della disciplina in esame), a questo fine già accreditate e dotate di uno specifico profilo, con la deliberazione in esame l’accesso al SII verrà consentito anche a terze parti ad oggi non censite dal Gestore. Ciò significa che,  in capo alle terze parti autorizzabili – che diverranno autonomi titolari dei trattamenti effettuati al fine di fornire, ai clienti finali, servizi energetici e/o di comparazione di offerte – il Gestore dovrà creare appositi profili coerenti con le specifiche finalità, modalità e limiti dei trattamenti consentiti a tali soggetti, assicurando adeguati meccanismi di attribuzione e gestione delle utenze che ne garantiscano costantemente l’attualità e ne monitorino l’operatività e gli accessi al fine di mitigare i rischi di accessi non autorizzati.
ai sensi degli artt. 36, par. 4, e 58, e par. 3, lett. b), del Regolamento, esprime parere favorevole sullo schema di deliberazione dell’Autorità di regolazione per energia reti e ambiente – ARERA recante “Messa a disposizione dei dati di misurazione dell’energia elettrica e del gas naturale dei clienti finali alle parti terze da essi autorizzate e aggiornamento dell’area privata del Portale consumi”, comprensiva di due allegati che ne costituiscono parte integrante, attuativa dell’art. 9, commi 3, lett. d), e 3-bis, del d.lgs. 4 luglio 2014, n. 102."
4877134,“Internet delle cose” sotto la lente delle Autorità garanti privacy,https://www.garanteprivacy.it/home/docweb/-/docweb-display/docweb/4877134,"Prende oggi l´avvio il ""Privacy Sweep 2016"", un´indagine a carattere internazionale dedicata quest´anno a verificare il rispetto della privacy nell´ Internet delle cose - Iot (Internet of Things).
(GPEN) - la rete internazionale nata per rafforzare la cooperazione tra le Autorità della privacy di diversi Paesi - e prenderà in esame dispositivi molto diversi: dai contatori intelligenti ai termostati regolabili via web, dalle smart car agli orologi intelligenti che misurano il battito cardiaco e la pressione sanguigna, dal controllo a distanza degli ascensori ai frigoriferi che segnalano la scadenza dei cibi.
Il Garante italiano concentrerà la sua azione in particolare sulla domotica per verificare il grado di trasparenza nell´uso delle informazioni personali dei consumatori e il rispetto delle norme sulla protezione di dati da parte delle aziende, anche multinazionali, operanti nel settore.
Oltre a quella italiana, altre 28 Autorità garanti della privacy di altrettanti Paesi del mondo parteciperanno all´indagine. Le Autorità valuteranno anche i possibili interventi nei confronti delle aziende  cui dispositivi o servizi risulteranno in violazione delle norme sulla protezione dei dati.
Lo ""Sweep"" (""indagine a tappeto"") sull´Iot fa seguito ad analoghe indagini effettuate negli anni scorsi che hanno preso in esame i servizi online destinati a minori, le informative privacy su siti web e le app per la telefonia mobile.
Ma questi obiettivi devono essere raggiunti in piena trasparenza, informando chiaramente e le persone sull´utilizzo che viene fatto dei loro dati personali, proteggendo questi dati da violazioni e usi impropri con adeguate misure di sicurezza e rispettando la libertà delle persone. E´ essenziale adottare un approccio internazionale alla questione Iot: un´azienda se opera in modo non corretto nei confronti degli utenti può violare, ovunque essa si trovi, le norme sulla protezione dei dati e minare la fiducia nei nuovi oggetti intelligenti che dialogano e interagiscono tra loro"""
10294255,Provvedimento del 3 settembre 2026 [10294255],https://www.garanteprivacy.it/home/docweb/-/docweb-display/docweb/10294255,"NELLA riunione odierna, alla quale hanno preso parte il prof. Pasquale Stanzione, presidente, la prof.ssa Ginevra Cerrina Feroni, vicepresidente, il dott. Agostino Ghiglia, componente, e il dott. Luigi Montuori, segretario generale;
VISTO il Regolamento (UE) 2016/679 del Parlamento europeo e del Consiglio del 27 aprile 2016, relativo alla protezione delle persone fisiche con riguardo al trattamento dei dati personali, nonché alla libera circolazione di tali dati e che abroga la direttiva 95/46/CE, “Regolamento generale sulla protezione dei dati” (di seguito “Regolamento”);
VISTO il d.lgs. 30 giugno 2003, n. 196 recante “Codice in materia di protezione dei dati personali, recante disposizioni per l’adeguamento dell’ordinamento nazionale al Regolamento (UE) 2016/679 del Parlamento europeo e del Consiglio, del 27 aprile 2016, relativo alla protezione delle persone fisiche con riguardo al trattamento dei dati personali, nonché alla libera circolazione di tali dati e che abroga la Direttiva 95/46/CE” (di seguito “Codice”);
VISTO il Regolamento n. 1/2019 concernente le procedure interne aventi rilevanza esterna, finalizzate allo svolgimento dei compiti e all’esercizio dei poteri demandati al Garante per la protezione dei dati personali, approvato con deliberazione n. 98 del 4 aprile 2019, pubblicato in G.U. n. 106 dell’8 maggio 2019 e in www.gpdp.it, doc. web n. 9107633 (di seguito “Regolamento del Garante n. 1/2019”);
Viste le osservazioni formulate dal segretario generale ai sensi dell’art. 15 del Regolamento del Garante n. 1/2000 sull’organizzazione e il funzionamento dell’ufficio del Garante per la protezione dei dati personali, doc. web n. 1098801;
L’Autorità ha appreso da notizie di stampa e da alcune segnalazioni che sarebbero state rinvenute delle telecamere di videosorveglianza all’interno di uno spogliatoio, a uso degli utenti, di una piscina gestita dall’Azienda Speciale per la Gestione degli Impianti Sportivi del Comune di Trento (A.S.I.S. - di seguito, l’“Azienda”).
In riscontro a due richieste d’informazioni formulate ai sensi dell’art. 157 del Codice (v. note del 29 ottobre 2025, prot. n. 0143564 e 13 gennaio 2026, prot. n. 0003526), l’Azienda, con note prot. nn. 19111 del 5 novembre 2025 e 1057 del 19 gennaio 2026, ha dichiarato, in particolare, che:
- “[…] l’episodio fa riferimento al Centro sportivo Trento Nord - frazione Gardolo, in gestione [all’Azienda]. La videosorveglianza in questa struttura, richiamata da apposita segnaletica all’ingresso […], inquadra gli armadietti […] destina[ti] agli utenti in cui gli stessi depositano i propri effetti personali per il tempo necessario allo svolgimento dell’attività sportiva”;
- “non si tratta in alcun modo di controllo dei lavoratori dipendenti […], che sono “toccati” incidentalmente da questo apparato video, ma di utenti fruitori […] della piscina all’aperto”;
- “nei pressi degli armadietti […] non vi sono panche o sedie che possano indurre chi si sveste a sedersi lì e quindi a venire immortalato dall’impianto video”;
- “si tratta di registrazioni che non vengono visionate in contemporanea attraverso l’utilizzo di un monitor periferico e […] il titolare del trattamento […] ha designato due figure incaricate al trattamento dei dati personali del sistema di videosorveglianza […]. Questi due funzionari possono attivarsi al trattamento solo su richiesta dell’Autorità giudiziaria e di pubblica sicurezza”;
- “l’impianto di Trento Nord è stato più volte nel recente passato oggetto di furti di portafogli e cellulari degli utenti, a causa dell’azione di alcuni malviventi che hanno forzato gli armadietti destinati al deposito degli effetti personali dell’utenza alla piscina. Queste negative condotte hanno certamente limitato l’esercizio della pratica sportiva, natatoria in particolare, a causa dell’insicurezza e del conseguente senso di disagio degli utenti”;
- “A.S.I.S. il giorno 13 settembre 2007 ha provveduto, in coerenza con quanto previsto all’art. 4 della l. n. 300/1970, alla stipula con la rappresentanza sindacale aziendale dell’accordo per l’installazione della videosorveglianza nei propri impianti sportivi in gestione”.
Con nota del 16 maggio 2026 (prot. n. 0075624), l’Ufficio, sulla base degli elementi acquisiti, dalle verifiche compiute e dei fatti emersi a seguito dell’attività istruttoria, ha notificato all’Azienda, ai sensi dell’art. 166, comma 5, del Codice, l’avvio del procedimento per l’adozione dei provvedimenti di cui all’art. 58, par. 2, del Regolamento, per aver posto in essere un trattamento di dati personali, mediante dispositivi video, in maniera non conforme al principio di liceità, correttezza e trasparenza e in assenza di base giuridica, in violazione degli artt. 5, par. 1, lett. a), 6, par. 1, lett. c) ed e), nonché 2-ter del Codice; per non aver assicurato la necessaria trasparenza del trattamento nei confronti degli interessati (utenti e lavoratori), in violazione degli artt. 5, par. 1, lett. a), 12, par. 1, e 13 del Regolamento; per non aver garantito l’osservanza del principio di limitazione della conservazione, in violazione dell’art. 5 del Regolamento. Con la medesima nota, il predetto titolare è stato invitato a produrre al Garante scritti difensivi o documenti ovvero a chiedere di essere sentito dall’Autorità (art. 166, commi 6 e 7, del Codice, nonché art. 18, comma 1, della l. 24 novembre 1981, n. 689).
Con nota del 29 maggio 2026 (prot. n. 0009183), l’Azienda ha presentato una memoria difensiva, dichiarando, in particolare, che:
con “provvedimento d’urgenza n. 3 di data 26 maggio 2026 [… l’Azienda ha] assunto alcune misure tecniche e organizzative […] adeguandosi coerentemente alle indicazioni del [Garante] dopo la notifica [della contestazione di violazione amministrativa]”;
in particolare, “è stato immediatamente ordinato ed eseguito, già in data 18 maggio 2026 […] lo spegnimento delle telecamere poste negli spogliatoi dell’impianto sportivo Sovecar Trento Nord (Gardolo) ponendo fine alle registrazioni delle stesse e pianificandone la rimozione”;
“già nel mese di aprile […] sono stati apposti all’ingresso e all’interno di ogni locale in cui è installata la videosorveglianza l’informativa di primo livello […] indicante le finalità di trattamento, l’identità del titolare, le modalità di esercizio dei diritti degli interessati, i contatti del Responsabile della protezione dati personali, il link del sito aziendale dove è disponibile l’informativa completa relativa ai trattamenti di dati personali mediante sistemi di videosorveglianza (informativa di secondo livello), la tempistica di conservazione dei dati acquisiti dal sistema di videosorveglianza”;
“A.S.I.S. ha adempiuto a quanto richiesto rispetto alla fornitura di specifica informativa sul trattamento dei dati personali mediante l’impianto di videosorveglianza dei lavoratori, in particolare notificando agli stessi l’informativa e pubblicandola sul sito istituzionale aziendale”.
In occasione dell’audizione, richiesta ai sensi dell’art. 166, comma 6, del Codice e tenutasi in data 7 luglio 2026 (v. verbale prot. n. 0205336 dell’8 luglio 2026), l’Azienda ha dichiarato, in particolare, che:
“[essa] si è prontamente attivata per disattivare le telecamere di videosorveglianza e cessare il trattamento oggetto di contestazione; […] ha rivisto i tempi di conservazione delle immagini di videosorveglianza (12/24 h); ha aggiornato la cartellonistica presente negli impianti”;
“[essa] ha agito in completa buona fede, al solo fine di tutelare gli utenti, in ragione dei numerosi episodi di furto verificatisi nel tempo”;
“nel periodo aprile/maggio 2026, l’Azienda ha provveduto a installare cartelli informativi sulla videosorveglianza prima dell’ingresso in ciascun locale degli impianti in cui sono attive telecamere di videosorveglianza”;
“nel mese di giugno 2026, l’Azienda ha provveduto a fornire ai lavoratori un’informativa sul trattamento dei dati personali mediante i dispositivi di videosorveglianza”.
I soggetti pubblici possono, di regola, trattare dati personali se il trattamento è necessario per adempiere un obbligo legale o per l'esecuzione di un compito di interesse pubblico o connesso all'esercizio di pubblici poteri (v. artt. 5, par. 1, lett. a), e 6, parr. 1, lett. c) ed e), e 2 e 3 del Regolamento, e 2-ter del Codice), fermo restando che deve essere garantito, in ogni caso, il rispetto dei principi di protezione dei dati (v. artt. 5, 24 e 25 del Regolamento), tra i quali, in particolare, quelli di “liceità, correttezza e trasparenza” e “minimizzazione dei dati”, in base ai quali i dati personali devono essere “trattati in modo lecito, corretto e trasparente nei confronti dell’interessato” e “adeguati, pertinenti e limitati a quanto necessario rispetto alle finalità per le quali sono trattati” (art. 5, par. 1, lett. a) e c), del Regolamento).
All’esito dell’istruttoria, avviata sulla base di quanto riportato dalla stampa e oggetto di segnalazione, è stato accertato che, sin dal 2007, l’Azienda ha installato e attivato, all’interno degli spogliatoi della piscina dell’impianto sportivo “Trento Nord” in località Gardolo (Trento), alcune telecamere di videosorveglianza, che riprendono gli armadietti nei quali gli utenti possono riporre i propri effetti personali per il tempo necessario a svolgere l’attività sportiva, al fine di prevenire o accertare eventuali furti.
Al riguardo, deve farsi presente che, come da tempo evidenziato dal Garante, “la necessità di garantire […] un livello elevato di tutela dei diritti e delle libertà fondamentali rispetto al trattamento dei dati personali consente la possibilità di utilizzare sistemi di videosorveglianza, purché ciò non determini un´ingerenza ingiustificata nei diritti e nelle libertà fondamentali degli interessati” e a condizione che sia garantito il “rispetto, oltre che della disciplina in materia di protezione dei dati personali, anche delle altre disposizioni dell´ordinamento applicabili, quali ad es. le vigenti norme dell’ordinamento civile e penale in materia di interferenze illecite nella vita privata [e] sul controllo a distanza dei lavoratori” (provv. generale in materia di videosorveglianza dell’8 aprile 2010, in www.gpdp.it, doc. web n. 1712680, sez. 2, par. 4; ma vedi già il precedente provvedimento generale del 29 aprile 2004, in www.gpdp.it, doc. web n. 003482, par. 2.1, ove si richiamavano “le vigenti norme dell´ordinamento civile e penale in materia di interferenze illecite nella vita privata, di tutela della dignità, dell´immagine, del domicilio e degli altri luoghi cui è riconosciuta analoga tutela (toilette, stanze d´albergo, cabine, spogliatoi, ecc.) […nonché] le norme riguardanti la tutela dei lavoratori, con particolare riferimento alla legge 300/1970 (Statuto dei lavoratori)”.
Con particolare riguardo all’impiego di sistemi di videosorveglianza all’interno di locali adibiti a spogliatoio, il Garante ha nel tempo ribadito che si tratta di luoghi, per natura, caratterizzati da una particolare aspettativa di riservatezza e di tutela della intimità e dignità della persona (v., in particolare, provv.ti 10 luglio 2014, n. 357, doc. web n. 3325380 e 4 dicembre 2008, doc. web n. 1576125). Un trattamento di dati personali mediante sistemi di videosorveglianza collocati all’interno di locali adibiti a spogliatoi risulta pertanto, di regola, eccessivamente invasivo e in violazione della riservatezza e della dignità delle persone che utilizzano il locale stesso.
Deve, altresì, considerarsi che l’installazione di telecamere di videosorveglianza nei luoghi di lavoro deve sempre avvenire nel rispetto della disciplina in materia di controllo indiretto dell’attività lavorativa. Come, infatti, costantemente ribadito nei provvedimenti del Garante, i trattamenti conseguenti all’impiego degli strumenti tecnologici nei luoghi ove si svolge anche l’attività lavorativa trovano la propria base giuridica nella disciplina di settore di cui all’art. 4 della l. n. 300/1970, espressamente richiamato dall’art. 114 del Codice. Tale disposizione perimetra, infatti, in modo uniforme a livello nazionale, l’ambito del trattamento consentito in ogni contesto lavorativo (pubblico e privato) e costituisce nell’ordinamento interno una disposizione più specifica e di maggiore garanzia di cui all’art. 88 del Regolamento, la cui osservanza è condizione di liceità del trattamento (v. art. 5, par.1, lett. a) e 6, par. 1, lett. c) del Regolamento).
In tale quadro, l’Azienda ha stipulato in data 13 settembre 2007 un accordo sindacale, ai sensi dell’art. 4 della l. n. 300/1970, anche con riguardo al “Centro Sportivo “Trento nord”” e alle “telecamere per controllo spogliatoio maschili [ivi installate, che] inquadrano esclusivamente gli armadietti e accesso vasche (n.6); telecamere per controllo spogliatoio femminile (inquadrano esclusivamente gli armadietti e accesso vasche) (n. 6); telecamera accesso principale spogliatoi (zona atrio) […]”.
In tale contesto, le pur legittime finalità di tutela del patrimonio invocate dall’Azienda, che rientrano tra quelle tassativamente ammesse dall’art. 4 della l. n. 300/1970, non possono comunque giustificare il trattamento dei dati personali degli utenti, sussistendo un’evidente sproporzione tra detta finalità e i diritti e le libertà fondamentali degli interessati (cfr., ancorché in riferimento alla diversa base giuridica del legittimo interesse, Comitato europeo per la protezione dei dati, “Linee guida 3/2019 sul trattamento dei dati personali attraverso dispositivi video”, adottate il 29 gennaio 2020, par. 30).
Stante detta sproporzione dell’impiego della videosorveglianza all’interno dei locali adibiti a spogliatoio, neanche l’accordo sindacale stipulato ai sensi dell’art. 4 della l. 300/1970 poteva legittimare un siffatto trattamento di dati personali, non potendo le parti assumere impegni e disciplinare la materia dei controlli indiretti sull’attività lavorativa in contrasto con i principi di base di protezione dei dati, con particolare riguardo ai canoni di necessità e proporzionalità del trattamento (v. art. 5 del Regolamento; cfr. Corte di giustizia dell’Unione europea, sentenza C‑65/23, K GmbH (Traitement de données personnelles des employés), del 19 dicembre 2024, par. 59; cfr., da ultimo, provv. 29 gennaio 2026, n. 42, doc. web n. 10222864).
Né l’Azienda, ai fini del rispetto dei canoni di necessità e proporzionalità del trattamento, ha adeguatamente comprovato di aver previamente valutato, prima di dare avvio al trattamento, la sussistenza di eventuali soluzioni altrettanto efficaci nel garantire la tutela del patrimonio ma meno invasive per i diritti e le libertà degli interessati, come, ad esempio, l’utilizzo da parte degli utenti di lucchetti personali, che “possono essere efficaci quanto i sistemi di videosorveglianza contro furti e vandalismi”. Il titolare, infatti, deve “valutare caso per caso se tali misure possano essere una soluzione ragionevole”, anche in fase di valutazione di impatto sulla protezione dei dati (cfr. 35, par. 7, lett. b), del Regolamento). A tal riguardo, la valutazione di impatto sulla protezione dei dati svolta dall’Azienda (in atti) si limita, infatti, a prevedere, in maniera apodittica, che “i dati risultano pertinenti e adeguati alle finalità e limitati a quanto necessario”.
Alla luce delle considerazioni che precedono, deve concludersi che il trattamento dei dati personali degli utenti della piscina, all’interno degli spogliatoi, è stato posto in essere dall’Azienda in maniera non conforme al principio di liceità, correttezza e trasparenza e in assenza di base giuridica, in violazione degli artt. 5, par. 1, lett. a), 6, par. 1, lett. c) ed e), nonché 2-ter del Codice.
Allorquando siano impiegati dispositivi video, il titolare del trattamento, oltre a rendere l’informativa di primo livello mediante apposizione di segnaletica di avvertimento in prossimità della zona sottoposta a videosorveglianza, deve fornire agli interessati anche delle “informazioni di secondo livello”, che devono “contenere tutti gli elementi obbligatori a norma dell’articolo 13 del [Regolamento]” ed “essere facilmente accessibili per l’interessato, ad esempio attraverso un pagina informativa completa messa a disposizione in uno snodo centrale […] o affissa in un luogo di facile accesso” (“Linee guida 3/2019 sul trattamento dei dati personali attraverso dispositivi video”, cit., in particolare par. 7; ma si veda già il “Provvedimento in materia di videosorveglianza” del Garante dell’8 aprile 2010, cit., in particolare par. 3.1; da ultimo, v. la FAQ n. 4 del Garante in materia di videosorveglianza del 3 dicembre 2020, doc. web n. 9496574).
Le informazioni di primo livello (cartello di avvertimento) “dovrebbero comunicare i dati più importanti, ad esempio le finalità del trattamento, l’identità del titolare del trattamento e l’esistenza dei diritti dell’interessato, unitamente alle informazioni sugli impatti più consistenti del trattamento” (Linee guida del Comitato, cit., par. 114). Inoltre, la segnaletica deve contenere anche quelle informazioni che potrebbero risultare inaspettate per l’interessato. Potrebbe trattarsi, ad esempio, della trasmissione di dati a terzi, in particolare se ubicati al di fuori dell’UE, e del periodo di conservazione dei dati. Se tali informazioni non sono indicate, l’interessato dovrebbe poter confidare nel fatto che vi sia solo una sorveglianza in tempo reale, senza alcuna registrazione di dati o trasmissione a soggetti terzi (ibidem, par. 115). La segnaletica di avvertimento di primo livello deve contenere un chiaro riferimento al secondo livello di informazioni, ad esempio indicando un sito web sul quale è possibile consultare il testo dell’informativa estesa.
Come evidenziato dal Comitato europeo per la protezione dei dati “le informazioni dovrebbero essere posizionate in modo da permettere all’interessato di riconoscere facilmente le circostanze della sorveglianza, prima di entrare nella zona sorvegliata (approssimativamente all’altezza degli occhi). Non è necessario rivelare l’ubicazione della telecamera, purché non vi siano dubbi su quali zone sono soggette a sorveglianza e sia chiarito in modo inequivocabile il contesto della sorveglianza […]. L’interessato deve poter stimare quale zona sia coperta da una telecamera in modo da evitare la sorveglianza o adeguare il proprio comportamento, ove necessario” (“Linee guida 3/2019 sul trattamento dei dati personali attraverso dispositivi video”, cit., par. 113).
Risulta, pertanto, insufficiente, ai fini del raggiungimento del necessario livello di trasparenza del trattamento nei confronti degli interessati, l’installazione di un cartello informativo, contenente l’informativa di primo livello, soltanto all’ingresso della struttura, non consentendo tale soluzione di rendere edotti gli interessati della presenza di telecamere di videosorveglianza in specifiche aree della stessa e specialmente in quelle, come nel caso dei locali adibiti a spogliatoio, in cui è maggiore la legittima aspettativa di riservatezza.
Alla luce delle considerazioni che precedono e tenuto conto che il cartello contenente l’informativa di primo livello non è stato apposto anche all’ingresso dei locali adibiti a spogliatoio, la condotta dell’Azienda si pone in contrasto con il principio di liceità, correttezze e trasparenza e in violazione degli artt. 5, par. 1, lett. a), 12, par. 1, e 13 del Regolamento.
Quanto al trattamento dei dati personali dei lavoratori mediante il medesimo impianto di videosorveglianza, posto in essere sulla base dell’art. 4 della l. n. 300/1970 e dell’art. 114 del Codice, l’Azienda ha dichiarato di aver fornito ai lavoratori una specifica informativa soltanto nel mese di giugno 2026, risultando, pertanto, accertato che, nel periodo antecedente, la stessa ha agito in violazione degli artt. 5, par. 1, lett. a), 12, par. 1, e 13 del Regolamento.
In base al principio di “limitazione della conservazione”, i dati personali devono essere “conservati in una forma che consenta l'identificazione degli interessati per un arco di tempo non superiore al conseguimento delle finalità per le quali sono trattati” (art. 5, par. 1, lett. e), del Regolamento).
In caso di ricorso alla videosorveglianza per finalità di tutela del patrimonio, “i dati personali dovrebbero essere – nella maggior parte dei casi […] – cancellati dopo alcuni giorni, preferibilmente tramite meccanismi automatici. Quanto più prolungato è il periodo di conservazione previsto (soprattutto se superiore a 72 ore), tanto più argomentata deve essere l’analisi riferita alla legittimità dello scopo e alla necessità della conservazione” (“Linee guida 3/2019 sul trattamento dei dati personali attraverso dispositivi video”, cit., par. 121; v. già il provvedimento generale in materia di videosorveglianza dell’8 aprile 2010, par. 3.4, ove, nel contesto del previgente quadro giuridico in materia di protezione dei dati, si evidenziava che “la conservazione deve essere limitata a poche ore o, al massimo, alle ventiquattro ore successive alla rilevazione, fatte salve speciali esigenze di ulteriore conservazione […]”).
Nel caso di specie, dall’istruttoria è emerso che l’Azienda conservava i filmati di videosorveglianza per settantadue ore. Non risulta, tuttavia, che essa avesse effettuato alcuna valutazione, prima di dar luogo al trattamento, in merito alla necessità di conservare detti filmati per tale arco temporale. La valutazione di impatto sulla protezione dei dati, prodotta in atti, si limita, infatti, a riportare in maniera apodittica che “il periodo di conservazione dei dati è limitato (sulla base delle norme di legge o di regolamento o di atto organizzativo)”.
Alla luce delle valutazioni sopra richiamate, si rileva che le dichiarazioni rese dal titolare del trattamento nel corso dell’istruttoria ˗ della cui veridicità si può essere chiamati a rispondere ai sensi dell’art. 168 del Codice ˗, seppure meritevoli di considerazione, non consentono di superare i rilievi notificati dall’Ufficio con l’atto di avvio del procedimento e risultano insufficienti a consentire l’archiviazione del presente procedimento, non ricorrendo, peraltro, alcuno dei casi previsti dall’art. 11 del Regolamento del Garante n. 1/2019.
Si confermano, pertanto, le valutazioni preliminari dell’Ufficio e si rileva l’illiceità del trattamento di dati personali effettuato dall’Azienda, per aver posto in essere un trattamento di dati personali, mediante dispositivi video, in violazione degli artt. 5, par. 1, lett. a) ed e), 6, par. 1, lett. c) ed e), 12, par. 1, e 13 del Regolamento, nonché 2-ter del Codice.
Tenuto conto che la violazione delle predette disposizioni ha avuto luogo in conseguenza di un’unica condotta (stesso trattamento o trattamenti tra loro collegati), trova applicazione l’art. 83, par. 3, del Regolamento, ai sensi del quale l'importo totale della sanzione amministrativa pecuniaria non supera l'importo specificato per la violazione più grave. Considerato che, nel caso di specie, tutte le violazioni sono soggette alla sanzione prevista dall’art. 83, par. 5, del Regolamento, come richiamato anche dall’art. 166, comma 2, del Codice, l’importo totale della sanzione è da quantificarsi fino a euro 20.000.000.
In tale quadro, considerando, in ogni caso, che la condotta ha esaurito i suoi effetti - atteso che l’Azienda, nel corso del procedimento, ha dichiarato di aver disattivato e rimosso i dispositivi video che si trovavano negli spogliatoi, nonché di aver adottato misure per assicurare, più in generale, la conformità dei propri sistemi di videosorveglianza alla disciplina in materia di protezione dei dati - non ricorrono i presupposti per l’adozione di ulteriori misure correttive di cui all’art. 58, par. 2, del Regolamento.
5. Adozione dell’ordinanza ingiunzione per l’applicazione della sanzione amministrativa pecuniaria e delle sanzioni accessorie (artt. 58, par. 2, lett. i e 83 del Regolamento; art. 166, comma 7, del Codice).
Il Garante, ai sensi degli artt. 58, par. 2, lett. i) e 83 del Regolamento nonché dell’art. 166 del Codice, ha il potere di “infliggere una sanzione amministrativa pecuniaria ai sensi dell’articolo 83, in aggiunta alle [altre] misure [correttive] di cui al presente paragrafo, o in luogo di tali misure, in funzione delle circostanze di ogni singolo caso” e, in tale quadro, “il Collegio [del Garante] adotta l’ordinanza ingiunzione, con la quale dispone altresì in ordine all’applicazione della sanzione amministrativa accessoria della sua pubblicazione, per intero o per estratto, sul sito web del Garante ai sensi dell’articolo 166, comma 7, del Codice” (art. 16, comma 1, del Regolamento del Garante n. 1/2019).
Al riguardo, tenuto conto dell’art. 83, par. 3, del Regolamento, nel caso di specie la violazione delle disposizioni citate è soggetta all’applicazione della sanzione amministrativa pecuniaria prevista dall’art. 83, par. 5, del Regolamento.
La predetta sanzione amministrativa pecuniaria inflitta, in funzione delle circostanze di ogni singolo caso, va determinata nell’ammontare tenendo in debito conto gli elementi previsti dall’art. 83, par. 2, del Regolamento.
ancorché le telecamere siano state attivate per un lungo arco temporale all’interno di aree in relazione alle quali sussiste un’elevata aspettativa di riservatezza, come gli spogliatori di una piscina, l’Azienda ha dichiarato che le stesse inquadravano soltanto gli armadietti per il deposito degli effetti personali e non anche le cabine per il cambio di vestiti, gli impianti doccia e i servizi igienici (cfr. art. 83, par. 2, lett. a), del Regolamento);
il trattamento non è stato espressamente posto in essere ai fini della raccolta e del successivo trattamento di dati personali appartenenti alle categorie particolari di cui all’art. 9 del Regolamento (cfr. art. 83, par. 2, lett. g), del Regolamento);
si ritiene che, nel caso di specie, il livello di gravità della violazione commessa dal titolare del trattamento sia medio (cfr. Comitato europeo per la protezione dei dati, “Linee guida 4/2022 sul calcolo delle sanzioni amministrative pecuniarie ai sensi del GDPR” del 24 maggio 2023, punto 60).
Ciò premesso, nel considerare che il titolare del trattamento è un ente strumentale del Comune di Trento, che ha circa 119.000 abitanti, si ritiene che, ai fini della quantificazione della sanzione, debbano essere prese in considerazione le seguenti circostanze:
l’Azienda ha offerto una buona cooperazione con l’Autorità nel corso dell’istruttoria, avendo, peraltro, disposto la disattivazione delle telecamere installate negli spogliatoi pochi giorni dopo aver ricevuto la contestazione di violazione amministrativa (cfr. art. 83, par. 2, lett. f), del Regolamento);
In ragione dei suddetti elementi, valutati nel loro complesso, si ritiene di determinare l’ammontare della sanzione pecuniaria nella misura di euro 8.000 (ottomila) per la violazione degli artt. 5, par. 1, lett. a) ed e), 6, par. 1, lett. c) ed e), 12, par. 1, e 13 del Regolamento, nonché 2-ter del Codice, quale sanzione amministrativa pecuniaria ritenuta, ai sensi dell’art. 83, par. 1, del Regolamento, effettiva, proporzionata e dissuasiva.
Si ritiene, altresì, che, ai sensi dell’art. 166, comma 7, del Codice e dell’art. 16, comma 1, del Regolamento del Garante n. 1/2019, si debba procedere alla pubblicazione del presente capo contenente l'ordinanza ingiunzione sul sito Internet del Garante. Ciò in considerazione del fatto che il trattamento è stato posto in essere in luoghi, quali gli spogliatori di una piscina, per natura caratterizzati da una particolare aspettativa di riservatezza e di tutela della intimità e dignità della persona.
dichiara, ai sensi dell’art. 57, par. 1, lett. f), del Regolamento, l’illiceità del trattamento effettuato dall’Azienda Speciale per la Gestione degli Impianti Sportivi del Comune di Trento (A.S.I.S.) per la violazione degli artt. 5, par. 1, lett. a) ed e), 6, par. 1, lett. c) ed e), 12, par. 1, e 13 del Regolamento, nonché 2-ter del Codice, nei termini di cui in motivazione;
all’Azienda Speciale per la Gestione degli Impianti Sportivi del Comune di Trento (A.S.I.S.), in persona del legale rappresentante pro-tempore, con sede legale in Via 4 Novembre, 23/4 - 38121 Trento (TN), C.F. 01591870223, di pagare la somma di euro 8.000 (ottomila) a titolo di sanzione amministrativa pecuniaria per le violazioni indicate in motivazione. Si rappresenta che il contravventore, ai sensi dell’art. 166, comma 8, del Codice, ha facoltà di definire la controversia mediante pagamento, entro il termine di 30 giorni, di un importo pari alla metà della sanzione comminata;
alla predetta Azienda, in caso di mancata definizione della controversia ai sensi dell’art. 166, comma 8, del Codice, di pagare la somma di euro 8.000 (ottomila) secondo le modalità indicate in allegato, entro 30 giorni dalla notificazione del presente provvedimento, pena l’adozione dei conseguenti atti esecutivi a norma dall’art. 27 della l. n. 689/1981;
- ai sensi dell’art. 166, comma 7, del Codice e dell'art. 16, comma 1, del Regolamento del Garante n. 1/2019, la pubblicazione dell’ordinanza ingiunzione sul sito internet del Garante;
- ai sensi dell’art. 154-bis, comma 3 del Codice e dell’art. 37 del Regolamento del Garante n. 1/2019, la pubblicazione del presente provvedimento sul sito internet dell’Autorità;
- ai sensi dell’art. 17 del Regolamento del Garante n. 1/2019, l’annotazione delle violazioni e delle misure adottate in conformità all’art. 58, par. 2 del Regolamento, nel registro interno dell’Autorità previsto dall’art. 57, par. 1, lett. u) del Regolamento.
Ai sensi degli artt. 78 del Regolamento, 152 del Codice e 10 del d.lgs. n. 150/2011, avverso il presente provvedimento è possibile proporre ricorso dinnanzi all’autorità giudiziaria ordinaria, a pena di inammissibilità, entro trenta giorni dalla data di comunicazione del provvedimento stesso ovvero entro sessanta giorni se il ricorrente risiede all’estero.
NEWSLETTER 11/09/26 - Sanzionato Banco Bilbao Italia per 5,5 milioni di euro - Azienda sanitaria di Udine sanzionata per 24mila euro - Telecamere negli spogliatoi di una piscina, Garante sanziona ASIS Trento - Graduatorie sul web: no ai dati degli iscritti nelle liste dei centri per l’impiego - La Cassazione rafforza i poteri del Garante privacy"
10292148,Provvedimento del 14 luglio 2026 [10292148],https://www.garanteprivacy.it/home/docweb/-/docweb-display/docweb/10292148,"NELLA riunione odierna, alla quale hanno preso parte il prof. Pasquale Stanzione, presidente, la prof.ssa Ginevra Cerrina Feroni, vicepresidente, il dott. Agostino Ghiglia, componente, e il dott. Luigi Montuori, segretario generale;
VISTO il Regolamento (UE) 2016/679 del Parlamento europeo e del Consiglio, del 27 aprile 2016 (di seguito “Regolamento”);
VISTO il d.lgs. 30 giugno 2003, n. 196 (Codice in materia di protezione dei dati personali, di seguito “Codice”) come novellato dal d.lgs. 10 agosto 2018, n. 101 recante “Disposizioni per l’adeguamento della normativa nazionale alle disposizioni del Regolamento (UE) 2016/679”;
VISTO il Regolamento n. 1/2019 concernente le procedure interne aventi rilevanza esterna, finalizzate allo svolgimento dei compiti e all’esercizio dei poteri demandati al Garante per la protezione dei dati personali, approvato con deliberazione del 4 aprile 2019, n. 98, in gpdp.it, doc. web n. 9107633 (di seguito “regolamento del Garante n. 1/2019”);
1.1. Con nota del 24 febbraio 2026 la Polizia locale di Ravenna-Ufficio Edilizia ha trasmesso al Garante copia del verbale del sopralluogo eseguito in data 19 febbraio 2026 presso l’esercizio commerciale “La Terrazza” di XX (di seguito “titolare del trattamento”), in occasione del quale veniva accertato che l’impianto di videosorveglianza ivi installato era segnalato da cartelli informativi che riportavano quale titolare del trattamento il nome di un esercizio commerciale precedentemente gestito dallo stesso titolare.
Veniva altresì provato, grazie ad un’integrazione documentale fornita su richiesta dell’Ufficio dalla Polizia locale, che l’inquadratura di alcune telecamere non si limitava a riprendere aree di pertinenza dell’esercizio commerciale, ma anche aree private e spazi pubblici (in particolare la limitrofa strada pubblica).
1.2. Alla luce degli atti trasmessi dalla Polizia locale, l’Ufficio, con nota del 10 aprile 2026, provvedeva a notificare al titolare del trattamento l’atto di avvio del procedimento sanzionatorio ai sensi dell’art. 166, comma 5, del Codice, che qui si intende integralmente richiamato, in relazione alla violazione degli artt. 5, par. 1, lett. a), 6 e 13, del Regolamento.
1.3. Il titolare del trattamento con nota del 26 aprile 2026 faceva pervenire al Garante scritti difensivi in relazione al procedimento sanzionatorio a suo carico, dichiarando in particolare di aver installato l’impianto di videosorveglianza nel 2019 a seguito di episodi di furto verificatisi all’interno della sua proprietà rispetto ai quali è stata presentata regolare denuncia. Asseriva inoltre che al momento del sopralluogo l’impianto risultava “in fase di manutenzione e non stabilmente attivo, in quanto interessato da interventi di collegamento e riallineamento tecnico. Nei giorni precedenti, infatti, erano state eseguite modifiche su alcune telecamere, che richiedevano interventi sia esterni (su pali e supporti) sia interni all’impianto. Tali interventi erano anche connessi a esigenze relative a un’abitazione adiacente, visibile nelle riprese, nel frattempo venduta dal sottoscritto. La nuova proprietaria […], a seguito di un furto subito nel 2025, e a seguito di regolare denuncia ai Carabinieri di Castiglione di Ravenna, aveva richiesto — seppur successivamente — l’estensione delle riprese anche alla sua proprietà. Alla data del sopralluogo, alcuni dispositivi non risultavano ancora definitivamente installati né configurati in modo stabile. Per tali motivi, l’impianto non veniva utilizzato e risultava, di fatto, non operativo.
Nel corso del sopralluogo, a seguito della richiesta degli agenti della Polizia locale di visionare le immagini, il sottoscritto, senza dichiarare preventivamente lo stato di inattività dell’impianto, provvedeva a riattivarlo temporaneamente mediante il ripristino dell’alimentazione elettrica, al solo fine di verificarne il funzionamento e mostrare le immagini disponibili nello stato in cui il sistema si trovava durante la fase di manutenzione […].
Le immagini venivano mostrate tramite telefono cellulare, in quanto il monitor interno risultava scollegato. La riattivazione, effettuata in modo non conforme allo stato dell’impianto, ha successivamente comportato anche un malfunzionamento dello stesso.
Si precisa che tale riattivazione è avvenuta in via del tutto occasionale e non è rappresentativa di un utilizzo ordinario dell’impianto.
Considerata la necessità di tutela dell’area, situata in zona isolata e soggetta a concreti rischi di furti e atti vandalici, sono state effettuate esclusivamente verifiche tecniche e limitate inquadrature al solo fine di riscontro, mantenendo comunque l’impianto non stabilmente attivo, in attesa delle verifiche e delle indicazioni delle Autorità competenti […]”.
Alla sopracitata nota veniva allegata documentazione fotografica indicante l’effettivo raggio di inquadratura delle telecamere, risultante, in tempi successivi all’accertamento, circoscritto alle aree di pertinenza e la modifica dei cartelli informativi con l’indicazione corretta del titolare del trattamento.
2.1. Posto che l’utilizzo di sistemi di videosorveglianza determina un trattamento di dati personali ai sensi dell’art. 4, par. 1, n. 2, del Regolamento, lo stesso deve essere effettuato nel rispetto della disciplina di protezione dei dati personali e, per quanto qui di diretto rilievo, dei principi contenuti nell’art. 5, par. 1, lett. a) del Regolamento, in particolare del principio di liceità e trasparenza del trattamento.
2.2. Con riguardo al principio di trasparenza, che si declina nel dovere di informazione gravante sul titolare del trattamento in base all’art. 13 del Regolamento, con particolare riferimento ai trattamenti effettuati mediante impianti di videosorveglianza “gli interessati devono essere sempre informati che stanno per accedere in una zona videosorvegliata”; di qui la necessità che il titolare del trattamento predisponga idonei cartelli informativi affinché gli interessati siano resi “consapevoli del fatto che è in funzione un sistema di videosorveglianza”. In tal senso da tempo il Garante ha fornito proprie indicazioni (cfr. punto 3.1. del provv. 8 aprile 2010, doc. web n. 1712680; v. anche le Faq in materia di videosorveglianza, pubblicate sul sito web dell’Autorità; e, analogamente, il Comitato europeo per la protezione dei dati, con le Linee Guida n. 3/2019 sul trattamento dei dati personali attraverso dispositivi video, ha specificato che “le informazioni più importanti devono essere indicate [dal titolare] sul segnale di avvertimento (primo livello) mentre gli ulteriori dettagli obbligatori possono essere forniti con altri mezzi (secondo livello)” (cfr. punto 7). Nelle stesse linee guida si prevede inoltre che “tali informazioni possono essere fornite in combinazione con un’icona per dare, in modo ben visibile, intelligibile e chiaramente leggibile, un quadro d’insieme del trattamento previsto (articolo 12, paragrafo 7, del RGPD). Il formato delle informazioni dovrà adeguarsi alle varie ubicazioni”.
2.3. Al fine di rispettare il principio di liceità del trattamento di cui agli artt. 5, par. 1 lett. a) e 6 del Regolamento, gli apparati di ripresa utilizzati da soggetti privati a tutela di propri interessi giuridici (beni e persone) devono limitare l’acquisizione e, se del caso, la memorizzazione delle immagini alle sole aree di propria pertinenza. Detta circostanza, oltre ad essere stata ribadita in una pluralità di provvedimenti individuali del Garante, è altresì esplicitata nelle Linee guida secondo le quali il trattamento deve essere effettuato con modalità tali da limitare l’angolo visuale delle telecamere “all’area effettivamente da proteggere, evitando, per quanto possibile, la ripresa di luoghi circostanti e di particolari che non risultino rilevanti (vie, edifici, esercizi commerciali, istituzioni)” (cfr. provvedimento generale in materia di videosorveglianza adottato da questa Autorità l’8 aprile 2010 (in gpdp.it, doc. web n. 1712680, par. 6.2.2.1).
3.1. Il trattamento dei dati personali effettuato nel caso di specie dal titolare del trattamento attraverso il sistema di videosorveglianza non si è informato al quadro regolatorio sopra richiamato. Non può ritenersi fondata l’affermazione secondo cui l’impianto fosse “in fase di manutenzione e non stabilmente attivo” dal momento che la temporanea fase di manutenzione non ne impediva l’attivazione in qualsiasi momento.
Inoltre, sulla base della documentazione in atti sopra richiamata, è emerso che l’impianto di videosorveglianza in parola era segnalato da cartelli informativi inidonei.
Tale condotta si è quindi posta in contrasto con quanto stabilito dall’art. 13 del Regolamento, in base al quale il titolare del trattamento è tenuto a fornire all’interessato tutte le informazioni relative alle caratteristiche essenziali del trattamento, nonché del principio generale di trasparenza del trattamento di cui all’art. 5, par. 1, lett. a) del medesimo Regolamento.
3.2. È risultata accertata l’idoneità delle telecamere a riprendere aree ulteriori rispetto a quelle di esclusiva pertinenza, con particolare riferimento a spazi pubblici, con conseguente illiceità del relativo trattamento per la violazione degli articoli 5, par. 1, lett. a) e 6 del Regolamento.
Alla luce di tali considerazioni, il Garante rileva l’illiceità del trattamento effettuato dal titolare del trattamento in quanto posto in essere in violazione degli artt. 5, par. 1, lett. a), 6, 13 del Regolamento. Ciò fino agli interventi di cui si è dato atto nella nota difensiva presentata del titolare del trattamento.
Le violazioni accertate nei termini di cui in motivazione non possono essere considerate “minori”, tenuto conto della natura, della gravità e della durata delle stesse, del grado di responsabilità e del modo in cui l’autorità di controllo ha preso conoscenza della violazione, per il tramite di accertamenti svolti dalla Polizia locale (v. cons. 148 del Regolamento).
Pertanto, accertata l’illiceità della condotta come sopra descritta, deve adottarsi un’ordinanza ingiunzione ai sensi dell’art. 58, par. 2, lett. i) del Regolamento per l’applicazione di una sanzione amministrativa pecuniaria.
Il Garante, ai sensi dell’art. 58, par. 2, lett. i) del Regolamento e dell’art. 166 del Codice, ha il potere di infliggere una sanzione amministrativa pecuniaria prevista dall’art. 83, par. 5, del Regolamento, mediante l’adozione di una ordinanza ingiunzione (art. 18, l. 24 novembre 1981, n. 689), in relazione al trattamento dei dati personali effettuato dal titolare del trattamento per il tramite del descritto impianto di videosorveglianza in assenza di una informativa idonea, in violazione dell’art. 13 del Regolamento e idoneo a riprendere la strada pubblica, in violazione degli artt. 5, par. 1, lett. a) e 6 del Regolamento.
Con riferimento agli elementi elencati dall’art. 83, par. 2, del Regolamento ai fini dell’applicazione della sanzione amministrativa pecuniaria e della relativa quantificazione, tenuto conto che la sanzione deve essere “in ogni singolo caso effettiva, proporzionata e dissuasiva” (art. 83, par. 1, del Regolamento), nel caso di specie sono state tenute in considerazione le circostanze sotto riportate:
a. con riguardo alla natura, gravità e durata della violazione, è stata presa in considerazione la condotta del titolare del trattamento, la responsabilità connessa all’inadempimento dell’obbligo di rendere l’informativa agli interessati – peraltro nel tempo oggetto di innumerevoli provvedimenti del Garante (sia di natura individuale, sia contenenti indicazioni di natura generale: cfr., in particolare, i citati provvedimenti del 29 aprile 2004 e dell’8 aprile 2010) e di un consolidato orientamento giurisprudenziale (cfr. Cass. civ., Sez. II, 2 settembre 2015, n. 17440; Cass. civ., Sez. II, 5 luglio 2016, n. 13633) −, nonché la circostanza che la condotta illecita abbia potuto interessare un’ampia platea di interessati in ragione della natura di esercizio pubblico dei luoghi oggetto di videosorveglianza;
b. quale fattore attenuante, l’assenza di precedenti specifici a carico del titolare del trattamento relativi a violazioni della disciplina in materia di protezione dei dati personali;
c. quali fattore attenuante, l’intervenuta modifica dei cartelli informativi e delle aree interessate dalle riprese mediante il sistema di videosorveglianza in tempi successivi alla verifica, sì da estendersi alle sole aree di propria pertinenza, in conformità a quanto dichiarato e documentato mediate trasmissione della documentazione fotografica.
In ragione dei suddetti elementi valutati nel loro complesso, si ritiene di determinare l’ammontare della sanzione pecuniaria nella misura di euro 700,00 (settecento) per la violazione delle disposizioni richiamate nel presente provvedimento.
dichiara, ai sensi degli artt. 57, par. 1, lett. f) e 83 del Regolamento, l’illiceità del descritto trattamento effettuato dal titolare del trattamento individuato in premessa con violazione degli artt. 5, par. 1, lett. a), 6 e 13 del Regolamento;
al titolare del trattamento, ai sensi dell’art. 58, par. 2, lett. i) del Regolamento, di pagare la somma di euro 700,00 (settecento) a titolo di sanzione amministrativa pecuniaria per le violazioni indicate in motivazione;
- in caso di mancata definizione della controversia ai sensi dell’art. 166, comma 8, del Codice, di pagare la somma di euro 700,00 (settecento), secondo le modalità indicate in allegato, entro 30 giorni dalla notifica del presente provvedimento, pena l’adozione dei conseguenti atti esecutivi a norma dell’art. 27 della legge n. 689/1981;
- ai sensi dell’art. 154-bis, comma 3, del Codice e dell’art. 37 del regolamento del Garante n. 1/2019, la pubblicazione del presente provvedimento sul sito internet del Garante, tenuto conto della natura delle violazioni, peraltro oggetto di reiterati provvedimenti da parte del Garante, nonché in ragione del numero di soggetti coinvolti dal trattamento;
- ai sensi dell’art. 17 del regolamento del Garante n. 1/2019, l’annotazione delle violazioni e delle misure adottate in conformità all’art. 58, par. 2 del Regolamento, nel registro interno dell’Autorità previsto dall’art. 57, par. 1, lett. u), del Regolamento.
Ai sensi dell’art. 78 del Regolamento, degli artt. 152 del Codice e 10, d.lgs. 1° settembre 2011, n. 150, avverso il presente provvedimento è possibile proporre ricorso dinanzi all’autorità giudiziaria ordinaria, a pena di inammissibilità, entro trenta giorni dalla data di comunicazione del provvedimento stesso ovvero entro sessanta giorni se il ricorrente risiede all’estero."
10293872,Provvedimento del 17 aprile 2026 [10293872],https://www.garanteprivacy.it/home/docweb/-/docweb-display/docweb/10293872,"NELLA riunione odierna, alla quale hanno preso parte il prof. Pasquale Stanzione, presidente, la prof.ssa Ginevra Cerrina Feroni, vicepresidente, il dott. Agostino Ghiglia, componente e il dott. Luigi Montuori, segretario generale;
VISTO il Regolamento (UE) 2016/679 del Parlamento europeo e del Consiglio, del 27 aprile 2016 (di seguito “Regolamento”);
VISTO il d.lgs. 30 giugno 2003, n. 196 (Codice in materia di protezione dei dati personali, di seguito “Codice”) come novellato dal d.lgs. 10 agosto 2018, n. 101 recante “Disposizioni per l’adeguamento della normativa nazionale alle disposizioni del Regolamento (UE) 2016/679”;
VISTO il Regolamento n. 1/2019 concernente le procedure interne aventi rilevanza esterna, finalizzate allo svolgimento dei compiti e all’esercizio dei poteri demandati al Garante per la protezione dei dati personali, approvato con deliberazione del 4 aprile 2019, n. 98, in gpdp.it, doc. web n. 9107633 (di seguito “regolamento del Garante n. 1/2019”);
1.1. Con comunicazione pervenuta il 6.10.2025, la Questura di Roma – Commissariato di P.S. distaccato “Genzano” ha trasmesso al Garante il verbale di operazioni compiute redatto in occasione del sopralluogo del 12 settembre 2025 presso l’esercizio pubblico “XX” di XX (P.IVA XX), sito in Genzano, via Giuseppe Garibaldi 8.
Dal predetto verbale risulta la presenza di un impianto di videosorveglianza costituito da due telecamere, una sola delle quali funzionante, le cui immagini sono visualizzabili da remoto dal titolare dell’esercizio commerciale mediante app installata sul cellulare in grado di riprendere l’addetto presente nell’esercizio commerciale. Dal suddetto verbale risulta la mancata autorizzazione all’installazione degli apparati di ripresa da parte del competente Ispettorato Territoriale del Lavoro.
1.2. In considerazione degli elementi così acquisiti, con nota del 6 febbraio 2026 (prot. n. 18035), l’Ufficio provvedeva a notificare al titolare del trattamento l’atto di avvio del procedimento sanzionatorio ai sensi dell’art. 166, comma 5, del Codice, che qui si intende richiamato, in relazione alla violazione del principio di liceità di cui agli articoli 5, par. 1, lett. a) e 6 del Regolamento in relazione agli articoli 114 del Codice e 88, par. 1, del Regolamento.
1.3. Nonostante l’invito a produrre scritti difensivi in relazione al procedimento sanzionatorio a suo carico, il titolare del trattamento non ha fatto pervenire alcun riscontro all’Autorità.
2.1. L’utilizzo di sistemi di videosorveglianza determina un trattamento di dati personali ai sensi dell’art. 4, par. 1, n. 2, del Regolamento anche nel caso in cui vi sia solo raccolta di dati personali e visualizzazione da remoto degli stessi mediante smartphone senza registrazione, come dichiarato nel caso di specie (in tal senso v. anche Cass. 2 settembre 2015, n. 17740).
2.2. Tale trattamento deve pertanto essere effettuato nel rispetto della disciplina di protezione dei dati personali e, per quanto qui di diretto rilievo, del principio di liceità di cui agli articoli 5, par. 1, lett. a) e 6 del Regolamento nonché dell’art. 114 del Codice che, sulla scorta della previsione contenuta nell’art. 88, par. 1, del Regolamento, si declina nel dovere di osservare quanto prescritto dall’art. 4, legge 20 maggio 1970, n. 300.
Coerentemente con tale impostazione, l’art. 88 del Regolamento ha fatto salve le norme nazionali di maggior tutela (“norme più specifiche”) volte ad assicurare la protezione dei diritti e delle libertà con riguardo al trattamento dei dati personali dei lavoratori, nel caso di specie mediante il richiamo operato, quale disposizione più specifica, dall’art. 114 del Codice alle disposizioni contenute nell’art. 4, legge 20 maggio 1970, n. 300. In base ad essa gli apparati di videosorveglianza, qualora dagli stessi derivi “anche la possibilità di controllo a distanza” dell'attività dei dipendenti, “possono essere impiegati esclusivamente per esigenze organizzative e produttive, per la sicurezza del lavoro e per la tutela del patrimonio aziendale” e la relativa installazione deve, in ogni caso, essere eseguita previa stipulazione di un accordo collettivo con la rappresentanza sindacale unitaria o con le rappresentanze sindacali aziendali o, ove non sia stato possibile raggiungere tale accordo o in caso di assenza delle rappresentanze, solo in quanto preceduta dal rilascio di apposita autorizzazione da parte dell'Ispettorato del lavoro.
L’attivazione e la conclusione di tale procedura di garanzia è dunque condizione indefettibile per l’installazione di sistemi di videosorveglianza. La violazione di tale disposizione è penalmente sanzionata (v. art. 171 del Codice). La predetta procedura di garanzia, come più volte sottolineato dalla giurisprudenza di legittimità, “tutela interessi di carattere collettivo e superindividuale”, per cui, nel caso in cui il datore di lavoro non la attivi, la sua condotta lederà gli interessi collettivi a presidio dei quali è posta (v., tra le altre, Cass. pen, sez. III, 17 dicembre 2019, n. 50919). Solo attraverso tale procedura, quindi, per il tramite delle rappresentanze sindacali o dell’Ispettorato del lavoro, potrà essere correttamente valutata l’idoneità a ledere la dignità dei lavoratori di strumenti tecnologici dai quali possa derivare un controllo a distanza dei lavoratori e potrà essere verificata l'effettiva rispondenza di detti impianti alle esigenze tecnico-produttive o di sicurezza. L’inderogabilità della citata procedura risponde anche alla situazione di sproporzione esistente tra la posizione datoriale e quella dei lavoratori.
2.3. Le violazioni degli artt. 5, par. 1, lett. a), 6 e 88 del Regolamento sono soggette, ricorrendone i presupposti, all’applicazione di sanzione amministrativa pecuniaria ai sensi dell’art. 83, par. 5, lett. a) e d) del Regolamento.
3.1. Il trattamento dei dati personali effettuato nel caso di specie dal titolare del trattamento attraverso il sistema di videosorveglianza non si è informato al quadro regolatorio sopra richiamato. Infatti, sulla base del menzionato verbale di accertamento è emerso che l’impianto di videosorveglianza in parola, attivo e funzionante, era sprovvisto, al momento del controllo, della necessaria autorizzazione dell’Ispettorato del Lavoro.
Tale condotta si pone quindi in contrasto con quanto stabilito dagli artt. 5, par. 1, lett. a), 6 e 88 del Regolamento nonché dell’art. 114 del Codice, in base al quale il titolare del trattamento è tenuto al rispetto delle garanzie previste dall’art. 4 della l. n. 300/1970.
3.2. Alla luce di tali considerazioni, si confermano le valutazioni preliminari dell’Ufficio in ordine ai profili di illiceità sopra evidenziati.
3.3. Tanto premesso, occorre, tuttavia tenere in considerazione taluni elementi emersi nel corso dell’istruttoria, che risultano indispensabili ai fini della valutazione in concreto dell’entità delle violazioni riscontrate e della lesività della complessiva condotta tenuta dal titolare del trattamento (v. cons. 148 del Regolamento), in capo al quale non risultano precedenti violazioni pertinenti, rispetto al contesto oggetto di reclamo, commesse dall’impresa (art. 83, par. 2, lett. e), del Regolamento).
3.4. Alla luce di quanto rappresentato e dei termini complessivi della vicenda in esame, si ritiene pertanto di adottare un’ordinanza ingiunzione ai sensi dell’art. 58, par. 2, lett. i), del Regolamento per l’applicazione di una sanzione amministrativa pecuniaria in ordine alla violazione delle disposizioni sopra richiamate al punto 3.1.
3.5. In relazione alla accertata violazione del principio di liceità, essendo l’impianto di videosorveglianza sprovvisto della necessaria autorizzazione dell’Ispettorato del Lavoro e non essendo presenti in atti elementi volti ad assicurare che la condotta abbia esaurito i suoi effetti, anche in considerazione del fatto che il titolare del trattamento non ha fornito, neanche in tempi successivi alla notificazione delle violazioni effettuata ai sensi dell’art. 166 del Codice, elementi idonei a comprovare l’avvenuta conformazione del trattamento al quadro regolatorio sopra esposto, ricorrono i presupposti per l’adozione di misure correttive di cui all’art. 58, par. 2, lett. d) del Regolamento e, in particolare si ritiene necessario disporre la limitazione del trattamento ai sensi dell’art. 58, par. 2, lett. f) del Regolamento, fino all’eventuale ottenimento dell’autorizzazione di cui all’art. 4, l. n. 300/1970.
Il Garante, ai sensi dell’art. 58, par. 2, lett. i) del Regolamento e dell’art. 166 del Codice, ha il potere di infliggere una sanzione amministrativa pecuniaria prevista dall’art. 83, par. 5, del Regolamento, mediante l’adozione di una ordinanza ingiunzione (art. 18, l. 24 novembre 1981, n. 689), in relazione al trattamento dei dati personali effettuato dal titolare del trattamento, per mezzo del descritto impianto di videosorveglianza, in violazione del principio di liceità in ragione della mancata adozione delle garanzie previste dall’art. 4 della legge n. 300/1970.
Con riferimento agli elementi elencati dall’art. 83, par. 2, del Regolamento ai fini dell’applicazione della sanzione amministrativa pecuniaria e della relativa quantificazione, tenuto conto che la sanzione deve essere “in ogni singolo caso effettiva, proporzionata e dissuasiva” (art. 83, par. 1, del Regolamento), nel caso di specie sono state tenute in considerazione le circostanze sotto riportate:
a. con riguardo alla natura, gravità e durata della violazione, è stata presa in considerazione la responsabilità del titolare del trattamento connessa all’inadempimento dell’obbligo di rispettare le garanzie previste dall’art. 4, l. n. 300/1970;
b. quale fattore attenuante, l’assenza di precedenti specifici a carico del titolare del trattamento relativi a violazioni della disciplina in materia di protezione dei dati personali.
In ragione dei suddetti elementi, valutati nel loro complesso, e ai principi di effettività, proporzionalità e dissuasività previsti dall’art. 83, par. 1, del Regolamento, si ritiene di determinare l’ammontare della sanzione pecuniaria nella misura di euro 1.000,00 (mille) per la violazione degli artt. 5, par. 1, lett. a), 88 del Regolamento e 114 del Codice.
dichiara, ai sensi degli artt. 57, par. 1, lett. f) e 83 del Regolamento, l’illiceità del descritto trattamento effettuato dal titolare del trattamento individuato in premessa (al punto 1) con violazione degli artt. 5, par. 1, lett. a), 88 del Regolamento e 114 del Codice;
al titolare del trattamento di pagare la somma di euro 1.000,00 (mille) a titolo di sanzione amministrativa pecuniaria per la violazione indicata in motivazione;
- di pagare la somma di euro 1.000,00 (mille), secondo le modalità indicate nel documento allegato al presente provvedimento, entro 30 giorni dalla notifica dello stesso, pena l’adozione dei conseguenti atti esecutivi a norma dell’art. 27 della legge n. 689/1981. Si rappresenta in proposito che, ai sensi dell’art. 166, comma 8, del Codice, resta salva la facoltà per il trasgressore di definire la controversia mediante il pagamento – sempre secondo le modalità indicate in allegato – di un importo pari alla metà della sanzione irrogata entro il termine di cui all’art. 10, comma 3, del d.lgs. 1° settembre 2011, n. 150 previsto per la proposizione del ricorso come di seguito indicato;
- di limitare il trattamento posto in essere mediante l’impianto di videosorveglianza, ai sensi dell’art. 58, par. 2, lett. f) del Regolamento, con divieto di effettuazione dello stesso nei termini di cui in motivazione, sino all’eventuale conseguimento dell’autorizzazione prevista dall’art. 4, comma 1, l. 20 maggio 1970, n. 300.
- ai sensi dell’art. 154-bis, comma 3, del Codice e dell’art. 37 del regolamento del Garante n. 1/2019, la pubblicazione del presente provvedimento sul sito internet del Garante, tenuto conto della natura delle violazioni, oggetto di reiterati provvedimenti da parte del Garante, nonché in ragione del numero di soggetti coinvolti dal trattamento, omessi i dati personali del legale rappresentate dell’impresa individuale titolare del trattamento;
- ai sensi dell’art. 17 del regolamento del Garante n. 1/2019, l’annotazione delle violazioni e delle misure adottate in conformità all’art. 58, par. 2 del Regolamento, nel registro interno dell’Autorità previsto dall’art. 57, par. 1, lett. u), del Regolamento.
Ai sensi dell’art. 78 del Regolamento, degli artt. 152 del Codice e 10, d.lgs. 1° settembre 2011, n. 150, avverso il presente provvedimento è possibile proporre ricorso dinanzi all’autorità giudiziaria ordinaria, a pena di inammissibilità, entro trenta giorni dalla data di comunicazione del provvedimento stesso ovvero entro sessanta giorni se il ricorrente risiede all’estero.
Newsletter 31/01/22 - Riflettori del Garante privacy su cookies, smart toys, app ""rubadati"" - Marketing: il Garante privacy sanziona l’utilizzo di liste non verificate - Fisco: Garante privacy, attenzione alla limitazione dei diritti dei contribuenti
Ordinanza ingiunzione nei confronti di Azienda Sanitaria Locale di Ciriè, Chivasso e Ivrea (ASL TO4) - 5 marzo 2020 [9433080]
Ordinanza ingiunzione nei confronti di Istituto Tecnico Statale Commerciale e per Geometri Masullo Theti - 15 marzo 2018 [9003276]
Marketing e videosorveglianza, Scorza: ""Spetta al titolare stabilire i termini di liceità del trattamento"" - Intervento di Guido Scorza"
10293839,Provvedimento del 17 aprile 2026 [10293839],https://www.garanteprivacy.it/home/docweb/-/docweb-display/docweb/10293839,"NELLA riunione odierna, alla quale hanno preso parte il prof. Pasquale Stanzione, presidente, la prof.ssa Ginevra Cerrina Feroni, vicepresidente, e il dott. Agostino Ghiglia, componente, e il dott. Luigi Montuori, segretario generale;
VISTO il Regolamento (UE) 2016/679 del Parlamento europeo e del Consiglio, del 27 aprile 2016 (di seguito, “Regolamento”);
VISTO il Codice in materia di protezione dei dati personali, recante disposizioni per l'adeguamento dell'ordinamento nazionale al Regolamento (UE) 2016/679 (d.lgs. 30 giugno 2003, n. 196, come modificato dal d.lgs. 10 agosto 2018, n. 101, di seguito “Codice”);
VISTA la segnalazione presentata dalla Guardia di finanza – Gruppo Lamezia Terme relativa a un impianto di videosorveglianza installato presso la sede dell’Associazione sportiva dilettantistica Performance;
Il Gruppo della Guardia di finanza di Lamezia Terme ha inviato, tramite il Nucleo speciale tutela privacy e frodi tecnologiche, all’Autorità, in data 11 ottobre 2024, il verbale di constatazione relativo all’accesso ispettivo, effettuato il 24 aprile 2024, presso la sede dell’Associazione sportiva dilettantistica Performance (con insegna “Officine del Corpo”, di seguito, Associazione), situata in via dei Gelsomini, n. 20, in Lamezia Terme (CZ), durante il quale è stata accertata la presenza di un impianto di videosorveglianza, risultato funzionante, composto da tre telecamere. In particolare con il verbale di constatazione è stato accertato che:
- “durante la fase di accesso è stata riscontrata, presso i locali della palestra, la presenza di nr. 3 impianti audiovisivi (telecamere) ed un monitor, in assenza dei cartelli di area videosorvegliata” (v. verbale di constatazione 24/04/2024, p. 1);
- “i militari operanti […] hanno potuto constatare l’ubicazione delle telecamere, e la mancanza (ovvero l’inidoneità) dell’informativa sulla privacy” (v. verbale di constatazione cit., p. 1);
- “la parte […] dichiarava […]: «…in merito alle telecamere da voi rilevate l’associazione non è in possesso di autorizzazioni rilasciate dagli organi competenti»” (v. verbale di constatazione cit., p. 2);
- Il sistema di videosorveglianza consta di telecamere (nr. 03 telecamere), di cui nr. 2 ubicate nella sala attrezzi della palestra e nr. 1 nella zona reception. Le telecamere ubicate in palestra, riprend[ono] sia i clienti dell’associazione che i lavoratori. Mentre, la telecamera installata nella zona reception inquadra principalmente la scrivania con annessa cassa e PC;
- Le telecamere non registrano su dispositivi per tale motivo le immagini non vengono conservate. La fascia oraria di funzionamento è dalle ore 07:00 alle ore 22:00. L’impianto è ubicato in sala attrezzi ed in zona reception, mentre il monitor è ubicato presso l’ufficio della direzione;
- Il responsabile del trattamento non è stato mai designato, ovvero non sono stati nominati responsabili e/o incaricati al trattamento dei dati personali;
- Per quanto attiene l’informativa agli interessati, il titolare non ha esposto alcuna informativa ai sensi dell’art. 13 del Codice” (v. verbale di constatazione cit., pp. 3, 4).
Il 14 novembre 2024, l’Ufficio ha effettuato, ai sensi dell’art. 166, comma 5, del Codice, la notificazione delle presunte violazioni del Regolamento nei confronti dell’Associazione, con riferimento agli artt. 114 del Codice, 5, par. 1, lett. a), 13 e 88, del Regolamento, per avere utilizzato, per circa tre anni, un sistema di videosorveglianza, funzionante nella fascia oraria 7-22, senza conformarsi alla disciplina di protezione dei dati personali.
- “fino dal giorno 24/04/2024 (accertamento G.D.F.) l’impianto di videosorveglianza composto da numero 3 telecamere ed 1 monitor sono state nell’immediatezza disconnesse e smontate” (v. nota 22/11/2024, p. 1);
- “l’impianto era in funzione solo ed esclusivamente per garantire la sicurezza dei luoghi e persone che frequentano l’associazione sportiva Performance e per prevenire qualunque evento increscioso” (v. nota cit., p. 1);
- “peraltro l’impianto ormai smontato non era dotato di alcun sistema idoneo alla registrazione e conservazione di «frame video»” (v. nota cit., p. 1);
- “si chiede a[l] Garante di tenere conto di tali scritti difensivi e secondo i principi di proporzionalità. Quandunque si dovesse giungere ad una sanzione allorché l’associazione ha agito in buona fede ed ha posto rimedio nell’immediato e non arrecando danno significativo della propria condotta” (v. nota cit., p. 1).
All’esito dell’esame delle dichiarazioni rese all’Autorità nel corso del procedimento nonché della documentazione acquisita, risulta che l’Associazione, in qualità di titolare, ha effettuato alcune operazioni di trattamento che risultano non conformi alla disciplina in materia di protezione dei dati personali per i motivi di seguito indicati.
In particolare, risulta accertato che l’Associazione ha trattato i dati di interessati, mediante un sistema di videosorveglianza, in violazione della disciplina di protezione dei dati personali.
In proposito, si evidenzia che, salvo che il fatto non costituisca più grave reato, chiunque, in un procedimento dinanzi al Garante, dichiara o attesta falsamente notizie o circostanze o produce atti o documenti falsi ne risponde ai sensi dell’art. 168 del Codice “Falsità nelle dichiarazioni al Garante e interruzione dell’esecuzione dei compiti o dell’esercizio dei poteri del Garante”.
Il trattamento dei dati personali deve essere effettuato nel rispetto dei principi previsti dall’art. 5 del Regolamento, tra cui i principi di liceità, correttezza e trasparenza.
L’art. 114 del Codice (che richiama, come condizione di liceità del trattamento ex art. 5, par. 1, lett. a) del Regolamento, l’art. 4 della L. 20.5.1970, n. 300 che disciplina i c.d. controlli a distanza), costituisce una delle norme del diritto nazionale “più specifiche per assicurare la protezione dei diritti e delle libertà con riguardo al trattamento dei dati personali dei dipendenti nell’ambito dei rapporti di lavoro” individuate dall’art. 88 del Regolamento.
Nel caso in cui, nell’ambito del rapporto di lavoro, dall’utilizzo di strumentazione tecnologica derivi anche la possibilità di controllo a distanza dell’attività dei lavoratori, è necessario, quindi, il rispetto della specifica procedura descritta normativamente nell’art. 4 della L. 20.5.1970, n. 300 volta ad ottenere, in caso di assenza di rappresentanze sindacali aziendali, il rilascio di una apposita autorizzazione da parte dell’Ispettorato del lavoro.
L’art. 13 del Regolamento prevede, inoltre, in capo al titola del trattamento, l’obbligo di fornire preventivamente all’interessato tutte le informazioni relative alle caratteristiche essenziali del trattamento.
Nell’ambito del rapporto di lavoro l’obbligo di informare il dipendente è, altresì, espressione del principio generale di correttezza (v. art. 5, par. 1, lett. a) del Regolamento).
Nel merito, è emerso che l’Associazione ha utilizzato, quantomeno per un anno e mezzo (nel verbale di constatazione relativo all’accesso ispettivo, effettuato il 24 aprile 2024, è stato riportato che la parte ha rappresentato che “l’impiego del sistema di videosorveglianza è iniziato da circa tre anni”, mentre negli scritti difensivi l’Associazione ha dichiarato che “l’impianto era in funzione da circa un anno e mezzo”), fino al 24 aprile 2024 (v. scritti difensivi del  24/11/2024, “fino dal giorno 24/04/2024 (accertamento G.D.F.) l’impianto di videosorveglianza composto da numero 3 telecamere ed 1 monitor sono state nell’immediatezza disconnesse e smontate”), un sistema di videosorveglianza, funzionante nella fascia orario 7-22, senza conformarsi alla disciplina di protezione dei dati personali.
Il predetto sistema non registrava le immagini, ma nonostante ciò, attraverso lo stesso, veniva effettuato un trattamento di dati personali, tanto che il monitor attraverso il quale poter vedere le immagini era posizionato presso gli uffici della direzione.
In particolare, dall’uso del predetto sistema poteva, al tempo in cui era utilizzato, derivare un controllo a distanza dell’attività lavorativa, ciò posto che le telecamere dello stesso installate presso la sede dell’Associazione inquadravano la sala attrezzi della palestra (2 telecamere), riprendendo dunque anche i lavoratori, oltre ai clienti dell’Associazione, nonché la zona reception, relativamente alla quale la telecamera, ivi installata, inquadrava principalmente la scrivania con annessa cassa e PC e conseguentemente le zone dove i lavoratori possono effettuare l’attività lavorativa.
Nonostante quanto emerso in merito al trattamento effettuato attraverso il sistema di videosorveglianza, non risulta sia stata rispettata la procedura di garanzia, prevista dall’art. 4 della l. 300 del 1970, richiamato dall’art. 114 del Codice, né è stata fornita idonea informativa agli interessati (clienti e lavoratori) ai sensi dell’art. 13 del Regolamento.
Nell’ambito del rapporto di lavoro l’obbligo di informare il dipendente è, altresì, espressione del principio generale di correttezza (v. art. 5, par. 1, lett. a) del Regolamento).
La condotta dell’Associazione, pertanto, comporta la violazione degli artt. 114 del Codice, 5, par. 1, lett. a), 13 e 88 del Regolamento.
Per i suesposti motivi, l’Autorità ritiene che le dichiarazioni, la documentazione e le ricostruzioni fornite dal titolare del trattamento, nel corso dell’istruttoria, non consentano di superare i rilievi notificati dall’Ufficio con l’atto di avvio del procedimento che risultano pertanto inidonee a consentire l’archiviazione del presente procedimento, non ricorrendo peraltro alcuno dei casi previsti dall’art. 11 del Regolamento del Garante n. 1/2019.
Le condotte poste in essere dall’Associazione e segnatamente il trattamento dei dati di lavoratori e clienti dell’Associazione, mediante un sistema di videosorveglianza, senza avere attivato la procedura di garanzia di cui all’art. 4 della l. n. 300 del 1970 e senza avere fornito un'idonea informativa, risultano illecite, nei termini su esposti, in relazione agli artt. 114 del Codice, 5, par. 1, lett. a), 13 e 88 del Regolamento.
La violazione accertata nei termini di cui in motivazione non può essere considerata “minore”, tenuto conto della natura delle plurime violazioni accertate, che hanno riguardato i principi generali del trattamento nonché la disciplina sui c.d. controlli a distanza.
Pertanto, visti i poteri correttivi attribuiti dall’art. 58, par. 2 del Regolamento si dispone l’irrogazione di una sanzione amministrativa pecuniaria ai sensi dell’art. 83 del Regolamento, commisurata alle circostanze del caso concreto (art. 58, par. 2, lett. i) Regolamento).
5. Adozione dell’ordinanza ingiunzione per l’applicazione della sanzione amministrativa pecuniaria e delle sanzioni accessorie (artt. 58, par. 2, lett. i), e 83 del Regolamento; art. 166, comma 7, del Codice).
All’esito del procedimento risulta pertanto che l’Associazione ha violato gli artt. 114 del Codice, 5, par. 1, lett. a), 13 e 88 del Regolamento.
Per la violazione delle predette disposizioni è prevista l’applicazione della sanzione amministrativa pecuniaria prevista dall’art. 83, par. 5, lett. a), b), d), del Regolamento, mediante adozione di un’ordinanza ingiunzione (art. 18, l. 24.11.1981, n. 689).
Il Garante, ai sensi dell’art. 58, par. 2, lett. i), del Regolamento e dell’art. 166 del Codice, ha il potere di infliggere una sanzione amministrativa pecuniaria prevista dall’art. 83 del Regolamento, mediante l’adozione di una ordinanza ingiunzione (art. 18, L. 24 novembre 1981, n. 689), in relazione al trattamento dei dati personali posto in essere dall’Associazione, di cui è stata accertata l’illiceità, nei termini sopra esposti.
Ritenuto di dover applicare il paragrafo 3 dell’art. 83 del Regolamento laddove prevede che “Se, in relazione allo stesso trattamento o a trattamenti collegati, un titolare del trattamento […] viola, con dolo o colpa, varie disposizioni del presente regolamento, l'importo totale della sanzione amministrativa pecuniaria non supera l'importo specificato per la violazione più grave”, l’importo totale della sanzione è calcolato in modo da non superare il massimo edittale previsto dal medesimo art. 83, par. 5.
L’Autorità, alla luce delle Linee guida 4/2022 sul calcolo delle sanzioni amministrative pecuniarie ai sensi del GDPR adottate in data 24 maggio 2023, alle quali sono state apportate lievi modifiche in data 29 giugno 2023, ritiene che il livello di gravità della violazione sia elevato, tenuto conto di tutti i fattori rilevanti nel caso concreto.
In particolare sono state prese in considerazione la natura, la gravità e la durata della violazione, tenendo conto della natura, dell'oggetto o della finalità del trattamento in questione nonché il fatto che il sistema di videosorveglianza in oggetto fosse installato in un luogo idoneo a riprendere sia lavoratori sia clienti del titolare del trattamento e del livello del danno da essi subito (v. art. 83, par. 2, lett. a), del Regolamento).
Per quanto attiene alla durata delle violazioni, in base a quanto da ultimo dichiarato dall’Associazione, il sistema di videosorveglianza è stato attivo per circa un anno e mezzo, fino, in base a quanto dichiarato dal titolare, al 24 aprile 2024, data dell’accertamento della Guardia di finanza. È stato inoltre considerato che gli interessati, i cui dati sono stati oggetto di trattamento, sono sia lavoratori sia clienti dell’Associazione.
L’Autorità ha altresì preso in considerazione i criteri relativi al carattere doloso o colposo della violazione e le categorie di dati personali interessate dalla violazione, nonché la maniera in cui l'autorità di controllo ha preso conoscenza della violazione (v. art. 83, par. 2, lett. b) e g), e Considerando 148 del Regolamento).
Con riferimento agli altri elementi elencati dall’art. 83, par. 2, del Regolamento ai fini della applicazione della sanzione amministrativa pecuniaria e la relativa quantificazione, ritenuto che il livello di gravità della violazione sia elevato, tenuto conto che la sanzione deve “in ogni caso [essere] effettiva, proporzionata e dissuasiva” (art. 83, par. 1 del Regolamento), si rappresenta che, nel caso di specie, sono state considerate le seguenti circostanze:
- l’Associazione, a seguito dell’accertamento della Guardia di finanza, ha provveduto a disconnettere e smontare le telecamere dell’impianto di videosorveglianza (art. 83, par. 2, lett. c), del Regolamento);
- con riferimento al grado di responsabilità del titolare, è stata presa in considerazione la condotta negligente dell’Associazione e il grado di responsabilità della stessa che non si era conformata alla disciplina in materia di protezione dei dati relativamente a una pluralità di disposizioni (art. 83, par. 2, lett. d), del Regolamento);
- non risultano precedenti violazioni pertinenti commesse dal titolare del trattamento (art. 83, par. 2, lett. e), del Regolamento);
Si ritiene inoltre che assumano rilevanza, nel caso di specie, tenuto conto dei richiamati principi di effettività, proporzionalità e dissuasività ai quali l’Autorità deve attenersi nella determinazione dell’ammontare della sanzione (art. 83, par. 1, del Regolamento), in primo luogo le condizioni economiche del contravventore, determinate in base al volume d’affari della Società con riferimento al periodo d’imposta 2024, ultimo disponibile.
Alla luce degli elementi sopra indicati e delle valutazioni effettuate, si ritiene, nel caso di specie, di applicare nei confronti dell’Associazione la sanzione amministrativa del pagamento di una somma pari a euro 1.600 (milleseicento).
In tale quadro si ritiene che ai sensi dell’art. 166, comma 7, del Codice e dell’art. 16, comma 1, del Regolamento del Garante n. 1/2019, si debba procedere alla pubblicazione del presente capo contenente l’ordinanza ingiunzione sul sito Internet del Garante.
Ciò in considerazione della tipologia delle violazioni accertate che hanno riguardato i principi generali del trattamento nonché la disciplina sui c.d. controlli a distanza e l’obbligo di fornire una idonea informativa in merito al trattamento dei dati personali.
ai sensi dell’art. 57, par. 1, lett. f), del Regolamento, rileva l’illiceità del trattamento effettuato dall'Associazione sportiva dilettantistica Performance, in persona del legale rappresentante, con sede legale in Via dei Gelsomini, 20/A, Lamezia Terme (CZ), C.F. 92035440798, nei termini di cui in motivazione, per la violazione degli artt. 114 del Codice, 5, par. 1, lett. a), 13 e 88 del Regolamento;
all'Associazione sportiva dilettantistica Performance ai sensi dell’art. 58, par. 2, lett. i), del Regolamento, di pagare la somma di euro 1.600,00 (milleseicento/00) a titolo di sanzione amministrativa pecuniaria per le violazioni indicate nel presente provvedimento;
all'Associazione sportiva dilettantistica Performance di pagare la predetta somma di euro 1.600,00 (milleseicento/00), secondo le modalità indicate in allegato, entro 30 giorni dalla notifica del presente provvedimento, pena l’adozione dei conseguenti atti esecutivi a norma dell’art. 27 della legge n. 689/1981.
Si ricorda che resta salva la facoltà per il trasgressore di definire la controversia mediante il pagamento – sempre secondo le modalità indicate in allegato – di un importo pari alla metà della sanzione irrogata, entro il termine di cui all’art. 10, comma 3, del d. lgs. n. 150 dell’1.9.2011 previsto per la proposizione del ricorso come sotto indicato (art. 166, comma 8, del Codice);
- ai sensi dell’art. 166, comma 7, del Codice e dell’art. 16, comma 1, del Regolamento del Garante n. 1/2019, la pubblicazione dell’ordinanza ingiunzione sul sito Internet del Garante;
- ai sensi dell’art. 154-bis, comma 3, del Codice e dell’art. 37 del Regolamento del garante n. 1/2019, la pubblicazione del presente provvedimento sul sito Internet del Garante;
- ai sensi dell’art. 17 del Regolamento n. 1/2019, l’annotazione delle violazioni e delle misure adottate in conformità all’art. 58, par. 2, del Regolamento, nel registro interno dell’Autorità previsto dall’art. 57, par. 1, lett. u), del Regolamento.
Ai sensi dell’art. 78 del Regolamento, nonché degli articoli 152 del Codice e 10 del d.lgs. n. 150/2011, avverso il presente provvedimento può essere proposta opposizione all'autorità giudiziaria ordinaria, con ricorso depositato al tribunale ordinario del luogo individuato nel medesimo art. 10, entro il termine di trenta giorni dalla data di comunicazione del provvedimento stesso, ovvero di sessanta giorni se il ricorrente risiede all'estero.
Newsletter dell'11/09/23 - Telemarketing selvaggio: il Garante Privacy sanziona Tiscali e Comparafacile - Lavoro: sì all’accesso del dipendente alla relazione investigativa - Videosorveglianza: rifiuti, il Garante sanziona un Comune e due società - Sito falso, il Garante Privacy ordina a Google la rimozione dell’indirizzo web
Newsletter del 26/07/23 - Giornalismo: stop a foto invasive in casa, anche se il personaggio è famoso - Lavoro: il Garante Privacy ribadisce il no al controllo a distanza - Sanità: il Garante privacy sanziona una società per uso di dati non anonimizzati - Trasferimento dati verso gli Usa: i chiarimenti dei Garanti Ue
NEWSLETTER del 29 luglio 2026 - Marketing: il Garante sanziona Altroconsumo Edizioni per 280mila euro - AI Act, Garante: sì allo schema di decreto legislativo, ma con maggiori garanzie - AI Act, Garante: rafforzare le tutele per i dati biometrici - Data breach, il Garante sanziona la Città Metropolitana di Sassari"
10001136,Provvedimento dell'11 gennaio 2024 [10001136],https://www.garanteprivacy.it/home/docweb/-/docweb-display/docweb/10001136,"NELLA riunione odierna, alla quale hanno preso parte il prof. Pasquale Stanzione, presidente, la prof.ssa Ginevra Cerrina Feroni, vicepresidente, il dott. Agostino Ghiglia e l’avv. Guido Scorza, componenti, e il cons. Fabio Mattei segretario generale;
VISTO il Regolamento (UE) 2016/679 del Parlamento europeo e del Consiglio, del 27 aprile 2016 (di seguito “Regolamento”);
VISTO il d.lgs. 30 giugno 2003, n. 196 (Codice in materia di protezione dei dati personali, di seguito “Codice”) come novellato dal d.lgs. 10 agosto 2018, n. 101 recante “Disposizioni per l’adeguamento della normativa nazionale alle disposizioni del Regolamento (UE) 2016/679”;
VISTO il verbale della Guardia di Finanza di Roma – Nucleo speciale tutela privacy e frodi tecnologiche il quale riferisce di un controllo effettuato in data 8.6.2022 presso il B&B I Cugi di Mirenda Adelina, esercente l’attività di affittacamere, sito in Bronte (CT) Via Messina 205, con cui è stata accertata la presenza di un impianto di videosorveglianza regolarmente funzionante e l’assenza di idonei cartelli informativi della presenza delle telecamere;
Con nota pervenuta il 14.2.2022, i sig.ri XX, XX e XX segnalavano a questa Autorità la non conforme installazione di un impianto di videosorveglianza posizionato presso il B&B I Cugi di Mirenda Adelina, esercente l’attività di affittacamere per brevi soggiorni, case ed appartamenti per vacanze, sito in Bronte (CT), Via Messina 205, in quanto le telecamere non sarebbero state segnalate da idonei cartelli informativi.
A seguito di richiesta da parte del Garante, la Guardia di finanza di Roma – Nucleo speciale tutela privacy e frodi tecnologiche, con nota del 15.6.22, trasmetteva a questa Autorità il verbale del controllo effettuato, in data 8.6.22, presso il B&B I Cugi di Mirenda Adelina sito in Bronte (CT), Via Messina 205, con cui è stata accertata la presenza di 2 impianti di videosorveglianza di cui solo uno, composto da tre telecamere funzionanti poste all’esterno del B&B: una idonea ad inquadrare l’ingresso della struttura, una direzionata verso il parcheggio e la terza idonea ad inquadrare l’ingresso dell’ufficio del B&B al piano terra.
Nel verbale si riferiva la mancanza di cartelli informativi della presenza delle suddette telecamere; in merito a ciò, la sig.ra Adelina Mirenda, titolare dell’attività e legale rappresentante pro tempore, dichiarava che la mancanza dei cartelli informativi era verosimilmente dovuta al fatto che gli stessi erano stati oggetto di atti vandalici e che successivamente la stessa, pur avendoli acquistati, non li avrebbe installati in quanto intenzionata a chiudere l’attività.
Pertanto, l’Ufficio, con nota del 13.9.2022 (prot. n. 48150), provvedeva a notificare l’atto di avvio del procedimento sanzionatorio, ai sensi dell’art. 166, comma 5, del Codice in relazione alla violazione degli artt. 5 par. 1, lett. a) e 13 del Regolamento.
Il titolare del trattamento è stato informato della possibilità di produrre scritti difensivi o documenti in relazione al procedimento sanzionatorio a suo carico, ma non ha fatto pervenire alcuna documentazione al riguardo. Va altresì rilevata che l’attività del B&B è attualmente cessata.
L’utilizzo di sistemi di videosorveglianza può determinare, in relazione al posizionamento delle telecamere e alla qualità delle immagini riprese, un trattamento di dati personali. Tale trattamento deve essere effettuato nel rispetto dei principi generali contenuti nell’art. 5 del Regolamento e, in particolare, del principio di trasparenza che presuppone che “gli interessati devono essere sempre informati che stanno per accedere in una zona videosorvegliata”.
A questo scopo quindi il titolare del trattamento deve apporre idonei cartelli informativi secondo le indicazioni contenute al punto 3.1. del provvedimento in materia di videosorveglianza - 8 aprile 2010 [1712680] (in tal senso anche le Faq in materia di videosorveglianza, pubblicate sul sito web dell’Autorità).
Analogamente le Linee Guida n. 3/2019 del Comitato europeo per la protezione dei dati sul trattamento dei dati personali attraverso dispositivi video, punto 7) specificano che “Per quanto riguarda la videosorveglianza, le informazioni più importanti devono essere indicate [dal titolare] sul segnale di avvertimento stesso (primo livello), mentre gli ulteriori dettagli obbligatori possono essere forniti con altri mezzi (secondo livello). Nelle linee guida si prevede inoltre che “Tali informazioni possono essere fornite in combinazione con un’icona per dare, in modo ben visibile, intelligibile e chiaramente leggibile, un quadro d’insieme del trattamento previsto (articolo 12, paragrafo 7, del RGPD). Il formato delle informazioni dovrà adeguarsi alle varie ubicazioni”. Le informazioni dovrebbero essere posizionate in modo da permettere all’interessato di riconoscere facilmente le circostanze della sorveglianza, prima di entrare nella zona sorvegliata (approssimativamente all’altezza degli occhi) “per consentire all’interessato di stimare quale zona sia coperta da una telecamera in modo da evitare la sorveglianza o adeguare il proprio comportamento, ove necessario”.
Il trattamento dei dati personali effettuato dalla società attraverso il sistema di videosorveglianza risulta, quindi, illecito, nei termini su esposti, in relazione agli artt. 5, par. 1, lett. a) e 13 del Regolamento.
Sulla base dell’accertamento effettuato è emerso che l’impianto di videosorveglianza, installato presso il B&B I Cugi di Mirenda Adelina era attivo e funzionante e che non risultava essere stato apposto alcun cartello recante l’informativa di cui all’art. 13 del Regolamento.
Nel caso di specie, risulta pertanto comprovato che è stato effettuato un trattamento di dati personali, per mezzo di un impianto di videosorveglianza, in assenza della prescritta informativa. Tale condotta si pone in contrasto con quanto stabilito dall’art. 13 del Regolamento, in base al quale il titolare del trattamento è tenuto a fornire all’interessato tutte le informazioni relative alle caratteristiche essenziali del trattamento.
Nel caso di specie, va rilevato che, come dichiarato e comprovato dalla parte, i cartelli informativi della presenza delle telecamere, presenti in origine, erano stati oggetto di atti vandalici da parte di terzi e che, immediatamente dopo il verificarsi dell’illecito, la parte aveva provveduto a riacquistarli ma non li avrebbe esposti in ragione della scelta di chiudere l’attività.
Il trattamento dei dati personali effettuato dall’impresa individuale risulta pertanto illecito, nei termini su esposti, in relazione agli artt. 5, par. 1, lett. a) (principio di trasparenza) e 13 (informativa) del Regolamento.
Preso atto di tutti gli elementi acquisiti nel corso dell’istruttoria, è emerso che la condotta posta in essere dal B&B I Cugi di Mirenda Adelina, consistente nella mancata affissione dei cartelli informativi della presenza delle telecamere, possa essere considerata quale “violazione minore” nei termini di cui in motivazione in quanto i cartelli informativi, oggetto di atti vandalici, erano originariamente presenti, l’attività è attualmente cessata e non vi sono precedenti violazioni pertinenti e che, pertanto, occorra ammonire il titolare del trattamento, ai sensi dell’art. 143 del Codice e 58, par. 2, lett. b), del Regolamento.
dichiara, ai sensi degli artt. 57, par. 1, lett. f) e 83 del Regolamento, l’illiceità del trattamento effettuato dall’impresa individuale B&B I Cugi di Mirenda Adelina attraverso l’utilizzo del sistema di videosorveglianza installato presso la predetta struttura, nei termini di cui in motivazione, per la violazione degli artt. 5 e 13 del Regolamento;
ai sensi dell’art. 58, par. 2, lett. b), del Regolamento ammonisce l’impresa individuale B&B I Cugi di Mirenda Adelina, quale titolare del trattamento in questione, per non aver apposto idonei cartelli informativi della presenza delle telecamere installate presso il B&B.
Ai sensi dell’art. 78 del Regolamento, degli artt. 152 del Codice e 10 del d.lgs. 1° settembre 2011, n. 150, avverso il presente provvedimento è possibile proporre ricorso dinanzi all’autorità giudiziaria ordinaria, a pena di inammissibilità, entro trenta giorni dalla data di comunicazione del provvedimento stesso ovvero entro sessanta giorni se il ricorrente risiede all’estero.
Newsletter 31/01/22 - Riflettori del Garante privacy su cookies, smart toys, app ""rubadati"" - Marketing: il Garante privacy sanziona l’utilizzo di liste non verificate - Fisco: Garante privacy, attenzione alla limitazione dei diritti dei contribuenti
Ordinanza ingiunzione nei confronti di Azienda Sanitaria Locale di Ciriè, Chivasso e Ivrea (ASL TO4) - 5 marzo 2020 [9433080]
Ordinanza ingiunzione nei confronti di Istituto Tecnico Statale Commerciale e per Geometri Masullo Theti - 15 marzo 2018 [9003276]
Marketing e videosorveglianza, Scorza: ""Spetta al titolare stabilire i termini di liceità del trattamento"" - Intervento di Guido Scorza"
