Tipologia_API,Zona,Data,Valore,Giorno
uniqueUserZone,OWM Zona9,2026-09-16 02:00:00+02:00,149.0,2026-09-16
uniqueUserZone,OWM Zona8,2026-09-16 02:00:00+02:00,161.0,2026-09-16
uniqueUserZone,OWM Zona7,2026-09-16 02:00:00+02:00,92.0,2026-09-16
uniqueUserZone,OWM Zona6,2026-09-16 02:00:00+02:00,111.0,2026-09-16
uniqueUserZone,OWM Zona5,2026-09-16 02:00:00+02:00,97.0,2026-09-16
uniqueUserZone,OWM Zona4,2026-09-16 02:00:00+02:00,148.0,2026-09-16
uniqueUserZone,OWM Zona3,2026-09-16 02:00:00+02:00,285.0,2026-09-16
uniqueUserZone,OWM Zona2,2026-09-16 02:00:00+02:00,174.0,2026-09-16
uniqueUserZone,OWM Zona1,2026-09-16 02:00:00+02:00,384.0,2026-09-16
uniqueUserZone,OWM Zona9,2026-09-15 02:00:00+02:00,142.0,2026-09-15
uniqueUserZone,OWM Zona8,2026-09-15 02:00:00+02:00,177.0,2026-09-15
uniqueUserZone,OWM Zona7,2026-09-15 02:00:00+02:00,83.0,2026-09-15
uniqueUserZone,OWM Zona6,2026-09-15 02:00:00+02:00,90.0,2026-09-15
uniqueUserZone,OWM Zona5,2026-09-15 02:00:00+02:00,112.0,2026-09-15
uniqueUserZone,OWM Zona4,2026-09-15 02:00:00+02:00,137.0,2026-09-15
uniqueUserZone,OWM Zona3,2026-09-15 02:00:00+02:00,300.0,2026-09-15
uniqueUserZone,OWM Zona2,2026-09-15 02:00:00+02:00,164.0,2026-09-15
uniqueUserZone,OWM Zona1,2026-09-15 02:00:00+02:00,395.0,2026-09-15
uniqueUserZone,OWM Zona9,2026-09-14 02:00:00+02:00,140.0,2026-09-14
uniqueUserZone,OWM Zona8,2026-09-14 02:00:00+02:00,159.0,2026-09-14
uniqueUserZone,OWM Zona7,2026-09-14 02:00:00+02:00,83.0,2026-09-14
uniqueUserZone,OWM Zona6,2026-09-14 02:00:00+02:00,86.0,2026-09-14
uniqueUserZone,OWM Zona5,2026-09-14 02:00:00+02:00,90.0,2026-09-14
uniqueUserZone,OWM Zona4,2026-09-14 02:00:00+02:00,134.0,2026-09-14
uniqueUserZone,OWM Zona3,2026-09-14 02:00:00+02:00,308.0,2026-09-14
uniqueUserZone,OWM Zona2,2026-09-14 02:00:00+02:00,178.0,2026-09-14
uniqueUserZone,OWM Zona1,2026-09-14 02:00:00+02:00,325.0,2026-09-14
uniqueUserZone,OWM Zona9,2026-09-13 02:00:00+02:00,104.0,2026-09-13
uniqueUserZone,OWM Zona8,2026-09-13 02:00:00+02:00,130.0,2026-09-13
uniqueUserZone,OWM Zona7,2026-09-13 02:00:00+02:00,51.0,2026-09-13
uniqueUserZone,OWM Zona6,2026-09-13 02:00:00+02:00,73.0,2026-09-13
uniqueUserZone,OWM Zona5,2026-09-13 02:00:00+02:00,87.0,2026-09-13
uniqueUserZone,OWM Zona4,2026-09-13 02:00:00+02:00,118.0,2026-09-13
uniqueUserZone,OWM Zona3,2026-09-13 02:00:00+02:00,212.0,2026-09-13
uniqueUserZone,OWM Zona2,2026-09-13 02:00:00+02:00,162.0,2026-09-13
uniqueUserZone,OWM Zona1,2026-09-13 02:00:00+02:00,286.0,2026-09-13
uniqueUserZone,OWM Zona9,2026-09-12 02:00:00+02:00,113.0,2026-09-12
uniqueUserZone,OWM Zona8,2026-09-12 02:00:00+02:00,152.0,2026-09-12
uniqueUserZone,OWM Zona7,2026-09-12 02:00:00+02:00,74.0,2026-09-12
uniqueUserZone,OWM Zona6,2026-09-12 02:00:00+02:00,72.0,2026-09-12
uniqueUserZone,OWM Zona5,2026-09-12 02:00:00+02:00,80.0,2026-09-12
uniqueUserZone,OWM Zona4,2026-09-12 02:00:00+02:00,106.0,2026-09-12
uniqueUserZone,OWM Zona3,2026-09-12 02:00:00+02:00,267.0,2026-09-12
uniqueUserZone,OWM Zona2,2026-09-12 02:00:00+02:00,160.0,2026-09-12
uniqueUserZone,OWM Zona1,2026-09-12 02:00:00+02:00,320.0,2026-09-12
uniqueUserZone,OWM Zona9,2026-09-11 02:00:00+02:00,127.0,2026-09-11
uniqueUserZone,OWM Zona8,2026-09-11 02:00:00+02:00,160.0,2026-09-11
uniqueUserZone,OWM Zona7,2026-09-11 02:00:00+02:00,81.0,2026-09-11
uniqueUserZone,OWM Zona6,2026-09-11 02:00:00+02:00,95.0,2026-09-11
uniqueUserZone,OWM Zona5,2026-09-11 02:00:00+02:00,90.0,2026-09-11
uniqueUserZone,OWM Zona4,2026-09-11 02:00:00+02:00,130.0,2026-09-11
uniqueUserZone,OWM Zona3,2026-09-11 02:00:00+02:00,284.0,2026-09-11
uniqueUserZone,OWM Zona2,2026-09-11 02:00:00+02:00,193.0,2026-09-11
uniqueUserZone,OWM Zona1,2026-09-11 02:00:00+02:00,363.0,2026-09-11
uniqueUserZone,OWM Zona9,2026-09-10 02:00:00+02:00,128.0,2026-09-10
uniqueUserZone,OWM Zona8,2026-09-10 02:00:00+02:00,164.0,2026-09-10
uniqueUserZone,OWM Zona7,2026-09-10 02:00:00+02:00,72.0,2026-09-10
uniqueUserZone,OWM Zona6,2026-09-10 02:00:00+02:00,88.0,2026-09-10
uniqueUserZone,OWM Zona5,2026-09-10 02:00:00+02:00,95.0,2026-09-10
uniqueUserZone,OWM Zona4,2026-09-10 02:00:00+02:00,112.0,2026-09-10
uniqueUserZone,OWM Zona3,2026-09-10 02:00:00+02:00,252.0,2026-09-10
uniqueUserZone,OWM Zona2,2026-09-10 02:00:00+02:00,159.0,2026-09-10
uniqueUserZone,OWM Zona1,2026-09-10 02:00:00+02:00,316.0,2026-09-10
uniqueUserZone,OWM Zona9,2026-09-09 02:00:00+02:00,108.0,2026-09-09
uniqueUserZone,OWM Zona8,2026-09-09 02:00:00+02:00,130.0,2026-09-09
uniqueUserZone,OWM Zona7,2026-09-09 02:00:00+02:00,64.0,2026-09-09
uniqueUserZone,OWM Zona6,2026-09-09 02:00:00+02:00,66.0,2026-09-09
uniqueUserZone,OWM Zona5,2026-09-09 02:00:00+02:00,95.0,2026-09-09
uniqueUserZone,OWM Zona4,2026-09-09 02:00:00+02:00,117.0,2026-09-09
uniqueUserZone,OWM Zona3,2026-09-09 02:00:00+02:00,241.0,2026-09-09
uniqueUserZone,OWM Zona2,2026-09-09 02:00:00+02:00,145.0,2026-09-09
uniqueUserZone,OWM Zona1,2026-09-09 02:00:00+02:00,296.0,2026-09-09
uniqueUserZone,OWM Zona9,2026-09-08 02:00:00+02:00,139.0,2026-09-08
uniqueUserZone,OWM Zona8,2026-09-08 02:00:00+02:00,152.0,2026-09-08
uniqueUserZone,OWM Zona7,2026-09-08 02:00:00+02:00,87.0,2026-09-08
uniqueUserZone,OWM Zona6,2026-09-08 02:00:00+02:00,80.0,2026-09-08
uniqueUserZone,OWM Zona5,2026-09-08 02:00:00+02:00,121.0,2026-09-08
uniqueUserZone,OWM Zona4,2026-09-08 02:00:00+02:00,124.0,2026-09-08
uniqueUserZone,OWM Zona3,2026-09-08 02:00:00+02:00,268.0,2026-09-08
uniqueUserZone,OWM Zona2,2026-09-08 02:00:00+02:00,172.0,2026-09-08
uniqueUserZone,OWM Zona1,2026-09-08 02:00:00+02:00,348.0,2026-09-08
uniqueUserZone,OWM Zona9,2026-09-07 02:00:00+02:00,125.0,2026-09-07
uniqueUserZone,OWM Zona8,2026-09-07 02:00:00+02:00,150.0,2026-09-07
uniqueUserZone,OWM Zona7,2026-09-07 02:00:00+02:00,76.0,2026-09-07
uniqueUserZone,OWM Zona6,2026-09-07 02:00:00+02:00,75.0,2026-09-07
uniqueUserZone,OWM Zona5,2026-09-07 02:00:00+02:00,101.0,2026-09-07
uniqueUserZone,OWM Zona4,2026-09-07 02:00:00+02:00,120.0,2026-09-07
uniqueUserZone,OWM Zona3,2026-09-07 02:00:00+02:00,250.0,2026-09-07
uniqueUserZone,OWM Zona2,2026-09-07 02:00:00+02:00,179.0,2026-09-07
uniqueUserZone,OWM Zona1,2026-09-07 02:00:00+02:00,292.0,2026-09-07
uniqueUserZone,OWM Zona9,2026-09-06 02:00:00+02:00,68.0,2026-09-06
uniqueUserZone,OWM Zona8,2026-09-06 02:00:00+02:00,135.0,2026-09-06
uniqueUserZone,OWM Zona7,2026-09-06 02:00:00+02:00,60.0,2026-09-06
uniqueUserZone,OWM Zona6,2026-09-06 02:00:00+02:00,90.0,2026-09-06
uniqueUserZone,OWM Zona5,2026-09-06 02:00:00+02:00,84.0,2026-09-06
uniqueUserZone,OWM Zona4,2026-09-06 02:00:00+02:00,94.0,2026-09-06
uniqueUserZone,OWM Zona3,2026-09-06 02:00:00+02:00,192.0,2026-09-06
uniqueUserZone,OWM Zona2,2026-09-06 02:00:00+02:00,122.0,2026-09-06
uniqueUserZone,OWM Zona1,2026-09-06 02:00:00+02:00,231.0,2026-09-06
uniqueUserZone,OWM Zona9,2026-09-05 02:00:00+02:00,112.0,2026-09-05
uniqueUserZone,OWM Zona8,2026-09-05 02:00:00+02:00,149.0,2026-09-05
uniqueUserZone,OWM Zona7,2026-09-05 02:00:00+02:00,70.0,2026-09-05
uniqueUserZone,OWM Zona6,2026-09-05 02:00:00+02:00,79.0,2026-09-05
uniqueUserZone,OWM Zona5,2026-09-05 02:00:00+02:00,101.0,2026-09-05
uniqueUserZone,OWM Zona4,2026-09-05 02:00:00+02:00,91.0,2026-09-05
uniqueUserZone,OWM Zona3,2026-09-05 02:00:00+02:00,242.0,2026-09-05
uniqueUserZone,OWM Zona2,2026-09-05 02:00:00+02:00,158.0,2026-09-05
uniqueUserZone,OWM Zona1,2026-09-05 02:00:00+02:00,272.0,2026-09-05
uniqueUserZone,OWM Zona9,2026-09-04 02:00:00+02:00,120.0,2026-09-04
uniqueUserZone,OWM Zona8,2026-09-04 02:00:00+02:00,151.0,2026-09-04
uniqueUserZone,OWM Zona7,2026-09-04 02:00:00+02:00,62.0,2026-09-04
uniqueUserZone,OWM Zona6,2026-09-04 02:00:00+02:00,81.0,2026-09-04
uniqueUserZone,OWM Zona5,2026-09-04 02:00:00+02:00,97.0,2026-09-04
uniqueUserZone,OWM Zona4,2026-09-04 02:00:00+02:00,107.0,2026-09-04
uniqueUserZone,OWM Zona3,2026-09-04 02:00:00+02:00,267.0,2026-09-04
uniqueUserZone,OWM Zona2,2026-09-04 02:00:00+02:00,156.0,2026-09-04
uniqueUserZone,OWM Zona1,2026-09-04 02:00:00+02:00,291.0,2026-09-04
uniqueUserZone,OWM Zona9,2026-09-03 02:00:00+02:00,118.0,2026-09-03
uniqueUserZone,OWM Zona8,2026-09-03 02:00:00+02:00,116.0,2026-09-03
uniqueUserZone,OWM Zona7,2026-09-03 02:00:00+02:00,65.0,2026-09-03
uniqueUserZone,OWM Zona6,2026-09-03 02:00:00+02:00,74.0,2026-09-03
uniqueUserZone,OWM Zona5,2026-09-03 02:00:00+02:00,86.0,2026-09-03
uniqueUserZone,OWM Zona4,2026-09-03 02:00:00+02:00,111.0,2026-09-03
uniqueUserZone,OWM Zona3,2026-09-03 02:00:00+02:00,211.0,2026-09-03
uniqueUserZone,OWM Zona2,2026-09-03 02:00:00+02:00,146.0,2026-09-03
uniqueUserZone,OWM Zona1,2026-09-03 02:00:00+02:00,258.0,2026-09-03
uniqueUserZone,OWM Zona9,2026-09-02 02:00:00+02:00,101.0,2026-09-02
uniqueUserZone,OWM Zona8,2026-09-02 02:00:00+02:00,136.0,2026-09-02
uniqueUserZone,OWM Zona7,2026-09-02 02:00:00+02:00,69.0,2026-09-02
uniqueUserZone,OWM Zona6,2026-09-02 02:00:00+02:00,67.0,2026-09-02
uniqueUserZone,OWM Zona5,2026-09-02 02:00:00+02:00,79.0,2026-09-02
uniqueUserZone,OWM Zona4,2026-09-02 02:00:00+02:00,91.0,2026-09-02
uniqueUserZone,OWM Zona3,2026-09-02 02:00:00+02:00,206.0,2026-09-02
uniqueUserZone,OWM Zona2,2026-09-02 02:00:00+02:00,152.0,2026-09-02
uniqueUserZone,OWM Zona1,2026-09-02 02:00:00+02:00,264.0,2026-09-02
uniqueUserZone,OWM Zona9,2026-09-01 02:00:00+02:00,53.0,2026-09-01
uniqueUserZone,OWM Zona8,2026-09-01 02:00:00+02:00,65.0,2026-09-01
uniqueUserZone,OWM Zona7,2026-09-01 02:00:00+02:00,20.0,2026-09-01
uniqueUserZone,OWM Zona6,2026-09-01 02:00:00+02:00,28.0,2026-09-01
uniqueUserZone,OWM Zona5,2026-09-01 02:00:00+02:00,36.0,2026-09-01
uniqueUserZone,OWM Zona4,2026-09-01 02:00:00+02:00,34.0,2026-09-01
uniqueUserZone,OWM Zona3,2026-09-01 02:00:00+02:00,84.0,2026-09-01
uniqueUserZone,OWM Zona2,2026-09-01 02:00:00+02:00,45.0,2026-09-01
uniqueUserZone,OWM Zona1,2026-09-01 02:00:00+02:00,58.0,2026-09-01
uniqueUserZone,OWM Zona9,2026-08-31 02:00:00+02:00,40.0,2026-08-31
uniqueUserZone,OWM Zona8,2026-08-31 02:00:00+02:00,47.0,2026-08-31
uniqueUserZone,OWM Zona7,2026-08-31 02:00:00+02:00,21.0,2026-08-31
uniqueUserZone,OWM Zona6,2026-08-31 02:00:00+02:00,32.0,2026-08-31
uniqueUserZone,OWM Zona5,2026-08-31 02:00:00+02:00,38.0,2026-08-31
uniqueUserZone,OWM Zona4,2026-08-31 02:00:00+02:00,52.0,2026-08-31
uniqueUserZone,OWM Zona3,2026-08-31 02:00:00+02:00,90.0,2026-08-31
uniqueUserZone,OWM Zona2,2026-08-31 02:00:00+02:00,56.0,2026-08-31
uniqueUserZone,OWM Zona1,2026-08-31 02:00:00+02:00,72.0,2026-08-31
uniqueUserZone,OWM Zona9,2026-08-30 02:00:00+02:00,10.0,2026-08-30
uniqueUserZone,OWM Zona8,2026-08-30 02:00:00+02:00,18.0,2026-08-30
uniqueUserZone,OWM Zona7,2026-08-30 02:00:00+02:00,10.0,2026-08-30
uniqueUserZone,OWM Zona6,2026-08-30 02:00:00+02:00,12.0,2026-08-30
uniqueUserZone,OWM Zona5,2026-08-30 02:00:00+02:00,12.0,2026-08-30
uniqueUserZone,OWM Zona4,2026-08-30 02:00:00+02:00,19.0,2026-08-30
uniqueUserZone,OWM Zona3,2026-08-30 02:00:00+02:00,30.0,2026-08-30
uniqueUserZone,OWM Zona2,2026-08-30 02:00:00+02:00,23.0,2026-08-30
uniqueUserZone,OWM Zona1,2026-08-30 02:00:00+02:00,27.0,2026-08-30
uniqueUserZone,OWM Zona9,2026-08-29 02:00:00+02:00,68.0,2026-08-29
uniqueUserZone,OWM Zona8,2026-08-29 02:00:00+02:00,92.0,2026-08-29
uniqueUserZone,OWM Zona7,2026-08-29 02:00:00+02:00,44.0,2026-08-29
uniqueUserZone,OWM Zona6,2026-08-29 02:00:00+02:00,51.0,2026-08-29
uniqueUserZone,OWM Zona5,2026-08-29 02:00:00+02:00,59.0,2026-08-29
uniqueUserZone,OWM Zona4,2026-08-29 02:00:00+02:00,57.0,2026-08-29
uniqueUserZone,OWM Zona3,2026-08-29 02:00:00+02:00,132.0,2026-08-29
uniqueUserZone,OWM Zona2,2026-08-29 02:00:00+02:00,87.0,2026-08-29
uniqueUserZone,OWM Zona1,2026-08-29 02:00:00+02:00,103.0,2026-08-29
uniqueUserZone,OWM Zona9,2026-08-28 02:00:00+02:00,64.0,2026-08-28
uniqueUserZone,OWM Zona8,2026-08-28 02:00:00+02:00,62.0,2026-08-28
uniqueUserZone,OWM Zona7,2026-08-28 02:00:00+02:00,31.0,2026-08-28
uniqueUserZone,OWM Zona6,2026-08-28 02:00:00+02:00,48.0,2026-08-28
uniqueUserZone,OWM Zona5,2026-08-28 02:00:00+02:00,61.0,2026-08-28
uniqueUserZone,OWM Zona4,2026-08-28 02:00:00+02:00,71.0,2026-08-28
uniqueUserZone,OWM Zona3,2026-08-28 02:00:00+02:00,140.0,2026-08-28
uniqueUserZone,OWM Zona2,2026-08-28 02:00:00+02:00,88.0,2026-08-28
uniqueUserZone,OWM Zona1,2026-08-28 02:00:00+02:00,98.0,2026-08-28
uniqueUserZone,OWM Zona9,2026-08-27 02:00:00+02:00,77.0,2026-08-27
uniqueUserZone,OWM Zona8,2026-08-27 02:00:00+02:00,72.0,2026-08-27
uniqueUserZone,OWM Zona7,2026-08-27 02:00:00+02:00,41.0,2026-08-27
uniqueUserZone,OWM Zona6,2026-08-27 02:00:00+02:00,60.0,2026-08-27
uniqueUserZone,OWM Zona5,2026-08-27 02:00:00+02:00,54.0,2026-08-27
uniqueUserZone,OWM Zona4,2026-08-27 02:00:00+02:00,56.0,2026-08-27
uniqueUserZone,OWM Zona3,2026-08-27 02:00:00+02:00,144.0,2026-08-27
uniqueUserZone,OWM Zona2,2026-08-27 02:00:00+02:00,98.0,2026-08-27
uniqueUserZone,OWM Zona1,2026-08-27 02:00:00+02:00,120.0,2026-08-27
uniqueUserZone,OWM Zona9,2026-08-26 02:00:00+02:00,66.0,2026-08-26
uniqueUserZone,OWM Zona8,2026-08-26 02:00:00+02:00,83.0,2026-08-26
uniqueUserZone,OWM Zona7,2026-08-26 02:00:00+02:00,33.0,2026-08-26
uniqueUserZone,OWM Zona6,2026-08-26 02:00:00+02:00,50.0,2026-08-26
uniqueUserZone,OWM Zona5,2026-08-26 02:00:00+02:00,52.0,2026-08-26
uniqueUserZone,OWM Zona4,2026-08-26 02:00:00+02:00,80.0,2026-08-26
uniqueUserZone,OWM Zona3,2026-08-26 02:00:00+02:00,136.0,2026-08-26
uniqueUserZone,OWM Zona2,2026-08-26 02:00:00+02:00,92.0,2026-08-26
uniqueUserZone,OWM Zona1,2026-08-26 02:00:00+02:00,119.0,2026-08-26
uniqueUserZone,OWM Zona9,2026-08-25 02:00:00+02:00,67.0,2026-08-25
uniqueUserZone,OWM Zona8,2026-08-25 02:00:00+02:00,91.0,2026-08-25
uniqueUserZone,OWM Zona7,2026-08-25 02:00:00+02:00,39.0,2026-08-25
uniqueUserZone,OWM Zona6,2026-08-25 02:00:00+02:00,67.0,2026-08-25
uniqueUserZone,OWM Zona5,2026-08-25 02:00:00+02:00,65.0,2026-08-25
uniqueUserZone,OWM Zona4,2026-08-25 02:00:00+02:00,84.0,2026-08-25
uniqueUserZone,OWM Zona3,2026-08-25 02:00:00+02:00,138.0,2026-08-25
uniqueUserZone,OWM Zona2,2026-08-25 02:00:00+02:00,96.0,2026-08-25
uniqueUserZone,OWM Zona1,2026-08-25 02:00:00+02:00,116.0,2026-08-25
uniqueUserZone,OWM Zona9,2026-08-24 02:00:00+02:00,71.0,2026-08-24
uniqueUserZone,OWM Zona8,2026-08-24 02:00:00+02:00,89.0,2026-08-24
uniqueUserZone,OWM Zona7,2026-08-24 02:00:00+02:00,37.0,2026-08-24
uniqueUserZone,OWM Zona6,2026-08-24 02:00:00+02:00,54.0,2026-08-24
uniqueUserZone,OWM Zona5,2026-08-24 02:00:00+02:00,51.0,2026-08-24
uniqueUserZone,OWM Zona4,2026-08-24 02:00:00+02:00,81.0,2026-08-24
uniqueUserZone,OWM Zona3,2026-08-24 02:00:00+02:00,154.0,2026-08-24
uniqueUserZone,OWM Zona2,2026-08-24 02:00:00+02:00,88.0,2026-08-24
uniqueUserZone,OWM Zona1,2026-08-24 02:00:00+02:00,109.0,2026-08-24
uniqueUserZone,OWM Zona9,2026-08-23 02:00:00+02:00,57.0,2026-08-23
uniqueUserZone,OWM Zona8,2026-08-23 02:00:00+02:00,72.0,2026-08-23
uniqueUserZone,OWM Zona7,2026-08-23 02:00:00+02:00,26.0,2026-08-23
uniqueUserZone,OWM Zona6,2026-08-23 02:00:00+02:00,43.0,2026-08-23
uniqueUserZone,OWM Zona5,2026-08-23 02:00:00+02:00,41.0,2026-08-23
uniqueUserZone,OWM Zona4,2026-08-23 02:00:00+02:00,56.0,2026-08-23
uniqueUserZone,OWM Zona3,2026-08-23 02:00:00+02:00,115.0,2026-08-23
uniqueUserZone,OWM Zona2,2026-08-23 02:00:00+02:00,77.0,2026-08-23
uniqueUserZone,OWM Zona1,2026-08-23 02:00:00+02:00,99.0,2026-08-23
uniqueUserZone,OWM Zona9,2026-08-22 02:00:00+02:00,76.0,2026-08-22
uniqueUserZone,OWM Zona8,2026-08-22 02:00:00+02:00,89.0,2026-08-22
uniqueUserZone,OWM Zona7,2026-08-22 02:00:00+02:00,41.0,2026-08-22
uniqueUserZone,OWM Zona6,2026-08-22 02:00:00+02:00,45.0,2026-08-22
uniqueUserZone,OWM Zona5,2026-08-22 02:00:00+02:00,41.0,2026-08-22
uniqueUserZone,OWM Zona4,2026-08-22 02:00:00+02:00,59.0,2026-08-22
uniqueUserZone,OWM Zona3,2026-08-22 02:00:00+02:00,127.0,2026-08-22
uniqueUserZone,OWM Zona2,2026-08-22 02:00:00+02:00,90.0,2026-08-22
uniqueUserZone,OWM Zona1,2026-08-22 02:00:00+02:00,115.0,2026-08-22
uniqueUserZone,OWM Zona9,2026-08-21 02:00:00+02:00,63.0,2026-08-21
uniqueUserZone,OWM Zona8,2026-08-21 02:00:00+02:00,78.0,2026-08-21
uniqueUserZone,OWM Zona7,2026-08-21 02:00:00+02:00,41.0,2026-08-21
uniqueUserZone,OWM Zona6,2026-08-21 02:00:00+02:00,48.0,2026-08-21
uniqueUserZone,OWM Zona5,2026-08-21 02:00:00+02:00,48.0,2026-08-21
uniqueUserZone,OWM Zona4,2026-08-21 02:00:00+02:00,57.0,2026-08-21
uniqueUserZone,OWM Zona3,2026-08-21 02:00:00+02:00,133.0,2026-08-21
uniqueUserZone,OWM Zona2,2026-08-21 02:00:00+02:00,88.0,2026-08-21
uniqueUserZone,OWM Zona1,2026-08-21 02:00:00+02:00,124.0,2026-08-21
uniqueUserZone,OWM Zona9,2026-08-20 02:00:00+02:00,94.0,2026-08-20
uniqueUserZone,OWM Zona8,2026-08-20 02:00:00+02:00,119.0,2026-08-20
uniqueUserZone,OWM Zona7,2026-08-20 02:00:00+02:00,53.0,2026-08-20
uniqueUserZone,OWM Zona6,2026-08-20 02:00:00+02:00,73.0,2026-08-20
uniqueUserZone,OWM Zona5,2026-08-20 02:00:00+02:00,69.0,2026-08-20
uniqueUserZone,OWM Zona4,2026-08-20 02:00:00+02:00,78.0,2026-08-20
uniqueUserZone,OWM Zona3,2026-08-20 02:00:00+02:00,208.0,2026-08-20
uniqueUserZone,OWM Zona2,2026-08-20 02:00:00+02:00,147.0,2026-08-20
uniqueUserZone,OWM Zona1,2026-08-20 02:00:00+02:00,388.0,2026-08-20
uniqueUserZone,OWM Zona9,2026-08-19 02:00:00+02:00,98.0,2026-08-19
uniqueUserZone,OWM Zona8,2026-08-19 02:00:00+02:00,128.0,2026-08-19
uniqueUserZone,OWM Zona7,2026-08-19 02:00:00+02:00,56.0,2026-08-19
uniqueUserZone,OWM Zona6,2026-08-19 02:00:00+02:00,79.0,2026-08-19
uniqueUserZone,OWM Zona5,2026-08-19 02:00:00+02:00,66.0,2026-08-19
uniqueUserZone,OWM Zona4,2026-08-19 02:00:00+02:00,88.0,2026-08-19
uniqueUserZone,OWM Zona3,2026-08-19 02:00:00+02:00,219.0,2026-08-19
uniqueUserZone,OWM Zona2,2026-08-19 02:00:00+02:00,146.0,2026-08-19
uniqueUserZone,OWM Zona1,2026-08-19 02:00:00+02:00,519.0,2026-08-19
uniqueUserZone,OWM Zona9,2026-08-18 02:00:00+02:00,110.0,2026-08-18
uniqueUserZone,OWM Zona8,2026-08-18 02:00:00+02:00,118.0,2026-08-18
uniqueUserZone,OWM Zona7,2026-08-18 02:00:00+02:00,57.0,2026-08-18
uniqueUserZone,OWM Zona6,2026-08-18 02:00:00+02:00,71.0,2026-08-18
uniqueUserZone,OWM Zona5,2026-08-18 02:00:00+02:00,72.0,2026-08-18
uniqueUserZone,OWM Zona4,2026-08-18 02:00:00+02:00,104.0,2026-08-18
uniqueUserZone,OWM Zona3,2026-08-18 02:00:00+02:00,228.0,2026-08-18
uniqueUserZone,OWM Zona2,2026-08-18 02:00:00+02:00,161.0,2026-08-18
uniqueUserZone,OWM Zona1,2026-08-18 02:00:00+02:00,518.0,2026-08-18
uniqueUserZone,OWM Zona9,2026-08-17 02:00:00+02:00,105.0,2026-08-17
uniqueUserZone,OWM Zona8,2026-08-17 02:00:00+02:00,127.0,2026-08-17
uniqueUserZone,OWM Zona7,2026-08-17 02:00:00+02:00,43.0,2026-08-17
uniqueUserZone,OWM Zona6,2026-08-17 02:00:00+02:00,62.0,2026-08-17
uniqueUserZone,OWM Zona5,2026-08-17 02:00:00+02:00,69.0,2026-08-17
uniqueUserZone,OWM Zona4,2026-08-17 02:00:00+02:00,91.0,2026-08-17
uniqueUserZone,OWM Zona3,2026-08-17 02:00:00+02:00,209.0,2026-08-17
uniqueUserZone,OWM Zona2,2026-08-17 02:00:00+02:00,156.0,2026-08-17
uniqueUserZone,OWM Zona1,2026-08-17 02:00:00+02:00,510.0,2026-08-17
uniqueUserZone,OWM Zona9,2026-08-16 02:00:00+02:00,81.0,2026-08-16
uniqueUserZone,OWM Zona8,2026-08-16 02:00:00+02:00,83.0,2026-08-16
uniqueUserZone,OWM Zona7,2026-08-16 02:00:00+02:00,46.0,2026-08-16
uniqueUserZone,OWM Zona6,2026-08-16 02:00:00+02:00,68.0,2026-08-16
uniqueUserZone,OWM Zona5,2026-08-16 02:00:00+02:00,62.0,2026-08-16
uniqueUserZone,OWM Zona4,2026-08-16 02:00:00+02:00,84.0,2026-08-16
uniqueUserZone,OWM Zona3,2026-08-16 02:00:00+02:00,164.0,2026-08-16
uniqueUserZone,OWM Zona2,2026-08-16 02:00:00+02:00,127.0,2026-08-16
uniqueUserZone,OWM Zona1,2026-08-16 02:00:00+02:00,432.0,2026-08-16
uniqueUserZone,OWM Zona9,2026-08-15 02:00:00+02:00,99.0,2026-08-15
uniqueUserZone,OWM Zona8,2026-08-15 02:00:00+02:00,109.0,2026-08-15
uniqueUserZone,OWM Zona7,2026-08-15 02:00:00+02:00,44.0,2026-08-15
uniqueUserZone,OWM Zona6,2026-08-15 02:00:00+02:00,56.0,2026-08-15
uniqueUserZone,OWM Zona5,2026-08-15 02:00:00+02:00,49.0,2026-08-15
uniqueUserZone,OWM Zona4,2026-08-15 02:00:00+02:00,82.0,2026-08-15
uniqueUserZone,OWM Zona3,2026-08-15 02:00:00+02:00,212.0,2026-08-15
uniqueUserZone,OWM Zona2,2026-08-15 02:00:00+02:00,117.0,2026-08-15
uniqueUserZone,OWM Zona1,2026-08-15 02:00:00+02:00,491.0,2026-08-15
uniqueUserZone,OWM Zona9,2026-08-14 02:00:00+02:00,96.0,2026-08-14
uniqueUserZone,OWM Zona8,2026-08-14 02:00:00+02:00,108.0,2026-08-14
uniqueUserZone,OWM Zona7,2026-08-14 02:00:00+02:00,48.0,2026-08-14
uniqueUserZone,OWM Zona6,2026-08-14 02:00:00+02:00,75.0,2026-08-14
uniqueUserZone,OWM Zona5,2026-08-14 02:00:00+02:00,73.0,2026-08-14
uniqueUserZone,OWM Zona4,2026-08-14 02:00:00+02:00,86.0,2026-08-14
uniqueUserZone,OWM Zona3,2026-08-14 02:00:00+02:00,195.0,2026-08-14
uniqueUserZone,OWM Zona2,2026-08-14 02:00:00+02:00,128.0,2026-08-14
uniqueUserZone,OWM Zona1,2026-08-14 02:00:00+02:00,460.0,2026-08-14
uniqueUserZone,OWM Zona9,2026-08-13 02:00:00+02:00,85.0,2026-08-13
uniqueUserZone,OWM Zona8,2026-08-13 02:00:00+02:00,123.0,2026-08-13
uniqueUserZone,OWM Zona7,2026-08-13 02:00:00+02:00,68.0,2026-08-13
uniqueUserZone,OWM Zona6,2026-08-13 02:00:00+02:00,69.0,2026-08-13
uniqueUserZone,OWM Zona5,2026-08-13 02:00:00+02:00,85.0,2026-08-13
uniqueUserZone,OWM Zona4,2026-08-13 02:00:00+02:00,100.0,2026-08-13
uniqueUserZone,OWM Zona3,2026-08-13 02:00:00+02:00,211.0,2026-08-13
uniqueUserZone,OWM Zona2,2026-08-13 02:00:00+02:00,131.0,2026-08-13
uniqueUserZone,OWM Zona1,2026-08-13 02:00:00+02:00,496.0,2026-08-13
uniqueUserZone,OWM Zona9,2026-08-12 02:00:00+02:00,97.0,2026-08-12
uniqueUserZone,OWM Zona8,2026-08-12 02:00:00+02:00,108.0,2026-08-12
uniqueUserZone,OWM Zona7,2026-08-12 02:00:00+02:00,58.0,2026-08-12
uniqueUserZone,OWM Zona6,2026-08-12 02:00:00+02:00,64.0,2026-08-12
uniqueUserZone,OWM Zona5,2026-08-12 02:00:00+02:00,73.0,2026-08-12
uniqueUserZone,OWM Zona4,2026-08-12 02:00:00+02:00,104.0,2026-08-12
uniqueUserZone,OWM Zona3,2026-08-12 02:00:00+02:00,218.0,2026-08-12
uniqueUserZone,OWM Zona2,2026-08-12 02:00:00+02:00,141.0,2026-08-12
uniqueUserZone,OWM Zona1,2026-08-12 02:00:00+02:00,474.0,2026-08-12
uniqueUserZone,OWM Zona9,2026-08-11 02:00:00+02:00,98.0,2026-08-11
uniqueUserZone,OWM Zona8,2026-08-11 02:00:00+02:00,123.0,2026-08-11
uniqueUserZone,OWM Zona7,2026-08-11 02:00:00+02:00,58.0,2026-08-11
uniqueUserZone,OWM Zona6,2026-08-11 02:00:00+02:00,69.0,2026-08-11
uniqueUserZone,OWM Zona5,2026-08-11 02:00:00+02:00,77.0,2026-08-11
uniqueUserZone,OWM Zona4,2026-08-11 02:00:00+02:00,114.0,2026-08-11
uniqueUserZone,OWM Zona3,2026-08-11 02:00:00+02:00,237.0,2026-08-11
uniqueUserZone,OWM Zona2,2026-08-11 02:00:00+02:00,141.0,2026-08-11
uniqueUserZone,OWM Zona1,2026-08-11 02:00:00+02:00,516.0,2026-08-11
uniqueUserZone,OWM Zona9,2026-08-10 02:00:00+02:00,112.0,2026-08-10
uniqueUserZone,OWM Zona8,2026-08-10 02:00:00+02:00,88.0,2026-08-10
uniqueUserZone,OWM Zona7,2026-08-10 02:00:00+02:00,54.0,2026-08-10
uniqueUserZone,OWM Zona6,2026-08-10 02:00:00+02:00,70.0,2026-08-10
uniqueUserZone,OWM Zona5,2026-08-10 02:00:00+02:00,69.0,2026-08-10
uniqueUserZone,OWM Zona4,2026-08-10 02:00:00+02:00,96.0,2026-08-10
uniqueUserZone,OWM Zona3,2026-08-10 02:00:00+02:00,221.0,2026-08-10
uniqueUserZone,OWM Zona2,2026-08-10 02:00:00+02:00,142.0,2026-08-10
uniqueUserZone,OWM Zona1,2026-08-10 02:00:00+02:00,509.0,2026-08-10
uniqueUserZone,OWM Zona9,2026-08-09 02:00:00+02:00,104.0,2026-08-09
uniqueUserZone,OWM Zona8,2026-08-09 02:00:00+02:00,108.0,2026-08-09
uniqueUserZone,OWM Zona7,2026-08-09 02:00:00+02:00,45.0,2026-08-09
uniqueUserZone,OWM Zona6,2026-08-09 02:00:00+02:00,68.0,2026-08-09
uniqueUserZone,OWM Zona5,2026-08-09 02:00:00+02:00,61.0,2026-08-09
uniqueUserZone,OWM Zona4,2026-08-09 02:00:00+02:00,98.0,2026-08-09
uniqueUserZone,OWM Zona3,2026-08-09 02:00:00+02:00,209.0,2026-08-09
uniqueUserZone,OWM Zona2,2026-08-09 02:00:00+02:00,138.0,2026-08-09
uniqueUserZone,OWM Zona1,2026-08-09 02:00:00+02:00,458.0,2026-08-09
uniqueUserZone,OWM Zona9,2026-08-08 02:00:00+02:00,125.0,2026-08-08
uniqueUserZone,OWM Zona8,2026-08-08 02:00:00+02:00,116.0,2026-08-08
uniqueUserZone,OWM Zona7,2026-08-08 02:00:00+02:00,65.0,2026-08-08
uniqueUserZone,OWM Zona6,2026-08-08 02:00:00+02:00,69.0,2026-08-08
uniqueUserZone,OWM Zona5,2026-08-08 02:00:00+02:00,80.0,2026-08-08
uniqueUserZone,OWM Zona4,2026-08-08 02:00:00+02:00,108.0,2026-08-08
uniqueUserZone,OWM Zona3,2026-08-08 02:00:00+02:00,233.0,2026-08-08
uniqueUserZone,OWM Zona2,2026-08-08 02:00:00+02:00,157.0,2026-08-08
uniqueUserZone,OWM Zona1,2026-08-08 02:00:00+02:00,522.0,2026-08-08
uniqueUserZone,OWM Zona9,2026-08-07 02:00:00+02:00,106.0,2026-08-07
uniqueUserZone,OWM Zona8,2026-08-07 02:00:00+02:00,138.0,2026-08-07
uniqueUserZone,OWM Zona7,2026-08-07 02:00:00+02:00,56.0,2026-08-07
uniqueUserZone,OWM Zona6,2026-08-07 02:00:00+02:00,59.0,2026-08-07
uniqueUserZone,OWM Zona5,2026-08-07 02:00:00+02:00,83.0,2026-08-07
uniqueUserZone,OWM Zona4,2026-08-07 02:00:00+02:00,114.0,2026-08-07
uniqueUserZone,OWM Zona3,2026-08-07 02:00:00+02:00,232.0,2026-08-07
uniqueUserZone,OWM Zona2,2026-08-07 02:00:00+02:00,174.0,2026-08-07
uniqueUserZone,OWM Zona1,2026-08-07 02:00:00+02:00,501.0,2026-08-07
uniqueUserZone,OWM Zona9,2026-08-06 02:00:00+02:00,106.0,2026-08-06
uniqueUserZone,OWM Zona8,2026-08-06 02:00:00+02:00,136.0,2026-08-06
uniqueUserZone,OWM Zona7,2026-08-06 02:00:00+02:00,60.0,2026-08-06
uniqueUserZone,OWM Zona6,2026-08-06 02:00:00+02:00,76.0,2026-08-06
uniqueUserZone,OWM Zona5,2026-08-06 02:00:00+02:00,74.0,2026-08-06
uniqueUserZone,OWM Zona4,2026-08-06 02:00:00+02:00,117.0,2026-08-06
uniqueUserZone,OWM Zona3,2026-08-06 02:00:00+02:00,252.0,2026-08-06
uniqueUserZone,OWM Zona2,2026-08-06 02:00:00+02:00,184.0,2026-08-06
uniqueUserZone,OWM Zona1,2026-08-06 02:00:00+02:00,425.0,2026-08-06
uniqueUserZone,OWM Zona9,2026-08-05 02:00:00+02:00,119.0,2026-08-05
uniqueUserZone,OWM Zona8,2026-08-05 02:00:00+02:00,143.0,2026-08-05
uniqueUserZone,OWM Zona7,2026-08-05 02:00:00+02:00,58.0,2026-08-05
uniqueUserZone,OWM Zona6,2026-08-05 02:00:00+02:00,81.0,2026-08-05
uniqueUserZone,OWM Zona5,2026-08-05 02:00:00+02:00,87.0,2026-08-05
uniqueUserZone,OWM Zona4,2026-08-05 02:00:00+02:00,109.0,2026-08-05
uniqueUserZone,OWM Zona3,2026-08-05 02:00:00+02:00,238.0,2026-08-05
uniqueUserZone,OWM Zona2,2026-08-05 02:00:00+02:00,153.0,2026-08-05
uniqueUserZone,OWM Zona1,2026-08-05 02:00:00+02:00,473.0,2026-08-05
uniqueUserZone,OWM Zona9,2026-08-04 02:00:00+02:00,132.0,2026-08-04
uniqueUserZone,OWM Zona8,2026-08-04 02:00:00+02:00,128.0,2026-08-04
uniqueUserZone,OWM Zona7,2026-08-04 02:00:00+02:00,63.0,2026-08-04
uniqueUserZone,OWM Zona6,2026-08-04 02:00:00+02:00,91.0,2026-08-04
uniqueUserZone,OWM Zona5,2026-08-04 02:00:00+02:00,85.0,2026-08-04
uniqueUserZone,OWM Zona4,2026-08-04 02:00:00+02:00,114.0,2026-08-04
uniqueUserZone,OWM Zona3,2026-08-04 02:00:00+02:00,249.0,2026-08-04
uniqueUserZone,OWM Zona2,2026-08-04 02:00:00+02:00,152.0,2026-08-04
uniqueUserZone,OWM Zona1,2026-08-04 02:00:00+02:00,485.0,2026-08-04
uniqueUserZone,OWM Zona9,2026-08-03 02:00:00+02:00,117.0,2026-08-03
uniqueUserZone,OWM Zona8,2026-08-03 02:00:00+02:00,141.0,2026-08-03
uniqueUserZone,OWM Zona7,2026-08-03 02:00:00+02:00,68.0,2026-08-03
uniqueUserZone,OWM Zona6,2026-08-03 02:00:00+02:00,78.0,2026-08-03
uniqueUserZone,OWM Zona5,2026-08-03 02:00:00+02:00,79.0,2026-08-03
uniqueUserZone,OWM Zona4,2026-08-03 02:00:00+02:00,98.0,2026-08-03
uniqueUserZone,OWM Zona3,2026-08-03 02:00:00+02:00,255.0,2026-08-03
uniqueUserZone,OWM Zona2,2026-08-03 02:00:00+02:00,181.0,2026-08-03
uniqueUserZone,OWM Zona1,2026-08-03 02:00:00+02:00,476.0,2026-08-03
uniqueUserZone,OWM Zona9,2026-08-02 02:00:00+02:00,108.0,2026-08-02
uniqueUserZone,OWM Zona8,2026-08-02 02:00:00+02:00,119.0,2026-08-02
uniqueUserZone,OWM Zona7,2026-08-02 02:00:00+02:00,60.0,2026-08-02
uniqueUserZone,OWM Zona6,2026-08-02 02:00:00+02:00,62.0,2026-08-02
uniqueUserZone,OWM Zona5,2026-08-02 02:00:00+02:00,76.0,2026-08-02
uniqueUserZone,OWM Zona4,2026-08-02 02:00:00+02:00,105.0,2026-08-02
uniqueUserZone,OWM Zona3,2026-08-02 02:00:00+02:00,221.0,2026-08-02
uniqueUserZone,OWM Zona2,2026-08-02 02:00:00+02:00,158.0,2026-08-02
uniqueUserZone,OWM Zona1,2026-08-02 02:00:00+02:00,511.0,2026-08-02
uniqueUserZone,OWM Zona9,2026-08-01 02:00:00+02:00,110.0,2026-08-01
uniqueUserZone,OWM Zona8,2026-08-01 02:00:00+02:00,119.0,2026-08-01
uniqueUserZone,OWM Zona7,2026-08-01 02:00:00+02:00,55.0,2026-08-01
uniqueUserZone,OWM Zona6,2026-08-01 02:00:00+02:00,82.0,2026-08-01
uniqueUserZone,OWM Zona5,2026-08-01 02:00:00+02:00,77.0,2026-08-01
uniqueUserZone,OWM Zona4,2026-08-01 02:00:00+02:00,113.0,2026-08-01
uniqueUserZone,OWM Zona3,2026-08-01 02:00:00+02:00,258.0,2026-08-01
uniqueUserZone,OWM Zona2,2026-08-01 02:00:00+02:00,168.0,2026-08-01
uniqueUserZone,OWM Zona1,2026-08-01 02:00:00+02:00,427.0,2026-08-01
uniqueUserZone,OWM Zona9,2026-07-31 02:00:00+02:00,93.0,2026-07-31
uniqueUserZone,OWM Zona8,2026-07-31 02:00:00+02:00,137.0,2026-07-31
uniqueUserZone,OWM Zona7,2026-07-31 02:00:00+02:00,66.0,2026-07-31
uniqueUserZone,OWM Zona6,2026-07-31 02:00:00+02:00,84.0,2026-07-31
uniqueUserZone,OWM Zona5,2026-07-31 02:00:00+02:00,87.0,2026-07-31
uniqueUserZone,OWM Zona4,2026-07-31 02:00:00+02:00,119.0,2026-07-31
uniqueUserZone,OWM Zona3,2026-07-31 02:00:00+02:00,288.0,2026-07-31
uniqueUserZone,OWM Zona2,2026-07-31 02:00:00+02:00,186.0,2026-07-31
uniqueUserZone,OWM Zona1,2026-07-31 02:00:00+02:00,493.0,2026-07-31
uniqueUserZone,OWM Zona9,2026-07-30 02:00:00+02:00,136.0,2026-07-30
uniqueUserZone,OWM Zona8,2026-07-30 02:00:00+02:00,138.0,2026-07-30
uniqueUserZone,OWM Zona7,2026-07-30 02:00:00+02:00,58.0,2026-07-30
uniqueUserZone,OWM Zona6,2026-07-30 02:00:00+02:00,88.0,2026-07-30
uniqueUserZone,OWM Zona5,2026-07-30 02:00:00+02:00,112.0,2026-07-30
uniqueUserZone,OWM Zona4,2026-07-30 02:00:00+02:00,133.0,2026-07-30
uniqueUserZone,OWM Zona3,2026-07-30 02:00:00+02:00,285.0,2026-07-30
uniqueUserZone,OWM Zona2,2026-07-30 02:00:00+02:00,199.0,2026-07-30
uniqueUserZone,OWM Zona1,2026-07-30 02:00:00+02:00,477.0,2026-07-30
uniqueUserZone,OWM Zona9,2026-07-29 02:00:00+02:00,127.0,2026-07-29
uniqueUserZone,OWM Zona8,2026-07-29 02:00:00+02:00,171.0,2026-07-29
uniqueUserZone,OWM Zona7,2026-07-29 02:00:00+02:00,73.0,2026-07-29
uniqueUserZone,OWM Zona6,2026-07-29 02:00:00+02:00,85.0,2026-07-29
uniqueUserZone,OWM Zona5,2026-07-29 02:00:00+02:00,115.0,2026-07-29
uniqueUserZone,OWM Zona4,2026-07-29 02:00:00+02:00,132.0,2026-07-29
uniqueUserZone,OWM Zona3,2026-07-29 02:00:00+02:00,310.0,2026-07-29
uniqueUserZone,OWM Zona2,2026-07-29 02:00:00+02:00,168.0,2026-07-29
uniqueUserZone,OWM Zona1,2026-07-29 02:00:00+02:00,548.0,2026-07-29
uniqueUserZone,OWM Zona9,2026-07-28 02:00:00+02:00,139.0,2026-07-28
uniqueUserZone,OWM Zona8,2026-07-28 02:00:00+02:00,147.0,2026-07-28
uniqueUserZone,OWM Zona7,2026-07-28 02:00:00+02:00,70.0,2026-07-28
uniqueUserZone,OWM Zona6,2026-07-28 02:00:00+02:00,75.0,2026-07-28
uniqueUserZone,OWM Zona5,2026-07-28 02:00:00+02:00,123.0,2026-07-28
uniqueUserZone,OWM Zona4,2026-07-28 02:00:00+02:00,125.0,2026-07-28
uniqueUserZone,OWM Zona3,2026-07-28 02:00:00+02:00,305.0,2026-07-28
uniqueUserZone,OWM Zona2,2026-07-28 02:00:00+02:00,175.0,2026-07-28
uniqueUserZone,OWM Zona1,2026-07-28 02:00:00+02:00,633.0,2026-07-28
uniqueUserZone,OWM Zona9,2026-07-27 02:00:00+02:00,138.0,2026-07-27
uniqueUserZone,OWM Zona8,2026-07-27 02:00:00+02:00,161.0,2026-07-27
uniqueUserZone,OWM Zona7,2026-07-27 02:00:00+02:00,60.0,2026-07-27
uniqueUserZone,OWM Zona6,2026-07-27 02:00:00+02:00,71.0,2026-07-27
uniqueUserZone,OWM Zona5,2026-07-27 02:00:00+02:00,108.0,2026-07-27
uniqueUserZone,OWM Zona4,2026-07-27 02:00:00+02:00,121.0,2026-07-27
uniqueUserZone,OWM Zona3,2026-07-27 02:00:00+02:00,319.0,2026-07-27
uniqueUserZone,OWM Zona2,2026-07-27 02:00:00+02:00,189.0,2026-07-27
uniqueUserZone,OWM Zona1,2026-07-27 02:00:00+02:00,588.0,2026-07-27
uniqueUserZone,OWM Zona9,2026-07-26 02:00:00+02:00,113.0,2026-07-26
uniqueUserZone,OWM Zona8,2026-07-26 02:00:00+02:00,129.0,2026-07-26
uniqueUserZone,OWM Zona7,2026-07-26 02:00:00+02:00,41.0,2026-07-26
uniqueUserZone,OWM Zona6,2026-07-26 02:00:00+02:00,69.0,2026-07-26
uniqueUserZone,OWM Zona5,2026-07-26 02:00:00+02:00,86.0,2026-07-26
uniqueUserZone,OWM Zona4,2026-07-26 02:00:00+02:00,98.0,2026-07-26
uniqueUserZone,OWM Zona3,2026-07-26 02:00:00+02:00,302.0,2026-07-26
uniqueUserZone,OWM Zona2,2026-07-26 02:00:00+02:00,174.0,2026-07-26
uniqueUserZone,OWM Zona1,2026-07-26 02:00:00+02:00,626.0,2026-07-26
uniqueUserZone,OWM Zona9,2026-07-25 02:00:00+02:00,121.0,2026-07-25
uniqueUserZone,OWM Zona8,2026-07-25 02:00:00+02:00,147.0,2026-07-25
uniqueUserZone,OWM Zona7,2026-07-25 02:00:00+02:00,81.0,2026-07-25
uniqueUserZone,OWM Zona6,2026-07-25 02:00:00+02:00,77.0,2026-07-25
uniqueUserZone,OWM Zona5,2026-07-25 02:00:00+02:00,91.0,2026-07-25
uniqueUserZone,OWM Zona4,2026-07-25 02:00:00+02:00,115.0,2026-07-25
uniqueUserZone,OWM Zona3,2026-07-25 02:00:00+02:00,310.0,2026-07-25
uniqueUserZone,OWM Zona2,2026-07-25 02:00:00+02:00,163.0,2026-07-25
uniqueUserZone,OWM Zona1,2026-07-25 02:00:00+02:00,695.0,2026-07-25
uniqueUserZone,OWM Zona9,2026-07-24 02:00:00+02:00,149.0,2026-07-24
uniqueUserZone,OWM Zona8,2026-07-24 02:00:00+02:00,158.0,2026-07-24
uniqueUserZone,OWM Zona7,2026-07-24 02:00:00+02:00,68.0,2026-07-24
uniqueUserZone,OWM Zona6,2026-07-24 02:00:00+02:00,108.0,2026-07-24
uniqueUserZone,OWM Zona5,2026-07-24 02:00:00+02:00,107.0,2026-07-24
uniqueUserZone,OWM Zona4,2026-07-24 02:00:00+02:00,125.0,2026-07-24
uniqueUserZone,OWM Zona3,2026-07-24 02:00:00+02:00,338.0,2026-07-24
uniqueUserZone,OWM Zona2,2026-07-24 02:00:00+02:00,192.0,2026-07-24
uniqueUserZone,OWM Zona1,2026-07-24 02:00:00+02:00,719.0,2026-07-24
uniqueUserZone,OWM Zona9,2026-07-23 02:00:00+02:00,152.0,2026-07-23
uniqueUserZone,OWM Zona8,2026-07-23 02:00:00+02:00,174.0,2026-07-23
uniqueUserZone,OWM Zona7,2026-07-23 02:00:00+02:00,77.0,2026-07-23
uniqueUserZone,OWM Zona6,2026-07-23 02:00:00+02:00,99.0,2026-07-23
uniqueUserZone,OWM Zona5,2026-07-23 02:00:00+02:00,124.0,2026-07-23
uniqueUserZone,OWM Zona4,2026-07-23 02:00:00+02:00,131.0,2026-07-23
uniqueUserZone,OWM Zona3,2026-07-23 02:00:00+02:00,349.0,2026-07-23
uniqueUserZone,OWM Zona2,2026-07-23 02:00:00+02:00,179.0,2026-07-23
uniqueUserZone,OWM Zona1,2026-07-23 02:00:00+02:00,742.0,2026-07-23
uniqueUserZone,OWM Zona9,2026-07-22 02:00:00+02:00,160.0,2026-07-22
uniqueUserZone,OWM Zona8,2026-07-22 02:00:00+02:00,161.0,2026-07-22
uniqueUserZone,OWM Zona7,2026-07-22 02:00:00+02:00,73.0,2026-07-22
uniqueUserZone,OWM Zona6,2026-07-22 02:00:00+02:00,91.0,2026-07-22
uniqueUserZone,OWM Zona5,2026-07-22 02:00:00+02:00,106.0,2026-07-22
uniqueUserZone,OWM Zona4,2026-07-22 02:00:00+02:00,128.0,2026-07-22
uniqueUserZone,OWM Zona3,2026-07-22 02:00:00+02:00,339.0,2026-07-22
uniqueUserZone,OWM Zona2,2026-07-22 02:00:00+02:00,199.0,2026-07-22
uniqueUserZone,OWM Zona1,2026-07-22 02:00:00+02:00,710.0,2026-07-22
uniqueUserZone,OWM Zona9,2026-07-21 02:00:00+02:00,160.0,2026-07-21
uniqueUserZone,OWM Zona8,2026-07-21 02:00:00+02:00,178.0,2026-07-21
uniqueUserZone,OWM Zona7,2026-07-21 02:00:00+02:00,72.0,2026-07-21
uniqueUserZone,OWM Zona6,2026-07-21 02:00:00+02:00,82.0,2026-07-21
uniqueUserZone,OWM Zona5,2026-07-21 02:00:00+02:00,113.0,2026-07-21
uniqueUserZone,OWM Zona4,2026-07-21 02:00:00+02:00,127.0,2026-07-21
uniqueUserZone,OWM Zona3,2026-07-21 02:00:00+02:00,321.0,2026-07-21
uniqueUserZone,OWM Zona2,2026-07-21 02:00:00+02:00,189.0,2026-07-21
uniqueUserZone,OWM Zona1,2026-07-21 02:00:00+02:00,597.0,2026-07-21
uniqueUserZone,OWM Zona9,2026-07-20 02:00:00+02:00,160.0,2026-07-20
uniqueUserZone,OWM Zona8,2026-07-20 02:00:00+02:00,163.0,2026-07-20
uniqueUserZone,OWM Zona7,2026-07-20 02:00:00+02:00,77.0,2026-07-20
uniqueUserZone,OWM Zona6,2026-07-20 02:00:00+02:00,82.0,2026-07-20
uniqueUserZone,OWM Zona5,2026-07-20 02:00:00+02:00,99.0,2026-07-20
uniqueUserZone,OWM Zona4,2026-07-20 02:00:00+02:00,128.0,2026-07-20
uniqueUserZone,OWM Zona3,2026-07-20 02:00:00+02:00,290.0,2026-07-20
uniqueUserZone,OWM Zona2,2026-07-20 02:00:00+02:00,185.0,2026-07-20
uniqueUserZone,OWM Zona1,2026-07-20 02:00:00+02:00,588.0,2026-07-20
uniqueUserZone,OWM Zona9,2026-07-19 02:00:00+02:00,111.0,2026-07-19
uniqueUserZone,OWM Zona8,2026-07-19 02:00:00+02:00,126.0,2026-07-19
uniqueUserZone,OWM Zona7,2026-07-19 02:00:00+02:00,51.0,2026-07-19
uniqueUserZone,OWM Zona6,2026-07-19 02:00:00+02:00,66.0,2026-07-19
uniqueUserZone,OWM Zona5,2026-07-19 02:00:00+02:00,84.0,2026-07-19
uniqueUserZone,OWM Zona4,2026-07-19 02:00:00+02:00,98.0,2026-07-19
uniqueUserZone,OWM Zona3,2026-07-19 02:00:00+02:00,259.0,2026-07-19
uniqueUserZone,OWM Zona2,2026-07-19 02:00:00+02:00,170.0,2026-07-19
uniqueUserZone,OWM Zona1,2026-07-19 02:00:00+02:00,519.0,2026-07-19
uniqueUserZone,OWM Zona9,2026-07-18 02:00:00+02:00,129.0,2026-07-18
uniqueUserZone,OWM Zona8,2026-07-18 02:00:00+02:00,184.0,2026-07-18
uniqueUserZone,OWM Zona7,2026-07-18 02:00:00+02:00,69.0,2026-07-18
uniqueUserZone,OWM Zona6,2026-07-18 02:00:00+02:00,84.0,2026-07-18
uniqueUserZone,OWM Zona5,2026-07-18 02:00:00+02:00,89.0,2026-07-18
uniqueUserZone,OWM Zona4,2026-07-18 02:00:00+02:00,123.0,2026-07-18
uniqueUserZone,OWM Zona3,2026-07-18 02:00:00+02:00,300.0,2026-07-18
uniqueUserZone,OWM Zona2,2026-07-18 02:00:00+02:00,189.0,2026-07-18
uniqueUserZone,OWM Zona1,2026-07-18 02:00:00+02:00,558.0,2026-07-18
uniqueUserZone,OWM Zona9,2026-07-17 02:00:00+02:00,136.0,2026-07-17
uniqueUserZone,OWM Zona8,2026-07-17 02:00:00+02:00,205.0,2026-07-17
uniqueUserZone,OWM Zona7,2026-07-17 02:00:00+02:00,73.0,2026-07-17
uniqueUserZone,OWM Zona6,2026-07-17 02:00:00+02:00,89.0,2026-07-17
uniqueUserZone,OWM Zona5,2026-07-17 02:00:00+02:00,105.0,2026-07-17
uniqueUserZone,OWM Zona4,2026-07-17 02:00:00+02:00,133.0,2026-07-17
uniqueUserZone,OWM Zona3,2026-07-17 02:00:00+02:00,308.0,2026-07-17
uniqueUserZone,OWM Zona2,2026-07-17 02:00:00+02:00,199.0,2026-07-17
uniqueUserZone,OWM Zona1,2026-07-17 02:00:00+02:00,587.0,2026-07-17
uniqueUserZone,OWM Zona9,2026-07-16 02:00:00+02:00,170.0,2026-07-16
uniqueUserZone,OWM Zona8,2026-07-16 02:00:00+02:00,150.0,2026-07-16
uniqueUserZone,OWM Zona7,2026-07-16 02:00:00+02:00,86.0,2026-07-16
uniqueUserZone,OWM Zona6,2026-07-16 02:00:00+02:00,106.0,2026-07-16
uniqueUserZone,OWM Zona5,2026-07-16 02:00:00+02:00,102.0,2026-07-16
uniqueUserZone,OWM Zona4,2026-07-16 02:00:00+02:00,139.0,2026-07-16
uniqueUserZone,OWM Zona3,2026-07-16 02:00:00+02:00,348.0,2026-07-16
uniqueUserZone,OWM Zona2,2026-07-16 02:00:00+02:00,192.0,2026-07-16
uniqueUserZone,OWM Zona1,2026-07-16 02:00:00+02:00,581.0,2026-07-16
uniqueUserZone,OWM Zona9,2026-07-15 02:00:00+02:00,142.0,2026-07-15
uniqueUserZone,OWM Zona8,2026-07-15 02:00:00+02:00,171.0,2026-07-15
uniqueUserZone,OWM Zona7,2026-07-15 02:00:00+02:00,80.0,2026-07-15
uniqueUserZone,OWM Zona6,2026-07-15 02:00:00+02:00,94.0,2026-07-15
uniqueUserZone,OWM Zona5,2026-07-15 02:00:00+02:00,115.0,2026-07-15
uniqueUserZone,OWM Zona4,2026-07-15 02:00:00+02:00,111.0,2026-07-15
uniqueUserZone,OWM Zona3,2026-07-15 02:00:00+02:00,328.0,2026-07-15
uniqueUserZone,OWM Zona2,2026-07-15 02:00:00+02:00,196.0,2026-07-15
uniqueUserZone,OWM Zona1,2026-07-15 02:00:00+02:00,531.0,2026-07-15
uniqueUserZone,OWM Zona9,2026-07-14 02:00:00+02:00,137.0,2026-07-14
uniqueUserZone,OWM Zona8,2026-07-14 02:00:00+02:00,147.0,2026-07-14
uniqueUserZone,OWM Zona7,2026-07-14 02:00:00+02:00,73.0,2026-07-14
uniqueUserZone,OWM Zona6,2026-07-14 02:00:00+02:00,98.0,2026-07-14
uniqueUserZone,OWM Zona5,2026-07-14 02:00:00+02:00,113.0,2026-07-14
uniqueUserZone,OWM Zona4,2026-07-14 02:00:00+02:00,123.0,2026-07-14
uniqueUserZone,OWM Zona3,2026-07-14 02:00:00+02:00,326.0,2026-07-14
uniqueUserZone,OWM Zona2,2026-07-14 02:00:00+02:00,214.0,2026-07-14
uniqueUserZone,OWM Zona1,2026-07-14 02:00:00+02:00,614.0,2026-07-14
uniqueUserZone,OWM Zona9,2026-07-13 02:00:00+02:00,131.0,2026-07-13
uniqueUserZone,OWM Zona8,2026-07-13 02:00:00+02:00,137.0,2026-07-13
uniqueUserZone,OWM Zona7,2026-07-13 02:00:00+02:00,63.0,2026-07-13
uniqueUserZone,OWM Zona6,2026-07-13 02:00:00+02:00,87.0,2026-07-13
uniqueUserZone,OWM Zona5,2026-07-13 02:00:00+02:00,109.0,2026-07-13
uniqueUserZone,OWM Zona4,2026-07-13 02:00:00+02:00,131.0,2026-07-13
uniqueUserZone,OWM Zona3,2026-07-13 02:00:00+02:00,310.0,2026-07-13
uniqueUserZone,OWM Zona2,2026-07-13 02:00:00+02:00,202.0,2026-07-13
uniqueUserZone,OWM Zona1,2026-07-13 02:00:00+02:00,571.0,2026-07-13
uniqueUserZone,OWM Zona9,2026-07-12 02:00:00+02:00,98.0,2026-07-12
uniqueUserZone,OWM Zona8,2026-07-12 02:00:00+02:00,132.0,2026-07-12
uniqueUserZone,OWM Zona7,2026-07-12 02:00:00+02:00,51.0,2026-07-12
uniqueUserZone,OWM Zona6,2026-07-12 02:00:00+02:00,74.0,2026-07-12
uniqueUserZone,OWM Zona5,2026-07-12 02:00:00+02:00,80.0,2026-07-12
uniqueUserZone,OWM Zona4,2026-07-12 02:00:00+02:00,108.0,2026-07-12
uniqueUserZone,OWM Zona3,2026-07-12 02:00:00+02:00,263.0,2026-07-12
uniqueUserZone,OWM Zona2,2026-07-12 02:00:00+02:00,190.0,2026-07-12
uniqueUserZone,OWM Zona1,2026-07-12 02:00:00+02:00,508.0,2026-07-12
uniqueUserZone,OWM Zona9,2026-07-11 02:00:00+02:00,131.0,2026-07-11
uniqueUserZone,OWM Zona8,2026-07-11 02:00:00+02:00,143.0,2026-07-11
uniqueUserZone,OWM Zona7,2026-07-11 02:00:00+02:00,74.0,2026-07-11
uniqueUserZone,OWM Zona6,2026-07-11 02:00:00+02:00,78.0,2026-07-11
uniqueUserZone,OWM Zona5,2026-07-11 02:00:00+02:00,89.0,2026-07-11
uniqueUserZone,OWM Zona4,2026-07-11 02:00:00+02:00,111.0,2026-07-11
uniqueUserZone,OWM Zona3,2026-07-11 02:00:00+02:00,288.0,2026-07-11
uniqueUserZone,OWM Zona2,2026-07-11 02:00:00+02:00,169.0,2026-07-11
uniqueUserZone,OWM Zona1,2026-07-11 02:00:00+02:00,542.0,2026-07-11
uniqueUserZone,OWM Zona9,2026-07-10 02:00:00+02:00,144.0,2026-07-10
uniqueUserZone,OWM Zona8,2026-07-10 02:00:00+02:00,167.0,2026-07-10
uniqueUserZone,OWM Zona7,2026-07-10 02:00:00+02:00,80.0,2026-07-10
uniqueUserZone,OWM Zona6,2026-07-10 02:00:00+02:00,96.0,2026-07-10
uniqueUserZone,OWM Zona5,2026-07-10 02:00:00+02:00,117.0,2026-07-10
uniqueUserZone,OWM Zona4,2026-07-10 02:00:00+02:00,123.0,2026-07-10
uniqueUserZone,OWM Zona3,2026-07-10 02:00:00+02:00,294.0,2026-07-10
uniqueUserZone,OWM Zona2,2026-07-10 02:00:00+02:00,182.0,2026-07-10
uniqueUserZone,OWM Zona1,2026-07-10 02:00:00+02:00,552.0,2026-07-10
uniqueUserZone,OWM Zona9,2026-07-09 02:00:00+02:00,132.0,2026-07-09
uniqueUserZone,OWM Zona8,2026-07-09 02:00:00+02:00,147.0,2026-07-09
uniqueUserZone,OWM Zona7,2026-07-09 02:00:00+02:00,92.0,2026-07-09
uniqueUserZone,OWM Zona6,2026-07-09 02:00:00+02:00,107.0,2026-07-09
uniqueUserZone,OWM Zona5,2026-07-09 02:00:00+02:00,128.0,2026-07-09
uniqueUserZone,OWM Zona4,2026-07-09 02:00:00+02:00,129.0,2026-07-09
uniqueUserZone,OWM Zona3,2026-07-09 02:00:00+02:00,299.0,2026-07-09
uniqueUserZone,OWM Zona2,2026-07-09 02:00:00+02:00,210.0,2026-07-09
uniqueUserZone,OWM Zona1,2026-07-09 02:00:00+02:00,542.0,2026-07-09
uniqueUserZone,OWM Zona9,2026-07-08 02:00:00+02:00,135.0,2026-07-08
uniqueUserZone,OWM Zona8,2026-07-08 02:00:00+02:00,145.0,2026-07-08
uniqueUserZone,OWM Zona7,2026-07-08 02:00:00+02:00,91.0,2026-07-08
uniqueUserZone,OWM Zona6,2026-07-08 02:00:00+02:00,102.0,2026-07-08
uniqueUserZone,OWM Zona5,2026-07-08 02:00:00+02:00,113.0,2026-07-08
uniqueUserZone,OWM Zona4,2026-07-08 02:00:00+02:00,146.0,2026-07-08
uniqueUserZone,OWM Zona3,2026-07-08 02:00:00+02:00,336.0,2026-07-08
uniqueUserZone,OWM Zona2,2026-07-08 02:00:00+02:00,185.0,2026-07-08
uniqueUserZone,OWM Zona1,2026-07-08 02:00:00+02:00,543.0,2026-07-08
uniqueUserZone,OWM Zona9,2026-07-07 02:00:00+02:00,139.0,2026-07-07
uniqueUserZone,OWM Zona8,2026-07-07 02:00:00+02:00,160.0,2026-07-07
uniqueUserZone,OWM Zona7,2026-07-07 02:00:00+02:00,80.0,2026-07-07
uniqueUserZone,OWM Zona6,2026-07-07 02:00:00+02:00,103.0,2026-07-07
uniqueUserZone,OWM Zona5,2026-07-07 02:00:00+02:00,119.0,2026-07-07
uniqueUserZone,OWM Zona4,2026-07-07 02:00:00+02:00,127.0,2026-07-07
uniqueUserZone,OWM Zona3,2026-07-07 02:00:00+02:00,343.0,2026-07-07
uniqueUserZone,OWM Zona2,2026-07-07 02:00:00+02:00,199.0,2026-07-07
uniqueUserZone,OWM Zona1,2026-07-07 02:00:00+02:00,541.0,2026-07-07
uniqueUserZone,OWM Zona9,2026-07-06 02:00:00+02:00,138.0,2026-07-06
uniqueUserZone,OWM Zona8,2026-07-06 02:00:00+02:00,179.0,2026-07-06
uniqueUserZone,OWM Zona7,2026-07-06 02:00:00+02:00,74.0,2026-07-06
uniqueUserZone,OWM Zona6,2026-07-06 02:00:00+02:00,83.0,2026-07-06
uniqueUserZone,OWM Zona5,2026-07-06 02:00:00+02:00,109.0,2026-07-06
uniqueUserZone,OWM Zona4,2026-07-06 02:00:00+02:00,122.0,2026-07-06
uniqueUserZone,OWM Zona3,2026-07-06 02:00:00+02:00,316.0,2026-07-06
uniqueUserZone,OWM Zona2,2026-07-06 02:00:00+02:00,208.0,2026-07-06
uniqueUserZone,OWM Zona1,2026-07-06 02:00:00+02:00,506.0,2026-07-06
uniqueUserZone,OWM Zona9,2026-07-05 02:00:00+02:00,105.0,2026-07-05
uniqueUserZone,OWM Zona8,2026-07-05 02:00:00+02:00,120.0,2026-07-05
uniqueUserZone,OWM Zona7,2026-07-05 02:00:00+02:00,58.0,2026-07-05
uniqueUserZone,OWM Zona6,2026-07-05 02:00:00+02:00,63.0,2026-07-05
uniqueUserZone,OWM Zona5,2026-07-05 02:00:00+02:00,68.0,2026-07-05
uniqueUserZone,OWM Zona4,2026-07-05 02:00:00+02:00,92.0,2026-07-05
uniqueUserZone,OWM Zona3,2026-07-05 02:00:00+02:00,291.0,2026-07-05
uniqueUserZone,OWM Zona2,2026-07-05 02:00:00+02:00,162.0,2026-07-05
uniqueUserZone,OWM Zona1,2026-07-05 02:00:00+02:00,483.0,2026-07-05
uniqueUserZone,OWM Zona9,2026-07-04 02:00:00+02:00,112.0,2026-07-04
uniqueUserZone,OWM Zona8,2026-07-04 02:00:00+02:00,159.0,2026-07-04
uniqueUserZone,OWM Zona7,2026-07-04 02:00:00+02:00,73.0,2026-07-04
uniqueUserZone,OWM Zona6,2026-07-04 02:00:00+02:00,92.0,2026-07-04
uniqueUserZone,OWM Zona5,2026-07-04 02:00:00+02:00,89.0,2026-07-04
uniqueUserZone,OWM Zona4,2026-07-04 02:00:00+02:00,111.0,2026-07-04
uniqueUserZone,OWM Zona3,2026-07-04 02:00:00+02:00,302.0,2026-07-04
uniqueUserZone,OWM Zona2,2026-07-04 02:00:00+02:00,181.0,2026-07-04
uniqueUserZone,OWM Zona1,2026-07-04 02:00:00+02:00,524.0,2026-07-04
uniqueUserZone,OWM Zona9,2026-07-03 02:00:00+02:00,134.0,2026-07-03
uniqueUserZone,OWM Zona8,2026-07-03 02:00:00+02:00,152.0,2026-07-03
uniqueUserZone,OWM Zona7,2026-07-03 02:00:00+02:00,71.0,2026-07-03
uniqueUserZone,OWM Zona6,2026-07-03 02:00:00+02:00,112.0,2026-07-03
uniqueUserZone,OWM Zona5,2026-07-03 02:00:00+02:00,107.0,2026-07-03
uniqueUserZone,OWM Zona4,2026-07-03 02:00:00+02:00,123.0,2026-07-03
uniqueUserZone,OWM Zona3,2026-07-03 02:00:00+02:00,326.0,2026-07-03
uniqueUserZone,OWM Zona2,2026-07-03 02:00:00+02:00,185.0,2026-07-03
uniqueUserZone,OWM Zona1,2026-07-03 02:00:00+02:00,463.0,2026-07-03
uniqueUserZone,OWM Zona9,2026-07-02 02:00:00+02:00,130.0,2026-07-02
uniqueUserZone,OWM Zona8,2026-07-02 02:00:00+02:00,172.0,2026-07-02
uniqueUserZone,OWM Zona7,2026-07-02 02:00:00+02:00,80.0,2026-07-02
uniqueUserZone,OWM Zona6,2026-07-02 02:00:00+02:00,100.0,2026-07-02
uniqueUserZone,OWM Zona5,2026-07-02 02:00:00+02:00,119.0,2026-07-02
uniqueUserZone,OWM Zona4,2026-07-02 02:00:00+02:00,145.0,2026-07-02
uniqueUserZone,OWM Zona3,2026-07-02 02:00:00+02:00,361.0,2026-07-02
uniqueUserZone,OWM Zona2,2026-07-02 02:00:00+02:00,207.0,2026-07-02
uniqueUserZone,OWM Zona1,2026-07-02 02:00:00+02:00,537.0,2026-07-02
uniqueUserZone,OWM Zona9,2026-07-01 02:00:00+02:00,113.0,2026-07-01
uniqueUserZone,OWM Zona8,2026-07-01 02:00:00+02:00,140.0,2026-07-01
uniqueUserZone,OWM Zona7,2026-07-01 02:00:00+02:00,71.0,2026-07-01
uniqueUserZone,OWM Zona6,2026-07-01 02:00:00+02:00,85.0,2026-07-01
uniqueUserZone,OWM Zona5,2026-07-01 02:00:00+02:00,104.0,2026-07-01
uniqueUserZone,OWM Zona4,2026-07-01 02:00:00+02:00,130.0,2026-07-01
uniqueUserZone,OWM Zona3,2026-07-01 02:00:00+02:00,310.0,2026-07-01
uniqueUserZone,OWM Zona2,2026-07-01 02:00:00+02:00,170.0,2026-07-01
uniqueUserZone,OWM Zona1,2026-07-01 02:00:00+02:00,483.0,2026-07-01
uniqueUserZone,OWM Zona9,2026-06-30 02:00:00+02:00,134.0,2026-06-30
uniqueUserZone,OWM Zona8,2026-06-30 02:00:00+02:00,176.0,2026-06-30
uniqueUserZone,OWM Zona7,2026-06-30 02:00:00+02:00,67.0,2026-06-30
uniqueUserZone,OWM Zona6,2026-06-30 02:00:00+02:00,103.0,2026-06-30
uniqueUserZone,OWM Zona5,2026-06-30 02:00:00+02:00,122.0,2026-06-30
uniqueUserZone,OWM Zona4,2026-06-30 02:00:00+02:00,124.0,2026-06-30
uniqueUserZone,OWM Zona3,2026-06-30 02:00:00+02:00,320.0,2026-06-30
uniqueUserZone,OWM Zona2,2026-06-30 02:00:00+02:00,181.0,2026-06-30
uniqueUserZone,OWM Zona1,2026-06-30 02:00:00+02:00,434.0,2026-06-30
uniqueUserZone,OWM Zona9,2026-06-29 02:00:00+02:00,113.0,2026-06-29
uniqueUserZone,OWM Zona8,2026-06-29 02:00:00+02:00,171.0,2026-06-29
uniqueUserZone,OWM Zona7,2026-06-29 02:00:00+02:00,75.0,2026-06-29
uniqueUserZone,OWM Zona6,2026-06-29 02:00:00+02:00,104.0,2026-06-29
uniqueUserZone,OWM Zona5,2026-06-29 02:00:00+02:00,117.0,2026-06-29
uniqueUserZone,OWM Zona4,2026-06-29 02:00:00+02:00,135.0,2026-06-29
uniqueUserZone,OWM Zona3,2026-06-29 02:00:00+02:00,255.0,2026-06-29
uniqueUserZone,OWM Zona2,2026-06-29 02:00:00+02:00,183.0,2026-06-29
uniqueUserZone,OWM Zona1,2026-06-29 02:00:00+02:00,367.0,2026-06-29
uniqueUserZone,OWM Zona9,2026-06-28 02:00:00+02:00,97.0,2026-06-28
uniqueUserZone,OWM Zona8,2026-06-28 02:00:00+02:00,121.0,2026-06-28
uniqueUserZone,OWM Zona7,2026-06-28 02:00:00+02:00,46.0,2026-06-28
uniqueUserZone,OWM Zona6,2026-06-28 02:00:00+02:00,66.0,2026-06-28
uniqueUserZone,OWM Zona5,2026-06-28 02:00:00+02:00,78.0,2026-06-28
uniqueUserZone,OWM Zona4,2026-06-28 02:00:00+02:00,119.0,2026-06-28
uniqueUserZone,OWM Zona3,2026-06-28 02:00:00+02:00,222.0,2026-06-28
uniqueUserZone,OWM Zona2,2026-06-28 02:00:00+02:00,165.0,2026-06-28
uniqueUserZone,OWM Zona1,2026-06-28 02:00:00+02:00,342.0,2026-06-28
uniqueUserZone,OWM Zona9,2026-06-27 02:00:00+02:00,123.0,2026-06-27
uniqueUserZone,OWM Zona8,2026-06-27 02:00:00+02:00,159.0,2026-06-27
uniqueUserZone,OWM Zona7,2026-06-27 02:00:00+02:00,84.0,2026-06-27
uniqueUserZone,OWM Zona6,2026-06-27 02:00:00+02:00,90.0,2026-06-27
uniqueUserZone,OWM Zona5,2026-06-27 02:00:00+02:00,107.0,2026-06-27
uniqueUserZone,OWM Zona4,2026-06-27 02:00:00+02:00,131.0,2026-06-27
uniqueUserZone,OWM Zona3,2026-06-27 02:00:00+02:00,302.0,2026-06-27
uniqueUserZone,OWM Zona2,2026-06-27 02:00:00+02:00,168.0,2026-06-27
uniqueUserZone,OWM Zona1,2026-06-27 02:00:00+02:00,432.0,2026-06-27
uniqueUserZone,OWM Zona9,2026-06-26 02:00:00+02:00,146.0,2026-06-26
uniqueUserZone,OWM Zona8,2026-06-26 02:00:00+02:00,165.0,2026-06-26
uniqueUserZone,OWM Zona7,2026-06-26 02:00:00+02:00,68.0,2026-06-26
uniqueUserZone,OWM Zona6,2026-06-26 02:00:00+02:00,94.0,2026-06-26
uniqueUserZone,OWM Zona5,2026-06-26 02:00:00+02:00,114.0,2026-06-26
uniqueUserZone,OWM Zona4,2026-06-26 02:00:00+02:00,139.0,2026-06-26
uniqueUserZone,OWM Zona3,2026-06-26 02:00:00+02:00,312.0,2026-06-26
uniqueUserZone,OWM Zona2,2026-06-26 02:00:00+02:00,182.0,2026-06-26
uniqueUserZone,OWM Zona1,2026-06-26 02:00:00+02:00,421.0,2026-06-26
uniqueUserZone,OWM Zona9,2026-06-25 02:00:00+02:00,140.0,2026-06-25
uniqueUserZone,OWM Zona8,2026-06-25 02:00:00+02:00,170.0,2026-06-25
uniqueUserZone,OWM Zona7,2026-06-25 02:00:00+02:00,92.0,2026-06-25
uniqueUserZone,OWM Zona6,2026-06-25 02:00:00+02:00,104.0,2026-06-25
uniqueUserZone,OWM Zona5,2026-06-25 02:00:00+02:00,106.0,2026-06-25
uniqueUserZone,OWM Zona4,2026-06-25 02:00:00+02:00,137.0,2026-06-25
uniqueUserZone,OWM Zona3,2026-06-25 02:00:00+02:00,307.0,2026-06-25
uniqueUserZone,OWM Zona2,2026-06-25 02:00:00+02:00,209.0,2026-06-25
uniqueUserZone,OWM Zona1,2026-06-25 02:00:00+02:00,421.0,2026-06-25
uniqueUserZone,OWM Zona9,2026-06-24 02:00:00+02:00,152.0,2026-06-24
uniqueUserZone,OWM Zona8,2026-06-24 02:00:00+02:00,162.0,2026-06-24
uniqueUserZone,OWM Zona7,2026-06-24 02:00:00+02:00,75.0,2026-06-24
uniqueUserZone,OWM Zona6,2026-06-24 02:00:00+02:00,94.0,2026-06-24
uniqueUserZone,OWM Zona5,2026-06-24 02:00:00+02:00,128.0,2026-06-24
uniqueUserZone,OWM Zona4,2026-06-24 02:00:00+02:00,148.0,2026-06-24
uniqueUserZone,OWM Zona3,2026-06-24 02:00:00+02:00,323.0,2026-06-24
uniqueUserZone,OWM Zona2,2026-06-24 02:00:00+02:00,210.0,2026-06-24
uniqueUserZone,OWM Zona1,2026-06-24 02:00:00+02:00,422.0,2026-06-24
uniqueUserZone,OWM Zona9,2026-06-23 02:00:00+02:00,142.0,2026-06-23
uniqueUserZone,OWM Zona8,2026-06-23 02:00:00+02:00,188.0,2026-06-23
uniqueUserZone,OWM Zona7,2026-06-23 02:00:00+02:00,84.0,2026-06-23
uniqueUserZone,OWM Zona6,2026-06-23 02:00:00+02:00,95.0,2026-06-23
uniqueUserZone,OWM Zona5,2026-06-23 02:00:00+02:00,118.0,2026-06-23
uniqueUserZone,OWM Zona4,2026-06-23 02:00:00+02:00,157.0,2026-06-23
uniqueUserZone,OWM Zona3,2026-06-23 02:00:00+02:00,295.0,2026-06-23
uniqueUserZone,OWM Zona2,2026-06-23 02:00:00+02:00,204.0,2026-06-23
uniqueUserZone,OWM Zona1,2026-06-23 02:00:00+02:00,392.0,2026-06-23
uniqueUserZone,OWM Zona9,2026-06-22 02:00:00+02:00,154.0,2026-06-22
uniqueUserZone,OWM Zona8,2026-06-22 02:00:00+02:00,149.0,2026-06-22
uniqueUserZone,OWM Zona7,2026-06-22 02:00:00+02:00,60.0,2026-06-22
uniqueUserZone,OWM Zona6,2026-06-22 02:00:00+02:00,86.0,2026-06-22
uniqueUserZone,OWM Zona5,2026-06-22 02:00:00+02:00,110.0,2026-06-22
uniqueUserZone,OWM Zona4,2026-06-22 02:00:00+02:00,140.0,2026-06-22
uniqueUserZone,OWM Zona3,2026-06-22 02:00:00+02:00,299.0,2026-06-22
uniqueUserZone,OWM Zona2,2026-06-22 02:00:00+02:00,206.0,2026-06-22
uniqueUserZone,OWM Zona1,2026-06-22 02:00:00+02:00,426.0,2026-06-22
uniqueUserZone,OWM Zona9,2026-06-21 02:00:00+02:00,120.0,2026-06-21
uniqueUserZone,OWM Zona8,2026-06-21 02:00:00+02:00,129.0,2026-06-21
uniqueUserZone,OWM Zona7,2026-06-21 02:00:00+02:00,49.0,2026-06-21
uniqueUserZone,OWM Zona6,2026-06-21 02:00:00+02:00,65.0,2026-06-21
uniqueUserZone,OWM Zona5,2026-06-21 02:00:00+02:00,108.0,2026-06-21
uniqueUserZone,OWM Zona4,2026-06-21 02:00:00+02:00,123.0,2026-06-21
uniqueUserZone,OWM Zona3,2026-06-21 02:00:00+02:00,227.0,2026-06-21
uniqueUserZone,OWM Zona2,2026-06-21 02:00:00+02:00,170.0,2026-06-21
uniqueUserZone,OWM Zona1,2026-06-21 02:00:00+02:00,411.0,2026-06-21
uniqueUserZone,OWM Zona9,2026-06-20 02:00:00+02:00,138.0,2026-06-20
uniqueUserZone,OWM Zona8,2026-06-20 02:00:00+02:00,183.0,2026-06-20
uniqueUserZone,OWM Zona7,2026-06-20 02:00:00+02:00,63.0,2026-06-20
uniqueUserZone,OWM Zona6,2026-06-20 02:00:00+02:00,84.0,2026-06-20
uniqueUserZone,OWM Zona5,2026-06-20 02:00:00+02:00,114.0,2026-06-20
uniqueUserZone,OWM Zona4,2026-06-20 02:00:00+02:00,147.0,2026-06-20
uniqueUserZone,OWM Zona3,2026-06-20 02:00:00+02:00,290.0,2026-06-20
uniqueUserZone,OWM Zona2,2026-06-20 02:00:00+02:00,188.0,2026-06-20
uniqueUserZone,OWM Zona1,2026-06-20 02:00:00+02:00,474.0,2026-06-20
uniqueUserZone,OWM Zona9,2026-06-19 02:00:00+02:00,161.0,2026-06-19
uniqueUserZone,OWM Zona8,2026-06-19 02:00:00+02:00,157.0,2026-06-19
uniqueUserZone,OWM Zona7,2026-06-19 02:00:00+02:00,86.0,2026-06-19
uniqueUserZone,OWM Zona6,2026-06-19 02:00:00+02:00,101.0,2026-06-19
uniqueUserZone,OWM Zona5,2026-06-19 02:00:00+02:00,126.0,2026-06-19
uniqueUserZone,OWM Zona4,2026-06-19 02:00:00+02:00,151.0,2026-06-19
uniqueUserZone,OWM Zona3,2026-06-19 02:00:00+02:00,312.0,2026-06-19
uniqueUserZone,OWM Zona2,2026-06-19 02:00:00+02:00,215.0,2026-06-19
uniqueUserZone,OWM Zona1,2026-06-19 02:00:00+02:00,460.0,2026-06-19
uniqueUserZone,OWM Zona9,2026-06-18 02:00:00+02:00,166.0,2026-06-18
uniqueUserZone,OWM Zona8,2026-06-18 02:00:00+02:00,205.0,2026-06-18
uniqueUserZone,OWM Zona7,2026-06-18 02:00:00+02:00,100.0,2026-06-18
uniqueUserZone,OWM Zona6,2026-06-18 02:00:00+02:00,111.0,2026-06-18
uniqueUserZone,OWM Zona5,2026-06-18 02:00:00+02:00,129.0,2026-06-18
uniqueUserZone,OWM Zona4,2026-06-18 02:00:00+02:00,151.0,2026-06-18
uniqueUserZone,OWM Zona3,2026-06-18 02:00:00+02:00,341.0,2026-06-18
uniqueUserZone,OWM Zona2,2026-06-18 02:00:00+02:00,240.0,2026-06-18
uniqueUserZone,OWM Zona1,2026-06-18 02:00:00+02:00,487.0,2026-06-18
uniqueUserZone,OWM Zona9,2026-06-17 02:00:00+02:00,175.0,2026-06-17
uniqueUserZone,OWM Zona8,2026-06-17 02:00:00+02:00,181.0,2026-06-17
uniqueUserZone,OWM Zona7,2026-06-17 02:00:00+02:00,91.0,2026-06-17
uniqueUserZone,OWM Zona6,2026-06-17 02:00:00+02:00,109.0,2026-06-17
uniqueUserZone,OWM Zona5,2026-06-17 02:00:00+02:00,139.0,2026-06-17
uniqueUserZone,OWM Zona4,2026-06-17 02:00:00+02:00,157.0,2026-06-17
uniqueUserZone,OWM Zona3,2026-06-17 02:00:00+02:00,358.0,2026-06-17
uniqueUserZone,OWM Zona2,2026-06-17 02:00:00+02:00,203.0,2026-06-17
uniqueUserZone,OWM Zona1,2026-06-17 02:00:00+02:00,501.0,2026-06-17
uniqueUserZone,OWM Zona9,2026-06-16 02:00:00+02:00,163.0,2026-06-16
uniqueUserZone,OWM Zona8,2026-06-16 02:00:00+02:00,205.0,2026-06-16
uniqueUserZone,OWM Zona7,2026-06-16 02:00:00+02:00,80.0,2026-06-16
uniqueUserZone,OWM Zona6,2026-06-16 02:00:00+02:00,91.0,2026-06-16
uniqueUserZone,OWM Zona5,2026-06-16 02:00:00+02:00,138.0,2026-06-16
uniqueUserZone,OWM Zona4,2026-06-16 02:00:00+02:00,135.0,2026-06-16
uniqueUserZone,OWM Zona3,2026-06-16 02:00:00+02:00,352.0,2026-06-16
uniqueUserZone,OWM Zona2,2026-06-16 02:00:00+02:00,225.0,2026-06-16
uniqueUserZone,OWM Zona1,2026-06-16 02:00:00+02:00,508.0,2026-06-16
uniqueUserZone,OWM Zona9,2026-06-15 02:00:00+02:00,150.0,2026-06-15
uniqueUserZone,OWM Zona8,2026-06-15 02:00:00+02:00,187.0,2026-06-15
uniqueUserZone,OWM Zona7,2026-06-15 02:00:00+02:00,91.0,2026-06-15
uniqueUserZone,OWM Zona6,2026-06-15 02:00:00+02:00,96.0,2026-06-15
uniqueUserZone,OWM Zona5,2026-06-15 02:00:00+02:00,136.0,2026-06-15
uniqueUserZone,OWM Zona4,2026-06-15 02:00:00+02:00,155.0,2026-06-15
uniqueUserZone,OWM Zona3,2026-06-15 02:00:00+02:00,338.0,2026-06-15
uniqueUserZone,OWM Zona2,2026-06-15 02:00:00+02:00,197.0,2026-06-15
uniqueUserZone,OWM Zona1,2026-06-15 02:00:00+02:00,437.0,2026-06-15
uniqueUserZone,OWM Zona9,2026-06-14 02:00:00+02:00,113.0,2026-06-14
uniqueUserZone,OWM Zona8,2026-06-14 02:00:00+02:00,165.0,2026-06-14
uniqueUserZone,OWM Zona7,2026-06-14 02:00:00+02:00,71.0,2026-06-14
uniqueUserZone,OWM Zona6,2026-06-14 02:00:00+02:00,82.0,2026-06-14
uniqueUserZone,OWM Zona5,2026-06-14 02:00:00+02:00,115.0,2026-06-14
uniqueUserZone,OWM Zona4,2026-06-14 02:00:00+02:00,128.0,2026-06-14
uniqueUserZone,OWM Zona3,2026-06-14 02:00:00+02:00,294.0,2026-06-14
uniqueUserZone,OWM Zona2,2026-06-14 02:00:00+02:00,159.0,2026-06-14
uniqueUserZone,OWM Zona1,2026-06-14 02:00:00+02:00,452.0,2026-06-14
uniqueUserZone,OWM Zona9,2026-06-13 02:00:00+02:00,149.0,2026-06-13
uniqueUserZone,OWM Zona8,2026-06-13 02:00:00+02:00,194.0,2026-06-13
uniqueUserZone,OWM Zona7,2026-06-13 02:00:00+02:00,86.0,2026-06-13
uniqueUserZone,OWM Zona6,2026-06-13 02:00:00+02:00,103.0,2026-06-13
uniqueUserZone,OWM Zona5,2026-06-13 02:00:00+02:00,121.0,2026-06-13
uniqueUserZone,OWM Zona4,2026-06-13 02:00:00+02:00,136.0,2026-06-13
uniqueUserZone,OWM Zona3,2026-06-13 02:00:00+02:00,343.0,2026-06-13
uniqueUserZone,OWM Zona2,2026-06-13 02:00:00+02:00,196.0,2026-06-13
uniqueUserZone,OWM Zona1,2026-06-13 02:00:00+02:00,551.0,2026-06-13
uniqueUserZone,OWM Zona9,2026-06-12 02:00:00+02:00,178.0,2026-06-12
uniqueUserZone,OWM Zona8,2026-06-12 02:00:00+02:00,194.0,2026-06-12
uniqueUserZone,OWM Zona7,2026-06-12 02:00:00+02:00,90.0,2026-06-12
uniqueUserZone,OWM Zona6,2026-06-12 02:00:00+02:00,105.0,2026-06-12
uniqueUserZone,OWM Zona5,2026-06-12 02:00:00+02:00,150.0,2026-06-12
uniqueUserZone,OWM Zona4,2026-06-12 02:00:00+02:00,155.0,2026-06-12
uniqueUserZone,OWM Zona3,2026-06-12 02:00:00+02:00,372.0,2026-06-12
uniqueUserZone,OWM Zona2,2026-06-12 02:00:00+02:00,246.0,2026-06-12
uniqueUserZone,OWM Zona1,2026-06-12 02:00:00+02:00,544.0,2026-06-12
uniqueUserZone,OWM Zona9,2026-06-11 02:00:00+02:00,190.0,2026-06-11
uniqueUserZone,OWM Zona8,2026-06-11 02:00:00+02:00,200.0,2026-06-11
uniqueUserZone,OWM Zona7,2026-06-11 02:00:00+02:00,78.0,2026-06-11
uniqueUserZone,OWM Zona6,2026-06-11 02:00:00+02:00,105.0,2026-06-11
uniqueUserZone,OWM Zona5,2026-06-11 02:00:00+02:00,146.0,2026-06-11
uniqueUserZone,OWM Zona4,2026-06-11 02:00:00+02:00,148.0,2026-06-11
uniqueUserZone,OWM Zona3,2026-06-11 02:00:00+02:00,401.0,2026-06-11
uniqueUserZone,OWM Zona2,2026-06-11 02:00:00+02:00,228.0,2026-06-11
uniqueUserZone,OWM Zona1,2026-06-11 02:00:00+02:00,446.0,2026-06-11
uniqueUserZone,OWM Zona9,2026-06-10 02:00:00+02:00,171.0,2026-06-10
uniqueUserZone,OWM Zona8,2026-06-10 02:00:00+02:00,192.0,2026-06-10
uniqueUserZone,OWM Zona7,2026-06-10 02:00:00+02:00,97.0,2026-06-10
uniqueUserZone,OWM Zona6,2026-06-10 02:00:00+02:00,104.0,2026-06-10
uniqueUserZone,OWM Zona5,2026-06-10 02:00:00+02:00,141.0,2026-06-10
uniqueUserZone,OWM Zona4,2026-06-10 02:00:00+02:00,147.0,2026-06-10
uniqueUserZone,OWM Zona3,2026-06-10 02:00:00+02:00,325.0,2026-06-10
uniqueUserZone,OWM Zona2,2026-06-10 02:00:00+02:00,219.0,2026-06-10
uniqueUserZone,OWM Zona1,2026-06-10 02:00:00+02:00,454.0,2026-06-10
uniqueUserZone,OWM Zona9,2026-06-09 02:00:00+02:00,172.0,2026-06-09
uniqueUserZone,OWM Zona8,2026-06-09 02:00:00+02:00,209.0,2026-06-09
uniqueUserZone,OWM Zona7,2026-06-09 02:00:00+02:00,93.0,2026-06-09
uniqueUserZone,OWM Zona6,2026-06-09 02:00:00+02:00,103.0,2026-06-09
uniqueUserZone,OWM Zona5,2026-06-09 02:00:00+02:00,123.0,2026-06-09
uniqueUserZone,OWM Zona4,2026-06-09 02:00:00+02:00,154.0,2026-06-09
uniqueUserZone,OWM Zona3,2026-06-09 02:00:00+02:00,370.0,2026-06-09
uniqueUserZone,OWM Zona2,2026-06-09 02:00:00+02:00,209.0,2026-06-09
uniqueUserZone,OWM Zona1,2026-06-09 02:00:00+02:00,432.0,2026-06-09
uniqueUserZone,OWM Zona9,2026-06-08 02:00:00+02:00,168.0,2026-06-08
uniqueUserZone,OWM Zona8,2026-06-08 02:00:00+02:00,202.0,2026-06-08
uniqueUserZone,OWM Zona7,2026-06-08 02:00:00+02:00,92.0,2026-06-08
uniqueUserZone,OWM Zona6,2026-06-08 02:00:00+02:00,113.0,2026-06-08
uniqueUserZone,OWM Zona5,2026-06-08 02:00:00+02:00,133.0,2026-06-08
uniqueUserZone,OWM Zona4,2026-06-08 02:00:00+02:00,155.0,2026-06-08
uniqueUserZone,OWM Zona3,2026-06-08 02:00:00+02:00,337.0,2026-06-08
uniqueUserZone,OWM Zona2,2026-06-08 02:00:00+02:00,217.0,2026-06-08
uniqueUserZone,OWM Zona1,2026-06-08 02:00:00+02:00,457.0,2026-06-08
uniqueUserZone,OWM Zona9,2026-06-07 02:00:00+02:00,138.0,2026-06-07
uniqueUserZone,OWM Zona8,2026-06-07 02:00:00+02:00,154.0,2026-06-07
uniqueUserZone,OWM Zona7,2026-06-07 02:00:00+02:00,65.0,2026-06-07
uniqueUserZone,OWM Zona6,2026-06-07 02:00:00+02:00,85.0,2026-06-07
uniqueUserZone,OWM Zona5,2026-06-07 02:00:00+02:00,97.0,2026-06-07
uniqueUserZone,OWM Zona4,2026-06-07 02:00:00+02:00,138.0,2026-06-07
uniqueUserZone,OWM Zona3,2026-06-07 02:00:00+02:00,270.0,2026-06-07
uniqueUserZone,OWM Zona2,2026-06-07 02:00:00+02:00,194.0,2026-06-07
uniqueUserZone,OWM Zona1,2026-06-07 02:00:00+02:00,448.0,2026-06-07
uniqueUserZone,OWM Zona9,2026-06-06 02:00:00+02:00,191.0,2026-06-06
uniqueUserZone,OWM Zona8,2026-06-06 02:00:00+02:00,200.0,2026-06-06
uniqueUserZone,OWM Zona7,2026-06-06 02:00:00+02:00,92.0,2026-06-06
uniqueUserZone,OWM Zona6,2026-06-06 02:00:00+02:00,87.0,2026-06-06
uniqueUserZone,OWM Zona5,2026-06-06 02:00:00+02:00,117.0,2026-06-06
uniqueUserZone,OWM Zona4,2026-06-06 02:00:00+02:00,147.0,2026-06-06
uniqueUserZone,OWM Zona3,2026-06-06 02:00:00+02:00,334.0,2026-06-06
uniqueUserZone,OWM Zona2,2026-06-06 02:00:00+02:00,199.0,2026-06-06
uniqueUserZone,OWM Zona1,2026-06-06 02:00:00+02:00,551.0,2026-06-06
uniqueUserZone,OWM Zona9,2026-06-05 02:00:00+02:00,191.0,2026-06-05
uniqueUserZone,OWM Zona8,2026-06-05 02:00:00+02:00,210.0,2026-06-05
uniqueUserZone,OWM Zona7,2026-06-05 02:00:00+02:00,82.0,2026-06-05
uniqueUserZone,OWM Zona6,2026-06-05 02:00:00+02:00,126.0,2026-06-05
uniqueUserZone,OWM Zona5,2026-06-05 02:00:00+02:00,126.0,2026-06-05
uniqueUserZone,OWM Zona4,2026-06-05 02:00:00+02:00,171.0,2026-06-05
uniqueUserZone,OWM Zona3,2026-06-05 02:00:00+02:00,390.0,2026-06-05
uniqueUserZone,OWM Zona2,2026-06-05 02:00:00+02:00,231.0,2026-06-05
uniqueUserZone,OWM Zona1,2026-06-05 02:00:00+02:00,608.0,2026-06-05
uniqueUserZone,OWM Zona9,2026-06-04 02:00:00+02:00,186.0,2026-06-04
uniqueUserZone,OWM Zona8,2026-06-04 02:00:00+02:00,201.0,2026-06-04
uniqueUserZone,OWM Zona7,2026-06-04 02:00:00+02:00,107.0,2026-06-04
uniqueUserZone,OWM Zona6,2026-06-04 02:00:00+02:00,102.0,2026-06-04
uniqueUserZone,OWM Zona5,2026-06-04 02:00:00+02:00,128.0,2026-06-04
uniqueUserZone,OWM Zona4,2026-06-04 02:00:00+02:00,151.0,2026-06-04
uniqueUserZone,OWM Zona3,2026-06-04 02:00:00+02:00,387.0,2026-06-04
uniqueUserZone,OWM Zona2,2026-06-04 02:00:00+02:00,219.0,2026-06-04
uniqueUserZone,OWM Zona1,2026-06-04 02:00:00+02:00,553.0,2026-06-04
uniqueUserZone,OWM Zona9,2026-06-03 02:00:00+02:00,188.0,2026-06-03
uniqueUserZone,OWM Zona8,2026-06-03 02:00:00+02:00,220.0,2026-06-03
uniqueUserZone,OWM Zona7,2026-06-03 02:00:00+02:00,86.0,2026-06-03
uniqueUserZone,OWM Zona6,2026-06-03 02:00:00+02:00,105.0,2026-06-03
uniqueUserZone,OWM Zona5,2026-06-03 02:00:00+02:00,130.0,2026-06-03
uniqueUserZone,OWM Zona4,2026-06-03 02:00:00+02:00,142.0,2026-06-03
uniqueUserZone,OWM Zona3,2026-06-03 02:00:00+02:00,367.0,2026-06-03
uniqueUserZone,OWM Zona2,2026-06-03 02:00:00+02:00,218.0,2026-06-03
uniqueUserZone,OWM Zona1,2026-06-03 02:00:00+02:00,530.0,2026-06-03
uniqueUserZone,OWM Zona9,2026-06-02 02:00:00+02:00,82.0,2026-06-02
uniqueUserZone,OWM Zona8,2026-06-02 02:00:00+02:00,94.0,2026-06-02
uniqueUserZone,OWM Zona7,2026-06-02 02:00:00+02:00,25.0,2026-06-02
uniqueUserZone,OWM Zona6,2026-06-02 02:00:00+02:00,66.0,2026-06-02
uniqueUserZone,OWM Zona5,2026-06-02 02:00:00+02:00,61.0,2026-06-02
uniqueUserZone,OWM Zona4,2026-06-02 02:00:00+02:00,93.0,2026-06-02
uniqueUserZone,OWM Zona3,2026-06-02 02:00:00+02:00,176.0,2026-06-02
uniqueUserZone,OWM Zona2,2026-06-02 02:00:00+02:00,115.0,2026-06-02
uniqueUserZone,OWM Zona1,2026-06-02 02:00:00+02:00,271.0,2026-06-02
uniqueUserZone,OWM Zona9,2026-06-01 02:00:00+02:00,133.0,2026-06-01
uniqueUserZone,OWM Zona8,2026-06-01 02:00:00+02:00,160.0,2026-06-01
uniqueUserZone,OWM Zona7,2026-06-01 02:00:00+02:00,59.0,2026-06-01
uniqueUserZone,OWM Zona6,2026-06-01 02:00:00+02:00,84.0,2026-06-01
uniqueUserZone,OWM Zona5,2026-06-01 02:00:00+02:00,97.0,2026-06-01
uniqueUserZone,OWM Zona4,2026-06-01 02:00:00+02:00,138.0,2026-06-01
uniqueUserZone,OWM Zona3,2026-06-01 02:00:00+02:00,306.0,2026-06-01
uniqueUserZone,OWM Zona2,2026-06-01 02:00:00+02:00,168.0,2026-06-01
uniqueUserZone,OWM Zona1,2026-06-01 02:00:00+02:00,456.0,2026-06-01
uniqueUserZone,OWM Zona9,2026-05-31 02:00:00+02:00,125.0,2026-05-31
uniqueUserZone,OWM Zona8,2026-05-31 02:00:00+02:00,144.0,2026-05-31
uniqueUserZone,OWM Zona7,2026-05-31 02:00:00+02:00,57.0,2026-05-31
uniqueUserZone,OWM Zona6,2026-05-31 02:00:00+02:00,85.0,2026-05-31
uniqueUserZone,OWM Zona5,2026-05-31 02:00:00+02:00,66.0,2026-05-31
uniqueUserZone,OWM Zona4,2026-05-31 02:00:00+02:00,127.0,2026-05-31
uniqueUserZone,OWM Zona3,2026-05-31 02:00:00+02:00,261.0,2026-05-31
uniqueUserZone,OWM Zona2,2026-05-31 02:00:00+02:00,153.0,2026-05-31
uniqueUserZone,OWM Zona1,2026-05-31 02:00:00+02:00,509.0,2026-05-31
uniqueUserZone,OWM Zona9,2026-05-30 02:00:00+02:00,143.0,2026-05-30
uniqueUserZone,OWM Zona8,2026-05-30 02:00:00+02:00,178.0,2026-05-30
uniqueUserZone,OWM Zona7,2026-05-30 02:00:00+02:00,68.0,2026-05-30
uniqueUserZone,OWM Zona6,2026-05-30 02:00:00+02:00,98.0,2026-05-30
uniqueUserZone,OWM Zona5,2026-05-30 02:00:00+02:00,131.0,2026-05-30
uniqueUserZone,OWM Zona4,2026-05-30 02:00:00+02:00,123.0,2026-05-30
uniqueUserZone,OWM Zona3,2026-05-30 02:00:00+02:00,328.0,2026-05-30
uniqueUserZone,OWM Zona2,2026-05-30 02:00:00+02:00,171.0,2026-05-30
uniqueUserZone,OWM Zona1,2026-05-30 02:00:00+02:00,604.0,2026-05-30
uniqueUserZone,OWM Zona9,2026-05-29 02:00:00+02:00,187.0,2026-05-29
uniqueUserZone,OWM Zona8,2026-05-29 02:00:00+02:00,220.0,2026-05-29
uniqueUserZone,OWM Zona7,2026-05-29 02:00:00+02:00,86.0,2026-05-29
uniqueUserZone,OWM Zona6,2026-05-29 02:00:00+02:00,109.0,2026-05-29
uniqueUserZone,OWM Zona5,2026-05-29 02:00:00+02:00,134.0,2026-05-29
uniqueUserZone,OWM Zona4,2026-05-29 02:00:00+02:00,182.0,2026-05-29
uniqueUserZone,OWM Zona3,2026-05-29 02:00:00+02:00,381.0,2026-05-29
uniqueUserZone,OWM Zona2,2026-05-29 02:00:00+02:00,206.0,2026-05-29
uniqueUserZone,OWM Zona1,2026-05-29 02:00:00+02:00,610.0,2026-05-29
uniqueUserZone,OWM Zona9,2026-05-28 02:00:00+02:00,191.0,2026-05-28
uniqueUserZone,OWM Zona8,2026-05-28 02:00:00+02:00,208.0,2026-05-28
uniqueUserZone,OWM Zona7,2026-05-28 02:00:00+02:00,91.0,2026-05-28
uniqueUserZone,OWM Zona6,2026-05-28 02:00:00+02:00,107.0,2026-05-28
uniqueUserZone,OWM Zona5,2026-05-28 02:00:00+02:00,149.0,2026-05-28
uniqueUserZone,OWM Zona6,2026-05-27 02:00:00+02:00,113.0,2026-05-27
uniqueUserZone,OWM Zona5,2026-05-27 02:00:00+02:00,139.0,2026-05-27
uniqueUserZone,OWM Zona6,2026-05-26 02:00:00+02:00,120.0,2026-05-26
uniqueUserZone,OWM Zona5,2026-05-26 02:00:00+02:00,143.0,2026-05-26
uniqueUserZone,OWM Zona6,2026-05-25 02:00:00+02:00,99.0,2026-05-25
uniqueUserZone,OWM Zona5,2026-05-25 02:00:00+02:00,134.0,2026-05-25
uniqueUserZone,OWM Zona6,2026-05-24 02:00:00+02:00,95.0,2026-05-24
uniqueUserZone,OWM Zona5,2026-05-24 02:00:00+02:00,88.0,2026-05-24
uniqueUserZone,OWM Zona6,2026-05-23 02:00:00+02:00,99.0,2026-05-23
uniqueUserZone,OWM Zona5,2026-05-23 02:00:00+02:00,122.0,2026-05-23
uniqueUserZone,OWM Zona6,2026-05-22 02:00:00+02:00,114.0,2026-05-22
uniqueUserZone,OWM Zona5,2026-05-22 02:00:00+02:00,134.0,2026-05-22
uniqueUserZone,OWM Zona6,2026-05-21 02:00:00+02:00,129.0,2026-05-21
uniqueUserZone,OWM Zona5,2026-05-21 02:00:00+02:00,145.0,2026-05-21
uniqueUserZone,OWM Zona6,2026-05-20 02:00:00+02:00,127.0,2026-05-20
uniqueUserZone,OWM Zona5,2026-05-20 02:00:00+02:00,139.0,2026-05-20
uniqueUserZone,OWM Zona6,2026-05-19 02:00:00+02:00,112.0,2026-05-19
uniqueUserZone,OWM Zona5,2026-05-19 02:00:00+02:00,113.0,2026-05-19
uniqueUserZone,OWM Zona6,2026-05-18 02:00:00+02:00,102.0,2026-05-18
uniqueUserZone,OWM Zona5,2026-05-18 02:00:00+02:00,105.0,2026-05-18
uniqueUserZone,OWM Zona6,2026-05-17 02:00:00+02:00,87.0,2026-05-17
uniqueUserZone,OWM Zona5,2026-05-17 02:00:00+02:00,77.0,2026-05-17
uniqueUserZone,OWM Zona6,2026-05-16 02:00:00+02:00,110.0,2026-05-16
uniqueUserZone,OWM Zona5,2026-05-16 02:00:00+02:00,105.0,2026-05-16
uniqueUserZone,OWM Zona6,2026-05-15 02:00:00+02:00,104.0,2026-05-15
uniqueUserZone,OWM Zona5,2026-05-15 02:00:00+02:00,102.0,2026-05-15
uniqueUserZone,OWM Zona6,2026-05-14 02:00:00+02:00,124.0,2026-05-14
uniqueUserZone,OWM Zona5,2026-05-14 02:00:00+02:00,118.0,2026-05-14
uniqueUserZone,OWM Zona6,2026-05-13 02:00:00+02:00,113.0,2026-05-13
uniqueUserZone,OWM Zona5,2026-05-13 02:00:00+02:00,129.0,2026-05-13
uniqueUserZone,OWM Zona6,2026-05-12 02:00:00+02:00,124.0,2026-05-12
uniqueUserZone,OWM Zona5,2026-05-12 02:00:00+02:00,126.0,2026-05-12
uniqueUserZone,OWM Zona6,2026-05-11 02:00:00+02:00,127.0,2026-05-11
uniqueUserZone,OWM Zona5,2026-05-11 02:00:00+02:00,111.0,2026-05-11
uniqueUserZone,OWM Zona6,2026-05-10 02:00:00+02:00,82.0,2026-05-10
uniqueUserZone,OWM Zona5,2026-05-10 02:00:00+02:00,86.0,2026-05-10
uniqueUserZone,OWM Zona6,2026-05-09 02:00:00+02:00,125.0,2026-05-09
uniqueUserZone,OWM Zona5,2026-05-09 02:00:00+02:00,115.0,2026-05-09
uniqueUserZone,OWM Zona6,2026-05-08 02:00:00+02:00,127.0,2026-05-08
uniqueUserZone,OWM Zona5,2026-05-08 02:00:00+02:00,109.0,2026-05-08
uniqueUserZone,OWM Zona6,2026-05-07 02:00:00+02:00,124.0,2026-05-07
uniqueUserZone,OWM Zona5,2026-05-07 02:00:00+02:00,115.0,2026-05-07
uniqueUserZone,OWM Zona6,2026-05-06 02:00:00+02:00,110.0,2026-05-06
uniqueUserZone,OWM Zona5,2026-05-06 02:00:00+02:00,102.0,2026-05-06
uniqueUserZone,OWM Zona6,2026-05-05 02:00:00+02:00,116.0,2026-05-05
uniqueUserZone,OWM Zona5,2026-05-05 02:00:00+02:00,97.0,2026-05-05
uniqueUserZone,OWM Zona6,2026-05-04 02:00:00+02:00,128.0,2026-05-04
uniqueUserZone,OWM Zona5,2026-05-04 02:00:00+02:00,126.0,2026-05-04
uniqueUserZone,OWM Zona6,2026-05-03 02:00:00+02:00,93.0,2026-05-03
uniqueUserZone,OWM Zona5,2026-05-03 02:00:00+02:00,75.0,2026-05-03
uniqueUserZone,OWM Zona6,2026-05-02 02:00:00+02:00,89.0,2026-05-02
uniqueUserZone,OWM Zona5,2026-05-02 02:00:00+02:00,77.0,2026-05-02
uniqueUserZone,OWM Zona6,2026-05-01 02:00:00+02:00,95.0,2026-05-01
uniqueUserZone,OWM Zona5,2026-05-01 02:00:00+02:00,74.0,2026-05-01
uniqueUserZone,OWM Zona6,2026-04-30 02:00:00+02:00,132.0,2026-04-30
uniqueUserZone,OWM Zona5,2026-04-30 02:00:00+02:00,113.0,2026-04-30
uniqueUserZone,OWM Zona6,2026-04-29 02:00:00+02:00,114.0,2026-04-29
uniqueUserZone,OWM Zona5,2026-04-29 02:00:00+02:00,123.0,2026-04-29
uniqueUserZone,OWM Zona6,2026-04-28 02:00:00+02:00,132.0,2026-04-28
uniqueUserZone,OWM Zona5,2026-04-28 02:00:00+02:00,130.0,2026-04-28
uniqueUserZone,OWM Zona6,2026-04-27 02:00:00+02:00,129.0,2026-04-27
uniqueUserZone,OWM Zona5,2026-04-27 02:00:00+02:00,131.0,2026-04-27
uniqueUserZone,OWM Zona6,2026-04-26 02:00:00+02:00,128.0,2026-04-26
uniqueUserZone,OWM Zona5,2026-04-26 02:00:00+02:00,98.0,2026-04-26
uniqueUserZone,OWM Zona6,2026-04-25 02:00:00+02:00,125.0,2026-04-25
uniqueUserZone,OWM Zona5,2026-04-25 02:00:00+02:00,97.0,2026-04-25
uniqueUserZone,OWM Zona6,2026-04-24 02:00:00+02:00,139.0,2026-04-24
uniqueUserZone,OWM Zona5,2026-04-24 02:00:00+02:00,127.0,2026-04-24
uniqueUserZone,OWM Zona6,2026-04-23 02:00:00+02:00,142.0,2026-04-23
uniqueUserZone,OWM Zona5,2026-04-23 02:00:00+02:00,130.0,2026-04-23
uniqueUserZone,OWM Zona6,2026-04-22 02:00:00+02:00,141.0,2026-04-22
uniqueUserZone,OWM Zona5,2026-04-22 02:00:00+02:00,138.0,2026-04-22
uniqueUserZone,OWM Zona6,2026-04-21 02:00:00+02:00,127.0,2026-04-21
uniqueUserZone,OWM Zona5,2026-04-21 02:00:00+02:00,117.0,2026-04-21
uniqueUserZone,OWM Zona6,2026-04-20 02:00:00+02:00,139.0,2026-04-20
uniqueUserZone,OWM Zona5,2026-04-20 02:00:00+02:00,126.0,2026-04-20
uniqueUserZone,OWM Zona6,2026-04-19 02:00:00+02:00,94.0,2026-04-19
uniqueUserZone,OWM Zona5,2026-04-19 02:00:00+02:00,88.0,2026-04-19
uniqueUserZone,OWM Zona6,2026-04-18 02:00:00+02:00,117.0,2026-04-18
uniqueUserZone,OWM Zona5,2026-04-18 02:00:00+02:00,112.0,2026-04-18
uniqueUserZone,OWM Zona6,2026-04-17 02:00:00+02:00,135.0,2026-04-17
uniqueUserZone,OWM Zona5,2026-04-17 02:00:00+02:00,146.0,2026-04-17
uniqueUserZone,OWM Zona6,2026-04-16 02:00:00+02:00,141.0,2026-04-16
uniqueUserZone,OWM Zona5,2026-04-16 02:00:00+02:00,141.0,2026-04-16
uniqueUserZone,OWM Zona6,2026-04-15 02:00:00+02:00,121.0,2026-04-15
uniqueUserZone,OWM Zona5,2026-04-15 02:00:00+02:00,136.0,2026-04-15
uniqueUserZone,OWM Zona6,2026-04-14 02:00:00+02:00,126.0,2026-04-14
uniqueUserZone,OWM Zona5,2026-04-14 02:00:00+02:00,129.0,2026-04-14
uniqueUserZone,OWM Zona6,2026-04-13 02:00:00+02:00,111.0,2026-04-13
uniqueUserZone,OWM Zona5,2026-04-13 02:00:00+02:00,130.0,2026-04-13
uniqueUserZone,OWM Zona6,2026-04-12 02:00:00+02:00,95.0,2026-04-12
uniqueUserZone,OWM Zona5,2026-04-12 02:00:00+02:00,83.0,2026-04-12
uniqueUserZone,OWM Zona6,2026-04-11 02:00:00+02:00,96.0,2026-04-11
uniqueUserZone,OWM Zona5,2026-04-11 02:00:00+02:00,111.0,2026-04-11
uniqueUserZone,OWM Zona6,2026-04-10 02:00:00+02:00,133.0,2026-04-10
uniqueUserZone,OWM Zona5,2026-04-10 02:00:00+02:00,149.0,2026-04-10
uniqueUserZone,OWM Zona6,2026-04-09 02:00:00+02:00,135.0,2026-04-09
uniqueUserZone,OWM Zona5,2026-04-09 02:00:00+02:00,130.0,2026-04-09
uniqueUserZone,OWM Zona6,2026-04-08 02:00:00+02:00,119.0,2026-04-08
uniqueUserZone,OWM Zona5,2026-04-08 02:00:00+02:00,128.0,2026-04-08
uniqueUserZone,OWM Zona6,2026-04-07 02:00:00+02:00,109.0,2026-04-07
uniqueUserZone,OWM Zona5,2026-04-07 02:00:00+02:00,121.0,2026-04-07
uniqueUserZone,OWM Zona6,2026-04-06 02:00:00+02:00,92.0,2026-04-06
uniqueUserZone,OWM Zona5,2026-04-06 02:00:00+02:00,99.0,2026-04-06
uniqueUserZone,OWM Zona6,2026-04-05 02:00:00+02:00,69.0,2026-04-05
uniqueUserZone,OWM Zona5,2026-04-05 02:00:00+02:00,85.0,2026-04-05
uniqueUserZone,OWM Zona6,2026-04-04 02:00:00+02:00,102.0,2026-04-04
uniqueUserZone,OWM Zona5,2026-04-04 02:00:00+02:00,94.0,2026-04-04
uniqueUserZone,OWM Zona6,2026-04-03 02:00:00+02:00,100.0,2026-04-03
uniqueUserZone,OWM Zona5,2026-04-03 02:00:00+02:00,136.0,2026-04-03
uniqueUserZone,OWM Zona6,2026-04-02 02:00:00+02:00,115.0,2026-04-02
uniqueUserZone,OWM Zona5,2026-04-02 02:00:00+02:00,123.0,2026-04-02
uniqueUserZone,OWM Zona6,2026-04-01 02:00:00+02:00,95.0,2026-04-01
uniqueUserZone,OWM Zona5,2026-04-01 02:00:00+02:00,132.0,2026-04-01
uniqueUserZone,OWM Zona6,2026-03-31 02:00:00+02:00,108.0,2026-03-31
uniqueUserZone,OWM Zona5,2026-03-31 02:00:00+02:00,146.0,2026-03-31
uniqueUserZone,OWM Zona6,2026-03-30 02:00:00+02:00,134.0,2026-03-30
uniqueUserZone,OWM Zona5,2026-03-30 02:00:00+02:00,132.0,2026-03-30
uniqueUserZone,OWM Zona6,2026-03-29 01:00:00+01:00,102.0,2026-03-29
uniqueUserZone,OWM Zona5,2026-03-29 01:00:00+01:00,102.0,2026-03-29
uniqueUserZone,OWM Zona6,2026-03-28 01:00:00+01:00,100.0,2026-03-28
uniqueUserZone,OWM Zona5,2026-03-28 01:00:00+01:00,104.0,2026-03-28
uniqueUserZone,OWM Zona6,2026-03-27 01:00:00+01:00,139.0,2026-03-27
uniqueUserZone,OWM Zona5,2026-03-27 01:00:00+01:00,144.0,2026-03-27
uniqueUserZone,OWM Zona6,2026-03-26 01:00:00+01:00,116.0,2026-03-26
uniqueUserZone,OWM Zona5,2026-03-26 01:00:00+01:00,124.0,2026-03-26
uniqueUserZone,OWM Zona6,2026-03-25 01:00:00+01:00,125.0,2026-03-25
uniqueUserZone,OWM Zona5,2026-03-25 01:00:00+01:00,142.0,2026-03-25
uniqueUserZone,OWM Zona6,2026-03-24 01:00:00+01:00,115.0,2026-03-24
uniqueUserZone,OWM Zona5,2026-03-24 01:00:00+01:00,137.0,2026-03-24
uniqueUserZone,OWM Zona6,2026-03-23 01:00:00+01:00,116.0,2026-03-23
uniqueUserZone,OWM Zona5,2026-03-23 01:00:00+01:00,120.0,2026-03-23
uniqueUserZone,OWM Zona6,2026-03-22 01:00:00+01:00,107.0,2026-03-22
uniqueUserZone,OWM Zona5,2026-03-22 01:00:00+01:00,100.0,2026-03-22
uniqueUserZone,OWM Zona6,2026-03-21 01:00:00+01:00,111.0,2026-03-21
uniqueUserZone,OWM Zona5,2026-03-21 01:00:00+01:00,113.0,2026-03-21
uniqueUserZone,OWM Zona6,2026-03-20 01:00:00+01:00,132.0,2026-03-20
uniqueUserZone,OWM Zona5,2026-03-20 01:00:00+01:00,142.0,2026-03-20
uniqueUserZone,OWM Zona6,2026-03-19 01:00:00+01:00,129.0,2026-03-19
uniqueUserZone,OWM Zona5,2026-03-19 01:00:00+01:00,128.0,2026-03-19
uniqueUserZone,OWM Zona6,2026-03-18 01:00:00+01:00,130.0,2026-03-18
uniqueUserZone,OWM Zona5,2026-03-18 01:00:00+01:00,129.0,2026-03-18
uniqueUserZone,OWM Zona6,2026-03-17 01:00:00+01:00,122.0,2026-03-17
uniqueUserZone,OWM Zona5,2026-03-17 01:00:00+01:00,130.0,2026-03-17
uniqueUserZone,OWM Zona6,2026-03-16 01:00:00+01:00,122.0,2026-03-16
uniqueUserZone,OWM Zona5,2026-03-16 01:00:00+01:00,129.0,2026-03-16
uniqueUserZone,OWM Zona6,2026-03-15 01:00:00+01:00,96.0,2026-03-15
uniqueUserZone,OWM Zona5,2026-03-15 01:00:00+01:00,90.0,2026-03-15
uniqueUserZone,OWM Zona6,2026-03-14 01:00:00+01:00,81.0,2026-03-14
uniqueUserZone,OWM Zona5,2026-03-14 01:00:00+01:00,92.0,2026-03-14
uniqueUserZone,OWM Zona6,2026-03-13 01:00:00+01:00,126.0,2026-03-13
uniqueUserZone,OWM Zona5,2026-03-13 01:00:00+01:00,151.0,2026-03-13
uniqueUserZone,OWM Zona6,2026-03-12 01:00:00+01:00,119.0,2026-03-12
uniqueUserZone,OWM Zona5,2026-03-12 01:00:00+01:00,137.0,2026-03-12
uniqueUserZone,OWM Zona6,2026-03-11 01:00:00+01:00,117.0,2026-03-11
uniqueUserZone,OWM Zona5,2026-03-11 01:00:00+01:00,142.0,2026-03-11
uniqueUserZone,OWM Zona4,2026-03-11 01:00:00+01:00,173.0,2026-03-11
uniqueUserZone,OWM Zona3,2026-03-11 01:00:00+01:00,308.0,2026-03-11
uniqueUserZone,OWM Zona2,2026-03-11 01:00:00+01:00,197.0,2026-03-11
uniqueUserZone,OWM Zona1,2026-03-11 01:00:00+01:00,393.0,2026-03-11
uniqueUserZone,OWM Zona9,2026-03-10 01:00:00+01:00,140.0,2026-03-10
uniqueUserZone,OWM Zona8,2026-03-10 01:00:00+01:00,180.0,2026-03-10
uniqueUserZone,OWM Zona7,2026-03-10 01:00:00+01:00,107.0,2026-03-10
uniqueUserZone,OWM Zona6,2026-03-10 01:00:00+01:00,119.0,2026-03-10
uniqueUserZone,OWM Zona6,2026-03-06 01:00:00+01:00,122.0,2026-03-06
uniqueUserZone,OWM Zona5,2026-03-06 01:00:00+01:00,132.0,2026-03-06
uniqueUserZone,OWM Zona6,2026-03-05 01:00:00+01:00,134.0,2026-03-05
uniqueUserZone,OWM Zona5,2026-03-05 01:00:00+01:00,129.0,2026-03-05
uniqueUserZone,OWM Zona6,2026-03-04 01:00:00+01:00,127.0,2026-03-04
uniqueUserZone,OWM Zona5,2026-03-04 01:00:00+01:00,135.0,2026-03-04
uniqueUserZone,OWM Zona6,2026-03-03 01:00:00+01:00,118.0,2026-03-03
uniqueUserZone,OWM Zona5,2026-03-03 01:00:00+01:00,148.0,2026-03-03
uniqueUserZone,OWM Zona6,2026-03-02 01:00:00+01:00,109.0,2026-03-02
uniqueUserZone,OWM Zona5,2026-03-02 01:00:00+01:00,144.0,2026-03-02
uniqueUserZone,OWM Zona6,2026-03-01 01:00:00+01:00,97.0,2026-03-01
uniqueUserZone,OWM Zona5,2026-03-01 01:00:00+01:00,94.0,2026-03-01
uniqueUserZone,OWM Zona6,2026-02-28 01:00:00+01:00,101.0,2026-02-28
uniqueUserZone,OWM Zona5,2026-02-28 01:00:00+01:00,123.0,2026-02-28
uniqueUserZone,OWM Zona6,2026-02-18 01:00:00+01:00,133.0,2026-02-18
uniqueUserZone,OWM Zona5,2026-02-18 01:00:00+01:00,126.0,2026-02-18
uniqueUserZone,OWM Zona6,2026-02-17 01:00:00+01:00,128.0,2026-02-17
uniqueUserZone,OWM Zona5,2026-02-17 01:00:00+01:00,130.0,2026-02-17
uniqueUserZone,OWM Zona6,2026-02-16 01:00:00+01:00,96.0,2026-02-16
uniqueUserZone,OWM Zona5,2026-02-16 01:00:00+01:00,117.0,2026-02-16
uniqueUserZone,OWM Zona6,2026-02-15 01:00:00+01:00,85.0,2026-02-15
uniqueUserZone,OWM Zona5,2026-02-15 01:00:00+01:00,91.0,2026-02-15
uniqueUserZone,OWM Zona6,2026-02-14 01:00:00+01:00,92.0,2026-02-14
uniqueUserZone,OWM Zona5,2026-02-14 01:00:00+01:00,88.0,2026-02-14
uniqueUserZone,OWM Zona6,2026-02-13 01:00:00+01:00,108.0,2026-02-13
uniqueUserZone,OWM Zona5,2026-02-13 01:00:00+01:00,140.0,2026-02-13
uniqueUserZone,OWM Zona6,2026-02-12 01:00:00+01:00,104.0,2026-02-12
uniqueUserZone,OWM Zona5,2026-02-12 01:00:00+01:00,115.0,2026-02-12
uniqueUserZone,OWM Zona6,2026-02-11 01:00:00+01:00,106.0,2026-02-11
uniqueUserZone,OWM Zona5,2026-02-11 01:00:00+01:00,115.0,2026-02-11
uniqueUserZone,OWM Zona6,2026-02-10 01:00:00+01:00,103.0,2026-02-10
uniqueUserZone,OWM Zona5,2026-02-10 01:00:00+01:00,119.0,2026-02-10
uniqueUserZone,OWM Zona6,2026-02-09 01:00:00+01:00,121.0,2026-02-09
uniqueUserZone,OWM Zona5,2026-02-09 01:00:00+01:00,122.0,2026-02-09
uniqueUserZone,OWM Zona6,2026-02-08 01:00:00+01:00,76.0,2026-02-08
uniqueUserZone,OWM Zona5,2026-02-08 01:00:00+01:00,97.0,2026-02-08
uniqueUserZone,OWM Zona6,2026-02-07 01:00:00+01:00,93.0,2026-02-07
uniqueUserZone,OWM Zona5,2026-02-07 01:00:00+01:00,97.0,2026-02-07
uniqueUserZone,OWM Zona6,2026-02-06 01:00:00+01:00,109.0,2026-02-06
uniqueUserZone,OWM Zona5,2026-02-06 01:00:00+01:00,117.0,2026-02-06
uniqueUserZone,OWM Zona6,2026-02-05 01:00:00+01:00,114.0,2026-02-05
uniqueUserZone,OWM Zona5,2026-02-05 01:00:00+01:00,140.0,2026-02-05
uniqueUserZone,OWM Zona6,2026-02-04 01:00:00+01:00,87.0,2026-02-04
uniqueUserZone,OWM Zona5,2026-02-04 01:00:00+01:00,115.0,2026-02-04
uniqueUserZone,OWM Zona6,2026-02-03 01:00:00+01:00,92.0,2026-02-03
uniqueUserZone,OWM Zona5,2026-02-03 01:00:00+01:00,114.0,2026-02-03
uniqueUserZone,OWM Zona6,2026-02-02 01:00:00+01:00,104.0,2026-02-02
uniqueUserZone,OWM Zona5,2026-02-02 01:00:00+01:00,112.0,2026-02-02
uniqueUserZone,OWM Zona6,2026-02-01 01:00:00+01:00,80.0,2026-02-01
uniqueUserZone,OWM Zona5,2026-02-01 01:00:00+01:00,79.0,2026-02-01
uniqueUserZone,OWM Zona6,2026-01-31 01:00:00+01:00,88.0,2026-01-31
uniqueUserZone,OWM Zona5,2026-01-31 01:00:00+01:00,105.0,2026-01-31
uniqueUserZone,OWM Zona6,2026-01-30 01:00:00+01:00,110.0,2026-01-30
uniqueUserZone,OWM Zona5,2026-01-30 01:00:00+01:00,127.0,2026-01-30
uniqueUserZone,OWM Zona6,2026-01-29 01:00:00+01:00,102.0,2026-01-29
uniqueUserZone,OWM Zona5,2026-01-29 01:00:00+01:00,111.0,2026-01-29
uniqueUserZone,OWM Zona6,2026-01-28 01:00:00+01:00,96.0,2026-01-28
uniqueUserZone,OWM Zona5,2026-01-28 01:00:00+01:00,117.0,2026-01-28
uniqueUserZone,OWM Zona6,2026-01-27 01:00:00+01:00,114.0,2026-01-27
uniqueUserZone,OWM Zona5,2026-01-27 01:00:00+01:00,110.0,2026-01-27
uniqueUserZone,OWM Zona6,2026-01-26 01:00:00+01:00,109.0,2026-01-26
uniqueUserZone,OWM Zona5,2026-01-26 01:00:00+01:00,111.0,2026-01-26
uniqueUserZone,OWM Zona6,2026-01-25 01:00:00+01:00,70.0,2026-01-25
uniqueUserZone,OWM Zona5,2026-01-25 01:00:00+01:00,72.0,2026-01-25
uniqueUserZone,OWM Zona4,2026-01-25 01:00:00+01:00,97.0,2026-01-25
uniqueUserZone,OWM Zona3,2026-01-25 01:00:00+01:00,189.0,2026-01-25
uniqueUserZone,OWM Zona2,2026-01-25 01:00:00+01:00,138.0,2026-01-25
uniqueUserZone,OWM Zona1,2026-01-25 01:00:00+01:00,288.0,2026-01-25
uniqueUserZone,OWM Zona9,2026-01-24 01:00:00+01:00,124.0,2026-01-24
uniqueUserZone,OWM Zona8,2026-01-24 01:00:00+01:00,128.0,2026-01-24
uniqueUserZone,OWM Zona7,2026-01-24 01:00:00+01:00,74.0,2026-01-24
uniqueUserZone,OWM Zona6,2026-01-24 01:00:00+01:00,76.0,2026-01-24
uniqueUserZone,OWM Zona6,2026-01-23 01:00:00+01:00,100.0,2026-01-23
uniqueUserZone,OWM Zona5,2026-01-23 01:00:00+01:00,118.0,2026-01-23
uniqueUserZone,OWM Zona6,2026-01-22 01:00:00+01:00,100.0,2026-01-22
uniqueUserZone,OWM Zona5,2026-01-22 01:00:00+01:00,110.0,2026-01-22
uniqueUserZone,OWM Zona6,2026-01-21 01:00:00+01:00,102.0,2026-01-21
uniqueUserZone,OWM Zona5,2026-01-21 01:00:00+01:00,120.0,2026-01-21
uniqueUserZone,OWM Zona6,2026-01-20 01:00:00+01:00,108.0,2026-01-20
uniqueUserZone,OWM Zona5,2026-01-20 01:00:00+01:00,130.0,2026-01-20
uniqueUserZone,OWM Zona6,2026-01-19 01:00:00+01:00,92.0,2026-01-19
uniqueUserZone,OWM Zona5,2026-01-19 01:00:00+01:00,108.0,2026-01-19
uniqueUserZone,OWM Zona6,2026-01-18 01:00:00+01:00,75.0,2026-01-18
uniqueUserZone,OWM Zona5,2026-01-18 01:00:00+01:00,59.0,2026-01-18
uniqueUserZone,OWM Zona6,2026-01-17 01:00:00+01:00,102.0,2026-01-17
uniqueUserZone,OWM Zona5,2026-01-17 01:00:00+01:00,92.0,2026-01-17
uniqueUserZone,OWM Zona4,2026-01-17 01:00:00+01:00,92.0,2026-01-17
uniqueUserZone,OWM Zona3,2026-01-17 01:00:00+01:00,255.0,2026-01-17
uniqueUserZone,OWM Zona2,2026-01-17 01:00:00+01:00,145.0,2026-01-17
uniqueUserZone,OWM Zona1,2026-01-17 01:00:00+01:00,382.0,2026-01-17
uniqueUserZone,OWM Zona9,2026-01-16 01:00:00+01:00,132.0,2026-01-16
uniqueUserZone,OWM Zona8,2026-01-16 01:00:00+01:00,174.0,2026-01-16
uniqueUserZone,OWM Zona7,2026-01-16 01:00:00+01:00,100.0,2026-01-16
uniqueUserZone,OWM Zona6,2026-01-16 01:00:00+01:00,101.0,2026-01-16
uniqueUserZone,OWM Zona6,2026-01-15 01:00:00+01:00,96.0,2026-01-15
uniqueUserZone,OWM Zona5,2026-01-15 01:00:00+01:00,110.0,2026-01-15
uniqueUserZone,OWM Zona6,2026-01-14 01:00:00+01:00,97.0,2026-01-14
uniqueUserZone,OWM Zona5,2026-01-14 01:00:00+01:00,94.0,2026-01-14
uniqueUserZone,OWM Zona6,2026-01-13 01:00:00+01:00,106.0,2026-01-13
uniqueUserZone,OWM Zona5,2026-01-13 01:00:00+01:00,105.0,2026-01-13
uniqueUserZone,OWM Zona6,2026-01-12 01:00:00+01:00,91.0,2026-01-12
uniqueUserZone,OWM Zona5,2026-01-12 01:00:00+01:00,120.0,2026-01-12
uniqueUserZone,OWM Zona6,2026-01-11 01:00:00+01:00,77.0,2026-01-11
uniqueUserZone,OWM Zona5,2026-01-11 01:00:00+01:00,79.0,2026-01-11
uniqueUserZone,OWM Zona6,2026-01-10 01:00:00+01:00,79.0,2026-01-10
uniqueUserZone,OWM Zona5,2026-01-10 01:00:00+01:00,104.0,2026-01-10
uniqueUserZone,OWM Zona6,2026-01-09 01:00:00+01:00,96.0,2026-01-09
uniqueUserZone,OWM Zona5,2026-01-09 01:00:00+01:00,103.0,2026-01-09
uniqueUserZone,OWM Zona6,2026-01-08 01:00:00+01:00,82.0,2026-01-08
uniqueUserZone,OWM Zona5,2026-01-08 01:00:00+01:00,114.0,2026-01-08
uniqueUserZone,OWM Zona6,2026-01-07 01:00:00+01:00,81.0,2026-01-07
uniqueUserZone,OWM Zona5,2026-01-07 01:00:00+01:00,102.0,2026-01-07
uniqueUserZone,OWM Zona6,2026-01-06 01:00:00+01:00,62.0,2026-01-06
uniqueUserZone,OWM Zona5,2026-01-06 01:00:00+01:00,57.0,2026-01-06
uniqueUserZone,OWM Zona9,2026-01-04 01:00:00+01:00,69.0,2026-01-04
uniqueUserZone,OWM Zona8,2026-01-04 01:00:00+01:00,108.0,2026-01-04
uniqueUserZone,OWM Zona7,2026-01-04 01:00:00+01:00,68.0,2026-01-04
uniqueUserZone,OWM Zona6,2026-01-04 01:00:00+01:00,65.0,2026-01-04
uniqueUserZone,OWM Zona5,2026-01-04 01:00:00+01:00,60.0,2026-01-04
uniqueUserZone,OWM Zona4,2026-01-04 01:00:00+01:00,93.0,2026-01-04
uniqueUserZone,OWM Zona3,2026-01-04 01:00:00+01:00,167.0,2026-01-04
uniqueUserZone,OWM Zona2,2026-01-04 01:00:00+01:00,100.0,2026-01-04
uniqueUserZone,OWM Zona1,2026-01-04 01:00:00+01:00,274.0,2026-01-04
uniqueUserZone,OWM Zona9,2026-01-03 01:00:00+01:00,84.0,2026-01-03
uniqueUserZone,OWM Zona8,2026-01-03 01:00:00+01:00,115.0,2026-01-03
uniqueUserZone,OWM Zona7,2026-01-03 01:00:00+01:00,73.0,2026-01-03
uniqueUserZone,OWM Zona6,2026-01-03 01:00:00+01:00,54.0,2026-01-03
uniqueUserZone,OWM Zona5,2026-01-03 01:00:00+01:00,74.0,2026-01-03
uniqueUserZone,OWM Zona4,2026-01-03 01:00:00+01:00,83.0,2026-01-03
uniqueUserZone,OWM Zona3,2026-01-03 01:00:00+01:00,212.0,2026-01-03
uniqueUserZone,OWM Zona2,2026-01-03 01:00:00+01:00,115.0,2026-01-03
uniqueUserZone,OWM Zona1,2026-01-03 01:00:00+01:00,371.0,2026-01-03
uniqueUserZone,OWM Zona9,2026-01-02 01:00:00+01:00,88.0,2026-01-02
uniqueUserZone,OWM Zona8,2026-01-02 01:00:00+01:00,126.0,2026-01-02
uniqueUserZone,OWM Zona6,2026-01-01 01:00:00+01:00,47.0,2026-01-01
uniqueUserZone,OWM Zona5,2026-01-01 01:00:00+01:00,53.0,2026-01-01
uniqueUserZone,OWM Zona6,2025-12-31 01:00:00+01:00,74.0,2025-12-31
uniqueUserZone,OWM Zona5,2025-12-31 01:00:00+01:00,86.0,2025-12-31
uniqueUserZone,OWM Zona3,2025-12-29 01:00:00+01:00,194.0,2025-12-29
uniqueUserZone,OWM Zona2,2025-12-29 01:00:00+01:00,138.0,2025-12-29
uniqueUserZone,OWM Zona1,2025-12-29 01:00:00+01:00,506.0,2025-12-29
uniqueUserZone,OWM Zona9,2025-12-28 01:00:00+01:00,110.0,2025-12-28
uniqueUserZone,OWM Zona8,2025-12-28 01:00:00+01:00,121.0,2025-12-28
uniqueUserZone,OWM Zona7,2025-12-28 01:00:00+01:00,64.0,2025-12-28
uniqueUserZone,OWM Zona6,2025-12-28 01:00:00+01:00,51.0,2025-12-28
uniqueUserZone,OWM Zona5,2025-12-28 01:00:00+01:00,64.0,2025-12-28
uniqueUserZone,OWM Zona4,2025-12-28 01:00:00+01:00,89.0,2025-12-28
uniqueUserZone,OWM Zona3,2025-12-28 01:00:00+01:00,184.0,2025-12-28
uniqueUserZone,OWM Zona2,2025-12-28 01:00:00+01:00,134.0,2025-12-28
uniqueUserZone,OWM Zona1,2025-12-28 01:00:00+01:00,475.0,2025-12-28
uniqueUserZone,OWM Zona9,2025-12-27 01:00:00+01:00,104.0,2025-12-27
uniqueUserZone,OWM Zona8,2025-12-27 01:00:00+01:00,119.0,2025-12-27
uniqueUserZone,OWM Zona7,2025-12-27 01:00:00+01:00,90.0,2025-12-27
uniqueUserZone,OWM Zona6,2025-12-27 01:00:00+01:00,63.0,2025-12-27
uniqueUserZone,OWM Zona5,2025-12-27 01:00:00+01:00,66.0,2025-12-27
uniqueUserZone,OWM Zona4,2025-12-27 01:00:00+01:00,96.0,2025-12-27
uniqueUserZone,OWM Zona3,2025-12-27 01:00:00+01:00,226.0,2025-12-27
uniqueUserZone,OWM Zona2,2025-12-27 01:00:00+01:00,138.0,2025-12-27
uniqueUserZone,OWM Zona1,2025-12-27 01:00:00+01:00,479.0,2025-12-27
uniqueUserZone,OWM Zona9,2025-12-26 01:00:00+01:00,82.0,2025-12-26
uniqueUserZone,OWM Zona8,2025-12-26 01:00:00+01:00,115.0,2025-12-26
uniqueUserZone,OWM Zona7,2025-12-26 01:00:00+01:00,69.0,2025-12-26
uniqueUserZone,OWM Zona6,2025-12-26 01:00:00+01:00,58.0,2025-12-26
uniqueUserZone,OWM Zona5,2025-12-26 01:00:00+01:00,61.0,2025-12-26
uniqueUserZone,OWM Zona4,2025-12-26 01:00:00+01:00,80.0,2025-12-26
uniqueUserZone,OWM Zona3,2025-12-26 01:00:00+01:00,194.0,2025-12-26
uniqueUserZone,OWM Zona2,2025-12-26 01:00:00+01:00,117.0,2025-12-26
uniqueUserZone,OWM Zona1,2025-12-26 01:00:00+01:00,395.0,2025-12-26
uniqueUserZone,OWM Zona9,2025-12-25 01:00:00+01:00,66.0,2025-12-25
uniqueUserZone,OWM Zona8,2025-12-25 01:00:00+01:00,85.0,2025-12-25
uniqueUserZone,OWM Zona7,2025-12-25 01:00:00+01:00,53.0,2025-12-25
uniqueUserZone,OWM Zona6,2025-12-25 01:00:00+01:00,46.0,2025-12-25
uniqueUserZone,OWM Zona5,2025-12-25 01:00:00+01:00,48.0,2025-12-25
uniqueUserZone,OWM Zona4,2025-12-25 01:00:00+01:00,75.0,2025-12-25
uniqueUserZone,OWM Zona3,2025-12-25 01:00:00+01:00,122.0,2025-12-25
uniqueUserZone,OWM Zona2,2025-12-25 01:00:00+01:00,92.0,2025-12-25
uniqueUserZone,OWM Zona1,2025-12-25 01:00:00+01:00,223.0,2025-12-25
uniqueUserZone,OWM Zona9,2025-12-24 01:00:00+01:00,91.0,2025-12-24
uniqueUserZone,OWM Zona8,2025-12-24 01:00:00+01:00,122.0,2025-12-24
uniqueUserZone,OWM Zona7,2025-12-24 01:00:00+01:00,75.0,2025-12-24
uniqueUserZone,OWM Zona6,2025-12-24 01:00:00+01:00,57.0,2025-12-24
uniqueUserZone,OWM Zona5,2025-12-24 01:00:00+01:00,76.0,2025-12-24
uniqueUserZone,OWM Zona4,2025-12-24 01:00:00+01:00,92.0,2025-12-24
uniqueUserZone,OWM Zona3,2025-12-24 01:00:00+01:00,189.0,2025-12-24
uniqueUserZone,OWM Zona2,2025-12-24 01:00:00+01:00,107.0,2025-12-24
uniqueUserZone,OWM Zona1,2025-12-24 01:00:00+01:00,244.0,2025-12-24
uniqueUserZone,OWM Zona9,2025-12-23 01:00:00+01:00,120.0,2025-12-23
uniqueUserZone,OWM Zona8,2025-12-23 01:00:00+01:00,171.0,2025-12-23
uniqueUserZone,OWM Zona7,2025-12-23 01:00:00+01:00,78.0,2025-12-23
uniqueUserZone,OWM Zona6,2025-12-23 01:00:00+01:00,82.0,2025-12-23
uniqueUserZone,OWM Zona5,2025-12-23 01:00:00+01:00,93.0,2025-12-23
uniqueUserZone,OWM Zona4,2025-12-23 01:00:00+01:00,121.0,2025-12-23
uniqueUserZone,OWM Zona3,2025-12-23 01:00:00+01:00,265.0,2025-12-23
uniqueUserZone,OWM Zona2,2025-12-23 01:00:00+01:00,130.0,2025-12-23
uniqueUserZone,OWM Zona1,2025-12-23 01:00:00+01:00,368.0,2025-12-23
uniqueUserZone,OWM Zona9,2025-12-23 00:00:00+01:00,120.0,2025-12-23
uniqueUserZone,OWM Zona8,2025-12-23 00:00:00+01:00,172.0,2025-12-23
uniqueUserZone,OWM Zona7,2025-12-23 00:00:00+01:00,78.0,2025-12-23
uniqueUserZone,OWM Zona6,2025-12-23 00:00:00+01:00,82.0,2025-12-23
uniqueUserZone,OWM Zona5,2025-12-23 00:00:00+01:00,94.0,2025-12-23
uniqueUserZone,OWM Zona4,2025-12-23 00:00:00+01:00,121.0,2025-12-23
uniqueUserZone,OWM Zona3,2025-12-23 00:00:00+01:00,266.0,2025-12-23
uniqueUserZone,OWM Zona2,2025-12-23 00:00:00+01:00,132.0,2025-12-23
uniqueUserZone,OWM Zona1,2025-12-23 00:00:00+01:00,366.0,2025-12-23
uniqueUserZone,OWM Zona9,2025-12-22 00:00:00+01:00,124.0,2025-12-22
uniqueUserZone,OWM Zona8,2025-12-22 00:00:00+01:00,158.0,2025-12-22
uniqueUserZone,OWM Zona7,2025-12-22 00:00:00+01:00,88.0,2025-12-22
uniqueUserZone,OWM Zona6,2025-12-22 00:00:00+01:00,85.0,2025-12-22
uniqueUserZone,OWM Zona5,2025-12-22 00:00:00+01:00,91.0,2025-12-22
uniqueUserZone,OWM Zona4,2025-12-22 00:00:00+01:00,114.0,2025-12-22
uniqueUserZone,OWM Zona3,2025-12-22 00:00:00+01:00,260.0,2025-12-22
uniqueUserZone,OWM Zona2,2025-12-22 00:00:00+01:00,150.0,2025-12-22
uniqueUserZone,OWM Zona1,2025-12-22 00:00:00+01:00,404.0,2025-12-22
uniqueUserZone,OWM Zona9,2025-12-21 00:00:00+01:00,110.0,2025-12-21
uniqueUserZone,OWM Zona8,2025-12-21 00:00:00+01:00,153.0,2025-12-21
uniqueUserZone,OWM Zona7,2025-12-21 00:00:00+01:00,71.0,2025-12-21
uniqueUserZone,OWM Zona6,2025-12-21 00:00:00+01:00,71.0,2025-12-21
uniqueUserZone,OWM Zona5,2025-12-21 00:00:00+01:00,63.0,2025-12-21
uniqueUserZone,OWM Zona4,2025-12-21 00:00:00+01:00,95.0,2025-12-21
uniqueUserZone,OWM Zona3,2025-12-21 00:00:00+01:00,219.0,2025-12-21
uniqueUserZone,OWM Zona2,2025-12-21 00:00:00+01:00,125.0,2025-12-21
uniqueUserZone,OWM Zona1,2025-12-21 00:00:00+01:00,420.0,2025-12-21
uniqueUserZone,OWM Zona9,2025-12-20 00:00:00+01:00,149.0,2025-12-20
uniqueUserZone,OWM Zona8,2025-12-20 00:00:00+01:00,164.0,2025-12-20
uniqueUserZone,OWM Zona7,2025-12-20 00:00:00+01:00,83.0,2025-12-20
uniqueUserZone,OWM Zona6,2025-12-20 00:00:00+01:00,71.0,2025-12-20
uniqueUserZone,OWM Zona5,2025-12-20 00:00:00+01:00,94.0,2025-12-20
uniqueUserZone,OWM Zona4,2025-12-20 00:00:00+01:00,119.0,2025-12-20
uniqueUserZone,OWM Zona3,2025-12-20 00:00:00+01:00,283.0,2025-12-20
uniqueUserZone,OWM Zona2,2025-12-20 00:00:00+01:00,152.0,2025-12-20
uniqueUserZone,OWM Zona1,2025-12-20 00:00:00+01:00,382.0,2025-12-20
uniqueUserZone,OWM Zona9,2025-12-19 00:00:00+01:00,157.0,2025-12-19
uniqueUserZone,OWM Zona8,2025-12-19 00:00:00+01:00,184.0,2025-12-19
uniqueUserZone,OWM Zona7,2025-12-19 00:00:00+01:00,105.0,2025-12-19
uniqueUserZone,OWM Zona6,2025-12-19 00:00:00+01:00,85.0,2025-12-19
uniqueUserZone,OWM Zona5,2025-12-19 00:00:00+01:00,111.0,2025-12-19
uniqueUserZone,OWM Zona4,2025-12-19 00:00:00+01:00,150.0,2025-12-19
uniqueUserZone,OWM Zona3,2025-12-19 00:00:00+01:00,305.0,2025-12-19
uniqueUserZone,OWM Zona2,2025-12-19 00:00:00+01:00,192.0,2025-12-19
uniqueUserZone,OWM Zona1,2025-12-19 00:00:00+01:00,421.0,2025-12-19
uniqueUserZone,OWM Zona9,2025-12-18 00:00:00+01:00,145.0,2025-12-18
uniqueUserZone,OWM Zona8,2025-12-18 00:00:00+01:00,170.0,2025-12-18
uniqueUserZone,OWM Zona7,2025-12-18 00:00:00+01:00,96.0,2025-12-18
uniqueUserZone,OWM Zona6,2025-12-18 00:00:00+01:00,83.0,2025-12-18
uniqueUserZone,OWM Zona5,2025-12-18 00:00:00+01:00,108.0,2025-12-18
uniqueUserZone,OWM Zona4,2025-12-18 00:00:00+01:00,132.0,2025-12-18
uniqueUserZone,OWM Zona3,2025-12-18 00:00:00+01:00,290.0,2025-12-18
uniqueUserZone,OWM Zona2,2025-12-18 00:00:00+01:00,192.0,2025-12-18
uniqueUserZone,OWM Zona1,2025-12-18 00:00:00+01:00,404.0,2025-12-18
uniqueUserZone,OWM Zona9,2025-12-17 00:00:00+01:00,131.0,2025-12-17
uniqueUserZone,OWM Zona8,2025-12-17 00:00:00+01:00,158.0,2025-12-17
uniqueUserZone,OWM Zona7,2025-12-17 00:00:00+01:00,80.0,2025-12-17
uniqueUserZone,OWM Zona6,2025-12-17 00:00:00+01:00,86.0,2025-12-17
uniqueUserZone,OWM Zona5,2025-12-17 00:00:00+01:00,86.0,2025-12-17
uniqueUserZone,OWM Zona4,2025-12-17 00:00:00+01:00,126.0,2025-12-17
uniqueUserZone,OWM Zona3,2025-12-17 00:00:00+01:00,256.0,2025-12-17
uniqueUserZone,OWM Zona2,2025-12-17 00:00:00+01:00,162.0,2025-12-17
uniqueUserZone,OWM Zona1,2025-12-17 00:00:00+01:00,350.0,2025-12-17
uniqueUserZone,OWM Zona9,2025-12-16 00:00:00+01:00,95.0,2025-12-16
uniqueUserZone,OWM Zona8,2025-12-16 00:00:00+01:00,122.0,2025-12-16
uniqueUserZone,OWM Zona7,2025-12-16 00:00:00+01:00,78.0,2025-12-16
uniqueUserZone,OWM Zona6,2025-12-16 00:00:00+01:00,68.0,2025-12-16
uniqueUserZone,OWM Zona5,2025-12-16 00:00:00+01:00,95.0,2025-12-16
uniqueUserZone,OWM Zona4,2025-12-16 00:00:00+01:00,121.0,2025-12-16
uniqueUserZone,OWM Zona3,2025-12-16 00:00:00+01:00,229.0,2025-12-16
uniqueUserZone,OWM Zona2,2025-12-16 00:00:00+01:00,139.0,2025-12-16
uniqueUserZone,OWM Zona1,2025-12-16 00:00:00+01:00,250.0,2025-12-16
uniqueUserZone,OWM Zona9,2025-12-15 00:00:00+01:00,78.0,2025-12-15
uniqueUserZone,OWM Zona8,2025-12-15 00:00:00+01:00,103.0,2025-12-15
uniqueUserZone,OWM Zona7,2025-12-15 00:00:00+01:00,39.0,2025-12-15
uniqueUserZone,OWM Zona6,2025-12-15 00:00:00+01:00,55.0,2025-12-15
uniqueUserZone,OWM Zona5,2025-12-15 00:00:00+01:00,59.0,2025-12-15
uniqueUserZone,OWM Zona4,2025-12-15 00:00:00+01:00,70.0,2025-12-15
uniqueUserZone,OWM Zona3,2025-12-15 00:00:00+01:00,159.0,2025-12-15
uniqueUserZone,OWM Zona2,2025-12-15 00:00:00+01:00,100.0,2025-12-15
uniqueUserZone,OWM Zona1,2025-12-15 00:00:00+01:00,156.0,2025-12-15
uniqueUserZone,OWM Zona9,2025-12-14 00:00:00+01:00,68.0,2025-12-14
uniqueUserZone,OWM Zona8,2025-12-14 00:00:00+01:00,100.0,2025-12-14
uniqueUserZone,OWM Zona7,2025-12-14 00:00:00+01:00,57.0,2025-12-14
uniqueUserZone,OWM Zona6,2025-12-14 00:00:00+01:00,51.0,2025-12-14
uniqueUserZone,OWM Zona5,2025-12-14 00:00:00+01:00,74.0,2025-12-14
uniqueUserZone,OWM Zona4,2025-12-14 00:00:00+01:00,80.0,2025-12-14
uniqueUserZone,OWM Zona3,2025-12-14 00:00:00+01:00,154.0,2025-12-14
uniqueUserZone,OWM Zona2,2025-12-14 00:00:00+01:00,126.0,2025-12-14
uniqueUserZone,OWM Zona1,2025-12-14 00:00:00+01:00,294.0,2025-12-14
uniqueUserZone,OWM Zona9,2025-12-13 00:00:00+01:00,106.0,2025-12-13
uniqueUserZone,OWM Zona8,2025-12-13 00:00:00+01:00,163.0,2025-12-13
uniqueUserZone,OWM Zona7,2025-12-13 00:00:00+01:00,75.0,2025-12-13
uniqueUserZone,OWM Zona6,2025-12-13 00:00:00+01:00,75.0,2025-12-13
uniqueUserZone,OWM Zona5,2025-12-13 00:00:00+01:00,88.0,2025-12-13
uniqueUserZone,OWM Zona4,2025-12-13 00:00:00+01:00,102.0,2025-12-13
uniqueUserZone,OWM Zona3,2025-12-13 00:00:00+01:00,255.0,2025-12-13
uniqueUserZone,OWM Zona2,2025-12-13 00:00:00+01:00,153.0,2025-12-13
uniqueUserZone,OWM Zona1,2025-12-13 00:00:00+01:00,385.0,2025-12-13
uniqueUserZone,OWM Zona9,2025-12-12 00:00:00+01:00,136.0,2025-12-12
uniqueUserZone,OWM Zona8,2025-12-12 00:00:00+01:00,185.0,2025-12-12
uniqueUserZone,OWM Zona7,2025-12-12 00:00:00+01:00,85.0,2025-12-12
uniqueUserZone,OWM Zona6,2025-12-12 00:00:00+01:00,96.0,2025-12-12
uniqueUserZone,OWM Zona5,2025-12-12 00:00:00+01:00,109.0,2025-12-12
uniqueUserZone,OWM Zona4,2025-12-12 00:00:00+01:00,147.0,2025-12-12
uniqueUserZone,OWM Zona3,2025-12-12 00:00:00+01:00,293.0,2025-12-12
uniqueUserZone,OWM Zona2,2025-12-12 00:00:00+01:00,174.0,2025-12-12
uniqueUserZone,OWM Zona1,2025-12-12 00:00:00+01:00,396.0,2025-12-12
uniqueUserZone,OWM Zona9,2025-12-11 00:00:00+01:00,116.0,2025-12-11
uniqueUserZone,OWM Zona8,2025-12-11 00:00:00+01:00,168.0,2025-12-11
uniqueUserZone,OWM Zona7,2025-12-11 00:00:00+01:00,70.0,2025-12-11
uniqueUserZone,OWM Zona6,2025-12-11 00:00:00+01:00,74.0,2025-12-11
uniqueUserZone,OWM Zona5,2025-12-11 00:00:00+01:00,116.0,2025-12-11
uniqueUserZone,OWM Zona4,2025-12-11 00:00:00+01:00,113.0,2025-12-11
uniqueUserZone,OWM Zona3,2025-12-11 00:00:00+01:00,256.0,2025-12-11
uniqueUserZone,OWM Zona2,2025-12-11 00:00:00+01:00,174.0,2025-12-11
uniqueUserZone,OWM Zona1,2025-12-11 00:00:00+01:00,324.0,2025-12-11
uniqueUserZone,OWM Zona9,2025-12-10 00:00:00+01:00,129.0,2025-12-10
uniqueUserZone,OWM Zona8,2025-12-10 00:00:00+01:00,176.0,2025-12-10
uniqueUserZone,OWM Zona7,2025-12-10 00:00:00+01:00,95.0,2025-12-10
uniqueUserZone,OWM Zona6,2025-12-10 00:00:00+01:00,82.0,2025-12-10
uniqueUserZone,OWM Zona5,2025-12-10 00:00:00+01:00,100.0,2025-12-10
uniqueUserZone,OWM Zona4,2025-12-10 00:00:00+01:00,133.0,2025-12-10
uniqueUserZone,OWM Zona3,2025-12-10 00:00:00+01:00,277.0,2025-12-10
uniqueUserZone,OWM Zona2,2025-12-10 00:00:00+01:00,168.0,2025-12-10
uniqueUserZone,OWM Zona1,2025-12-10 00:00:00+01:00,340.0,2025-12-10
uniqueUserZone,OWM Zona9,2025-12-09 00:00:00+01:00,138.0,2025-12-09
uniqueUserZone,OWM Zona8,2025-12-09 00:00:00+01:00,171.0,2025-12-09
uniqueUserZone,OWM Zona7,2025-12-09 00:00:00+01:00,110.0,2025-12-09
uniqueUserZone,OWM Zona6,2025-12-09 00:00:00+01:00,95.0,2025-12-09
uniqueUserZone,OWM Zona5,2025-12-09 00:00:00+01:00,113.0,2025-12-09
uniqueUserZone,OWM Zona4,2025-12-09 00:00:00+01:00,148.0,2025-12-09
uniqueUserZone,OWM Zona3,2025-12-09 00:00:00+01:00,309.0,2025-12-09
uniqueUserZone,OWM Zona2,2025-12-09 00:00:00+01:00,185.0,2025-12-09
uniqueUserZone,OWM Zona1,2025-12-09 00:00:00+01:00,377.0,2025-12-09
uniqueUserZone,OWM Zona9,2025-12-08 00:00:00+01:00,75.0,2025-12-08
uniqueUserZone,OWM Zona8,2025-12-08 00:00:00+01:00,102.0,2025-12-08
uniqueUserZone,OWM Zona7,2025-12-08 00:00:00+01:00,59.0,2025-12-08
uniqueUserZone,OWM Zona6,2025-12-08 00:00:00+01:00,54.0,2025-12-08
uniqueUserZone,OWM Zona5,2025-12-08 00:00:00+01:00,64.0,2025-12-08
uniqueUserZone,OWM Zona4,2025-12-08 00:00:00+01:00,81.0,2025-12-08
uniqueUserZone,OWM Zona3,2025-12-08 00:00:00+01:00,177.0,2025-12-08
uniqueUserZone,OWM Zona2,2025-12-08 00:00:00+01:00,116.0,2025-12-08
uniqueUserZone,OWM Zona1,2025-12-08 00:00:00+01:00,297.0,2025-12-08
uniqueUserZone,OWM Zona9,2025-12-07 00:00:00+01:00,101.0,2025-12-07
uniqueUserZone,OWM Zona8,2025-12-07 00:00:00+01:00,110.0,2025-12-07
uniqueUserZone,OWM Zona7,2025-12-07 00:00:00+01:00,67.0,2025-12-07
uniqueUserZone,OWM Zona6,2025-12-07 00:00:00+01:00,57.0,2025-12-07
uniqueUserZone,OWM Zona5,2025-12-07 00:00:00+01:00,76.0,2025-12-07
uniqueUserZone,OWM Zona4,2025-12-07 00:00:00+01:00,88.0,2025-12-07
uniqueUserZone,OWM Zona3,2025-12-07 00:00:00+01:00,198.0,2025-12-07
uniqueUserZone,OWM Zona2,2025-12-07 00:00:00+01:00,126.0,2025-12-07
uniqueUserZone,OWM Zona1,2025-12-07 00:00:00+01:00,376.0,2025-12-07
uniqueUserZone,OWM Zona9,2025-12-06 00:00:00+01:00,101.0,2025-12-06
uniqueUserZone,OWM Zona8,2025-12-06 00:00:00+01:00,134.0,2025-12-06
uniqueUserZone,OWM Zona7,2025-12-06 00:00:00+01:00,68.0,2025-12-06
uniqueUserZone,OWM Zona6,2025-12-06 00:00:00+01:00,67.0,2025-12-06
uniqueUserZone,OWM Zona5,2025-12-06 00:00:00+01:00,88.0,2025-12-06
uniqueUserZone,OWM Zona4,2025-12-06 00:00:00+01:00,99.0,2025-12-06
uniqueUserZone,OWM Zona3,2025-12-06 00:00:00+01:00,224.0,2025-12-06
uniqueUserZone,OWM Zona2,2025-12-06 00:00:00+01:00,116.0,2025-12-06
uniqueUserZone,OWM Zona1,2025-12-06 00:00:00+01:00,441.0,2025-12-06
uniqueUserZone,OWM Zona9,2025-12-05 00:00:00+01:00,148.0,2025-12-05
uniqueUserZone,OWM Zona8,2025-12-05 00:00:00+01:00,160.0,2025-12-05
uniqueUserZone,OWM Zona7,2025-12-05 00:00:00+01:00,96.0,2025-12-05
uniqueUserZone,OWM Zona6,2025-12-05 00:00:00+01:00,95.0,2025-12-05
uniqueUserZone,OWM Zona5,2025-12-05 00:00:00+01:00,105.0,2025-12-05
uniqueUserZone,OWM Zona4,2025-12-05 00:00:00+01:00,127.0,2025-12-05
uniqueUserZone,OWM Zona3,2025-12-05 00:00:00+01:00,256.0,2025-12-05
uniqueUserZone,OWM Zona2,2025-12-05 00:00:00+01:00,173.0,2025-12-05
uniqueUserZone,OWM Zona1,2025-12-05 00:00:00+01:00,369.0,2025-12-05
uniqueUserZone,OWM Zona9,2025-12-04 00:00:00+01:00,130.0,2025-12-04
uniqueUserZone,OWM Zona8,2025-12-04 00:00:00+01:00,157.0,2025-12-04
uniqueUserZone,OWM Zona7,2025-12-04 00:00:00+01:00,78.0,2025-12-04
uniqueUserZone,OWM Zona6,2025-12-04 00:00:00+01:00,89.0,2025-12-04
uniqueUserZone,OWM Zona5,2025-12-04 00:00:00+01:00,114.0,2025-12-04
uniqueUserZone,OWM Zona4,2025-12-04 00:00:00+01:00,143.0,2025-12-04
uniqueUserZone,OWM Zona3,2025-12-04 00:00:00+01:00,293.0,2025-12-04
uniqueUserZone,OWM Zona2,2025-12-04 00:00:00+01:00,159.0,2025-12-04
uniqueUserZone,OWM Zona1,2025-12-04 00:00:00+01:00,361.0,2025-12-04
uniqueUserZone,OWM Zona9,2025-12-03 00:00:00+01:00,124.0,2025-12-03
uniqueUserZone,OWM Zona8,2025-12-03 00:00:00+01:00,161.0,2025-12-03
uniqueUserZone,OWM Zona7,2025-12-03 00:00:00+01:00,87.0,2025-12-03
uniqueUserZone,OWM Zona6,2025-12-03 00:00:00+01:00,98.0,2025-12-03
uniqueUserZone,OWM Zona5,2025-12-03 00:00:00+01:00,105.0,2025-12-03
uniqueUserZone,OWM Zona4,2025-12-03 00:00:00+01:00,119.0,2025-12-03
uniqueUserZone,OWM Zona3,2025-12-03 00:00:00+01:00,269.0,2025-12-03
uniqueUserZone,OWM Zona2,2025-12-03 00:00:00+01:00,157.0,2025-12-03
uniqueUserZone,OWM Zona1,2025-12-03 00:00:00+01:00,311.0,2025-12-03
uniqueUserZone,OWM Zona9,2025-12-02 00:00:00+01:00,143.0,2025-12-02
uniqueUserZone,OWM Zona8,2025-12-02 00:00:00+01:00,139.0,2025-12-02
uniqueUserZone,OWM Zona7,2025-12-02 00:00:00+01:00,90.0,2025-12-02
uniqueUserZone,OWM Zona6,2025-12-02 00:00:00+01:00,79.0,2025-12-02
uniqueUserZone,OWM Zona5,2025-12-02 00:00:00+01:00,105.0,2025-12-02
uniqueUserZone,OWM Zona4,2025-12-02 00:00:00+01:00,121.0,2025-12-02
uniqueUserZone,OWM Zona3,2025-12-02 00:00:00+01:00,250.0,2025-12-02
uniqueUserZone,OWM Zona2,2025-12-02 00:00:00+01:00,144.0,2025-12-02
uniqueUserZone,OWM Zona1,2025-12-02 00:00:00+01:00,300.0,2025-12-02
uniqueUserZone,OWM Zona9,2025-12-01 00:00:00+01:00,108.0,2025-12-01
uniqueUserZone,OWM Zona8,2025-12-01 00:00:00+01:00,133.0,2025-12-01
uniqueUserZone,OWM Zona7,2025-12-01 00:00:00+01:00,84.0,2025-12-01
uniqueUserZone,OWM Zona6,2025-12-01 00:00:00+01:00,75.0,2025-12-01
uniqueUserZone,OWM Zona5,2025-12-01 00:00:00+01:00,84.0,2025-12-01
uniqueUserZone,OWM Zona4,2025-12-01 00:00:00+01:00,115.0,2025-12-01
uniqueUserZone,OWM Zona3,2025-12-01 00:00:00+01:00,206.0,2025-12-01
uniqueUserZone,OWM Zona2,2025-12-01 00:00:00+01:00,111.0,2025-12-01
uniqueUserZone,OWM Zona1,2025-12-01 00:00:00+01:00,281.0,2025-12-01
uniqueUserZone,OWM Zona9,2025-11-30 00:00:00+01:00,84.0,2025-11-30
uniqueUserZone,OWM Zona8,2025-11-30 00:00:00+01:00,122.0,2025-11-30
uniqueUserZone,OWM Zona7,2025-11-30 00:00:00+01:00,61.0,2025-11-30
uniqueUserZone,OWM Zona6,2025-11-30 00:00:00+01:00,71.0,2025-11-30
uniqueUserZone,OWM Zona5,2025-11-30 00:00:00+01:00,76.0,2025-11-30
uniqueUserZone,OWM Zona4,2025-11-30 00:00:00+01:00,103.0,2025-11-30
uniqueUserZone,OWM Zona3,2025-11-30 00:00:00+01:00,218.0,2025-11-30
uniqueUserZone,OWM Zona2,2025-11-30 00:00:00+01:00,126.0,2025-11-30
uniqueUserZone,OWM Zona1,2025-11-30 00:00:00+01:00,344.0,2025-11-30
uniqueUserZone,OWM Zona9,2025-11-29 00:00:00+01:00,79.0,2025-11-29
uniqueUserZone,OWM Zona8,2025-11-29 00:00:00+01:00,98.0,2025-11-29
uniqueUserZone,OWM Zona7,2025-11-29 00:00:00+01:00,65.0,2025-11-29
uniqueUserZone,OWM Zona6,2025-11-29 00:00:00+01:00,65.0,2025-11-29
uniqueUserZone,OWM Zona5,2025-11-29 00:00:00+01:00,69.0,2025-11-29
uniqueUserZone,OWM Zona4,2025-11-29 00:00:00+01:00,99.0,2025-11-29
uniqueUserZone,OWM Zona3,2025-11-29 00:00:00+01:00,235.0,2025-11-29
uniqueUserZone,OWM Zona2,2025-11-29 00:00:00+01:00,103.0,2025-11-29
uniqueUserZone,OWM Zona1,2025-11-29 00:00:00+01:00,293.0,2025-11-29
uniqueUserZone,OWM Zona9,2025-11-28 00:00:00+01:00,100.0,2025-11-28
uniqueUserZone,OWM Zona8,2025-11-28 00:00:00+01:00,112.0,2025-11-28
uniqueUserZone,OWM Zona7,2025-11-28 00:00:00+01:00,68.0,2025-11-28
uniqueUserZone,OWM Zona6,2025-11-28 00:00:00+01:00,68.0,2025-11-28
uniqueUserZone,OWM Zona5,2025-11-28 00:00:00+01:00,86.0,2025-11-28
uniqueUserZone,OWM Zona4,2025-11-28 00:00:00+01:00,117.0,2025-11-28
uniqueUserZone,OWM Zona3,2025-11-28 00:00:00+01:00,220.0,2025-11-28
uniqueUserZone,OWM Zona2,2025-11-28 00:00:00+01:00,132.0,2025-11-28
uniqueUserZone,OWM Zona1,2025-11-28 00:00:00+01:00,253.0,2025-11-28
uniqueUserZone,OWM Zona9,2025-11-27 00:00:00+01:00,119.0,2025-11-27
uniqueUserZone,OWM Zona8,2025-11-27 00:00:00+01:00,163.0,2025-11-27
uniqueUserZone,OWM Zona7,2025-11-27 00:00:00+01:00,86.0,2025-11-27
uniqueUserZone,OWM Zona6,2025-11-27 00:00:00+01:00,80.0,2025-11-27
uniqueUserZone,OWM Zona5,2025-11-27 00:00:00+01:00,106.0,2025-11-27
uniqueUserZone,OWM Zona4,2025-11-27 00:00:00+01:00,124.0,2025-11-27
uniqueUserZone,OWM Zona3,2025-11-27 00:00:00+01:00,247.0,2025-11-27
uniqueUserZone,OWM Zona2,2025-11-27 00:00:00+01:00,145.0,2025-11-27
uniqueUserZone,OWM Zona1,2025-11-27 00:00:00+01:00,308.0,2025-11-27
uniqueUserZone,OWM Zona9,2025-11-26 00:00:00+01:00,136.0,2025-11-26
uniqueUserZone,OWM Zona8,2025-11-26 00:00:00+01:00,175.0,2025-11-26
uniqueUserZone,OWM Zona7,2025-11-26 00:00:00+01:00,90.0,2025-11-26
uniqueUserZone,OWM Zona6,2025-11-26 00:00:00+01:00,104.0,2025-11-26
uniqueUserZone,OWM Zona5,2025-11-26 00:00:00+01:00,115.0,2025-11-26
uniqueUserZone,OWM Zona4,2025-11-26 00:00:00+01:00,113.0,2025-11-26
uniqueUserZone,OWM Zona3,2025-11-26 00:00:00+01:00,276.0,2025-11-26
uniqueUserZone,OWM Zona2,2025-11-26 00:00:00+01:00,184.0,2025-11-26
uniqueUserZone,OWM Zona1,2025-11-26 00:00:00+01:00,341.0,2025-11-26
uniqueUserZone,OWM Zona9,2025-11-25 00:00:00+01:00,100.0,2025-11-25
uniqueUserZone,OWM Zona8,2025-11-25 00:00:00+01:00,161.0,2025-11-25
uniqueUserZone,OWM Zona7,2025-11-25 00:00:00+01:00,83.0,2025-11-25
uniqueUserZone,OWM Zona6,2025-11-25 00:00:00+01:00,87.0,2025-11-25
uniqueUserZone,OWM Zona5,2025-11-25 00:00:00+01:00,104.0,2025-11-25
uniqueUserZone,OWM Zona4,2025-11-25 00:00:00+01:00,117.0,2025-11-25
uniqueUserZone,OWM Zona3,2025-11-25 00:00:00+01:00,252.0,2025-11-25
uniqueUserZone,OWM Zona2,2025-11-25 00:00:00+01:00,147.0,2025-11-25
uniqueUserZone,OWM Zona1,2025-11-25 00:00:00+01:00,309.0,2025-11-25
uniqueUserZone,OWM Zona9,2025-11-24 00:00:00+01:00,113.0,2025-11-24
uniqueUserZone,OWM Zona8,2025-11-24 00:00:00+01:00,116.0,2025-11-24
uniqueUserZone,OWM Zona7,2025-11-24 00:00:00+01:00,76.0,2025-11-24
uniqueUserZone,OWM Zona6,2025-11-24 00:00:00+01:00,80.0,2025-11-24
uniqueUserZone,OWM Zona5,2025-11-24 00:00:00+01:00,99.0,2025-11-24
uniqueUserZone,OWM Zona4,2025-11-24 00:00:00+01:00,100.0,2025-11-24
uniqueUserZone,OWM Zona3,2025-11-24 00:00:00+01:00,229.0,2025-11-24
uniqueUserZone,OWM Zona2,2025-11-24 00:00:00+01:00,133.0,2025-11-24
uniqueUserZone,OWM Zona1,2025-11-24 00:00:00+01:00,278.0,2025-11-24
uniqueUserZone,OWM Zona9,2025-11-23 00:00:00+01:00,89.0,2025-11-23
uniqueUserZone,OWM Zona8,2025-11-23 00:00:00+01:00,132.0,2025-11-23
uniqueUserZone,OWM Zona7,2025-11-23 00:00:00+01:00,91.0,2025-11-23
uniqueUserZone,OWM Zona6,2025-11-23 00:00:00+01:00,64.0,2025-11-23
uniqueUserZone,OWM Zona5,2025-11-23 00:00:00+01:00,68.0,2025-11-23
uniqueUserZone,OWM Zona4,2025-11-23 00:00:00+01:00,83.0,2025-11-23
uniqueUserZone,OWM Zona3,2025-11-23 00:00:00+01:00,176.0,2025-11-23
uniqueUserZone,OWM Zona2,2025-11-23 00:00:00+01:00,121.0,2025-11-23
uniqueUserZone,OWM Zona1,2025-11-23 00:00:00+01:00,284.0,2025-11-23
uniqueUserZone,OWM Zona9,2025-11-22 00:00:00+01:00,118.0,2025-11-22
uniqueUserZone,OWM Zona8,2025-11-22 00:00:00+01:00,161.0,2025-11-22
uniqueUserZone,OWM Zona7,2025-11-22 00:00:00+01:00,95.0,2025-11-22
uniqueUserZone,OWM Zona6,2025-11-22 00:00:00+01:00,90.0,2025-11-22
uniqueUserZone,OWM Zona5,2025-11-22 00:00:00+01:00,89.0,2025-11-22
uniqueUserZone,OWM Zona4,2025-11-22 00:00:00+01:00,123.0,2025-11-22
uniqueUserZone,OWM Zona3,2025-11-22 00:00:00+01:00,261.0,2025-11-22
uniqueUserZone,OWM Zona2,2025-11-22 00:00:00+01:00,149.0,2025-11-22
uniqueUserZone,OWM Zona1,2025-11-22 00:00:00+01:00,409.0,2025-11-22
uniqueUserZone,OWM Zona9,2025-11-21 00:00:00+01:00,102.0,2025-11-21
uniqueUserZone,OWM Zona8,2025-11-21 00:00:00+01:00,127.0,2025-11-21
uniqueUserZone,OWM Zona7,2025-11-21 00:00:00+01:00,81.0,2025-11-21
uniqueUserZone,OWM Zona6,2025-11-21 00:00:00+01:00,66.0,2025-11-21
uniqueUserZone,OWM Zona5,2025-11-21 00:00:00+01:00,84.0,2025-11-21
uniqueUserZone,OWM Zona4,2025-11-21 00:00:00+01:00,102.0,2025-11-21
uniqueUserZone,OWM Zona3,2025-11-21 00:00:00+01:00,220.0,2025-11-21
uniqueUserZone,OWM Zona2,2025-11-21 00:00:00+01:00,123.0,2025-11-21
uniqueUserZone,OWM Zona1,2025-11-21 00:00:00+01:00,224.0,2025-11-21
uniqueUserZone,OWM Zona9,2025-11-20 00:00:00+01:00,144.0,2025-11-20
uniqueUserZone,OWM Zona8,2025-11-20 00:00:00+01:00,187.0,2025-11-20
uniqueUserZone,OWM Zona7,2025-11-20 00:00:00+01:00,108.0,2025-11-20
uniqueUserZone,OWM Zona6,2025-11-20 00:00:00+01:00,106.0,2025-11-20
uniqueUserZone,OWM Zona5,2025-11-20 00:00:00+01:00,132.0,2025-11-20
uniqueUserZone,OWM Zona4,2025-11-20 00:00:00+01:00,152.0,2025-11-20
uniqueUserZone,OWM Zona3,2025-11-20 00:00:00+01:00,317.0,2025-11-20
uniqueUserZone,OWM Zona2,2025-11-20 00:00:00+01:00,180.0,2025-11-20
uniqueUserZone,OWM Zona1,2025-11-20 00:00:00+01:00,383.0,2025-11-20
uniqueUserZone,OWM Zona9,2025-11-19 00:00:00+01:00,139.0,2025-11-19
uniqueUserZone,OWM Zona8,2025-11-19 00:00:00+01:00,180.0,2025-11-19
uniqueUserZone,OWM Zona7,2025-11-19 00:00:00+01:00,112.0,2025-11-19
uniqueUserZone,OWM Zona6,2025-11-19 00:00:00+01:00,115.0,2025-11-19
uniqueUserZone,OWM Zona5,2025-11-19 00:00:00+01:00,116.0,2025-11-19
uniqueUserZone,OWM Zona4,2025-11-19 00:00:00+01:00,131.0,2025-11-19
uniqueUserZone,OWM Zona3,2025-11-19 00:00:00+01:00,315.0,2025-11-19
uniqueUserZone,OWM Zona2,2025-11-19 00:00:00+01:00,181.0,2025-11-19
uniqueUserZone,OWM Zona1,2025-11-19 00:00:00+01:00,347.0,2025-11-19
uniqueUserZone,OWM Zona9,2025-11-18 00:00:00+01:00,154.0,2025-11-18
uniqueUserZone,OWM Zona8,2025-11-18 00:00:00+01:00,178.0,2025-11-18
uniqueUserZone,OWM Zona7,2025-11-18 00:00:00+01:00,116.0,2025-11-18
uniqueUserZone,OWM Zona6,2025-11-18 00:00:00+01:00,104.0,2025-11-18
uniqueUserZone,OWM Zona5,2025-11-18 00:00:00+01:00,118.0,2025-11-18
uniqueUserZone,OWM Zona4,2025-11-18 00:00:00+01:00,150.0,2025-11-18
uniqueUserZone,OWM Zona3,2025-11-18 00:00:00+01:00,285.0,2025-11-18
uniqueUserZone,OWM Zona2,2025-11-18 00:00:00+01:00,186.0,2025-11-18
uniqueUserZone,OWM Zona1,2025-11-18 00:00:00+01:00,355.0,2025-11-18
uniqueUserZone,OWM Zona9,2025-11-17 00:00:00+01:00,124.0,2025-11-17
uniqueUserZone,OWM Zona8,2025-11-17 00:00:00+01:00,170.0,2025-11-17
uniqueUserZone,OWM Zona7,2025-11-17 00:00:00+01:00,105.0,2025-11-17
uniqueUserZone,OWM Zona6,2025-11-17 00:00:00+01:00,98.0,2025-11-17
uniqueUserZone,OWM Zona5,2025-11-17 00:00:00+01:00,103.0,2025-11-17
uniqueUserZone,OWM Zona4,2025-11-17 00:00:00+01:00,125.0,2025-11-17
uniqueUserZone,OWM Zona3,2025-11-17 00:00:00+01:00,271.0,2025-11-17
uniqueUserZone,OWM Zona2,2025-11-17 00:00:00+01:00,186.0,2025-11-17
uniqueUserZone,OWM Zona1,2025-11-17 00:00:00+01:00,381.0,2025-11-17
uniqueUserZone,OWM Zona9,2025-11-16 00:00:00+01:00,56.0,2025-11-16
uniqueUserZone,OWM Zona8,2025-11-16 00:00:00+01:00,64.0,2025-11-16
uniqueUserZone,OWM Zona7,2025-11-16 00:00:00+01:00,44.0,2025-11-16
uniqueUserZone,OWM Zona6,2025-11-16 00:00:00+01:00,57.0,2025-11-16
uniqueUserZone,OWM Zona5,2025-11-16 00:00:00+01:00,47.0,2025-11-16
uniqueUserZone,OWM Zona4,2025-11-16 00:00:00+01:00,72.0,2025-11-16
uniqueUserZone,OWM Zona3,2025-11-16 00:00:00+01:00,127.0,2025-11-16
uniqueUserZone,OWM Zona2,2025-11-16 00:00:00+01:00,73.0,2025-11-16
uniqueUserZone,OWM Zona1,2025-11-16 00:00:00+01:00,177.0,2025-11-16
uniqueUserZone,OWM Zona9,2025-11-15 00:00:00+01:00,109.0,2025-11-15
uniqueUserZone,OWM Zona8,2025-11-15 00:00:00+01:00,126.0,2025-11-15
uniqueUserZone,OWM Zona7,2025-11-15 00:00:00+01:00,81.0,2025-11-15
uniqueUserZone,OWM Zona6,2025-11-15 00:00:00+01:00,95.0,2025-11-15
uniqueUserZone,OWM Zona5,2025-11-15 00:00:00+01:00,92.0,2025-11-15
uniqueUserZone,OWM Zona4,2025-11-15 00:00:00+01:00,115.0,2025-11-15
uniqueUserZone,OWM Zona3,2025-11-15 00:00:00+01:00,252.0,2025-11-15
uniqueUserZone,OWM Zona2,2025-11-15 00:00:00+01:00,147.0,2025-11-15
uniqueUserZone,OWM Zona1,2025-11-15 00:00:00+01:00,391.0,2025-11-15
uniqueUserZone,OWM Zona9,2025-11-14 00:00:00+01:00,160.0,2025-11-14
uniqueUserZone,OWM Zona8,2025-11-14 00:00:00+01:00,194.0,2025-11-14
uniqueUserZone,OWM Zona7,2025-11-14 00:00:00+01:00,105.0,2025-11-14
uniqueUserZone,OWM Zona6,2025-11-14 00:00:00+01:00,100.0,2025-11-14
uniqueUserZone,OWM Zona5,2025-11-14 00:00:00+01:00,121.0,2025-11-14
uniqueUserZone,OWM Zona4,2025-11-14 00:00:00+01:00,137.0,2025-11-14
uniqueUserZone,OWM Zona3,2025-11-14 00:00:00+01:00,274.0,2025-11-14
uniqueUserZone,OWM Zona2,2025-11-14 00:00:00+01:00,191.0,2025-11-14
uniqueUserZone,OWM Zona1,2025-11-14 00:00:00+01:00,438.0,2025-11-14
uniqueUserZone,OWM Zona9,2025-11-13 00:00:00+01:00,161.0,2025-11-13
uniqueUserZone,OWM Zona8,2025-11-13 00:00:00+01:00,191.0,2025-11-13
uniqueUserZone,OWM Zona7,2025-11-13 00:00:00+01:00,107.0,2025-11-13
uniqueUserZone,OWM Zona6,2025-11-13 00:00:00+01:00,102.0,2025-11-13
uniqueUserZone,OWM Zona5,2025-11-13 00:00:00+01:00,125.0,2025-11-13
uniqueUserZone,OWM Zona4,2025-11-13 00:00:00+01:00,159.0,2025-11-13
uniqueUserZone,OWM Zona3,2025-11-13 00:00:00+01:00,290.0,2025-11-13
uniqueUserZone,OWM Zona2,2025-11-13 00:00:00+01:00,204.0,2025-11-13
uniqueUserZone,OWM Zona1,2025-11-13 00:00:00+01:00,519.0,2025-11-13
uniqueUserZone,OWM Zona9,2025-11-12 00:00:00+01:00,143.0,2025-11-12
uniqueUserZone,OWM Zona8,2025-11-12 00:00:00+01:00,181.0,2025-11-12
uniqueUserZone,OWM Zona7,2025-11-12 00:00:00+01:00,85.0,2025-11-12
uniqueUserZone,OWM Zona6,2025-11-12 00:00:00+01:00,94.0,2025-11-12
uniqueUserZone,OWM Zona5,2025-11-12 00:00:00+01:00,114.0,2025-11-12
uniqueUserZone,OWM Zona4,2025-11-12 00:00:00+01:00,148.0,2025-11-12
uniqueUserZone,OWM Zona3,2025-11-12 00:00:00+01:00,303.0,2025-11-12
uniqueUserZone,OWM Zona2,2025-11-12 00:00:00+01:00,183.0,2025-11-12
uniqueUserZone,OWM Zona1,2025-11-12 00:00:00+01:00,400.0,2025-11-12
uniqueUserZone,OWM Zona9,2025-11-11 00:00:00+01:00,146.0,2025-11-11
uniqueUserZone,OWM Zona8,2025-11-11 00:00:00+01:00,178.0,2025-11-11
uniqueUserZone,OWM Zona7,2025-11-11 00:00:00+01:00,102.0,2025-11-11
uniqueUserZone,OWM Zona6,2025-11-11 00:00:00+01:00,87.0,2025-11-11
uniqueUserZone,OWM Zona5,2025-11-11 00:00:00+01:00,111.0,2025-11-11
uniqueUserZone,OWM Zona4,2025-11-11 00:00:00+01:00,138.0,2025-11-11
uniqueUserZone,OWM Zona3,2025-11-11 00:00:00+01:00,321.0,2025-11-11
uniqueUserZone,OWM Zona2,2025-11-11 00:00:00+01:00,193.0,2025-11-11
uniqueUserZone,OWM Zona1,2025-11-11 00:00:00+01:00,376.0,2025-11-11
uniqueUserZone,OWM Zona9,2025-11-10 00:00:00+01:00,148.0,2025-11-10
uniqueUserZone,OWM Zona8,2025-11-10 00:00:00+01:00,160.0,2025-11-10
uniqueUserZone,OWM Zona7,2025-11-10 00:00:00+01:00,117.0,2025-11-10
uniqueUserZone,OWM Zona6,2025-11-10 00:00:00+01:00,80.0,2025-11-10
uniqueUserZone,OWM Zona5,2025-11-10 00:00:00+01:00,105.0,2025-11-10
uniqueUserZone,OWM Zona4,2025-11-10 00:00:00+01:00,140.0,2025-11-10
uniqueUserZone,OWM Zona3,2025-11-10 00:00:00+01:00,281.0,2025-11-10
uniqueUserZone,OWM Zona2,2025-11-10 00:00:00+01:00,171.0,2025-11-10
uniqueUserZone,OWM Zona1,2025-11-10 00:00:00+01:00,414.0,2025-11-10
uniqueUserZone,OWM Zona9,2025-11-09 00:00:00+01:00,99.0,2025-11-09
uniqueUserZone,OWM Zona8,2025-11-09 00:00:00+01:00,129.0,2025-11-09
uniqueUserZone,OWM Zona7,2025-11-09 00:00:00+01:00,83.0,2025-11-09
uniqueUserZone,OWM Zona6,2025-11-09 00:00:00+01:00,73.0,2025-11-09
uniqueUserZone,OWM Zona5,2025-11-09 00:00:00+01:00,89.0,2025-11-09
uniqueUserZone,OWM Zona4,2025-11-09 00:00:00+01:00,126.0,2025-11-09
uniqueUserZone,OWM Zona3,2025-11-09 00:00:00+01:00,217.0,2025-11-09
uniqueUserZone,OWM Zona2,2025-11-09 00:00:00+01:00,143.0,2025-11-09
uniqueUserZone,OWM Zona1,2025-11-09 00:00:00+01:00,419.0,2025-11-09
uniqueUserZone,OWM Zona9,2025-11-08 00:00:00+01:00,144.0,2025-11-08
uniqueUserZone,OWM Zona8,2025-11-08 00:00:00+01:00,200.0,2025-11-08
uniqueUserZone,OWM Zona7,2025-11-08 00:00:00+01:00,103.0,2025-11-08
uniqueUserZone,OWM Zona6,2025-11-08 00:00:00+01:00,91.0,2025-11-08
uniqueUserZone,OWM Zona5,2025-11-08 00:00:00+01:00,113.0,2025-11-08
uniqueUserZone,OWM Zona4,2025-11-08 00:00:00+01:00,128.0,2025-11-08
uniqueUserZone,OWM Zona3,2025-11-08 00:00:00+01:00,298.0,2025-11-08
uniqueUserZone,OWM Zona2,2025-11-08 00:00:00+01:00,167.0,2025-11-08
uniqueUserZone,OWM Zona1,2025-11-08 00:00:00+01:00,526.0,2025-11-08
uniqueUserZone,OWM Zona9,2025-11-07 00:00:00+01:00,154.0,2025-11-07
uniqueUserZone,OWM Zona8,2025-11-07 00:00:00+01:00,183.0,2025-11-07
uniqueUserZone,OWM Zona7,2025-11-07 00:00:00+01:00,118.0,2025-11-07
uniqueUserZone,OWM Zona6,2025-11-07 00:00:00+01:00,107.0,2025-11-07
uniqueUserZone,OWM Zona5,2025-11-07 00:00:00+01:00,123.0,2025-11-07
uniqueUserZone,OWM Zona4,2025-11-07 00:00:00+01:00,147.0,2025-11-07
uniqueUserZone,OWM Zona3,2025-11-07 00:00:00+01:00,343.0,2025-11-07
uniqueUserZone,OWM Zona2,2025-11-07 00:00:00+01:00,224.0,2025-11-07
uniqueUserZone,OWM Zona1,2025-11-07 00:00:00+01:00,458.0,2025-11-07
uniqueUserZone,OWM Zona9,2025-11-06 00:00:00+01:00,155.0,2025-11-06
uniqueUserZone,OWM Zona8,2025-11-06 00:00:00+01:00,183.0,2025-11-06
uniqueUserZone,OWM Zona7,2025-11-06 00:00:00+01:00,112.0,2025-11-06
uniqueUserZone,OWM Zona6,2025-11-06 00:00:00+01:00,91.0,2025-11-06
uniqueUserZone,OWM Zona5,2025-11-06 00:00:00+01:00,108.0,2025-11-06
uniqueUserZone,OWM Zona4,2025-11-06 00:00:00+01:00,154.0,2025-11-06
uniqueUserZone,OWM Zona3,2025-11-06 00:00:00+01:00,347.0,2025-11-06
uniqueUserZone,OWM Zona2,2025-11-06 00:00:00+01:00,186.0,2025-11-06
uniqueUserZone,OWM Zona1,2025-11-06 00:00:00+01:00,487.0,2025-11-06
uniqueUserZone,OWM Zona9,2025-11-05 00:00:00+01:00,165.0,2025-11-05
uniqueUserZone,OWM Zona8,2025-11-05 00:00:00+01:00,188.0,2025-11-05
uniqueUserZone,OWM Zona7,2025-11-05 00:00:00+01:00,120.0,2025-11-05
uniqueUserZone,OWM Zona6,2025-11-05 00:00:00+01:00,93.0,2025-11-05
uniqueUserZone,OWM Zona5,2025-11-05 00:00:00+01:00,120.0,2025-11-05
uniqueUserZone,OWM Zona4,2025-11-05 00:00:00+01:00,170.0,2025-11-05
uniqueUserZone,OWM Zona3,2025-11-05 00:00:00+01:00,367.0,2025-11-05
uniqueUserZone,OWM Zona2,2025-11-05 00:00:00+01:00,181.0,2025-11-05
uniqueUserZone,OWM Zona1,2025-11-05 00:00:00+01:00,432.0,2025-11-05
uniqueUserZone,OWM Zona9,2025-11-04 00:00:00+01:00,144.0,2025-11-04
uniqueUserZone,OWM Zona8,2025-11-04 00:00:00+01:00,217.0,2025-11-04
uniqueUserZone,OWM Zona7,2025-11-04 00:00:00+01:00,107.0,2025-11-04
uniqueUserZone,OWM Zona6,2025-11-04 00:00:00+01:00,101.0,2025-11-04
uniqueUserZone,OWM Zona5,2025-11-04 00:00:00+01:00,122.0,2025-11-04
uniqueUserZone,OWM Zona4,2025-11-04 00:00:00+01:00,168.0,2025-11-04
uniqueUserZone,OWM Zona3,2025-11-04 00:00:00+01:00,337.0,2025-11-04
uniqueUserZone,OWM Zona2,2025-11-04 00:00:00+01:00,188.0,2025-11-04
uniqueUserZone,OWM Zona1,2025-11-04 00:00:00+01:00,417.0,2025-11-04
uniqueUserZone,OWM Zona9,2025-11-03 00:00:00+01:00,138.0,2025-11-03
uniqueUserZone,OWM Zona8,2025-11-03 00:00:00+01:00,170.0,2025-11-03
uniqueUserZone,OWM Zona7,2025-11-03 00:00:00+01:00,112.0,2025-11-03
uniqueUserZone,OWM Zona6,2025-11-03 00:00:00+01:00,83.0,2025-11-03
uniqueUserZone,OWM Zona5,2025-11-03 00:00:00+01:00,115.0,2025-11-03
uniqueUserZone,OWM Zona4,2025-11-03 00:00:00+01:00,150.0,2025-11-03
uniqueUserZone,OWM Zona3,2025-11-03 00:00:00+01:00,305.0,2025-11-03
uniqueUserZone,OWM Zona2,2025-11-03 00:00:00+01:00,203.0,2025-11-03
uniqueUserZone,OWM Zona1,2025-11-03 00:00:00+01:00,442.0,2025-11-03
uniqueUserZone,OWM Zona9,2025-11-02 00:00:00+01:00,79.0,2025-11-02
uniqueUserZone,OWM Zona8,2025-11-02 00:00:00+01:00,103.0,2025-11-02
uniqueUserZone,OWM Zona7,2025-11-02 00:00:00+01:00,75.0,2025-11-02
uniqueUserZone,OWM Zona6,2025-11-02 00:00:00+01:00,80.0,2025-11-02
uniqueUserZone,OWM Zona5,2025-11-02 00:00:00+01:00,75.0,2025-11-02
uniqueUserZone,OWM Zona4,2025-11-02 00:00:00+01:00,88.0,2025-11-02
uniqueUserZone,OWM Zona3,2025-11-02 00:00:00+01:00,203.0,2025-11-02
uniqueUserZone,OWM Zona2,2025-11-02 00:00:00+01:00,125.0,2025-11-02
uniqueUserZone,OWM Zona1,2025-11-02 00:00:00+01:00,348.0,2025-11-02
uniqueUserZone,OWM Zona9,2025-11-01 00:00:00+01:00,111.0,2025-11-01
uniqueUserZone,OWM Zona8,2025-11-01 00:00:00+01:00,133.0,2025-11-01
uniqueUserZone,OWM Zona7,2025-11-01 00:00:00+01:00,86.0,2025-11-01
uniqueUserZone,OWM Zona6,2025-11-01 00:00:00+01:00,64.0,2025-11-01
uniqueUserZone,OWM Zona5,2025-11-01 00:00:00+01:00,88.0,2025-11-01
uniqueUserZone,OWM Zona4,2025-11-01 00:00:00+01:00,113.0,2025-11-01
uniqueUserZone,OWM Zona3,2025-11-01 00:00:00+01:00,242.0,2025-11-01
uniqueUserZone,OWM Zona2,2025-11-01 00:00:00+01:00,143.0,2025-11-01
uniqueUserZone,OWM Zona1,2025-11-01 00:00:00+01:00,426.0,2025-11-01
uniqueUserZone,OWM Zona9,2025-10-31 00:00:00+01:00,150.0,2025-10-31
uniqueUserZone,OWM Zona8,2025-10-31 00:00:00+01:00,152.0,2025-10-31
uniqueUserZone,OWM Zona7,2025-10-31 00:00:00+01:00,107.0,2025-10-31
uniqueUserZone,OWM Zona6,2025-10-31 00:00:00+01:00,93.0,2025-10-31
uniqueUserZone,OWM Zona5,2025-10-31 00:00:00+01:00,102.0,2025-10-31
uniqueUserZone,OWM Zona4,2025-10-31 00:00:00+01:00,156.0,2025-10-31
uniqueUserZone,OWM Zona3,2025-10-31 00:00:00+01:00,297.0,2025-10-31
uniqueUserZone,OWM Zona2,2025-10-31 00:00:00+01:00,167.0,2025-10-31
uniqueUserZone,OWM Zona1,2025-10-31 00:00:00+01:00,432.0,2025-10-31
uniqueUserZone,OWM Zona9,2025-10-30 00:00:00+01:00,146.0,2025-10-30
uniqueUserZone,OWM Zona8,2025-10-30 00:00:00+01:00,169.0,2025-10-30
uniqueUserZone,OWM Zona7,2025-10-30 00:00:00+01:00,99.0,2025-10-30
uniqueUserZone,OWM Zona6,2025-10-30 00:00:00+01:00,102.0,2025-10-30
uniqueUserZone,OWM Zona5,2025-10-30 00:00:00+01:00,112.0,2025-10-30
uniqueUserZone,OWM Zona4,2025-10-30 00:00:00+01:00,162.0,2025-10-30
uniqueUserZone,OWM Zona3,2025-10-30 00:00:00+01:00,319.0,2025-10-30
uniqueUserZone,OWM Zona2,2025-10-30 00:00:00+01:00,216.0,2025-10-30
uniqueUserZone,OWM Zona1,2025-10-30 00:00:00+01:00,450.0,2025-10-30
uniqueUserZone,OWM Zona9,2025-10-29 00:00:00+01:00,132.0,2025-10-29
uniqueUserZone,OWM Zona8,2025-10-29 00:00:00+01:00,184.0,2025-10-29
uniqueUserZone,OWM Zona7,2025-10-29 00:00:00+01:00,98.0,2025-10-29
uniqueUserZone,OWM Zona6,2025-10-29 00:00:00+01:00,118.0,2025-10-29
uniqueUserZone,OWM Zona5,2025-10-29 00:00:00+01:00,110.0,2025-10-29
uniqueUserZone,OWM Zona4,2025-10-29 00:00:00+01:00,147.0,2025-10-29
uniqueUserZone,OWM Zona3,2025-10-29 00:00:00+01:00,310.0,2025-10-29
uniqueUserZone,OWM Zona2,2025-10-29 00:00:00+01:00,187.0,2025-10-29
uniqueUserZone,OWM Zona1,2025-10-29 00:00:00+01:00,435.0,2025-10-29
uniqueUserZone,OWM Zona9,2025-10-28 00:00:00+01:00,147.0,2025-10-28
uniqueUserZone,OWM Zona8,2025-10-28 00:00:00+01:00,177.0,2025-10-28
uniqueUserZone,OWM Zona7,2025-10-28 00:00:00+01:00,107.0,2025-10-28
uniqueUserZone,OWM Zona6,2025-10-28 00:00:00+01:00,98.0,2025-10-28
uniqueUserZone,OWM Zona5,2025-10-28 00:00:00+01:00,111.0,2025-10-28
uniqueUserZone,OWM Zona4,2025-10-28 00:00:00+01:00,148.0,2025-10-28
uniqueUserZone,OWM Zona3,2025-10-28 00:00:00+01:00,316.0,2025-10-28
uniqueUserZone,OWM Zona2,2025-10-28 00:00:00+01:00,179.0,2025-10-28
uniqueUserZone,OWM Zona1,2025-10-28 00:00:00+01:00,517.0,2025-10-28
uniqueUserZone,OWM Zona9,2025-10-27 00:00:00+01:00,151.0,2025-10-27
uniqueUserZone,OWM Zona8,2025-10-27 00:00:00+01:00,187.0,2025-10-27
uniqueUserZone,OWM Zona7,2025-10-27 00:00:00+01:00,96.0,2025-10-27
uniqueUserZone,OWM Zona6,2025-10-27 00:00:00+01:00,95.0,2025-10-27
uniqueUserZone,OWM Zona5,2025-10-27 00:00:00+01:00,114.0,2025-10-27
uniqueUserZone,OWM Zona4,2025-10-27 00:00:00+01:00,146.0,2025-10-27
uniqueUserZone,OWM Zona3,2025-10-27 00:00:00+01:00,349.0,2025-10-27
uniqueUserZone,OWM Zona2,2025-10-27 00:00:00+01:00,187.0,2025-10-27
uniqueUserZone,OWM Zona1,2025-10-27 00:00:00+01:00,550.0,2025-10-27
uniqueUserZone,OWM Zona9,2025-10-26 00:00:00+02:00,94.0,2025-10-26
uniqueUserZone,OWM Zona8,2025-10-26 00:00:00+02:00,137.0,2025-10-26
uniqueUserZone,OWM Zona7,2025-10-26 00:00:00+02:00,79.0,2025-10-26
uniqueUserZone,OWM Zona6,2025-10-26 00:00:00+02:00,62.0,2025-10-26
uniqueUserZone,OWM Zona5,2025-10-26 00:00:00+02:00,84.0,2025-10-26
uniqueUserZone,OWM Zona4,2025-10-26 00:00:00+02:00,101.0,2025-10-26
uniqueUserZone,OWM Zona3,2025-10-26 00:00:00+02:00,224.0,2025-10-26
uniqueUserZone,OWM Zona2,2025-10-26 00:00:00+02:00,121.0,2025-10-26
uniqueUserZone,OWM Zona1,2025-10-26 00:00:00+02:00,460.0,2025-10-26
uniqueUserZone,OWM Zona9,2025-10-25 00:00:00+02:00,122.0,2025-10-25
uniqueUserZone,OWM Zona8,2025-10-25 00:00:00+02:00,143.0,2025-10-25
uniqueUserZone,OWM Zona7,2025-10-25 00:00:00+02:00,107.0,2025-10-25
uniqueUserZone,OWM Zona6,2025-10-25 00:00:00+02:00,67.0,2025-10-25
uniqueUserZone,OWM Zona5,2025-10-25 00:00:00+02:00,107.0,2025-10-25
uniqueUserZone,OWM Zona4,2025-10-25 00:00:00+02:00,134.0,2025-10-25
uniqueUserZone,OWM Zona3,2025-10-25 00:00:00+02:00,303.0,2025-10-25
uniqueUserZone,OWM Zona2,2025-10-25 00:00:00+02:00,150.0,2025-10-25
uniqueUserZone,OWM Zona1,2025-10-25 00:00:00+02:00,563.0,2025-10-25
uniqueUserZone,OWM Zona9,2025-10-24 00:00:00+02:00,142.0,2025-10-24
uniqueUserZone,OWM Zona8,2025-10-24 00:00:00+02:00,186.0,2025-10-24
uniqueUserZone,OWM Zona7,2025-10-24 00:00:00+02:00,102.0,2025-10-24
uniqueUserZone,OWM Zona6,2025-10-24 00:00:00+02:00,99.0,2025-10-24
uniqueUserZone,OWM Zona5,2025-10-24 00:00:00+02:00,115.0,2025-10-24
uniqueUserZone,OWM Zona4,2025-10-24 00:00:00+02:00,168.0,2025-10-24
uniqueUserZone,OWM Zona3,2025-10-24 00:00:00+02:00,293.0,2025-10-24
uniqueUserZone,OWM Zona2,2025-10-24 00:00:00+02:00,178.0,2025-10-24
uniqueUserZone,OWM Zona1,2025-10-24 00:00:00+02:00,533.0,2025-10-24
uniqueUserZone,OWM Zona9,2025-10-23 00:00:00+02:00,123.0,2025-10-23
uniqueUserZone,OWM Zona8,2025-10-23 00:00:00+02:00,179.0,2025-10-23
uniqueUserZone,OWM Zona7,2025-10-23 00:00:00+02:00,95.0,2025-10-23
uniqueUserZone,OWM Zona6,2025-10-23 00:00:00+02:00,76.0,2025-10-23
uniqueUserZone,OWM Zona5,2025-10-23 00:00:00+02:00,105.0,2025-10-23
uniqueUserZone,OWM Zona4,2025-10-23 00:00:00+02:00,165.0,2025-10-23
uniqueUserZone,OWM Zona3,2025-10-23 00:00:00+02:00,287.0,2025-10-23
uniqueUserZone,OWM Zona2,2025-10-23 00:00:00+02:00,176.0,2025-10-23
uniqueUserZone,OWM Zona1,2025-10-23 00:00:00+02:00,450.0,2025-10-23
uniqueUserZone,OWM Zona9,2025-10-22 00:00:00+02:00,133.0,2025-10-22
uniqueUserZone,OWM Zona8,2025-10-22 00:00:00+02:00,186.0,2025-10-22
uniqueUserZone,OWM Zona7,2025-10-22 00:00:00+02:00,111.0,2025-10-22
uniqueUserZone,OWM Zona6,2025-10-22 00:00:00+02:00,107.0,2025-10-22
uniqueUserZone,OWM Zona5,2025-10-22 00:00:00+02:00,127.0,2025-10-22
uniqueUserZone,OWM Zona4,2025-10-22 00:00:00+02:00,165.0,2025-10-22
uniqueUserZone,OWM Zona3,2025-10-22 00:00:00+02:00,326.0,2025-10-22
uniqueUserZone,OWM Zona2,2025-10-22 00:00:00+02:00,176.0,2025-10-22
uniqueUserZone,OWM Zona1,2025-10-22 00:00:00+02:00,552.0,2025-10-22
uniqueUserZone,OWM Zona9,2025-10-21 00:00:00+02:00,129.0,2025-10-21
uniqueUserZone,OWM Zona8,2025-10-21 00:00:00+02:00,163.0,2025-10-21
uniqueUserZone,OWM Zona7,2025-10-21 00:00:00+02:00,105.0,2025-10-21
uniqueUserZone,OWM Zona6,2025-10-21 00:00:00+02:00,100.0,2025-10-21
uniqueUserZone,OWM Zona5,2025-10-21 00:00:00+02:00,121.0,2025-10-21
uniqueUserZone,OWM Zona4,2025-10-21 00:00:00+02:00,140.0,2025-10-21
uniqueUserZone,OWM Zona3,2025-10-21 00:00:00+02:00,308.0,2025-10-21
uniqueUserZone,OWM Zona2,2025-10-21 00:00:00+02:00,157.0,2025-10-21
uniqueUserZone,OWM Zona1,2025-10-21 00:00:00+02:00,450.0,2025-10-21
uniqueUserZone,OWM Zona9,2025-10-20 00:00:00+02:00,106.0,2025-10-20
uniqueUserZone,OWM Zona8,2025-10-20 00:00:00+02:00,120.0,2025-10-20
uniqueUserZone,OWM Zona7,2025-10-20 00:00:00+02:00,61.0,2025-10-20
uniqueUserZone,OWM Zona6,2025-10-20 00:00:00+02:00,78.0,2025-10-20
uniqueUserZone,OWM Zona5,2025-10-20 00:00:00+02:00,93.0,2025-10-20
uniqueUserZone,OWM Zona4,2025-10-20 00:00:00+02:00,136.0,2025-10-20
uniqueUserZone,OWM Zona3,2025-10-20 00:00:00+02:00,244.0,2025-10-20
uniqueUserZone,OWM Zona2,2025-10-20 00:00:00+02:00,142.0,2025-10-20
uniqueUserZone,OWM Zona1,2025-10-20 00:00:00+02:00,330.0,2025-10-20
uniqueUserZone,OWM Zona9,2025-10-19 00:00:00+02:00,102.0,2025-10-19
uniqueUserZone,OWM Zona8,2025-10-19 00:00:00+02:00,132.0,2025-10-19
uniqueUserZone,OWM Zona7,2025-10-19 00:00:00+02:00,70.0,2025-10-19
uniqueUserZone,OWM Zona6,2025-10-19 00:00:00+02:00,66.0,2025-10-19
uniqueUserZone,OWM Zona5,2025-10-19 00:00:00+02:00,65.0,2025-10-19
uniqueUserZone,OWM Zona4,2025-10-19 00:00:00+02:00,111.0,2025-10-19
uniqueUserZone,OWM Zona3,2025-10-19 00:00:00+02:00,240.0,2025-10-19
uniqueUserZone,OWM Zona2,2025-10-19 00:00:00+02:00,135.0,2025-10-19
uniqueUserZone,OWM Zona1,2025-10-19 00:00:00+02:00,450.0,2025-10-19
uniqueUserZone,OWM Zona9,2025-10-18 00:00:00+02:00,129.0,2025-10-18
uniqueUserZone,OWM Zona8,2025-10-18 00:00:00+02:00,175.0,2025-10-18
uniqueUserZone,OWM Zona7,2025-10-18 00:00:00+02:00,81.0,2025-10-18
uniqueUserZone,OWM Zona6,2025-10-18 00:00:00+02:00,95.0,2025-10-18
uniqueUserZone,OWM Zona5,2025-10-18 00:00:00+02:00,100.0,2025-10-18
uniqueUserZone,OWM Zona4,2025-10-18 00:00:00+02:00,143.0,2025-10-18
uniqueUserZone,OWM Zona3,2025-10-18 00:00:00+02:00,283.0,2025-10-18
uniqueUserZone,OWM Zona2,2025-10-18 00:00:00+02:00,162.0,2025-10-18
uniqueUserZone,OWM Zona1,2025-10-18 00:00:00+02:00,581.0,2025-10-18
uniqueUserZone,OWM Zona9,2025-10-17 00:00:00+02:00,149.0,2025-10-17
uniqueUserZone,OWM Zona8,2025-10-17 00:00:00+02:00,181.0,2025-10-17
uniqueUserZone,OWM Zona7,2025-10-17 00:00:00+02:00,99.0,2025-10-17
uniqueUserZone,OWM Zona6,2025-10-17 00:00:00+02:00,107.0,2025-10-17
uniqueUserZone,OWM Zona5,2025-10-17 00:00:00+02:00,125.0,2025-10-17
uniqueUserZone,OWM Zona4,2025-10-17 00:00:00+02:00,141.0,2025-10-17
uniqueUserZone,OWM Zona3,2025-10-17 00:00:00+02:00,342.0,2025-10-17
uniqueUserZone,OWM Zona2,2025-10-17 00:00:00+02:00,201.0,2025-10-17
uniqueUserZone,OWM Zona1,2025-10-17 00:00:00+02:00,466.0,2025-10-17
uniqueUserZone,OWM Zona9,2025-10-16 00:00:00+02:00,158.0,2025-10-16
uniqueUserZone,OWM Zona8,2025-10-16 00:00:00+02:00,205.0,2025-10-16
uniqueUserZone,OWM Zona7,2025-10-16 00:00:00+02:00,92.0,2025-10-16
uniqueUserZone,OWM Zona6,2025-10-16 00:00:00+02:00,118.0,2025-10-16
uniqueUserZone,OWM Zona5,2025-10-16 00:00:00+02:00,125.0,2025-10-16
uniqueUserZone,OWM Zona4,2025-10-16 00:00:00+02:00,176.0,2025-10-16
uniqueUserZone,OWM Zona3,2025-10-16 00:00:00+02:00,362.0,2025-10-16
uniqueUserZone,OWM Zona2,2025-10-16 00:00:00+02:00,178.0,2025-10-16
uniqueUserZone,OWM Zona1,2025-10-16 00:00:00+02:00,563.0,2025-10-16
uniqueUserZone,OWM Zona9,2025-10-15 00:00:00+02:00,153.0,2025-10-15
uniqueUserZone,OWM Zona8,2025-10-15 00:00:00+02:00,222.0,2025-10-15
uniqueUserZone,OWM Zona7,2025-10-15 00:00:00+02:00,90.0,2025-10-15
uniqueUserZone,OWM Zona6,2025-10-15 00:00:00+02:00,126.0,2025-10-15
uniqueUserZone,OWM Zona5,2025-10-15 00:00:00+02:00,119.0,2025-10-15
uniqueUserZone,OWM Zona4,2025-10-15 00:00:00+02:00,178.0,2025-10-15
uniqueUserZone,OWM Zona3,2025-10-15 00:00:00+02:00,319.0,2025-10-15
uniqueUserZone,OWM Zona2,2025-10-15 00:00:00+02:00,194.0,2025-10-15
uniqueUserZone,OWM Zona1,2025-10-15 00:00:00+02:00,500.0,2025-10-15
uniqueUserZone,OWM Zona9,2025-10-14 00:00:00+02:00,162.0,2025-10-14
uniqueUserZone,OWM Zona8,2025-10-14 00:00:00+02:00,227.0,2025-10-14
uniqueUserZone,OWM Zona7,2025-10-14 00:00:00+02:00,105.0,2025-10-14
uniqueUserZone,OWM Zona6,2025-10-14 00:00:00+02:00,127.0,2025-10-14
uniqueUserZone,OWM Zona5,2025-10-14 00:00:00+02:00,135.0,2025-10-14
uniqueUserZone,OWM Zona4,2025-10-14 00:00:00+02:00,175.0,2025-10-14
uniqueUserZone,OWM Zona3,2025-10-14 00:00:00+02:00,359.0,2025-10-14
uniqueUserZone,OWM Zona2,2025-10-14 00:00:00+02:00,202.0,2025-10-14
uniqueUserZone,OWM Zona1,2025-10-14 00:00:00+02:00,546.0,2025-10-14
uniqueUserZone,OWM Zona9,2025-10-13 00:00:00+02:00,151.0,2025-10-13
uniqueUserZone,OWM Zona8,2025-10-13 00:00:00+02:00,184.0,2025-10-13
uniqueUserZone,OWM Zona7,2025-10-13 00:00:00+02:00,81.0,2025-10-13
uniqueUserZone,OWM Zona6,2025-10-13 00:00:00+02:00,103.0,2025-10-13
uniqueUserZone,OWM Zona5,2025-10-13 00:00:00+02:00,121.0,2025-10-13
uniqueUserZone,OWM Zona4,2025-10-13 00:00:00+02:00,173.0,2025-10-13
uniqueUserZone,OWM Zona3,2025-10-13 00:00:00+02:00,335.0,2025-10-13
uniqueUserZone,OWM Zona2,2025-10-13 00:00:00+02:00,204.0,2025-10-13
uniqueUserZone,OWM Zona1,2025-10-13 00:00:00+02:00,536.0,2025-10-13
uniqueUserZone,OWM Zona9,2025-10-12 00:00:00+02:00,155.0,2025-10-12
uniqueUserZone,OWM Zona8,2025-10-12 00:00:00+02:00,155.0,2025-10-12
uniqueUserZone,OWM Zona7,2025-10-12 00:00:00+02:00,68.0,2025-10-12
uniqueUserZone,OWM Zona6,2025-10-12 00:00:00+02:00,109.0,2025-10-12
uniqueUserZone,OWM Zona5,2025-10-12 00:00:00+02:00,83.0,2025-10-12
uniqueUserZone,OWM Zona4,2025-10-12 00:00:00+02:00,137.0,2025-10-12
uniqueUserZone,OWM Zona3,2025-10-12 00:00:00+02:00,318.0,2025-10-12
uniqueUserZone,OWM Zona2,2025-10-12 00:00:00+02:00,203.0,2025-10-12
uniqueUserZone,OWM Zona1,2025-10-12 00:00:00+02:00,585.0,2025-10-12
uniqueUserZone,OWM Zona9,2025-10-11 00:00:00+02:00,168.0,2025-10-11
uniqueUserZone,OWM Zona8,2025-10-11 00:00:00+02:00,179.0,2025-10-11
uniqueUserZone,OWM Zona7,2025-10-11 00:00:00+02:00,81.0,2025-10-11
uniqueUserZone,OWM Zona6,2025-10-11 00:00:00+02:00,116.0,2025-10-11
uniqueUserZone,OWM Zona5,2025-10-11 00:00:00+02:00,134.0,2025-10-11
uniqueUserZone,OWM Zona4,2025-10-11 00:00:00+02:00,153.0,2025-10-11
uniqueUserZone,OWM Zona3,2025-10-11 00:00:00+02:00,396.0,2025-10-11
uniqueUserZone,OWM Zona2,2025-10-11 00:00:00+02:00,196.0,2025-10-11
uniqueUserZone,OWM Zona1,2025-10-11 00:00:00+02:00,620.0,2025-10-11
uniqueUserZone,OWM Zona9,2025-10-10 00:00:00+02:00,182.0,2025-10-10
uniqueUserZone,OWM Zona8,2025-10-10 00:00:00+02:00,215.0,2025-10-10
uniqueUserZone,OWM Zona7,2025-10-10 00:00:00+02:00,100.0,2025-10-10
uniqueUserZone,OWM Zona6,2025-10-10 00:00:00+02:00,125.0,2025-10-10
uniqueUserZone,OWM Zona5,2025-10-10 00:00:00+02:00,163.0,2025-10-10
uniqueUserZone,OWM Zona4,2025-10-10 00:00:00+02:00,164.0,2025-10-10
uniqueUserZone,OWM Zona3,2025-10-10 00:00:00+02:00,401.0,2025-10-10
uniqueUserZone,OWM Zona2,2025-10-10 00:00:00+02:00,224.0,2025-10-10
uniqueUserZone,OWM Zona1,2025-10-10 00:00:00+02:00,611.0,2025-10-10
uniqueUserZone,OWM Zona9,2025-10-09 00:00:00+02:00,164.0,2025-10-09
uniqueUserZone,OWM Zona8,2025-10-09 00:00:00+02:00,232.0,2025-10-09
uniqueUserZone,OWM Zona7,2025-10-09 00:00:00+02:00,118.0,2025-10-09
uniqueUserZone,OWM Zona6,2025-10-09 00:00:00+02:00,114.0,2025-10-09
uniqueUserZone,OWM Zona5,2025-10-09 00:00:00+02:00,154.0,2025-10-09
uniqueUserZone,OWM Zona4,2025-10-09 00:00:00+02:00,164.0,2025-10-09
uniqueUserZone,OWM Zona3,2025-10-09 00:00:00+02:00,406.0,2025-10-09
uniqueUserZone,OWM Zona2,2025-10-09 00:00:00+02:00,247.0,2025-10-09
uniqueUserZone,OWM Zona1,2025-10-09 00:00:00+02:00,571.0,2025-10-09
uniqueUserZone,OWM Zona9,2025-10-08 00:00:00+02:00,183.0,2025-10-08
uniqueUserZone,OWM Zona8,2025-10-08 00:00:00+02:00,230.0,2025-10-08
uniqueUserZone,OWM Zona7,2025-10-08 00:00:00+02:00,109.0,2025-10-08
uniqueUserZone,OWM Zona6,2025-10-08 00:00:00+02:00,133.0,2025-10-08
uniqueUserZone,OWM Zona5,2025-10-08 00:00:00+02:00,149.0,2025-10-08
uniqueUserZone,OWM Zona4,2025-10-08 00:00:00+02:00,188.0,2025-10-08
uniqueUserZone,OWM Zona3,2025-10-08 00:00:00+02:00,403.0,2025-10-08
uniqueUserZone,OWM Zona2,2025-10-08 00:00:00+02:00,210.0,2025-10-08
uniqueUserZone,OWM Zona1,2025-10-08 00:00:00+02:00,557.0,2025-10-08
uniqueUserZone,OWM Zona9,2025-10-07 00:00:00+02:00,177.0,2025-10-07
uniqueUserZone,OWM Zona8,2025-10-07 00:00:00+02:00,225.0,2025-10-07
uniqueUserZone,OWM Zona7,2025-10-07 00:00:00+02:00,108.0,2025-10-07
uniqueUserZone,OWM Zona6,2025-10-07 00:00:00+02:00,119.0,2025-10-07
uniqueUserZone,OWM Zona5,2025-10-07 00:00:00+02:00,151.0,2025-10-07
uniqueUserZone,OWM Zona4,2025-10-07 00:00:00+02:00,179.0,2025-10-07
uniqueUserZone,OWM Zona3,2025-10-07 00:00:00+02:00,411.0,2025-10-07
uniqueUserZone,OWM Zona2,2025-10-07 00:00:00+02:00,245.0,2025-10-07
uniqueUserZone,OWM Zona1,2025-10-07 00:00:00+02:00,578.0,2025-10-07
uniqueUserZone,OWM Zona9,2025-10-06 00:00:00+02:00,186.0,2025-10-06
uniqueUserZone,OWM Zona8,2025-10-06 00:00:00+02:00,210.0,2025-10-06
uniqueUserZone,OWM Zona7,2025-10-06 00:00:00+02:00,115.0,2025-10-06
uniqueUserZone,OWM Zona6,2025-10-06 00:00:00+02:00,137.0,2025-10-06
uniqueUserZone,OWM Zona5,2025-10-06 00:00:00+02:00,145.0,2025-10-06
uniqueUserZone,OWM Zona4,2025-10-06 00:00:00+02:00,178.0,2025-10-06
uniqueUserZone,OWM Zona3,2025-10-06 00:00:00+02:00,400.0,2025-10-06
uniqueUserZone,OWM Zona2,2025-10-06 00:00:00+02:00,213.0,2025-10-06
uniqueUserZone,OWM Zona1,2025-10-06 00:00:00+02:00,580.0,2025-10-06
uniqueUserZone,OWM Zona9,2025-10-05 00:00:00+02:00,122.0,2025-10-05
uniqueUserZone,OWM Zona8,2025-10-05 00:00:00+02:00,150.0,2025-10-05
uniqueUserZone,OWM Zona7,2025-10-05 00:00:00+02:00,60.0,2025-10-05
uniqueUserZone,OWM Zona6,2025-10-05 00:00:00+02:00,111.0,2025-10-05
uniqueUserZone,OWM Zona5,2025-10-05 00:00:00+02:00,95.0,2025-10-05
uniqueUserZone,OWM Zona4,2025-10-05 00:00:00+02:00,133.0,2025-10-05
uniqueUserZone,OWM Zona3,2025-10-05 00:00:00+02:00,303.0,2025-10-05
uniqueUserZone,OWM Zona2,2025-10-05 00:00:00+02:00,171.0,2025-10-05
uniqueUserZone,OWM Zona1,2025-10-05 00:00:00+02:00,576.0,2025-10-05
uniqueUserZone,OWM Zona9,2025-10-04 00:00:00+02:00,156.0,2025-10-04
uniqueUserZone,OWM Zona8,2025-10-04 00:00:00+02:00,171.0,2025-10-04
uniqueUserZone,OWM Zona7,2025-10-04 00:00:00+02:00,86.0,2025-10-04
uniqueUserZone,OWM Zona6,2025-10-04 00:00:00+02:00,102.0,2025-10-04
uniqueUserZone,OWM Zona5,2025-10-04 00:00:00+02:00,136.0,2025-10-04
uniqueUserZone,OWM Zona4,2025-10-04 00:00:00+02:00,127.0,2025-10-04
uniqueUserZone,OWM Zona3,2025-10-04 00:00:00+02:00,335.0,2025-10-04
uniqueUserZone,OWM Zona2,2025-10-04 00:00:00+02:00,203.0,2025-10-04
uniqueUserZone,OWM Zona1,2025-10-04 00:00:00+02:00,562.0,2025-10-04
uniqueUserZone,OWM Zona9,2025-10-03 00:00:00+02:00,161.0,2025-10-03
uniqueUserZone,OWM Zona8,2025-10-03 00:00:00+02:00,198.0,2025-10-03
uniqueUserZone,OWM Zona7,2025-10-03 00:00:00+02:00,103.0,2025-10-03
uniqueUserZone,OWM Zona6,2025-10-03 00:00:00+02:00,132.0,2025-10-03
uniqueUserZone,OWM Zona5,2025-10-03 00:00:00+02:00,147.0,2025-10-03
uniqueUserZone,OWM Zona4,2025-10-03 00:00:00+02:00,188.0,2025-10-03
uniqueUserZone,OWM Zona3,2025-10-03 00:00:00+02:00,496.0,2025-10-03
uniqueUserZone,OWM Zona2,2025-10-03 00:00:00+02:00,235.0,2025-10-03
uniqueUserZone,OWM Zona1,2025-10-03 00:00:00+02:00,569.0,2025-10-03
uniqueUserZone,OWM Zona9,2025-10-02 00:00:00+02:00,175.0,2025-10-02
uniqueUserZone,OWM Zona8,2025-10-02 00:00:00+02:00,194.0,2025-10-02
uniqueUserZone,OWM Zona7,2025-10-02 00:00:00+02:00,111.0,2025-10-02
uniqueUserZone,OWM Zona6,2025-10-02 00:00:00+02:00,129.0,2025-10-02
uniqueUserZone,OWM Zona5,2025-10-02 00:00:00+02:00,147.0,2025-10-02
uniqueUserZone,OWM Zona4,2025-10-02 00:00:00+02:00,159.0,2025-10-02
uniqueUserZone,OWM Zona3,2025-10-02 00:00:00+02:00,470.0,2025-10-02
uniqueUserZone,OWM Zona2,2025-10-02 00:00:00+02:00,257.0,2025-10-02
uniqueUserZone,OWM Zona1,2025-10-02 00:00:00+02:00,583.0,2025-10-02
uniqueUserZone,OWM Zona9,2025-10-01 00:00:00+02:00,181.0,2025-10-01
uniqueUserZone,OWM Zona8,2025-10-01 00:00:00+02:00,205.0,2025-10-01
uniqueUserZone,OWM Zona7,2025-10-01 00:00:00+02:00,112.0,2025-10-01
uniqueUserZone,OWM Zona6,2025-10-01 00:00:00+02:00,130.0,2025-10-01
uniqueUserZone,OWM Zona5,2025-10-01 00:00:00+02:00,167.0,2025-10-01
uniqueUserZone,OWM Zona4,2025-10-01 00:00:00+02:00,168.0,2025-10-01
uniqueUserZone,OWM Zona3,2025-10-01 00:00:00+02:00,396.0,2025-10-01
uniqueUserZone,OWM Zona2,2025-10-01 00:00:00+02:00,232.0,2025-10-01
uniqueUserZone,OWM Zona1,2025-10-01 00:00:00+02:00,526.0,2025-10-01
uniqueUserZone,OWM Zona9,2025-09-30 00:00:00+02:00,188.0,2025-09-30
uniqueUserZone,OWM Zona8,2025-09-30 00:00:00+02:00,199.0,2025-09-30
uniqueUserZone,OWM Zona7,2025-09-30 00:00:00+02:00,106.0,2025-09-30
uniqueUserZone,OWM Zona6,2025-09-30 00:00:00+02:00,140.0,2025-09-30
uniqueUserZone,OWM Zona5,2025-09-30 00:00:00+02:00,147.0,2025-09-30
uniqueUserZone,OWM Zona4,2025-09-30 00:00:00+02:00,199.0,2025-09-30
uniqueUserZone,OWM Zona3,2025-09-30 00:00:00+02:00,403.0,2025-09-30
uniqueUserZone,OWM Zona2,2025-09-30 00:00:00+02:00,251.0,2025-09-30
uniqueUserZone,OWM Zona1,2025-09-30 00:00:00+02:00,562.0,2025-09-30
uniqueUserZone,OWM Zona9,2025-09-29 00:00:00+02:00,176.0,2025-09-29
uniqueUserZone,OWM Zona8,2025-09-29 00:00:00+02:00,219.0,2025-09-29
uniqueUserZone,OWM Zona7,2025-09-29 00:00:00+02:00,105.0,2025-09-29
uniqueUserZone,OWM Zona6,2025-09-29 00:00:00+02:00,145.0,2025-09-29
uniqueUserZone,OWM Zona5,2025-09-29 00:00:00+02:00,148.0,2025-09-29
uniqueUserZone,OWM Zona4,2025-09-29 00:00:00+02:00,159.0,2025-09-29
uniqueUserZone,OWM Zona3,2025-09-29 00:00:00+02:00,391.0,2025-09-29
uniqueUserZone,OWM Zona2,2025-09-29 00:00:00+02:00,224.0,2025-09-29
uniqueUserZone,OWM Zona1,2025-09-29 00:00:00+02:00,573.0,2025-09-29
uniqueUserZone,OWM Zona9,2025-09-28 00:00:00+02:00,135.0,2025-09-28
uniqueUserZone,OWM Zona8,2025-09-28 00:00:00+02:00,163.0,2025-09-28
uniqueUserZone,OWM Zona7,2025-09-28 00:00:00+02:00,79.0,2025-09-28
uniqueUserZone,OWM Zona6,2025-09-28 00:00:00+02:00,119.0,2025-09-28
uniqueUserZone,OWM Zona5,2025-09-28 00:00:00+02:00,95.0,2025-09-28
uniqueUserZone,OWM Zona4,2025-09-28 00:00:00+02:00,117.0,2025-09-28
uniqueUserZone,OWM Zona3,2025-09-28 00:00:00+02:00,330.0,2025-09-28
uniqueUserZone,OWM Zona2,2025-09-28 00:00:00+02:00,184.0,2025-09-28
uniqueUserZone,OWM Zona1,2025-09-28 00:00:00+02:00,559.0,2025-09-28
uniqueUserZone,OWM Zona9,2025-09-27 00:00:00+02:00,133.0,2025-09-27
uniqueUserZone,OWM Zona8,2025-09-27 00:00:00+02:00,149.0,2025-09-27
uniqueUserZone,OWM Zona7,2025-09-27 00:00:00+02:00,92.0,2025-09-27
uniqueUserZone,OWM Zona6,2025-09-27 00:00:00+02:00,124.0,2025-09-27
uniqueUserZone,OWM Zona5,2025-09-27 00:00:00+02:00,116.0,2025-09-27
uniqueUserZone,OWM Zona4,2025-09-27 00:00:00+02:00,144.0,2025-09-27
uniqueUserZone,OWM Zona3,2025-09-27 00:00:00+02:00,354.0,2025-09-27
uniqueUserZone,OWM Zona2,2025-09-27 00:00:00+02:00,187.0,2025-09-27
uniqueUserZone,OWM Zona1,2025-09-27 00:00:00+02:00,521.0,2025-09-27
uniqueUserZone,OWM Zona9,2025-09-26 00:00:00+02:00,175.0,2025-09-26
uniqueUserZone,OWM Zona8,2025-09-26 00:00:00+02:00,193.0,2025-09-26
uniqueUserZone,OWM Zona7,2025-09-26 00:00:00+02:00,91.0,2025-09-26
uniqueUserZone,OWM Zona6,2025-09-26 00:00:00+02:00,116.0,2025-09-26
uniqueUserZone,OWM Zona5,2025-09-26 00:00:00+02:00,133.0,2025-09-26
uniqueUserZone,OWM Zona4,2025-09-26 00:00:00+02:00,156.0,2025-09-26
uniqueUserZone,OWM Zona3,2025-09-26 00:00:00+02:00,383.0,2025-09-26
uniqueUserZone,OWM Zona2,2025-09-26 00:00:00+02:00,214.0,2025-09-26
uniqueUserZone,OWM Zona1,2025-09-26 00:00:00+02:00,508.0,2025-09-26
uniqueUserZone,OWM Zona9,2025-09-25 00:00:00+02:00,148.0,2025-09-25
uniqueUserZone,OWM Zona8,2025-09-25 00:00:00+02:00,208.0,2025-09-25
uniqueUserZone,OWM Zona7,2025-09-25 00:00:00+02:00,108.0,2025-09-25
uniqueUserZone,OWM Zona6,2025-09-25 00:00:00+02:00,135.0,2025-09-25
uniqueUserZone,OWM Zona5,2025-09-25 00:00:00+02:00,112.0,2025-09-25
uniqueUserZone,OWM Zona4,2025-09-25 00:00:00+02:00,150.0,2025-09-25
uniqueUserZone,OWM Zona3,2025-09-25 00:00:00+02:00,387.0,2025-09-25
uniqueUserZone,OWM Zona2,2025-09-25 00:00:00+02:00,209.0,2025-09-25
uniqueUserZone,OWM Zona1,2025-09-25 00:00:00+02:00,511.0,2025-09-25
uniqueUserZone,OWM Zona9,2025-09-24 00:00:00+02:00,150.0,2025-09-24
uniqueUserZone,OWM Zona8,2025-09-24 00:00:00+02:00,195.0,2025-09-24
uniqueUserZone,OWM Zona7,2025-09-24 00:00:00+02:00,97.0,2025-09-24
uniqueUserZone,OWM Zona6,2025-09-24 00:00:00+02:00,128.0,2025-09-24
uniqueUserZone,OWM Zona5,2025-09-24 00:00:00+02:00,133.0,2025-09-24
uniqueUserZone,OWM Zona4,2025-09-24 00:00:00+02:00,149.0,2025-09-24
uniqueUserZone,OWM Zona3,2025-09-24 00:00:00+02:00,355.0,2025-09-24
uniqueUserZone,OWM Zona2,2025-09-24 00:00:00+02:00,219.0,2025-09-24
uniqueUserZone,OWM Zona1,2025-09-24 00:00:00+02:00,452.0,2025-09-24
uniqueUserZone,OWM Zona9,2025-09-23 00:00:00+02:00,172.0,2025-09-23
uniqueUserZone,OWM Zona8,2025-09-23 00:00:00+02:00,211.0,2025-09-23
uniqueUserZone,OWM Zona7,2025-09-23 00:00:00+02:00,104.0,2025-09-23
uniqueUserZone,OWM Zona6,2025-09-23 00:00:00+02:00,137.0,2025-09-23
uniqueUserZone,OWM Zona5,2025-09-23 00:00:00+02:00,127.0,2025-09-23
uniqueUserZone,OWM Zona4,2025-09-23 00:00:00+02:00,220.0,2025-09-23
uniqueUserZone,OWM Zona3,2025-09-23 00:00:00+02:00,391.0,2025-09-23
uniqueUserZone,OWM Zona2,2025-09-23 00:00:00+02:00,229.0,2025-09-23
uniqueUserZone,OWM Zona1,2025-09-23 00:00:00+02:00,535.0,2025-09-23
uniqueUserZone,OWM Zona9,2025-09-22 00:00:00+02:00,141.0,2025-09-22
uniqueUserZone,OWM Zona6,2025-09-09 00:00:00+02:00,133.0,2025-09-09
uniqueUserZone,OWM Zona5,2025-09-09 00:00:00+02:00,140.0,2025-09-09
uniqueUserZone,OWM Zona4,2025-09-09 00:00:00+02:00,196.0,2025-09-09
uniqueUserZone,OWM Zona3,2025-09-09 00:00:00+02:00,380.0,2025-09-09
uniqueUserZone,OWM Zona2,2025-09-09 00:00:00+02:00,182.0,2025-09-09
uniqueUserZone,OWM Zona1,2025-09-09 00:00:00+02:00,522.0,2025-09-09
uniqueUserZone,OWM Zona9,2025-09-08 00:00:00+02:00,124.0,2025-09-08
uniqueUserZone,OWM Zona8,2025-09-08 00:00:00+02:00,198.0,2025-09-08
uniqueUserZone,OWM Zona7,2025-09-08 00:00:00+02:00,110.0,2025-09-08
uniqueUserZone,OWM Zona6,2025-09-08 00:00:00+02:00,137.0,2025-09-08
uniqueUserZone,OWM Zona5,2025-09-08 00:00:00+02:00,126.0,2025-09-08
uniqueUserZone,OWM Zona4,2025-09-08 00:00:00+02:00,183.0,2025-09-08
uniqueUserZone,OWM Zona3,2025-09-08 00:00:00+02:00,381.0,2025-09-08
uniqueUserZone,OWM Zona2,2025-09-08 00:00:00+02:00,188.0,2025-09-08
uniqueUserZone,OWM Zona1,2025-09-08 00:00:00+02:00,579.0,2025-09-08
uniqueUserZone,OWM Zona9,2025-09-07 00:00:00+02:00,102.0,2025-09-07
uniqueUserZone,OWM Zona8,2025-09-07 00:00:00+02:00,173.0,2025-09-07
uniqueUserZone,OWM Zona7,2025-09-07 00:00:00+02:00,111.0,2025-09-07
uniqueUserZone,OWM Zona6,2025-09-07 00:00:00+02:00,125.0,2025-09-07
uniqueUserZone,OWM Zona5,2025-09-07 00:00:00+02:00,112.0,2025-09-07
uniqueUserZone,OWM Zona4,2025-09-07 00:00:00+02:00,171.0,2025-09-07
uniqueUserZone,OWM Zona3,2025-09-07 00:00:00+02:00,277.0,2025-09-07
uniqueUserZone,OWM Zona2,2025-09-07 00:00:00+02:00,159.0,2025-09-07
uniqueUserZone,OWM Zona1,2025-09-07 00:00:00+02:00,389.0,2025-09-07
uniqueUserZone,OWM Zona9,2025-09-06 00:00:00+02:00,130.0,2025-09-06
uniqueUserZone,OWM Zona8,2025-09-06 00:00:00+02:00,189.0,2025-09-06
uniqueUserZone,OWM Zona7,2025-09-06 00:00:00+02:00,129.0,2025-09-06
uniqueUserZone,OWM Zona6,2025-09-06 00:00:00+02:00,128.0,2025-09-06
uniqueUserZone,OWM Zona5,2025-09-06 00:00:00+02:00,115.0,2025-09-06
uniqueUserZone,OWM Zona4,2025-09-06 00:00:00+02:00,181.0,2025-09-06
uniqueUserZone,OWM Zona3,2025-09-06 00:00:00+02:00,375.0,2025-09-06
uniqueUserZone,OWM Zona2,2025-09-06 00:00:00+02:00,174.0,2025-09-06
uniqueUserZone,OWM Zona1,2025-09-06 00:00:00+02:00,527.0,2025-09-06
uniqueUserZone,OWM Zona9,2025-09-05 00:00:00+02:00,135.0,2025-09-05
uniqueUserZone,OWM Zona8,2025-09-05 00:00:00+02:00,219.0,2025-09-05
uniqueUserZone,OWM Zona7,2025-09-05 00:00:00+02:00,111.0,2025-09-05
uniqueUserZone,OWM Zona6,2025-09-05 00:00:00+02:00,120.0,2025-09-05
uniqueUserZone,OWM Zona5,2025-09-05 00:00:00+02:00,147.0,2025-09-05
uniqueUserZone,OWM Zona4,2025-09-05 00:00:00+02:00,209.0,2025-09-05
uniqueUserZone,OWM Zona3,2025-09-05 00:00:00+02:00,381.0,2025-09-05
uniqueUserZone,OWM Zona2,2025-09-05 00:00:00+02:00,190.0,2025-09-05
uniqueUserZone,OWM Zona1,2025-09-05 00:00:00+02:00,528.0,2025-09-05
uniqueUserZone,OWM Zona9,2025-09-04 00:00:00+02:00,140.0,2025-09-04
uniqueUserZone,OWM Zona8,2025-09-04 00:00:00+02:00,205.0,2025-09-04
uniqueUserZone,OWM Zona7,2025-09-04 00:00:00+02:00,130.0,2025-09-04
uniqueUserZone,OWM Zona6,2025-09-04 00:00:00+02:00,125.0,2025-09-04
uniqueUserZone,OWM Zona5,2025-09-04 00:00:00+02:00,144.0,2025-09-04
uniqueUserZone,OWM Zona4,2025-09-04 00:00:00+02:00,197.0,2025-09-04
uniqueUserZone,OWM Zona3,2025-09-04 00:00:00+02:00,381.0,2025-09-04
uniqueUserZone,OWM Zona2,2025-09-04 00:00:00+02:00,175.0,2025-09-04
uniqueUserZone,OWM Zona1,2025-09-04 00:00:00+02:00,490.0,2025-09-04
uniqueUserZone,OWM Zona9,2025-09-03 00:00:00+02:00,134.0,2025-09-03
uniqueUserZone,OWM Zona8,2025-09-03 00:00:00+02:00,206.0,2025-09-03
uniqueUserZone,OWM Zona7,2025-09-03 00:00:00+02:00,132.0,2025-09-03
uniqueUserZone,OWM Zona6,2025-09-03 00:00:00+02:00,146.0,2025-09-03
uniqueUserZone,OWM Zona5,2025-09-03 00:00:00+02:00,134.0,2025-09-03
uniqueUserZone,OWM Zona4,2025-09-03 00:00:00+02:00,182.0,2025-09-03
uniqueUserZone,OWM Zona3,2025-09-03 00:00:00+02:00,362.0,2025-09-03
uniqueUserZone,OWM Zona2,2025-09-03 00:00:00+02:00,206.0,2025-09-03
uniqueUserZone,OWM Zona1,2025-09-03 00:00:00+02:00,497.0,2025-09-03
uniqueUserZone,OWM Zona9,2025-09-02 00:00:00+02:00,126.0,2025-09-02
uniqueUserZone,OWM Zona8,2025-09-02 00:00:00+02:00,182.0,2025-09-02
uniqueUserZone,OWM Zona7,2025-09-02 00:00:00+02:00,108.0,2025-09-02
uniqueUserZone,OWM Zona6,2025-09-02 00:00:00+02:00,129.0,2025-09-02
uniqueUserZone,OWM Zona5,2025-09-02 00:00:00+02:00,128.0,2025-09-02
uniqueUserZone,OWM Zona4,2025-09-02 00:00:00+02:00,152.0,2025-09-02
uniqueUserZone,OWM Zona3,2025-09-02 00:00:00+02:00,385.0,2025-09-02
uniqueUserZone,OWM Zona2,2025-09-02 00:00:00+02:00,159.0,2025-09-02
uniqueUserZone,OWM Zona1,2025-09-02 00:00:00+02:00,462.0,2025-09-02
uniqueUserZone,OWM Zona9,2025-09-01 00:00:00+02:00,105.0,2025-09-01
uniqueUserZone,OWM Zona8,2025-09-01 00:00:00+02:00,139.0,2025-09-01
uniqueUserZone,OWM Zona7,2025-09-01 00:00:00+02:00,94.0,2025-09-01
uniqueUserZone,OWM Zona6,2025-09-01 00:00:00+02:00,114.0,2025-09-01
uniqueUserZone,OWM Zona5,2025-09-01 00:00:00+02:00,109.0,2025-09-01
uniqueUserZone,OWM Zona4,2025-09-01 00:00:00+02:00,156.0,2025-09-01
uniqueUserZone,OWM Zona3,2025-09-01 00:00:00+02:00,327.0,2025-09-01
uniqueUserZone,OWM Zona2,2025-09-01 00:00:00+02:00,145.0,2025-09-01
uniqueUserZone,OWM Zona1,2025-09-01 00:00:00+02:00,403.0,2025-09-01
uniqueUserZone,OWM Zona9,2025-08-31 00:00:00+02:00,103.0,2025-08-31
uniqueUserZone,OWM Zona8,2025-08-31 00:00:00+02:00,148.0,2025-08-31
uniqueUserZone,OWM Zona7,2025-08-31 00:00:00+02:00,97.0,2025-08-31
uniqueUserZone,OWM Zona6,2025-08-31 00:00:00+02:00,103.0,2025-08-31
uniqueUserZone,OWM Zona5,2025-08-31 00:00:00+02:00,98.0,2025-08-31
uniqueUserZone,OWM Zona4,2025-08-31 00:00:00+02:00,147.0,2025-08-31
uniqueUserZone,OWM Zona3,2025-08-31 00:00:00+02:00,254.0,2025-08-31
uniqueUserZone,OWM Zona2,2025-08-31 00:00:00+02:00,137.0,2025-08-31
uniqueUserZone,OWM Zona1,2025-08-31 00:00:00+02:00,411.0,2025-08-31
uniqueUserZone,OWM Zona9,2025-08-30 00:00:00+02:00,111.0,2025-08-30
uniqueUserZone,OWM Zona8,2025-08-30 00:00:00+02:00,148.0,2025-08-30
uniqueUserZone,OWM Zona7,2025-08-30 00:00:00+02:00,102.0,2025-08-30
uniqueUserZone,OWM Zona6,2025-08-30 00:00:00+02:00,97.0,2025-08-30
uniqueUserZone,OWM Zona5,2025-08-30 00:00:00+02:00,101.0,2025-08-30
uniqueUserZone,OWM Zona4,2025-08-30 00:00:00+02:00,152.0,2025-08-30
uniqueUserZone,OWM Zona3,2025-08-30 00:00:00+02:00,296.0,2025-08-30
uniqueUserZone,OWM Zona2,2025-08-30 00:00:00+02:00,155.0,2025-08-30
uniqueUserZone,OWM Zona1,2025-08-30 00:00:00+02:00,494.0,2025-08-30
uniqueUserZone,OWM Zona9,2025-08-29 00:00:00+02:00,92.0,2025-08-29
uniqueUserZone,OWM Zona8,2025-08-29 00:00:00+02:00,145.0,2025-08-29
uniqueUserZone,OWM Zona7,2025-08-29 00:00:00+02:00,90.0,2025-08-29
uniqueUserZone,OWM Zona6,2025-08-29 00:00:00+02:00,103.0,2025-08-29
uniqueUserZone,OWM Zona5,2025-08-29 00:00:00+02:00,90.0,2025-08-29
uniqueUserZone,OWM Zona4,2025-08-29 00:00:00+02:00,143.0,2025-08-29
uniqueUserZone,OWM Zona3,2025-08-29 00:00:00+02:00,290.0,2025-08-29
uniqueUserZone,OWM Zona2,2025-08-29 00:00:00+02:00,150.0,2025-08-29
uniqueUserZone,OWM Zona1,2025-08-29 00:00:00+02:00,443.0,2025-08-29
uniqueUserZone,OWM Zona9,2025-08-28 00:00:00+02:00,90.0,2025-08-28
uniqueUserZone,OWM Zona8,2025-08-28 00:00:00+02:00,111.0,2025-08-28
uniqueUserZone,OWM Zona7,2025-08-28 00:00:00+02:00,82.0,2025-08-28
uniqueUserZone,OWM Zona6,2025-08-28 00:00:00+02:00,99.0,2025-08-28
uniqueUserZone,OWM Zona5,2025-08-28 00:00:00+02:00,82.0,2025-08-28
uniqueUserZone,OWM Zona4,2025-08-28 00:00:00+02:00,137.0,2025-08-28
uniqueUserZone,OWM Zona3,2025-08-28 00:00:00+02:00,259.0,2025-08-28
uniqueUserZone,OWM Zona2,2025-08-28 00:00:00+02:00,134.0,2025-08-28
uniqueUserZone,OWM Zona1,2025-08-28 00:00:00+02:00,365.0,2025-08-28
uniqueUserZone,OWM Zona9,2025-08-27 00:00:00+02:00,86.0,2025-08-27
uniqueUserZone,OWM Zona8,2025-08-27 00:00:00+02:00,143.0,2025-08-27
uniqueUserZone,OWM Zona7,2025-08-27 00:00:00+02:00,82.0,2025-08-27
uniqueUserZone,OWM Zona6,2025-08-27 00:00:00+02:00,104.0,2025-08-27
uniqueUserZone,OWM Zona5,2025-08-27 00:00:00+02:00,121.0,2025-08-27
uniqueUserZone,OWM Zona4,2025-08-27 00:00:00+02:00,139.0,2025-08-27
uniqueUserZone,OWM Zona3,2025-08-27 00:00:00+02:00,287.0,2025-08-27
uniqueUserZone,OWM Zona2,2025-08-27 00:00:00+02:00,142.0,2025-08-27
uniqueUserZone,OWM Zona1,2025-08-27 00:00:00+02:00,469.0,2025-08-27
uniqueUserZone,OWM Zona9,2025-08-26 00:00:00+02:00,116.0,2025-08-26
uniqueUserZone,OWM Zona8,2025-08-26 00:00:00+02:00,145.0,2025-08-26
uniqueUserZone,OWM Zona7,2025-08-26 00:00:00+02:00,96.0,2025-08-26
uniqueUserZone,OWM Zona6,2025-08-26 00:00:00+02:00,120.0,2025-08-26
uniqueUserZone,OWM Zona5,2025-08-26 00:00:00+02:00,103.0,2025-08-26
uniqueUserZone,OWM Zona4,2025-08-26 00:00:00+02:00,152.0,2025-08-26
uniqueUserZone,OWM Zona3,2025-08-26 00:00:00+02:00,301.0,2025-08-26
uniqueUserZone,OWM Zona2,2025-08-26 00:00:00+02:00,160.0,2025-08-26
uniqueUserZone,OWM Zona1,2025-08-26 00:00:00+02:00,489.0,2025-08-26
uniqueUserZone,OWM Zona9,2025-08-25 00:00:00+02:00,95.0,2025-08-25
uniqueUserZone,OWM Zona8,2025-08-25 00:00:00+02:00,141.0,2025-08-25
uniqueUserZone,OWM Zona7,2025-08-25 00:00:00+02:00,109.0,2025-08-25
uniqueUserZone,OWM Zona6,2025-08-25 00:00:00+02:00,116.0,2025-08-25
uniqueUserZone,OWM Zona5,2025-08-25 00:00:00+02:00,95.0,2025-08-25
uniqueUserZone,OWM Zona4,2025-08-25 00:00:00+02:00,139.0,2025-08-25
uniqueUserZone,OWM Zona3,2025-08-25 00:00:00+02:00,290.0,2025-08-25
uniqueUserZone,OWM Zona2,2025-08-25 00:00:00+02:00,143.0,2025-08-25
uniqueUserZone,OWM Zona1,2025-08-25 00:00:00+02:00,490.0,2025-08-25
uniqueUserZone,OWM Zona9,2025-08-24 00:00:00+02:00,69.0,2025-08-24
uniqueUserZone,OWM Zona8,2025-08-24 00:00:00+02:00,111.0,2025-08-24
uniqueUserZone,OWM Zona7,2025-08-24 00:00:00+02:00,73.0,2025-08-24
uniqueUserZone,OWM Zona6,2025-08-24 00:00:00+02:00,107.0,2025-08-24
uniqueUserZone,OWM Zona5,2025-08-24 00:00:00+02:00,65.0,2025-08-24
uniqueUserZone,OWM Zona4,2025-08-24 00:00:00+02:00,117.0,2025-08-24
uniqueUserZone,OWM Zona3,2025-08-24 00:00:00+02:00,214.0,2025-08-24
uniqueUserZone,OWM Zona2,2025-08-24 00:00:00+02:00,121.0,2025-08-24
uniqueUserZone,OWM Zona1,2025-08-24 00:00:00+02:00,431.0,2025-08-24
uniqueUserZone,OWM Zona9,2025-08-23 00:00:00+02:00,71.0,2025-08-23
uniqueUserZone,OWM Zona8,2025-08-23 00:00:00+02:00,132.0,2025-08-23
uniqueUserZone,OWM Zona7,2025-08-23 00:00:00+02:00,104.0,2025-08-23
uniqueUserZone,OWM Zona6,2025-08-23 00:00:00+02:00,85.0,2025-08-23
uniqueUserZone,OWM Zona5,2025-08-23 00:00:00+02:00,66.0,2025-08-23
uniqueUserZone,OWM Zona4,2025-08-23 00:00:00+02:00,123.0,2025-08-23
uniqueUserZone,OWM Zona3,2025-08-23 00:00:00+02:00,256.0,2025-08-23
uniqueUserZone,OWM Zona2,2025-08-23 00:00:00+02:00,146.0,2025-08-23
uniqueUserZone,OWM Zona1,2025-08-23 00:00:00+02:00,508.0,2025-08-23
uniqueUserZone,OWM Zona9,2025-08-22 00:00:00+02:00,83.0,2025-08-22
uniqueUserZone,OWM Zona8,2025-08-22 00:00:00+02:00,142.0,2025-08-22
uniqueUserZone,OWM Zona7,2025-08-22 00:00:00+02:00,93.0,2025-08-22
uniqueUserZone,OWM Zona6,2025-08-22 00:00:00+02:00,93.0,2025-08-22
uniqueUserZone,OWM Zona5,2025-08-22 00:00:00+02:00,82.0,2025-08-22
uniqueUserZone,OWM Zona4,2025-08-22 00:00:00+02:00,130.0,2025-08-22
uniqueUserZone,OWM Zona3,2025-08-22 00:00:00+02:00,251.0,2025-08-22
uniqueUserZone,OWM Zona2,2025-08-22 00:00:00+02:00,145.0,2025-08-22
uniqueUserZone,OWM Zona1,2025-08-22 00:00:00+02:00,462.0,2025-08-22
uniqueUserZone,OWM Zona9,2025-08-21 00:00:00+02:00,80.0,2025-08-21
uniqueUserZone,OWM Zona8,2025-08-21 00:00:00+02:00,124.0,2025-08-21
uniqueUserZone,OWM Zona7,2025-08-21 00:00:00+02:00,80.0,2025-08-21
uniqueUserZone,OWM Zona6,2025-08-21 00:00:00+02:00,83.0,2025-08-21
uniqueUserZone,OWM Zona5,2025-08-21 00:00:00+02:00,85.0,2025-08-21
uniqueUserZone,OWM Zona4,2025-08-21 00:00:00+02:00,121.0,2025-08-21
uniqueUserZone,OWM Zona3,2025-08-21 00:00:00+02:00,252.0,2025-08-21
uniqueUserZone,OWM Zona2,2025-08-21 00:00:00+02:00,118.0,2025-08-21
uniqueUserZone,OWM Zona1,2025-08-21 00:00:00+02:00,417.0,2025-08-21
uniqueUserZone,OWM Zona9,2025-08-20 00:00:00+02:00,86.0,2025-08-20
uniqueUserZone,OWM Zona8,2025-08-20 00:00:00+02:00,129.0,2025-08-20
uniqueUserZone,OWM Zona7,2025-08-20 00:00:00+02:00,68.0,2025-08-20
uniqueUserZone,OWM Zona6,2025-08-20 00:00:00+02:00,83.0,2025-08-20
uniqueUserZone,OWM Zona5,2025-08-20 00:00:00+02:00,90.0,2025-08-20
uniqueUserZone,OWM Zona4,2025-08-20 00:00:00+02:00,122.0,2025-08-20
uniqueUserZone,OWM Zona3,2025-08-20 00:00:00+02:00,258.0,2025-08-20
uniqueUserZone,OWM Zona2,2025-08-20 00:00:00+02:00,129.0,2025-08-20
uniqueUserZone,OWM Zona1,2025-08-20 00:00:00+02:00,463.0,2025-08-20
uniqueUserZone,OWM Zona9,2025-08-19 00:00:00+02:00,89.0,2025-08-19
uniqueUserZone,OWM Zona8,2025-08-19 00:00:00+02:00,119.0,2025-08-19
uniqueUserZone,OWM Zona7,2025-08-19 00:00:00+02:00,76.0,2025-08-19
uniqueUserZone,OWM Zona6,2025-08-19 00:00:00+02:00,88.0,2025-08-19
uniqueUserZone,OWM Zona5,2025-08-19 00:00:00+02:00,98.0,2025-08-19
uniqueUserZone,OWM Zona4,2025-08-19 00:00:00+02:00,130.0,2025-08-19
uniqueUserZone,OWM Zona3,2025-08-19 00:00:00+02:00,264.0,2025-08-19
uniqueUserZone,OWM Zona2,2025-08-19 00:00:00+02:00,164.0,2025-08-19
uniqueUserZone,OWM Zona1,2025-08-19 00:00:00+02:00,504.0,2025-08-19
uniqueUserZone,OWM Zona9,2025-08-18 00:00:00+02:00,87.0,2025-08-18
uniqueUserZone,OWM Zona8,2025-08-18 00:00:00+02:00,112.0,2025-08-18
uniqueUserZone,OWM Zona7,2025-08-18 00:00:00+02:00,74.0,2025-08-18
uniqueUserZone,OWM Zona6,2025-08-18 00:00:00+02:00,87.0,2025-08-18
uniqueUserZone,OWM Zona5,2025-08-18 00:00:00+02:00,98.0,2025-08-18
uniqueUserZone,OWM Zona4,2025-08-18 00:00:00+02:00,120.0,2025-08-18
uniqueUserZone,OWM Zona3,2025-08-18 00:00:00+02:00,247.0,2025-08-18
uniqueUserZone,OWM Zona2,2025-08-18 00:00:00+02:00,135.0,2025-08-18
uniqueUserZone,OWM Zona1,2025-08-18 00:00:00+02:00,491.0,2025-08-18
uniqueUserZone,OWM Zona9,2025-08-17 00:00:00+02:00,67.0,2025-08-17
uniqueUserZone,OWM Zona8,2025-08-17 00:00:00+02:00,109.0,2025-08-17
uniqueUserZone,OWM Zona7,2025-08-17 00:00:00+02:00,81.0,2025-08-17
uniqueUserZone,OWM Zona6,2025-08-17 00:00:00+02:00,78.0,2025-08-17
uniqueUserZone,OWM Zona5,2025-08-17 00:00:00+02:00,68.0,2025-08-17
uniqueUserZone,OWM Zona4,2025-08-17 00:00:00+02:00,109.0,2025-08-17
uniqueUserZone,OWM Zona3,2025-08-17 00:00:00+02:00,222.0,2025-08-17
uniqueUserZone,OWM Zona2,2025-08-17 00:00:00+02:00,107.0,2025-08-17
uniqueUserZone,OWM Zona1,2025-08-17 00:00:00+02:00,420.0,2025-08-17
uniqueUserZone,OWM Zona9,2025-08-16 00:00:00+02:00,80.0,2025-08-16
uniqueUserZone,OWM Zona8,2025-08-16 00:00:00+02:00,109.0,2025-08-16
uniqueUserZone,OWM Zona7,2025-08-16 00:00:00+02:00,78.0,2025-08-16
uniqueUserZone,OWM Zona6,2025-08-16 00:00:00+02:00,80.0,2025-08-16
uniqueUserZone,OWM Zona5,2025-08-16 00:00:00+02:00,69.0,2025-08-16
uniqueUserZone,OWM Zona4,2025-08-16 00:00:00+02:00,119.0,2025-08-16
uniqueUserZone,OWM Zona3,2025-08-16 00:00:00+02:00,237.0,2025-08-16
uniqueUserZone,OWM Zona2,2025-08-16 00:00:00+02:00,128.0,2025-08-16
uniqueUserZone,OWM Zona1,2025-08-16 00:00:00+02:00,430.0,2025-08-16
uniqueUserZone,OWM Zona9,2025-08-15 00:00:00+02:00,72.0,2025-08-15
uniqueUserZone,OWM Zona8,2025-08-15 00:00:00+02:00,116.0,2025-08-15
uniqueUserZone,OWM Zona7,2025-08-15 00:00:00+02:00,56.0,2025-08-15
uniqueUserZone,OWM Zona6,2025-08-15 00:00:00+02:00,77.0,2025-08-15
uniqueUserZone,OWM Zona5,2025-08-15 00:00:00+02:00,62.0,2025-08-15
uniqueUserZone,OWM Zona4,2025-08-15 00:00:00+02:00,118.0,2025-08-15
uniqueUserZone,OWM Zona3,2025-08-15 00:00:00+02:00,193.0,2025-08-15
uniqueUserZone,OWM Zona2,2025-08-15 00:00:00+02:00,106.0,2025-08-15
uniqueUserZone,OWM Zona1,2025-08-15 00:00:00+02:00,459.0,2025-08-15
uniqueUserZone,OWM Zona9,2025-08-14 00:00:00+02:00,73.0,2025-08-14
uniqueUserZone,OWM Zona8,2025-08-14 00:00:00+02:00,112.0,2025-08-14
uniqueUserZone,OWM Zona7,2025-08-14 00:00:00+02:00,95.0,2025-08-14
uniqueUserZone,OWM Zona6,2025-08-14 00:00:00+02:00,86.0,2025-08-14
uniqueUserZone,OWM Zona5,2025-08-14 00:00:00+02:00,84.0,2025-08-14
uniqueUserZone,OWM Zona4,2025-08-14 00:00:00+02:00,104.0,2025-08-14
uniqueUserZone,OWM Zona3,2025-08-14 00:00:00+02:00,226.0,2025-08-14
uniqueUserZone,OWM Zona2,2025-08-14 00:00:00+02:00,111.0,2025-08-14
uniqueUserZone,OWM Zona1,2025-08-14 00:00:00+02:00,461.0,2025-08-14
uniqueUserZone,OWM Zona9,2025-08-13 00:00:00+02:00,71.0,2025-08-13
uniqueUserZone,OWM Zona8,2025-08-13 00:00:00+02:00,107.0,2025-08-13
uniqueUserZone,OWM Zona7,2025-08-13 00:00:00+02:00,89.0,2025-08-13
uniqueUserZone,OWM Zona6,2025-08-13 00:00:00+02:00,94.0,2025-08-13
uniqueUserZone,OWM Zona5,2025-08-13 00:00:00+02:00,84.0,2025-08-13
uniqueUserZone,OWM Zona4,2025-08-13 00:00:00+02:00,116.0,2025-08-13
uniqueUserZone,OWM Zona3,2025-08-13 00:00:00+02:00,242.0,2025-08-13
uniqueUserZone,OWM Zona2,2025-08-13 00:00:00+02:00,110.0,2025-08-13
uniqueUserZone,OWM Zona1,2025-08-13 00:00:00+02:00,460.0,2025-08-13
uniqueUserZone,OWM Zona9,2025-08-12 00:00:00+02:00,87.0,2025-08-12
uniqueUserZone,OWM Zona8,2025-08-12 00:00:00+02:00,153.0,2025-08-12
uniqueUserZone,OWM Zona7,2025-08-12 00:00:00+02:00,76.0,2025-08-12
uniqueUserZone,OWM Zona6,2025-08-12 00:00:00+02:00,88.0,2025-08-12
uniqueUserZone,OWM Zona5,2025-08-12 00:00:00+02:00,90.0,2025-08-12
uniqueUserZone,OWM Zona4,2025-08-12 00:00:00+02:00,115.0,2025-08-12
uniqueUserZone,OWM Zona3,2025-08-12 00:00:00+02:00,239.0,2025-08-12
uniqueUserZone,OWM Zona2,2025-08-12 00:00:00+02:00,134.0,2025-08-12
uniqueUserZone,OWM Zona1,2025-08-12 00:00:00+02:00,464.0,2025-08-12
uniqueUserZone,OWM Zona9,2025-08-11 00:00:00+02:00,80.0,2025-08-11
uniqueUserZone,OWM Zona8,2025-08-11 00:00:00+02:00,117.0,2025-08-11
uniqueUserZone,OWM Zona7,2025-08-11 00:00:00+02:00,70.0,2025-08-11
uniqueUserZone,OWM Zona6,2025-08-11 00:00:00+02:00,104.0,2025-08-11
uniqueUserZone,OWM Zona5,2025-08-11 00:00:00+02:00,80.0,2025-08-11
uniqueUserZone,OWM Zona4,2025-08-11 00:00:00+02:00,116.0,2025-08-11
uniqueUserZone,OWM Zona3,2025-08-11 00:00:00+02:00,234.0,2025-08-11
uniqueUserZone,OWM Zona2,2025-08-11 00:00:00+02:00,130.0,2025-08-11
uniqueUserZone,OWM Zona1,2025-08-11 00:00:00+02:00,470.0,2025-08-11
uniqueUserZone,OWM Zona9,2025-08-10 00:00:00+02:00,64.0,2025-08-10
uniqueUserZone,OWM Zona8,2025-08-10 00:00:00+02:00,102.0,2025-08-10
uniqueUserZone,OWM Zona7,2025-08-10 00:00:00+02:00,75.0,2025-08-10
uniqueUserZone,OWM Zona6,2025-08-10 00:00:00+02:00,71.0,2025-08-10
uniqueUserZone,OWM Zona5,2025-08-10 00:00:00+02:00,83.0,2025-08-10
uniqueUserZone,OWM Zona4,2025-08-10 00:00:00+02:00,122.0,2025-08-10
uniqueUserZone,OWM Zona3,2025-08-10 00:00:00+02:00,218.0,2025-08-10
uniqueUserZone,OWM Zona2,2025-08-10 00:00:00+02:00,133.0,2025-08-10
uniqueUserZone,OWM Zona1,2025-08-10 00:00:00+02:00,415.0,2025-08-10
uniqueUserZone,OWM Zona9,2025-08-09 00:00:00+02:00,91.0,2025-08-09
uniqueUserZone,OWM Zona8,2025-08-09 00:00:00+02:00,133.0,2025-08-09
uniqueUserZone,OWM Zona7,2025-08-09 00:00:00+02:00,90.0,2025-08-09
uniqueUserZone,OWM Zona6,2025-08-09 00:00:00+02:00,73.0,2025-08-09
uniqueUserZone,OWM Zona5,2025-08-09 00:00:00+02:00,93.0,2025-08-09
uniqueUserZone,OWM Zona4,2025-08-09 00:00:00+02:00,125.0,2025-08-09
uniqueUserZone,OWM Zona3,2025-08-09 00:00:00+02:00,237.0,2025-08-09
uniqueUserZone,OWM Zona2,2025-08-09 00:00:00+02:00,146.0,2025-08-09
uniqueUserZone,OWM Zona1,2025-08-09 00:00:00+02:00,499.0,2025-08-09
uniqueUserZone,OWM Zona9,2025-08-08 00:00:00+02:00,84.0,2025-08-08
uniqueUserZone,OWM Zona8,2025-08-08 00:00:00+02:00,154.0,2025-08-08
uniqueUserZone,OWM Zona7,2025-08-08 00:00:00+02:00,87.0,2025-08-08
uniqueUserZone,OWM Zona6,2025-08-08 00:00:00+02:00,81.0,2025-08-08
uniqueUserZone,OWM Zona5,2025-08-08 00:00:00+02:00,90.0,2025-08-08
uniqueUserZone,OWM Zona4,2025-08-08 00:00:00+02:00,133.0,2025-08-08
uniqueUserZone,OWM Zona3,2025-08-08 00:00:00+02:00,298.0,2025-08-08
uniqueUserZone,OWM Zona2,2025-08-08 00:00:00+02:00,157.0,2025-08-08
uniqueUserZone,OWM Zona1,2025-08-08 00:00:00+02:00,506.0,2025-08-08
uniqueUserZone,OWM Zona9,2025-08-07 00:00:00+02:00,85.0,2025-08-07
uniqueUserZone,OWM Zona8,2025-08-07 00:00:00+02:00,151.0,2025-08-07
uniqueUserZone,OWM Zona7,2025-08-07 00:00:00+02:00,88.0,2025-08-07
uniqueUserZone,OWM Zona6,2025-08-07 00:00:00+02:00,94.0,2025-08-07
uniqueUserZone,OWM Zona5,2025-08-07 00:00:00+02:00,101.0,2025-08-07
uniqueUserZone,OWM Zona4,2025-08-07 00:00:00+02:00,118.0,2025-08-07
uniqueUserZone,OWM Zona3,2025-08-07 00:00:00+02:00,271.0,2025-08-07
uniqueUserZone,OWM Zona2,2025-08-07 00:00:00+02:00,153.0,2025-08-07
uniqueUserZone,OWM Zona1,2025-08-07 00:00:00+02:00,695.0,2025-08-07
uniqueUserZone,OWM Zona9,2025-08-06 00:00:00+02:00,106.0,2025-08-06
uniqueUserZone,OWM Zona8,2025-08-06 00:00:00+02:00,167.0,2025-08-06
uniqueUserZone,OWM Zona7,2025-08-06 00:00:00+02:00,96.0,2025-08-06
uniqueUserZone,OWM Zona6,2025-08-06 00:00:00+02:00,119.0,2025-08-06
uniqueUserZone,OWM Zona5,2025-08-06 00:00:00+02:00,94.0,2025-08-06
uniqueUserZone,OWM Zona4,2025-08-06 00:00:00+02:00,133.0,2025-08-06
uniqueUserZone,OWM Zona3,2025-08-06 00:00:00+02:00,286.0,2025-08-06
uniqueUserZone,OWM Zona2,2025-08-06 00:00:00+02:00,150.0,2025-08-06
uniqueUserZone,OWM Zona1,2025-08-06 00:00:00+02:00,708.0,2025-08-06
uniqueUserZone,OWM Zona9,2025-08-05 00:00:00+02:00,94.0,2025-08-05
uniqueUserZone,OWM Zona8,2025-08-05 00:00:00+02:00,144.0,2025-08-05
uniqueUserZone,OWM Zona7,2025-08-05 00:00:00+02:00,89.0,2025-08-05
uniqueUserZone,OWM Zona6,2025-08-05 00:00:00+02:00,113.0,2025-08-05
uniqueUserZone,OWM Zona5,2025-08-05 00:00:00+02:00,103.0,2025-08-05
uniqueUserZone,OWM Zona4,2025-08-05 00:00:00+02:00,152.0,2025-08-05
uniqueUserZone,OWM Zona3,2025-08-05 00:00:00+02:00,287.0,2025-08-05
uniqueUserZone,OWM Zona2,2025-08-05 00:00:00+02:00,165.0,2025-08-05
uniqueUserZone,OWM Zona1,2025-08-05 00:00:00+02:00,729.0,2025-08-05
uniqueUserZone,OWM Zona9,2025-08-04 00:00:00+02:00,95.0,2025-08-04
uniqueUserZone,OWM Zona8,2025-08-04 00:00:00+02:00,156.0,2025-08-04
uniqueUserZone,OWM Zona7,2025-08-04 00:00:00+02:00,76.0,2025-08-04
uniqueUserZone,OWM Zona6,2025-08-04 00:00:00+02:00,127.0,2025-08-04
uniqueUserZone,OWM Zona5,2025-08-04 00:00:00+02:00,100.0,2025-08-04
uniqueUserZone,OWM Zona4,2025-08-04 00:00:00+02:00,147.0,2025-08-04
uniqueUserZone,OWM Zona3,2025-08-04 00:00:00+02:00,324.0,2025-08-04
uniqueUserZone,OWM Zona2,2025-08-04 00:00:00+02:00,169.0,2025-08-04
uniqueUserZone,OWM Zona1,2025-08-04 00:00:00+02:00,670.0,2025-08-04
uniqueUserZone,OWM Zona9,2025-08-03 00:00:00+02:00,84.0,2025-08-03
uniqueUserZone,OWM Zona8,2025-08-03 00:00:00+02:00,133.0,2025-08-03
uniqueUserZone,OWM Zona7,2025-08-03 00:00:00+02:00,72.0,2025-08-03
uniqueUserZone,OWM Zona6,2025-08-03 00:00:00+02:00,99.0,2025-08-03
uniqueUserZone,OWM Zona5,2025-08-03 00:00:00+02:00,92.0,2025-08-03
uniqueUserZone,OWM Zona4,2025-08-03 00:00:00+02:00,128.0,2025-08-03
uniqueUserZone,OWM Zona3,2025-08-03 00:00:00+02:00,266.0,2025-08-03
uniqueUserZone,OWM Zona2,2025-08-03 00:00:00+02:00,127.0,2025-08-03
uniqueUserZone,OWM Zona1,2025-08-03 00:00:00+02:00,453.0,2025-08-03
uniqueUserZone,OWM Zona9,2025-08-02 00:00:00+02:00,95.0,2025-08-02
uniqueUserZone,OWM Zona8,2025-08-02 00:00:00+02:00,137.0,2025-08-02
uniqueUserZone,OWM Zona7,2025-08-02 00:00:00+02:00,96.0,2025-08-02
uniqueUserZone,OWM Zona6,2025-08-02 00:00:00+02:00,98.0,2025-08-02
uniqueUserZone,OWM Zona5,2025-08-02 00:00:00+02:00,102.0,2025-08-02
uniqueUserZone,OWM Zona4,2025-08-02 00:00:00+02:00,151.0,2025-08-02
uniqueUserZone,OWM Zona3,2025-08-02 00:00:00+02:00,324.0,2025-08-02
uniqueUserZone,OWM Zona2,2025-08-02 00:00:00+02:00,153.0,2025-08-02
uniqueUserZone,OWM Zona1,2025-08-02 00:00:00+02:00,481.0,2025-08-02
uniqueUserZone,OWM Zona9,2025-08-01 00:00:00+02:00,94.0,2025-08-01
uniqueUserZone,OWM Zona8,2025-08-01 00:00:00+02:00,145.0,2025-08-01
uniqueUserZone,OWM Zona7,2025-08-01 00:00:00+02:00,90.0,2025-08-01
uniqueUserZone,OWM Zona6,2025-08-01 00:00:00+02:00,115.0,2025-08-01
uniqueUserZone,OWM Zona5,2025-08-01 00:00:00+02:00,102.0,2025-08-01
uniqueUserZone,OWM Zona4,2025-08-01 00:00:00+02:00,171.0,2025-08-01
uniqueUserZone,OWM Zona3,2025-08-01 00:00:00+02:00,335.0,2025-08-01
uniqueUserZone,OWM Zona2,2025-08-01 00:00:00+02:00,165.0,2025-08-01
uniqueUserZone,OWM Zona1,2025-08-01 00:00:00+02:00,730.0,2025-08-01
uniqueUserZone,OWM Zona9,2025-07-31 00:00:00+02:00,117.0,2025-07-31
uniqueUserZone,OWM Zona8,2025-07-31 00:00:00+02:00,160.0,2025-07-31
uniqueUserZone,OWM Zona7,2025-07-31 00:00:00+02:00,95.0,2025-07-31
uniqueUserZone,OWM Zona6,2025-07-31 00:00:00+02:00,119.0,2025-07-31
uniqueUserZone,OWM Zona5,2025-07-31 00:00:00+02:00,114.0,2025-07-31
uniqueUserZone,OWM Zona4,2025-07-31 00:00:00+02:00,180.0,2025-07-31
uniqueUserZone,OWM Zona3,2025-07-31 00:00:00+02:00,352.0,2025-07-31
uniqueUserZone,OWM Zona2,2025-07-31 00:00:00+02:00,193.0,2025-07-31
uniqueUserZone,OWM Zona1,2025-07-31 00:00:00+02:00,747.0,2025-07-31
uniqueUserZone,OWM Zona9,2025-07-30 00:00:00+02:00,97.0,2025-07-30
uniqueUserZone,OWM Zona8,2025-07-30 00:00:00+02:00,158.0,2025-07-30
uniqueUserZone,OWM Zona7,2025-07-30 00:00:00+02:00,98.0,2025-07-30
uniqueUserZone,OWM Zona6,2025-07-30 00:00:00+02:00,111.0,2025-07-30
uniqueUserZone,OWM Zona5,2025-07-30 00:00:00+02:00,123.0,2025-07-30
uniqueUserZone,OWM Zona4,2025-07-30 00:00:00+02:00,159.0,2025-07-30
uniqueUserZone,OWM Zona3,2025-07-30 00:00:00+02:00,353.0,2025-07-30
uniqueUserZone,OWM Zona2,2025-07-30 00:00:00+02:00,156.0,2025-07-30
uniqueUserZone,OWM Zona1,2025-07-30 00:00:00+02:00,776.0,2025-07-30
uniqueUserZone,OWM Zona9,2025-07-29 00:00:00+02:00,108.0,2025-07-29
uniqueUserZone,OWM Zona8,2025-07-29 00:00:00+02:00,155.0,2025-07-29
uniqueUserZone,OWM Zona7,2025-07-29 00:00:00+02:00,122.0,2025-07-29
uniqueUserZone,OWM Zona6,2025-07-29 00:00:00+02:00,121.0,2025-07-29
uniqueUserZone,OWM Zona5,2025-07-29 00:00:00+02:00,123.0,2025-07-29
uniqueUserZone,OWM Zona4,2025-07-29 00:00:00+02:00,156.0,2025-07-29
uniqueUserZone,OWM Zona3,2025-07-29 00:00:00+02:00,340.0,2025-07-29
uniqueUserZone,OWM Zona2,2025-07-29 00:00:00+02:00,167.0,2025-07-29
uniqueUserZone,OWM Zona1,2025-07-29 00:00:00+02:00,774.0,2025-07-29
uniqueUserZone,OWM Zona9,2025-07-28 00:00:00+02:00,102.0,2025-07-28
uniqueUserZone,OWM Zona8,2025-07-28 00:00:00+02:00,144.0,2025-07-28
uniqueUserZone,OWM Zona7,2025-07-28 00:00:00+02:00,109.0,2025-07-28
uniqueUserZone,OWM Zona6,2025-07-28 00:00:00+02:00,102.0,2025-07-28
uniqueUserZone,OWM Zona5,2025-07-28 00:00:00+02:00,110.0,2025-07-28
uniqueUserZone,OWM Zona4,2025-07-28 00:00:00+02:00,148.0,2025-07-28
uniqueUserZone,OWM Zona3,2025-07-28 00:00:00+02:00,332.0,2025-07-28
uniqueUserZone,OWM Zona2,2025-07-28 00:00:00+02:00,196.0,2025-07-28
uniqueUserZone,OWM Zona1,2025-07-28 00:00:00+02:00,707.0,2025-07-28
uniqueUserZone,OWM Zona9,2025-07-27 00:00:00+02:00,71.0,2025-07-27
uniqueUserZone,OWM Zona8,2025-07-27 00:00:00+02:00,115.0,2025-07-27
uniqueUserZone,OWM Zona7,2025-07-27 00:00:00+02:00,86.0,2025-07-27
uniqueUserZone,OWM Zona6,2025-07-27 00:00:00+02:00,100.0,2025-07-27
uniqueUserZone,OWM Zona5,2025-07-27 00:00:00+02:00,81.0,2025-07-27
uniqueUserZone,OWM Zona4,2025-07-27 00:00:00+02:00,149.0,2025-07-27
uniqueUserZone,OWM Zona3,2025-07-27 00:00:00+02:00,281.0,2025-07-27
uniqueUserZone,OWM Zona2,2025-07-27 00:00:00+02:00,168.0,2025-07-27
uniqueUserZone,OWM Zona1,2025-07-27 00:00:00+02:00,466.0,2025-07-27
uniqueUserZone,OWM Zona9,2025-07-26 00:00:00+02:00,69.0,2025-07-26
uniqueUserZone,OWM Zona8,2025-07-26 00:00:00+02:00,137.0,2025-07-26
uniqueUserZone,OWM Zona7,2025-07-26 00:00:00+02:00,86.0,2025-07-26
uniqueUserZone,OWM Zona6,2025-07-26 00:00:00+02:00,97.0,2025-07-26
uniqueUserZone,OWM Zona5,2025-07-26 00:00:00+02:00,102.0,2025-07-26
uniqueUserZone,OWM Zona4,2025-07-26 00:00:00+02:00,141.0,2025-07-26
uniqueUserZone,OWM Zona3,2025-07-26 00:00:00+02:00,277.0,2025-07-26
uniqueUserZone,OWM Zona2,2025-07-26 00:00:00+02:00,160.0,2025-07-26
uniqueUserZone,OWM Zona1,2025-07-26 00:00:00+02:00,524.0,2025-07-26
uniqueUserZone,OWM Zona9,2025-07-25 00:00:00+02:00,110.0,2025-07-25
uniqueUserZone,OWM Zona8,2025-07-25 00:00:00+02:00,165.0,2025-07-25
uniqueUserZone,OWM Zona7,2025-07-25 00:00:00+02:00,101.0,2025-07-25
uniqueUserZone,OWM Zona6,2025-07-25 00:00:00+02:00,123.0,2025-07-25
uniqueUserZone,OWM Zona5,2025-07-25 00:00:00+02:00,131.0,2025-07-25
uniqueUserZone,OWM Zona4,2025-07-25 00:00:00+02:00,161.0,2025-07-25
uniqueUserZone,OWM Zona3,2025-07-25 00:00:00+02:00,315.0,2025-07-25
uniqueUserZone,OWM Zona2,2025-07-25 00:00:00+02:00,203.0,2025-07-25
uniqueUserZone,OWM Zona1,2025-07-25 00:00:00+02:00,789.0,2025-07-25
uniqueUserZone,OWM Zona9,2025-07-24 00:00:00+02:00,111.0,2025-07-24
uniqueUserZone,OWM Zona8,2025-07-24 00:00:00+02:00,173.0,2025-07-24
uniqueUserZone,OWM Zona7,2025-07-24 00:00:00+02:00,114.0,2025-07-24
uniqueUserZone,OWM Zona6,2025-07-24 00:00:00+02:00,115.0,2025-07-24
uniqueUserZone,OWM Zona5,2025-07-24 00:00:00+02:00,135.0,2025-07-24
uniqueUserZone,OWM Zona4,2025-07-24 00:00:00+02:00,190.0,2025-07-24
uniqueUserZone,OWM Zona3,2025-07-24 00:00:00+02:00,339.0,2025-07-24
uniqueUserZone,OWM Zona2,2025-07-24 00:00:00+02:00,190.0,2025-07-24
uniqueUserZone,OWM Zona1,2025-07-24 00:00:00+02:00,775.0,2025-07-24
uniqueUserZone,OWM Zona9,2025-07-23 00:00:00+02:00,109.0,2025-07-23
uniqueUserZone,OWM Zona8,2025-07-23 00:00:00+02:00,165.0,2025-07-23
uniqueUserZone,OWM Zona7,2025-07-23 00:00:00+02:00,93.0,2025-07-23
uniqueUserZone,OWM Zona6,2025-07-23 00:00:00+02:00,124.0,2025-07-23
uniqueUserZone,OWM Zona5,2025-07-23 00:00:00+02:00,131.0,2025-07-23
uniqueUserZone,OWM Zona4,2025-07-23 00:00:00+02:00,181.0,2025-07-23
uniqueUserZone,OWM Zona3,2025-07-23 00:00:00+02:00,371.0,2025-07-23
uniqueUserZone,OWM Zona2,2025-07-23 00:00:00+02:00,212.0,2025-07-23
uniqueUserZone,OWM Zona1,2025-07-23 00:00:00+02:00,749.0,2025-07-23
uniqueUserZone,OWM Zona9,2025-07-22 00:00:00+02:00,107.0,2025-07-22
uniqueUserZone,OWM Zona8,2025-07-22 00:00:00+02:00,171.0,2025-07-22
uniqueUserZone,OWM Zona7,2025-07-22 00:00:00+02:00,105.0,2025-07-22
uniqueUserZone,OWM Zona6,2025-07-22 00:00:00+02:00,113.0,2025-07-22
uniqueUserZone,OWM Zona5,2025-07-22 00:00:00+02:00,128.0,2025-07-22
uniqueUserZone,OWM Zona4,2025-07-22 00:00:00+02:00,180.0,2025-07-22
uniqueUserZone,OWM Zona3,2025-07-22 00:00:00+02:00,353.0,2025-07-22
uniqueUserZone,OWM Zona2,2025-07-22 00:00:00+02:00,203.0,2025-07-22
uniqueUserZone,OWM Zona1,2025-07-22 00:00:00+02:00,701.0,2025-07-22
uniqueUserZone,OWM Zona9,2025-07-21 00:00:00+02:00,109.0,2025-07-21
uniqueUserZone,OWM Zona8,2025-07-21 00:00:00+02:00,163.0,2025-07-21
uniqueUserZone,OWM Zona7,2025-07-21 00:00:00+02:00,86.0,2025-07-21
uniqueUserZone,OWM Zona6,2025-07-21 00:00:00+02:00,112.0,2025-07-21
uniqueUserZone,OWM Zona5,2025-07-21 00:00:00+02:00,129.0,2025-07-21
uniqueUserZone,OWM Zona4,2025-07-21 00:00:00+02:00,165.0,2025-07-21
uniqueUserZone,OWM Zona3,2025-07-21 00:00:00+02:00,343.0,2025-07-21
uniqueUserZone,OWM Zona2,2025-07-21 00:00:00+02:00,184.0,2025-07-21
uniqueUserZone,OWM Zona1,2025-07-21 00:00:00+02:00,663.0,2025-07-21
uniqueUserZone,OWM Zona9,2025-07-20 00:00:00+02:00,84.0,2025-07-20
uniqueUserZone,OWM Zona8,2025-07-20 00:00:00+02:00,129.0,2025-07-20
uniqueUserZone,OWM Zona7,2025-07-20 00:00:00+02:00,65.0,2025-07-20
uniqueUserZone,OWM Zona6,2025-07-20 00:00:00+02:00,93.0,2025-07-20
uniqueUserZone,OWM Zona5,2025-07-20 00:00:00+02:00,92.0,2025-07-20
uniqueUserZone,OWM Zona4,2025-07-20 00:00:00+02:00,146.0,2025-07-20
uniqueUserZone,OWM Zona3,2025-07-20 00:00:00+02:00,273.0,2025-07-20
uniqueUserZone,OWM Zona2,2025-07-20 00:00:00+02:00,143.0,2025-07-20
uniqueUserZone,OWM Zona1,2025-07-20 00:00:00+02:00,506.0,2025-07-20
uniqueUserZone,OWM Zona9,2025-07-19 00:00:00+02:00,106.0,2025-07-19
uniqueUserZone,OWM Zona8,2025-07-19 00:00:00+02:00,154.0,2025-07-19
uniqueUserZone,OWM Zona7,2025-07-19 00:00:00+02:00,85.0,2025-07-19
uniqueUserZone,OWM Zona6,2025-07-19 00:00:00+02:00,111.0,2025-07-19
uniqueUserZone,OWM Zona5,2025-07-19 00:00:00+02:00,111.0,2025-07-19
uniqueUserZone,OWM Zona4,2025-07-19 00:00:00+02:00,167.0,2025-07-19
uniqueUserZone,OWM Zona3,2025-07-19 00:00:00+02:00,314.0,2025-07-19
uniqueUserZone,OWM Zona2,2025-07-19 00:00:00+02:00,190.0,2025-07-19
uniqueUserZone,OWM Zona1,2025-07-19 00:00:00+02:00,621.0,2025-07-19
uniqueUserZone,OWM Zona9,2025-07-18 00:00:00+02:00,118.0,2025-07-18
uniqueUserZone,OWM Zona8,2025-07-18 00:00:00+02:00,181.0,2025-07-18
uniqueUserZone,OWM Zona7,2025-07-18 00:00:00+02:00,107.0,2025-07-18
uniqueUserZone,OWM Zona6,2025-07-18 00:00:00+02:00,125.0,2025-07-18
uniqueUserZone,OWM Zona5,2025-07-18 00:00:00+02:00,132.0,2025-07-18
uniqueUserZone,OWM Zona4,2025-07-18 00:00:00+02:00,172.0,2025-07-18
uniqueUserZone,OWM Zona3,2025-07-18 00:00:00+02:00,338.0,2025-07-18
uniqueUserZone,OWM Zona2,2025-07-18 00:00:00+02:00,207.0,2025-07-18
uniqueUserZone,OWM Zona1,2025-07-18 00:00:00+02:00,605.0,2025-07-18
uniqueUserZone,OWM Zona9,2025-07-17 00:00:00+02:00,115.0,2025-07-17
uniqueUserZone,OWM Zona8,2025-07-17 00:00:00+02:00,177.0,2025-07-17
uniqueUserZone,OWM Zona7,2025-07-17 00:00:00+02:00,122.0,2025-07-17
uniqueUserZone,OWM Zona6,2025-07-17 00:00:00+02:00,132.0,2025-07-17
uniqueUserZone,OWM Zona5,2025-07-17 00:00:00+02:00,142.0,2025-07-17
uniqueUserZone,OWM Zona4,2025-07-17 00:00:00+02:00,181.0,2025-07-17
uniqueUserZone,OWM Zona3,2025-07-17 00:00:00+02:00,344.0,2025-07-17
uniqueUserZone,OWM Zona2,2025-07-17 00:00:00+02:00,196.0,2025-07-17
uniqueUserZone,OWM Zona1,2025-07-17 00:00:00+02:00,557.0,2025-07-17
uniqueUserZone,OWM Zona9,2025-07-16 00:00:00+02:00,119.0,2025-07-16
uniqueUserZone,OWM Zona8,2025-07-16 00:00:00+02:00,189.0,2025-07-16
uniqueUserZone,OWM Zona7,2025-07-16 00:00:00+02:00,115.0,2025-07-16
uniqueUserZone,OWM Zona6,2025-07-16 00:00:00+02:00,137.0,2025-07-16
uniqueUserZone,OWM Zona5,2025-07-16 00:00:00+02:00,134.0,2025-07-16
uniqueUserZone,OWM Zona4,2025-07-16 00:00:00+02:00,179.0,2025-07-16
uniqueUserZone,OWM Zona3,2025-07-16 00:00:00+02:00,363.0,2025-07-16
uniqueUserZone,OWM Zona2,2025-07-16 00:00:00+02:00,217.0,2025-07-16
uniqueUserZone,OWM Zona1,2025-07-16 00:00:00+02:00,597.0,2025-07-16
uniqueUserZone,OWM Zona9,2025-07-15 00:00:00+02:00,124.0,2025-07-15
uniqueUserZone,OWM Zona8,2025-07-15 00:00:00+02:00,197.0,2025-07-15
uniqueUserZone,OWM Zona7,2025-07-15 00:00:00+02:00,119.0,2025-07-15
uniqueUserZone,OWM Zona6,2025-07-15 00:00:00+02:00,127.0,2025-07-15
uniqueUserZone,OWM Zona5,2025-07-15 00:00:00+02:00,145.0,2025-07-15
uniqueUserZone,OWM Zona4,2025-07-15 00:00:00+02:00,202.0,2025-07-15
uniqueUserZone,OWM Zona3,2025-07-15 00:00:00+02:00,375.0,2025-07-15
uniqueUserZone,OWM Zona2,2025-07-15 00:00:00+02:00,209.0,2025-07-15
uniqueUserZone,OWM Zona1,2025-07-15 00:00:00+02:00,543.0,2025-07-15
uniqueUserZone,OWM Zona9,2025-07-14 00:00:00+02:00,114.0,2025-07-14
uniqueUserZone,OWM Zona8,2025-07-14 00:00:00+02:00,194.0,2025-07-14
uniqueUserZone,OWM Zona7,2025-07-14 00:00:00+02:00,133.0,2025-07-14
uniqueUserZone,OWM Zona6,2025-07-14 00:00:00+02:00,138.0,2025-07-14
uniqueUserZone,OWM Zona5,2025-07-14 00:00:00+02:00,128.0,2025-07-14
uniqueUserZone,OWM Zona4,2025-07-14 00:00:00+02:00,198.0,2025-07-14
uniqueUserZone,OWM Zona3,2025-07-14 00:00:00+02:00,375.0,2025-07-14
uniqueUserZone,OWM Zona2,2025-07-14 00:00:00+02:00,222.0,2025-07-14
uniqueUserZone,OWM Zona1,2025-07-14 00:00:00+02:00,608.0,2025-07-14
uniqueUserZone,OWM Zona9,2025-07-13 00:00:00+02:00,87.0,2025-07-13
uniqueUserZone,OWM Zona8,2025-07-13 00:00:00+02:00,147.0,2025-07-13
uniqueUserZone,OWM Zona7,2025-07-13 00:00:00+02:00,89.0,2025-07-13
uniqueUserZone,OWM Zona6,2025-07-13 00:00:00+02:00,118.0,2025-07-13
uniqueUserZone,OWM Zona5,2025-07-13 00:00:00+02:00,100.0,2025-07-13
uniqueUserZone,OWM Zona4,2025-07-13 00:00:00+02:00,157.0,2025-07-13
uniqueUserZone,OWM Zona3,2025-07-13 00:00:00+02:00,279.0,2025-07-13
uniqueUserZone,OWM Zona2,2025-07-13 00:00:00+02:00,163.0,2025-07-13
uniqueUserZone,OWM Zona1,2025-07-13 00:00:00+02:00,562.0,2025-07-13
uniqueUserZone,OWM Zona9,2025-07-12 00:00:00+02:00,109.0,2025-07-12
uniqueUserZone,OWM Zona8,2025-07-12 00:00:00+02:00,167.0,2025-07-12
uniqueUserZone,OWM Zona7,2025-07-12 00:00:00+02:00,110.0,2025-07-12
uniqueUserZone,OWM Zona6,2025-07-12 00:00:00+02:00,120.0,2025-07-12
uniqueUserZone,OWM Zona5,2025-07-12 00:00:00+02:00,96.0,2025-07-12
uniqueUserZone,OWM Zona4,2025-07-12 00:00:00+02:00,160.0,2025-07-12
uniqueUserZone,OWM Zona3,2025-07-12 00:00:00+02:00,318.0,2025-07-12
uniqueUserZone,OWM Zona2,2025-07-12 00:00:00+02:00,185.0,2025-07-12
uniqueUserZone,OWM Zona1,2025-07-12 00:00:00+02:00,615.0,2025-07-12
uniqueUserZone,OWM Zona9,2025-07-11 00:00:00+02:00,123.0,2025-07-11
uniqueUserZone,OWM Zona8,2025-07-11 00:00:00+02:00,172.0,2025-07-11
uniqueUserZone,OWM Zona7,2025-07-11 00:00:00+02:00,96.0,2025-07-11
uniqueUserZone,OWM Zona6,2025-07-11 00:00:00+02:00,148.0,2025-07-11
uniqueUserZone,OWM Zona5,2025-07-11 00:00:00+02:00,129.0,2025-07-11
uniqueUserZone,OWM Zona4,2025-07-11 00:00:00+02:00,207.0,2025-07-11
uniqueUserZone,OWM Zona3,2025-07-11 00:00:00+02:00,340.0,2025-07-11
uniqueUserZone,OWM Zona2,2025-07-11 00:00:00+02:00,194.0,2025-07-11
uniqueUserZone,OWM Zona1,2025-07-11 00:00:00+02:00,594.0,2025-07-11
uniqueUserZone,OWM Zona9,2025-07-10 00:00:00+02:00,129.0,2025-07-10
uniqueUserZone,OWM Zona8,2025-07-10 00:00:00+02:00,190.0,2025-07-10
uniqueUserZone,OWM Zona7,2025-07-10 00:00:00+02:00,96.0,2025-07-10
uniqueUserZone,OWM Zona6,2025-07-10 00:00:00+02:00,159.0,2025-07-10
uniqueUserZone,OWM Zona5,2025-07-10 00:00:00+02:00,140.0,2025-07-10
uniqueUserZone,OWM Zona4,2025-07-10 00:00:00+02:00,189.0,2025-07-10
uniqueUserZone,OWM Zona3,2025-07-10 00:00:00+02:00,373.0,2025-07-10
uniqueUserZone,OWM Zona2,2025-07-10 00:00:00+02:00,204.0,2025-07-10
uniqueUserZone,OWM Zona1,2025-07-10 00:00:00+02:00,561.0,2025-07-10
uniqueUserZone,OWM Zona9,2025-07-09 00:00:00+02:00,112.0,2025-07-09
uniqueUserZone,OWM Zona8,2025-07-09 00:00:00+02:00,195.0,2025-07-09
uniqueUserZone,OWM Zona7,2025-07-09 00:00:00+02:00,88.0,2025-07-09
uniqueUserZone,OWM Zona6,2025-07-09 00:00:00+02:00,160.0,2025-07-09
uniqueUserZone,OWM Zona5,2025-07-09 00:00:00+02:00,136.0,2025-07-09
uniqueUserZone,OWM Zona4,2025-07-09 00:00:00+02:00,190.0,2025-07-09
uniqueUserZone,OWM Zona3,2025-07-09 00:00:00+02:00,390.0,2025-07-09
uniqueUserZone,OWM Zona2,2025-07-09 00:00:00+02:00,209.0,2025-07-09
uniqueUserZone,OWM Zona1,2025-07-09 00:00:00+02:00,637.0,2025-07-09
uniqueUserZone,OWM Zona9,2025-07-08 00:00:00+02:00,115.0,2025-07-08
uniqueUserZone,OWM Zona8,2025-07-08 00:00:00+02:00,181.0,2025-07-08
uniqueUserZone,OWM Zona7,2025-07-08 00:00:00+02:00,98.0,2025-07-08
uniqueUserZone,OWM Zona6,2025-07-08 00:00:00+02:00,138.0,2025-07-08
uniqueUserZone,OWM Zona5,2025-07-08 00:00:00+02:00,137.0,2025-07-08
uniqueUserZone,OWM Zona4,2025-07-08 00:00:00+02:00,198.0,2025-07-08
uniqueUserZone,OWM Zona3,2025-07-08 00:00:00+02:00,334.0,2025-07-08
uniqueUserZone,OWM Zona2,2025-07-08 00:00:00+02:00,202.0,2025-07-08
uniqueUserZone,OWM Zona1,2025-07-08 00:00:00+02:00,621.0,2025-07-08
uniqueUserZone,OWM Zona9,2025-07-07 00:00:00+02:00,108.0,2025-07-07
uniqueUserZone,OWM Zona8,2025-07-07 00:00:00+02:00,146.0,2025-07-07
uniqueUserZone,OWM Zona7,2025-07-07 00:00:00+02:00,87.0,2025-07-07
uniqueUserZone,OWM Zona6,2025-07-07 00:00:00+02:00,114.0,2025-07-07
uniqueUserZone,OWM Zona5,2025-07-07 00:00:00+02:00,140.0,2025-07-07
uniqueUserZone,OWM Zona4,2025-07-07 00:00:00+02:00,193.0,2025-07-07
uniqueUserZone,OWM Zona3,2025-07-07 00:00:00+02:00,321.0,2025-07-07
uniqueUserZone,OWM Zona2,2025-07-07 00:00:00+02:00,199.0,2025-07-07
uniqueUserZone,OWM Zona1,2025-07-07 00:00:00+02:00,581.0,2025-07-07
uniqueUserZone,OWM Zona9,2025-07-06 00:00:00+02:00,77.0,2025-07-06
uniqueUserZone,OWM Zona8,2025-07-06 00:00:00+02:00,109.0,2025-07-06
uniqueUserZone,OWM Zona7,2025-07-06 00:00:00+02:00,82.0,2025-07-06
uniqueUserZone,OWM Zona6,2025-07-06 00:00:00+02:00,103.0,2025-07-06
uniqueUserZone,OWM Zona5,2025-07-06 00:00:00+02:00,101.0,2025-07-06
uniqueUserZone,OWM Zona4,2025-07-06 00:00:00+02:00,131.0,2025-07-06
uniqueUserZone,OWM Zona3,2025-07-06 00:00:00+02:00,235.0,2025-07-06
uniqueUserZone,OWM Zona2,2025-07-06 00:00:00+02:00,131.0,2025-07-06
uniqueUserZone,OWM Zona1,2025-07-06 00:00:00+02:00,520.0,2025-07-06
uniqueUserZone,OWM Zona9,2025-07-05 00:00:00+02:00,79.0,2025-07-05
uniqueUserZone,OWM Zona8,2025-07-05 00:00:00+02:00,146.0,2025-07-05
uniqueUserZone,OWM Zona7,2025-07-05 00:00:00+02:00,107.0,2025-07-05
uniqueUserZone,OWM Zona6,2025-07-05 00:00:00+02:00,160.0,2025-07-05
uniqueUserZone,OWM Zona5,2025-07-05 00:00:00+02:00,139.0,2025-07-05
uniqueUserZone,OWM Zona4,2025-07-05 00:00:00+02:00,163.0,2025-07-05
uniqueUserZone,OWM Zona3,2025-07-05 00:00:00+02:00,326.0,2025-07-05
uniqueUserZone,OWM Zona2,2025-07-05 00:00:00+02:00,170.0,2025-07-05
uniqueUserZone,OWM Zona1,2025-07-05 00:00:00+02:00,716.0,2025-07-05
uniqueUserZone,OWM Zona9,2025-07-04 00:00:00+02:00,106.0,2025-07-04
uniqueUserZone,OWM Zona8,2025-07-04 00:00:00+02:00,174.0,2025-07-04
uniqueUserZone,OWM Zona7,2025-07-04 00:00:00+02:00,106.0,2025-07-04
uniqueUserZone,OWM Zona6,2025-07-04 00:00:00+02:00,158.0,2025-07-04
uniqueUserZone,OWM Zona5,2025-07-04 00:00:00+02:00,147.0,2025-07-04
uniqueUserZone,OWM Zona4,2025-07-04 00:00:00+02:00,189.0,2025-07-04
uniqueUserZone,OWM Zona3,2025-07-04 00:00:00+02:00,344.0,2025-07-04
uniqueUserZone,OWM Zona2,2025-07-04 00:00:00+02:00,189.0,2025-07-04
uniqueUserZone,OWM Zona1,2025-07-04 00:00:00+02:00,564.0,2025-07-04
uniqueUserZone,OWM Zona9,2025-07-03 00:00:00+02:00,109.0,2025-07-03
uniqueUserZone,OWM Zona8,2025-07-03 00:00:00+02:00,175.0,2025-07-03
uniqueUserZone,OWM Zona7,2025-07-03 00:00:00+02:00,112.0,2025-07-03
uniqueUserZone,OWM Zona6,2025-07-03 00:00:00+02:00,157.0,2025-07-03
uniqueUserZone,OWM Zona5,2025-07-03 00:00:00+02:00,148.0,2025-07-03
uniqueUserZone,OWM Zona4,2025-07-03 00:00:00+02:00,190.0,2025-07-03
uniqueUserZone,OWM Zona3,2025-07-03 00:00:00+02:00,334.0,2025-07-03
uniqueUserZone,OWM Zona2,2025-07-03 00:00:00+02:00,194.0,2025-07-03
uniqueUserZone,OWM Zona1,2025-07-03 00:00:00+02:00,627.0,2025-07-03
uniqueUserZone,OWM Zona9,2025-07-02 00:00:00+02:00,104.0,2025-07-02
uniqueUserZone,OWM Zona8,2025-07-02 00:00:00+02:00,170.0,2025-07-02
uniqueUserZone,OWM Zona7,2025-07-02 00:00:00+02:00,99.0,2025-07-02
uniqueUserZone,OWM Zona6,2025-07-02 00:00:00+02:00,148.0,2025-07-02
uniqueUserZone,OWM Zona5,2025-07-02 00:00:00+02:00,154.0,2025-07-02
uniqueUserZone,OWM Zona4,2025-07-02 00:00:00+02:00,200.0,2025-07-02
uniqueUserZone,OWM Zona3,2025-07-02 00:00:00+02:00,348.0,2025-07-02
uniqueUserZone,OWM Zona2,2025-07-02 00:00:00+02:00,207.0,2025-07-02
uniqueUserZone,OWM Zona1,2025-07-02 00:00:00+02:00,665.0,2025-07-02
uniqueUserZone,OWM Zona9,2025-07-01 00:00:00+02:00,117.0,2025-07-01
uniqueUserZone,OWM Zona8,2025-07-01 00:00:00+02:00,185.0,2025-07-01
uniqueUserZone,OWM Zona7,2025-07-01 00:00:00+02:00,106.0,2025-07-01
uniqueUserZone,OWM Zona6,2025-07-01 00:00:00+02:00,159.0,2025-07-01
uniqueUserZone,OWM Zona5,2025-07-01 00:00:00+02:00,135.0,2025-07-01
uniqueUserZone,OWM Zona4,2025-07-01 00:00:00+02:00,192.0,2025-07-01
uniqueUserZone,OWM Zona3,2025-07-01 00:00:00+02:00,355.0,2025-07-01
uniqueUserZone,OWM Zona2,2025-07-01 00:00:00+02:00,210.0,2025-07-01
uniqueUserZone,OWM Zona1,2025-07-01 00:00:00+02:00,647.0,2025-07-01
uniqueUserZone,OWM Zona9,2025-06-30 00:00:00+02:00,113.0,2025-06-30
uniqueUserZone,OWM Zona8,2025-06-30 00:00:00+02:00,191.0,2025-06-30
uniqueUserZone,OWM Zona7,2025-06-30 00:00:00+02:00,108.0,2025-06-30
uniqueUserZone,OWM Zona6,2025-06-30 00:00:00+02:00,136.0,2025-06-30
uniqueUserZone,OWM Zona5,2025-06-30 00:00:00+02:00,132.0,2025-06-30
uniqueUserZone,OWM Zona4,2025-06-30 00:00:00+02:00,171.0,2025-06-30
uniqueUserZone,OWM Zona3,2025-06-30 00:00:00+02:00,314.0,2025-06-30
uniqueUserZone,OWM Zona2,2025-06-30 00:00:00+02:00,211.0,2025-06-30
uniqueUserZone,OWM Zona1,2025-06-30 00:00:00+02:00,574.0,2025-06-30
uniqueUserZone,OWM Zona9,2025-06-29 00:00:00+02:00,73.0,2025-06-29
uniqueUserZone,OWM Zona8,2025-06-29 00:00:00+02:00,134.0,2025-06-29
uniqueUserZone,OWM Zona7,2025-06-29 00:00:00+02:00,73.0,2025-06-29
uniqueUserZone,OWM Zona6,2025-06-29 00:00:00+02:00,132.0,2025-06-29
uniqueUserZone,OWM Zona5,2025-06-29 00:00:00+02:00,122.0,2025-06-29
uniqueUserZone,OWM Zona4,2025-06-29 00:00:00+02:00,150.0,2025-06-29
uniqueUserZone,OWM Zona3,2025-06-29 00:00:00+02:00,259.0,2025-06-29
uniqueUserZone,OWM Zona2,2025-06-29 00:00:00+02:00,154.0,2025-06-29
uniqueUserZone,OWM Zona1,2025-06-29 00:00:00+02:00,553.0,2025-06-29
uniqueUserZone,OWM Zona9,2025-06-28 00:00:00+02:00,100.0,2025-06-28
uniqueUserZone,OWM Zona8,2025-06-28 00:00:00+02:00,163.0,2025-06-28
uniqueUserZone,OWM Zona7,2025-06-28 00:00:00+02:00,84.0,2025-06-28
uniqueUserZone,OWM Zona6,2025-06-28 00:00:00+02:00,115.0,2025-06-28
uniqueUserZone,OWM Zona5,2025-06-28 00:00:00+02:00,131.0,2025-06-28
uniqueUserZone,OWM Zona4,2025-06-28 00:00:00+02:00,184.0,2025-06-28
uniqueUserZone,OWM Zona3,2025-06-28 00:00:00+02:00,362.0,2025-06-28
uniqueUserZone,OWM Zona2,2025-06-28 00:00:00+02:00,186.0,2025-06-28
uniqueUserZone,OWM Zona1,2025-06-28 00:00:00+02:00,638.0,2025-06-28
uniqueUserZone,OWM Zona9,2025-06-27 00:00:00+02:00,138.0,2025-06-27
uniqueUserZone,OWM Zona8,2025-06-27 00:00:00+02:00,201.0,2025-06-27
uniqueUserZone,OWM Zona7,2025-06-27 00:00:00+02:00,107.0,2025-06-27
uniqueUserZone,OWM Zona6,2025-06-27 00:00:00+02:00,132.0,2025-06-27
uniqueUserZone,OWM Zona5,2025-06-27 00:00:00+02:00,150.0,2025-06-27
uniqueUserZone,OWM Zona4,2025-06-27 00:00:00+02:00,188.0,2025-06-27
uniqueUserZone,OWM Zona3,2025-06-27 00:00:00+02:00,364.0,2025-06-27
uniqueUserZone,OWM Zona2,2025-06-27 00:00:00+02:00,216.0,2025-06-27
uniqueUserZone,OWM Zona1,2025-06-27 00:00:00+02:00,617.0,2025-06-27
uniqueUserZone,OWM Zona9,2025-06-26 00:00:00+02:00,132.0,2025-06-26
uniqueUserZone,OWM Zona8,2025-06-26 00:00:00+02:00,190.0,2025-06-26
uniqueUserZone,OWM Zona7,2025-06-26 00:00:00+02:00,104.0,2025-06-26
uniqueUserZone,OWM Zona6,2025-06-26 00:00:00+02:00,120.0,2025-06-26
uniqueUserZone,OWM Zona5,2025-06-26 00:00:00+02:00,146.0,2025-06-26
uniqueUserZone,OWM Zona4,2025-06-26 00:00:00+02:00,178.0,2025-06-26
uniqueUserZone,OWM Zona3,2025-06-26 00:00:00+02:00,359.0,2025-06-26
uniqueUserZone,OWM Zona2,2025-06-26 00:00:00+02:00,197.0,2025-06-26
uniqueUserZone,OWM Zona1,2025-06-26 00:00:00+02:00,578.0,2025-06-26
uniqueUserZone,OWM Zona9,2025-06-25 00:00:00+02:00,135.0,2025-06-25
uniqueUserZone,OWM Zona8,2025-06-25 00:00:00+02:00,185.0,2025-06-25
uniqueUserZone,OWM Zona7,2025-06-25 00:00:00+02:00,101.0,2025-06-25
uniqueUserZone,OWM Zona6,2025-06-25 00:00:00+02:00,146.0,2025-06-25
uniqueUserZone,OWM Zona5,2025-06-25 00:00:00+02:00,160.0,2025-06-25
uniqueUserZone,OWM Zona4,2025-06-25 00:00:00+02:00,189.0,2025-06-25
uniqueUserZone,OWM Zona3,2025-06-25 00:00:00+02:00,352.0,2025-06-25
uniqueUserZone,OWM Zona2,2025-06-25 00:00:00+02:00,223.0,2025-06-25
uniqueUserZone,OWM Zona1,2025-06-25 00:00:00+02:00,541.0,2025-06-25
uniqueUserZone,OWM Zona9,2025-06-24 00:00:00+02:00,122.0,2025-06-24
uniqueUserZone,OWM Zona8,2025-06-24 00:00:00+02:00,189.0,2025-06-24
uniqueUserZone,OWM Zona7,2025-06-24 00:00:00+02:00,116.0,2025-06-24
uniqueUserZone,OWM Zona6,2025-06-24 00:00:00+02:00,143.0,2025-06-24
uniqueUserZone,OWM Zona5,2025-06-24 00:00:00+02:00,142.0,2025-06-24
uniqueUserZone,OWM Zona4,2025-06-24 00:00:00+02:00,213.0,2025-06-24
uniqueUserZone,OWM Zona3,2025-06-24 00:00:00+02:00,370.0,2025-06-24
uniqueUserZone,OWM Zona2,2025-06-24 00:00:00+02:00,186.0,2025-06-24
uniqueUserZone,OWM Zona1,2025-06-24 00:00:00+02:00,525.0,2025-06-24
uniqueUserZone,OWM Zona9,2025-06-23 00:00:00+02:00,133.0,2025-06-23
uniqueUserZone,OWM Zona8,2025-06-23 00:00:00+02:00,182.0,2025-06-23
uniqueUserZone,OWM Zona7,2025-06-23 00:00:00+02:00,88.0,2025-06-23
uniqueUserZone,OWM Zona6,2025-06-23 00:00:00+02:00,147.0,2025-06-23
uniqueUserZone,OWM Zona5,2025-06-23 00:00:00+02:00,163.0,2025-06-23
uniqueUserZone,OWM Zona4,2025-06-23 00:00:00+02:00,214.0,2025-06-23
uniqueUserZone,OWM Zona3,2025-06-23 00:00:00+02:00,343.0,2025-06-23
uniqueUserZone,OWM Zona2,2025-06-23 00:00:00+02:00,216.0,2025-06-23
uniqueUserZone,OWM Zona1,2025-06-23 00:00:00+02:00,542.0,2025-06-23
uniqueUserZone,OWM Zona9,2025-06-22 00:00:00+02:00,96.0,2025-06-22
uniqueUserZone,OWM Zona8,2025-06-22 00:00:00+02:00,134.0,2025-06-22
uniqueUserZone,OWM Zona7,2025-06-22 00:00:00+02:00,58.0,2025-06-22
uniqueUserZone,OWM Zona6,2025-06-22 00:00:00+02:00,139.0,2025-06-22
uniqueUserZone,OWM Zona5,2025-06-22 00:00:00+02:00,122.0,2025-06-22
uniqueUserZone,OWM Zona4,2025-06-22 00:00:00+02:00,178.0,2025-06-22
uniqueUserZone,OWM Zona3,2025-06-22 00:00:00+02:00,271.0,2025-06-22
uniqueUserZone,OWM Zona2,2025-06-22 00:00:00+02:00,146.0,2025-06-22
uniqueUserZone,OWM Zona1,2025-06-22 00:00:00+02:00,485.0,2025-06-22
uniqueUserZone,OWM Zona9,2025-06-21 00:00:00+02:00,91.0,2025-06-21
uniqueUserZone,OWM Zona8,2025-06-21 00:00:00+02:00,145.0,2025-06-21
uniqueUserZone,OWM Zona7,2025-06-21 00:00:00+02:00,92.0,2025-06-21
uniqueUserZone,OWM Zona6,2025-06-21 00:00:00+02:00,134.0,2025-06-21
uniqueUserZone,OWM Zona5,2025-06-21 00:00:00+02:00,138.0,2025-06-21
uniqueUserZone,OWM Zona4,2025-06-21 00:00:00+02:00,178.0,2025-06-21
uniqueUserZone,OWM Zona3,2025-06-21 00:00:00+02:00,312.0,2025-06-21
uniqueUserZone,OWM Zona2,2025-06-21 00:00:00+02:00,172.0,2025-06-21
uniqueUserZone,OWM Zona1,2025-06-21 00:00:00+02:00,540.0,2025-06-21
uniqueUserZone,OWM Zona9,2025-06-20 00:00:00+02:00,120.0,2025-06-20
uniqueUserZone,OWM Zona8,2025-06-20 00:00:00+02:00,170.0,2025-06-20
uniqueUserZone,OWM Zona7,2025-06-20 00:00:00+02:00,91.0,2025-06-20
uniqueUserZone,OWM Zona6,2025-06-20 00:00:00+02:00,160.0,2025-06-20
uniqueUserZone,OWM Zona5,2025-06-20 00:00:00+02:00,146.0,2025-06-20
uniqueUserZone,OWM Zona4,2025-06-20 00:00:00+02:00,186.0,2025-06-20
uniqueUserZone,OWM Zona3,2025-06-20 00:00:00+02:00,343.0,2025-06-20
uniqueUserZone,OWM Zona2,2025-06-20 00:00:00+02:00,222.0,2025-06-20
uniqueUserZone,OWM Zona1,2025-06-20 00:00:00+02:00,544.0,2025-06-20
uniqueUserZone,OWM Zona9,2025-06-19 00:00:00+02:00,144.0,2025-06-19
uniqueUserZone,OWM Zona8,2025-06-19 00:00:00+02:00,178.0,2025-06-19
uniqueUserZone,OWM Zona7,2025-06-19 00:00:00+02:00,113.0,2025-06-19
uniqueUserZone,OWM Zona6,2025-06-19 00:00:00+02:00,151.0,2025-06-19
uniqueUserZone,OWM Zona5,2025-06-19 00:00:00+02:00,143.0,2025-06-19
uniqueUserZone,OWM Zona4,2025-06-19 00:00:00+02:00,224.0,2025-06-19
uniqueUserZone,OWM Zona3,2025-06-19 00:00:00+02:00,349.0,2025-06-19
uniqueUserZone,OWM Zona2,2025-06-19 00:00:00+02:00,200.0,2025-06-19
uniqueUserZone,OWM Zona1,2025-06-19 00:00:00+02:00,545.0,2025-06-19
uniqueUserZone,OWM Zona9,2025-06-18 00:00:00+02:00,145.0,2025-06-18
uniqueUserZone,OWM Zona8,2025-06-18 00:00:00+02:00,174.0,2025-06-18
uniqueUserZone,OWM Zona7,2025-06-18 00:00:00+02:00,85.0,2025-06-18
uniqueUserZone,OWM Zona6,2025-06-18 00:00:00+02:00,160.0,2025-06-18
uniqueUserZone,OWM Zona5,2025-06-18 00:00:00+02:00,160.0,2025-06-18
uniqueUserZone,OWM Zona4,2025-06-18 00:00:00+02:00,191.0,2025-06-18
uniqueUserZone,OWM Zona3,2025-06-18 00:00:00+02:00,392.0,2025-06-18
uniqueUserZone,OWM Zona2,2025-06-18 00:00:00+02:00,220.0,2025-06-18
uniqueUserZone,OWM Zona1,2025-06-18 00:00:00+02:00,561.0,2025-06-18
uniqueUserZone,OWM Zona9,2025-06-17 00:00:00+02:00,140.0,2025-06-17
uniqueUserZone,OWM Zona8,2025-06-17 00:00:00+02:00,202.0,2025-06-17
uniqueUserZone,OWM Zona7,2025-06-17 00:00:00+02:00,104.0,2025-06-17
uniqueUserZone,OWM Zona6,2025-06-17 00:00:00+02:00,158.0,2025-06-17
uniqueUserZone,OWM Zona5,2025-06-17 00:00:00+02:00,180.0,2025-06-17
uniqueUserZone,OWM Zona4,2025-06-17 00:00:00+02:00,202.0,2025-06-17
uniqueUserZone,OWM Zona3,2025-06-17 00:00:00+02:00,412.0,2025-06-17
uniqueUserZone,OWM Zona2,2025-06-17 00:00:00+02:00,221.0,2025-06-17
uniqueUserZone,OWM Zona1,2025-06-17 00:00:00+02:00,594.0,2025-06-17
uniqueUserZone,OWM Zona9,2025-06-16 00:00:00+02:00,134.0,2025-06-16
uniqueUserZone,OWM Zona8,2025-06-16 00:00:00+02:00,166.0,2025-06-16
uniqueUserZone,OWM Zona7,2025-06-16 00:00:00+02:00,85.0,2025-06-16
uniqueUserZone,OWM Zona6,2025-06-16 00:00:00+02:00,171.0,2025-06-16
uniqueUserZone,OWM Zona5,2025-06-16 00:00:00+02:00,151.0,2025-06-16
uniqueUserZone,OWM Zona4,2025-06-16 00:00:00+02:00,182.0,2025-06-16
uniqueUserZone,OWM Zona3,2025-06-16 00:00:00+02:00,379.0,2025-06-16
uniqueUserZone,OWM Zona2,2025-06-16 00:00:00+02:00,217.0,2025-06-16
uniqueUserZone,OWM Zona1,2025-06-16 00:00:00+02:00,579.0,2025-06-16
uniqueUserZone,OWM Zona9,2025-06-15 00:00:00+02:00,95.0,2025-06-15
uniqueUserZone,OWM Zona8,2025-06-15 00:00:00+02:00,151.0,2025-06-15
uniqueUserZone,OWM Zona7,2025-06-15 00:00:00+02:00,81.0,2025-06-15
uniqueUserZone,OWM Zona6,2025-06-15 00:00:00+02:00,137.0,2025-06-15
uniqueUserZone,OWM Zona5,2025-06-15 00:00:00+02:00,122.0,2025-06-15
uniqueUserZone,OWM Zona4,2025-06-15 00:00:00+02:00,169.0,2025-06-15
uniqueUserZone,OWM Zona3,2025-06-15 00:00:00+02:00,301.0,2025-06-15
uniqueUserZone,OWM Zona2,2025-06-15 00:00:00+02:00,157.0,2025-06-15
uniqueUserZone,OWM Zona1,2025-06-15 00:00:00+02:00,474.0,2025-06-15
uniqueUserZone,OWM Zona9,2025-06-14 00:00:00+02:00,111.0,2025-06-14
uniqueUserZone,OWM Zona8,2025-06-14 00:00:00+02:00,174.0,2025-06-14
uniqueUserZone,OWM Zona7,2025-06-14 00:00:00+02:00,129.0,2025-06-14
uniqueUserZone,OWM Zona6,2025-06-14 00:00:00+02:00,139.0,2025-06-14
uniqueUserZone,OWM Zona5,2025-06-14 00:00:00+02:00,155.0,2025-06-14
uniqueUserZone,OWM Zona4,2025-06-14 00:00:00+02:00,202.0,2025-06-14
uniqueUserZone,OWM Zona3,2025-06-14 00:00:00+02:00,333.0,2025-06-14
uniqueUserZone,OWM Zona2,2025-06-14 00:00:00+02:00,177.0,2025-06-14
uniqueUserZone,OWM Zona1,2025-06-14 00:00:00+02:00,577.0,2025-06-14
uniqueUserZone,OWM Zona9,2025-06-13 00:00:00+02:00,137.0,2025-06-13
uniqueUserZone,OWM Zona8,2025-06-13 00:00:00+02:00,193.0,2025-06-13
uniqueUserZone,OWM Zona7,2025-06-13 00:00:00+02:00,124.0,2025-06-13
uniqueUserZone,OWM Zona6,2025-06-13 00:00:00+02:00,178.0,2025-06-13
uniqueUserZone,OWM Zona5,2025-06-13 00:00:00+02:00,152.0,2025-06-13
uniqueUserZone,OWM Zona4,2025-06-13 00:00:00+02:00,204.0,2025-06-13
uniqueUserZone,OWM Zona3,2025-06-13 00:00:00+02:00,334.0,2025-06-13
uniqueUserZone,OWM Zona2,2025-06-13 00:00:00+02:00,191.0,2025-06-13
uniqueUserZone,OWM Zona1,2025-06-13 00:00:00+02:00,583.0,2025-06-13
uniqueUserZone,OWM Zona9,2025-06-12 00:00:00+02:00,156.0,2025-06-12
uniqueUserZone,OWM Zona8,2025-06-12 00:00:00+02:00,194.0,2025-06-12
uniqueUserZone,OWM Zona7,2025-06-12 00:00:00+02:00,149.0,2025-06-12
uniqueUserZone,OWM Zona6,2025-06-12 00:00:00+02:00,160.0,2025-06-12
uniqueUserZone,OWM Zona5,2025-06-12 00:00:00+02:00,159.0,2025-06-12
uniqueUserZone,OWM Zona4,2025-06-12 00:00:00+02:00,222.0,2025-06-12
uniqueUserZone,OWM Zona3,2025-06-12 00:00:00+02:00,384.0,2025-06-12
uniqueUserZone,OWM Zona2,2025-06-12 00:00:00+02:00,208.0,2025-06-12
uniqueUserZone,OWM Zona1,2025-06-12 00:00:00+02:00,572.0,2025-06-12
uniqueUserZone,OWM Zona9,2025-06-11 00:00:00+02:00,147.0,2025-06-11
uniqueUserZone,OWM Zona8,2025-06-11 00:00:00+02:00,193.0,2025-06-11
uniqueUserZone,OWM Zona7,2025-06-11 00:00:00+02:00,118.0,2025-06-11
uniqueUserZone,OWM Zona6,2025-06-11 00:00:00+02:00,161.0,2025-06-11
uniqueUserZone,OWM Zona5,2025-06-11 00:00:00+02:00,161.0,2025-06-11
uniqueUserZone,OWM Zona4,2025-06-11 00:00:00+02:00,216.0,2025-06-11
uniqueUserZone,OWM Zona3,2025-06-11 00:00:00+02:00,375.0,2025-06-11
uniqueUserZone,OWM Zona2,2025-06-11 00:00:00+02:00,215.0,2025-06-11
uniqueUserZone,OWM Zona1,2025-06-11 00:00:00+02:00,594.0,2025-06-11
uniqueUserZone,OWM Zona9,2025-06-10 00:00:00+02:00,145.0,2025-06-10
uniqueUserZone,OWM Zona8,2025-06-10 00:00:00+02:00,201.0,2025-06-10
uniqueUserZone,OWM Zona7,2025-06-10 00:00:00+02:00,113.0,2025-06-10
uniqueUserZone,OWM Zona6,2025-06-10 00:00:00+02:00,156.0,2025-06-10
uniqueUserZone,OWM Zona5,2025-06-10 00:00:00+02:00,170.0,2025-06-10
uniqueUserZone,OWM Zona4,2025-06-10 00:00:00+02:00,197.0,2025-06-10
uniqueUserZone,OWM Zona3,2025-06-10 00:00:00+02:00,385.0,2025-06-10
uniqueUserZone,OWM Zona2,2025-06-10 00:00:00+02:00,211.0,2025-06-10
uniqueUserZone,OWM Zona1,2025-06-10 00:00:00+02:00,591.0,2025-06-10
uniqueUserZone,OWM Zona9,2025-06-09 00:00:00+02:00,143.0,2025-06-09
uniqueUserZone,OWM Zona8,2025-06-09 00:00:00+02:00,191.0,2025-06-09
uniqueUserZone,OWM Zona7,2025-06-09 00:00:00+02:00,111.0,2025-06-09
uniqueUserZone,OWM Zona6,2025-06-09 00:00:00+02:00,153.0,2025-06-09
uniqueUserZone,OWM Zona5,2025-06-09 00:00:00+02:00,169.0,2025-06-09
uniqueUserZone,OWM Zona4,2025-06-09 00:00:00+02:00,219.0,2025-06-09
uniqueUserZone,OWM Zona3,2025-06-09 00:00:00+02:00,349.0,2025-06-09
uniqueUserZone,OWM Zona2,2025-06-09 00:00:00+02:00,230.0,2025-06-09
uniqueUserZone,OWM Zona1,2025-06-09 00:00:00+02:00,586.0,2025-06-09
uniqueUserZone,OWM Zona9,2025-06-08 00:00:00+02:00,115.0,2025-06-08
uniqueUserZone,OWM Zona8,2025-06-08 00:00:00+02:00,149.0,2025-06-08
uniqueUserZone,OWM Zona7,2025-06-08 00:00:00+02:00,100.0,2025-06-08
uniqueUserZone,OWM Zona6,2025-06-08 00:00:00+02:00,133.0,2025-06-08
uniqueUserZone,OWM Zona5,2025-06-08 00:00:00+02:00,124.0,2025-06-08
uniqueUserZone,OWM Zona4,2025-06-08 00:00:00+02:00,194.0,2025-06-08
uniqueUserZone,OWM Zona3,2025-06-08 00:00:00+02:00,293.0,2025-06-08
uniqueUserZone,OWM Zona2,2025-06-08 00:00:00+02:00,176.0,2025-06-08
uniqueUserZone,OWM Zona1,2025-06-08 00:00:00+02:00,550.0,2025-06-08
uniqueUserZone,OWM Zona9,2025-06-07 00:00:00+02:00,153.0,2025-06-07
uniqueUserZone,OWM Zona8,2025-06-07 00:00:00+02:00,205.0,2025-06-07
uniqueUserZone,OWM Zona7,2025-06-07 00:00:00+02:00,118.0,2025-06-07
uniqueUserZone,OWM Zona6,2025-06-07 00:00:00+02:00,155.0,2025-06-07
uniqueUserZone,OWM Zona5,2025-06-07 00:00:00+02:00,143.0,2025-06-07
uniqueUserZone,OWM Zona4,2025-06-07 00:00:00+02:00,187.0,2025-06-07
uniqueUserZone,OWM Zona3,2025-06-07 00:00:00+02:00,362.0,2025-06-07
uniqueUserZone,OWM Zona2,2025-06-07 00:00:00+02:00,235.0,2025-06-07
uniqueUserZone,OWM Zona1,2025-06-07 00:00:00+02:00,585.0,2025-06-07
uniqueUserZone,OWM Zona9,2025-06-06 00:00:00+02:00,162.0,2025-06-06
uniqueUserZone,OWM Zona8,2025-06-06 00:00:00+02:00,231.0,2025-06-06
uniqueUserZone,OWM Zona7,2025-06-06 00:00:00+02:00,119.0,2025-06-06
uniqueUserZone,OWM Zona6,2025-06-06 00:00:00+02:00,181.0,2025-06-06
uniqueUserZone,OWM Zona5,2025-06-06 00:00:00+02:00,166.0,2025-06-06
uniqueUserZone,OWM Zona4,2025-06-06 00:00:00+02:00,212.0,2025-06-06
uniqueUserZone,OWM Zona3,2025-06-06 00:00:00+02:00,381.0,2025-06-06
uniqueUserZone,OWM Zona2,2025-06-06 00:00:00+02:00,213.0,2025-06-06
uniqueUserZone,OWM Zona1,2025-06-06 00:00:00+02:00,536.0,2025-06-06
uniqueUserZone,OWM Zona9,2025-06-05 00:00:00+02:00,156.0,2025-06-05
uniqueUserZone,OWM Zona8,2025-06-05 00:00:00+02:00,206.0,2025-06-05
uniqueUserZone,OWM Zona7,2025-06-05 00:00:00+02:00,121.0,2025-06-05
uniqueUserZone,OWM Zona6,2025-06-05 00:00:00+02:00,167.0,2025-06-05
uniqueUserZone,OWM Zona5,2025-06-05 00:00:00+02:00,162.0,2025-06-05
uniqueUserZone,OWM Zona4,2025-06-05 00:00:00+02:00,231.0,2025-06-05
uniqueUserZone,OWM Zona3,2025-06-05 00:00:00+02:00,380.0,2025-06-05
uniqueUserZone,OWM Zona2,2025-06-05 00:00:00+02:00,251.0,2025-06-05
uniqueUserZone,OWM Zona1,2025-06-05 00:00:00+02:00,594.0,2025-06-05
uniqueUserZone,OWM Zona9,2025-06-04 00:00:00+02:00,157.0,2025-06-04
uniqueUserZone,OWM Zona8,2025-06-04 00:00:00+02:00,199.0,2025-06-04
uniqueUserZone,OWM Zona7,2025-06-04 00:00:00+02:00,127.0,2025-06-04
uniqueUserZone,OWM Zona6,2025-06-04 00:00:00+02:00,163.0,2025-06-04
uniqueUserZone,OWM Zona5,2025-06-04 00:00:00+02:00,162.0,2025-06-04
uniqueUserZone,OWM Zona4,2025-06-04 00:00:00+02:00,232.0,2025-06-04
uniqueUserZone,OWM Zona3,2025-06-04 00:00:00+02:00,384.0,2025-06-04
uniqueUserZone,OWM Zona2,2025-06-04 00:00:00+02:00,238.0,2025-06-04
uniqueUserZone,OWM Zona1,2025-06-04 00:00:00+02:00,529.0,2025-06-04
uniqueUserZone,OWM Zona9,2025-06-03 00:00:00+02:00,149.0,2025-06-03
uniqueUserZone,OWM Zona8,2025-06-03 00:00:00+02:00,217.0,2025-06-03
uniqueUserZone,OWM Zona7,2025-06-03 00:00:00+02:00,134.0,2025-06-03
uniqueUserZone,OWM Zona6,2025-06-03 00:00:00+02:00,149.0,2025-06-03
uniqueUserZone,OWM Zona5,2025-06-03 00:00:00+02:00,173.0,2025-06-03
uniqueUserZone,OWM Zona4,2025-06-03 00:00:00+02:00,213.0,2025-06-03
uniqueUserZone,OWM Zona3,2025-06-03 00:00:00+02:00,401.0,2025-06-03
uniqueUserZone,OWM Zona2,2025-06-03 00:00:00+02:00,213.0,2025-06-03
uniqueUserZone,OWM Zona1,2025-06-03 00:00:00+02:00,527.0,2025-06-03
uniqueUserZone,OWM Zona9,2025-06-02 00:00:00+02:00,92.0,2025-06-02
uniqueUserZone,OWM Zona8,2025-06-02 00:00:00+02:00,171.0,2025-06-02
uniqueUserZone,OWM Zona7,2025-06-02 00:00:00+02:00,113.0,2025-06-02
uniqueUserZone,OWM Zona6,2025-06-02 00:00:00+02:00,115.0,2025-06-02
uniqueUserZone,OWM Zona5,2025-06-02 00:00:00+02:00,90.0,2025-06-02
uniqueUserZone,OWM Zona4,2025-06-02 00:00:00+02:00,150.0,2025-06-02
uniqueUserZone,OWM Zona3,2025-06-02 00:00:00+02:00,259.0,2025-06-02
uniqueUserZone,OWM Zona2,2025-06-02 00:00:00+02:00,154.0,2025-06-02
uniqueUserZone,OWM Zona1,2025-06-02 00:00:00+02:00,470.0,2025-06-02
uniqueUserZone,OWM Zona9,2025-06-01 00:00:00+02:00,95.0,2025-06-01
uniqueUserZone,OWM Zona8,2025-06-01 00:00:00+02:00,154.0,2025-06-01
uniqueUserZone,OWM Zona7,2025-06-01 00:00:00+02:00,126.0,2025-06-01
uniqueUserZone,OWM Zona6,2025-06-01 00:00:00+02:00,129.0,2025-06-01
uniqueUserZone,OWM Zona5,2025-06-01 00:00:00+02:00,91.0,2025-06-01
uniqueUserZone,OWM Zona4,2025-06-01 00:00:00+02:00,183.0,2025-06-01
uniqueUserZone,OWM Zona3,2025-06-01 00:00:00+02:00,290.0,2025-06-01
uniqueUserZone,OWM Zona2,2025-06-01 00:00:00+02:00,142.0,2025-06-01
uniqueUserZone,OWM Zona1,2025-06-01 00:00:00+02:00,498.0,2025-06-01
uniqueUserZone,OWM Zona9,2025-05-31 00:00:00+02:00,124.0,2025-05-31
uniqueUserZone,OWM Zona8,2025-05-31 00:00:00+02:00,193.0,2025-05-31
uniqueUserZone,OWM Zona7,2025-05-31 00:00:00+02:00,126.0,2025-05-31
uniqueUserZone,OWM Zona6,2025-05-31 00:00:00+02:00,147.0,2025-05-31
uniqueUserZone,OWM Zona5,2025-05-31 00:00:00+02:00,114.0,2025-05-31
uniqueUserZone,OWM Zona4,2025-05-31 00:00:00+02:00,197.0,2025-05-31
uniqueUserZone,OWM Zona3,2025-05-31 00:00:00+02:00,356.0,2025-05-31
uniqueUserZone,OWM Zona2,2025-05-31 00:00:00+02:00,190.0,2025-05-31
uniqueUserZone,OWM Zona1,2025-05-31 00:00:00+02:00,645.0,2025-05-31
uniqueUserZone,OWM Zona9,2025-05-30 00:00:00+02:00,163.0,2025-05-30
uniqueUserZone,OWM Zona8,2025-05-30 00:00:00+02:00,221.0,2025-05-30
uniqueUserZone,OWM Zona7,2025-05-30 00:00:00+02:00,136.0,2025-05-30
uniqueUserZone,OWM Zona6,2025-05-30 00:00:00+02:00,167.0,2025-05-30
uniqueUserZone,OWM Zona5,2025-05-30 00:00:00+02:00,173.0,2025-05-30
uniqueUserZone,OWM Zona4,2025-05-30 00:00:00+02:00,238.0,2025-05-30
uniqueUserZone,OWM Zona3,2025-05-30 00:00:00+02:00,393.0,2025-05-30
uniqueUserZone,OWM Zona2,2025-05-30 00:00:00+02:00,239.0,2025-05-30
uniqueUserZone,OWM Zona1,2025-05-30 00:00:00+02:00,589.0,2025-05-30
uniqueUserZone,OWM Zona9,2025-05-29 00:00:00+02:00,170.0,2025-05-29
uniqueUserZone,OWM Zona8,2025-05-29 00:00:00+02:00,227.0,2025-05-29
uniqueUserZone,OWM Zona7,2025-05-29 00:00:00+02:00,137.0,2025-05-29
uniqueUserZone,OWM Zona6,2025-05-29 00:00:00+02:00,172.0,2025-05-29
uniqueUserZone,OWM Zona5,2025-05-29 00:00:00+02:00,182.0,2025-05-29
uniqueUserZone,OWM Zona4,2025-05-29 00:00:00+02:00,245.0,2025-05-29
uniqueUserZone,OWM Zona3,2025-05-29 00:00:00+02:00,424.0,2025-05-29
uniqueUserZone,OWM Zona2,2025-05-29 00:00:00+02:00,257.0,2025-05-29
uniqueUserZone,OWM Zona1,2025-05-29 00:00:00+02:00,646.0,2025-05-29
uniqueUserZone,OWM Zona9,2025-05-28 00:00:00+02:00,145.0,2025-05-28
uniqueUserZone,OWM Zona8,2025-05-28 00:00:00+02:00,232.0,2025-05-28
uniqueUserZone,OWM Zona7,2025-05-28 00:00:00+02:00,130.0,2025-05-28
uniqueUserZone,OWM Zona6,2025-05-28 00:00:00+02:00,167.0,2025-05-28
uniqueUserZone,OWM Zona5,2025-05-28 00:00:00+02:00,169.0,2025-05-28
uniqueUserZone,OWM Zona4,2025-05-28 00:00:00+02:00,263.0,2025-05-28
uniqueUserZone,OWM Zona3,2025-05-28 00:00:00+02:00,408.0,2025-05-28
uniqueUserZone,OWM Zona2,2025-05-28 00:00:00+02:00,257.0,2025-05-28
uniqueUserZone,OWM Zona1,2025-05-28 00:00:00+02:00,553.0,2025-05-28
uniqueUserZone,OWM Zona9,2025-05-27 00:00:00+02:00,157.0,2025-05-27
uniqueUserZone,OWM Zona8,2025-05-27 00:00:00+02:00,257.0,2025-05-27
uniqueUserZone,OWM Zona7,2025-05-27 00:00:00+02:00,148.0,2025-05-27
uniqueUserZone,OWM Zona6,2025-05-27 00:00:00+02:00,186.0,2025-05-27
uniqueUserZone,OWM Zona5,2025-05-27 00:00:00+02:00,170.0,2025-05-27
uniqueUserZone,OWM Zona4,2025-05-27 00:00:00+02:00,246.0,2025-05-27
uniqueUserZone,OWM Zona3,2025-05-27 00:00:00+02:00,449.0,2025-05-27
uniqueUserZone,OWM Zona2,2025-05-27 00:00:00+02:00,233.0,2025-05-27
uniqueUserZone,OWM Zona1,2025-05-27 00:00:00+02:00,542.0,2025-05-27
uniqueUserZone,OWM Zona9,2025-05-26 00:00:00+02:00,159.0,2025-05-26
uniqueUserZone,OWM Zona8,2025-05-26 00:00:00+02:00,248.0,2025-05-26
uniqueUserZone,OWM Zona7,2025-05-26 00:00:00+02:00,166.0,2025-05-26
uniqueUserZone,OWM Zona6,2025-05-26 00:00:00+02:00,176.0,2025-05-26
uniqueUserZone,OWM Zona5,2025-05-26 00:00:00+02:00,159.0,2025-05-26
uniqueUserZone,OWM Zona4,2025-05-26 00:00:00+02:00,238.0,2025-05-26
uniqueUserZone,OWM Zona3,2025-05-26 00:00:00+02:00,427.0,2025-05-26
uniqueUserZone,OWM Zona2,2025-05-26 00:00:00+02:00,252.0,2025-05-26
uniqueUserZone,OWM Zona1,2025-05-26 00:00:00+02:00,612.0,2025-05-26
uniqueUserZone,OWM Zona9,2025-05-25 00:00:00+02:00,104.0,2025-05-25
uniqueUserZone,OWM Zona8,2025-05-25 00:00:00+02:00,187.0,2025-05-25
uniqueUserZone,OWM Zona7,2025-05-25 00:00:00+02:00,147.0,2025-05-25
uniqueUserZone,OWM Zona6,2025-05-25 00:00:00+02:00,149.0,2025-05-25
uniqueUserZone,OWM Zona5,2025-05-25 00:00:00+02:00,126.0,2025-05-25
uniqueUserZone,OWM Zona4,2025-05-25 00:00:00+02:00,205.0,2025-05-25
uniqueUserZone,OWM Zona3,2025-05-25 00:00:00+02:00,342.0,2025-05-25
uniqueUserZone,OWM Zona2,2025-05-25 00:00:00+02:00,183.0,2025-05-25
uniqueUserZone,OWM Zona1,2025-05-25 00:00:00+02:00,542.0,2025-05-25
uniqueUserZone,OWM Zona9,2025-05-24 00:00:00+02:00,127.0,2025-05-24
uniqueUserZone,OWM Zona8,2025-05-24 00:00:00+02:00,216.0,2025-05-24
uniqueUserZone,OWM Zona7,2025-05-24 00:00:00+02:00,158.0,2025-05-24
uniqueUserZone,OWM Zona6,2025-05-24 00:00:00+02:00,163.0,2025-05-24
uniqueUserZone,OWM Zona5,2025-05-24 00:00:00+02:00,152.0,2025-05-24
uniqueUserZone,OWM Zona4,2025-05-24 00:00:00+02:00,224.0,2025-05-24
uniqueUserZone,OWM Zona3,2025-05-24 00:00:00+02:00,401.0,2025-05-24
uniqueUserZone,OWM Zona2,2025-05-24 00:00:00+02:00,203.0,2025-05-24
uniqueUserZone,OWM Zona1,2025-05-24 00:00:00+02:00,581.0,2025-05-24
uniqueUserZone,OWM Zona9,2025-05-23 00:00:00+02:00,138.0,2025-05-23
uniqueUserZone,OWM Zona8,2025-05-23 00:00:00+02:00,247.0,2025-05-23
uniqueUserZone,OWM Zona7,2025-05-23 00:00:00+02:00,134.0,2025-05-23
uniqueUserZone,OWM Zona6,2025-05-23 00:00:00+02:00,191.0,2025-05-23
uniqueUserZone,OWM Zona5,2025-05-23 00:00:00+02:00,178.0,2025-05-23
uniqueUserZone,OWM Zona4,2025-05-23 00:00:00+02:00,235.0,2025-05-23
uniqueUserZone,OWM Zona3,2025-05-23 00:00:00+02:00,464.0,2025-05-23
uniqueUserZone,OWM Zona2,2025-05-23 00:00:00+02:00,236.0,2025-05-23
uniqueUserZone,OWM Zona1,2025-05-23 00:00:00+02:00,625.0,2025-05-23
uniqueUserZone,OWM Zona9,2025-05-22 00:00:00+02:00,111.0,2025-05-22
uniqueUserZone,OWM Zona8,2025-05-22 00:00:00+02:00,190.0,2025-05-22
uniqueUserZone,OWM Zona7,2025-05-22 00:00:00+02:00,103.0,2025-05-22
uniqueUserZone,OWM Zona6,2025-05-22 00:00:00+02:00,165.0,2025-05-22
uniqueUserZone,OWM Zona5,2025-05-22 00:00:00+02:00,156.0,2025-05-22
uniqueUserZone,OWM Zona4,2025-05-22 00:00:00+02:00,207.0,2025-05-22
uniqueUserZone,OWM Zona3,2025-05-22 00:00:00+02:00,350.0,2025-05-22
uniqueUserZone,OWM Zona2,2025-05-22 00:00:00+02:00,191.0,2025-05-22
uniqueUserZone,OWM Zona1,2025-05-22 00:00:00+02:00,450.0,2025-05-22
uniqueUserZone,OWM Zona9,2025-05-21 00:00:00+02:00,151.0,2025-05-21
uniqueUserZone,OWM Zona8,2025-05-21 00:00:00+02:00,239.0,2025-05-21
uniqueUserZone,OWM Zona7,2025-05-21 00:00:00+02:00,128.0,2025-05-21
uniqueUserZone,OWM Zona6,2025-05-21 00:00:00+02:00,175.0,2025-05-21
uniqueUserZone,OWM Zona5,2025-05-21 00:00:00+02:00,178.0,2025-05-21
uniqueUserZone,OWM Zona4,2025-05-21 00:00:00+02:00,234.0,2025-05-21
uniqueUserZone,OWM Zona3,2025-05-21 00:00:00+02:00,384.0,2025-05-21
uniqueUserZone,OWM Zona2,2025-05-21 00:00:00+02:00,219.0,2025-05-21
uniqueUserZone,OWM Zona1,2025-05-21 00:00:00+02:00,557.0,2025-05-21
uniqueUserZone,OWM Zona9,2025-05-20 00:00:00+02:00,133.0,2025-05-20
uniqueUserZone,OWM Zona8,2025-05-20 00:00:00+02:00,221.0,2025-05-20
uniqueUserZone,OWM Zona7,2025-05-20 00:00:00+02:00,120.0,2025-05-20
uniqueUserZone,OWM Zona6,2025-05-20 00:00:00+02:00,163.0,2025-05-20
uniqueUserZone,OWM Zona5,2025-05-20 00:00:00+02:00,163.0,2025-05-20
uniqueUserZone,OWM Zona4,2025-05-20 00:00:00+02:00,206.0,2025-05-20
uniqueUserZone,OWM Zona3,2025-05-20 00:00:00+02:00,380.0,2025-05-20
uniqueUserZone,OWM Zona2,2025-05-20 00:00:00+02:00,218.0,2025-05-20
uniqueUserZone,OWM Zona1,2025-05-20 00:00:00+02:00,474.0,2025-05-20
uniqueUserZone,OWM Zona9,2025-05-19 00:00:00+02:00,154.0,2025-05-19
uniqueUserZone,OWM Zona8,2025-05-19 00:00:00+02:00,229.0,2025-05-19
uniqueUserZone,OWM Zona7,2025-05-19 00:00:00+02:00,111.0,2025-05-19
uniqueUserZone,OWM Zona6,2025-05-19 00:00:00+02:00,172.0,2025-05-19
uniqueUserZone,OWM Zona5,2025-05-19 00:00:00+02:00,160.0,2025-05-19
uniqueUserZone,OWM Zona4,2025-05-19 00:00:00+02:00,228.0,2025-05-19
uniqueUserZone,OWM Zona3,2025-05-19 00:00:00+02:00,405.0,2025-05-19
uniqueUserZone,OWM Zona2,2025-05-19 00:00:00+02:00,240.0,2025-05-19
uniqueUserZone,OWM Zona1,2025-05-19 00:00:00+02:00,570.0,2025-05-19
uniqueUserZone,OWM Zona9,2025-05-18 00:00:00+02:00,111.0,2025-05-18
uniqueUserZone,OWM Zona8,2025-05-18 00:00:00+02:00,191.0,2025-05-18
uniqueUserZone,OWM Zona7,2025-05-18 00:00:00+02:00,98.0,2025-05-18
uniqueUserZone,OWM Zona6,2025-05-18 00:00:00+02:00,168.0,2025-05-18
uniqueUserZone,OWM Zona5,2025-05-18 00:00:00+02:00,124.0,2025-05-18
uniqueUserZone,OWM Zona4,2025-05-18 00:00:00+02:00,184.0,2025-05-18
uniqueUserZone,OWM Zona3,2025-05-18 00:00:00+02:00,308.0,2025-05-18
uniqueUserZone,OWM Zona2,2025-05-18 00:00:00+02:00,174.0,2025-05-18
uniqueUserZone,OWM Zona1,2025-05-18 00:00:00+02:00,480.0,2025-05-18
uniqueUserZone,OWM Zona9,2025-05-17 00:00:00+02:00,142.0,2025-05-17
uniqueUserZone,OWM Zona8,2025-05-17 00:00:00+02:00,209.0,2025-05-17
uniqueUserZone,OWM Zona7,2025-05-17 00:00:00+02:00,108.0,2025-05-17
uniqueUserZone,OWM Zona6,2025-05-17 00:00:00+02:00,153.0,2025-05-17
uniqueUserZone,OWM Zona5,2025-05-17 00:00:00+02:00,153.0,2025-05-17
uniqueUserZone,OWM Zona4,2025-05-17 00:00:00+02:00,248.0,2025-05-17
uniqueUserZone,OWM Zona3,2025-05-17 00:00:00+02:00,367.0,2025-05-17
uniqueUserZone,OWM Zona2,2025-05-17 00:00:00+02:00,214.0,2025-05-17
uniqueUserZone,OWM Zona1,2025-05-17 00:00:00+02:00,542.0,2025-05-17
uniqueUserZone,OWM Zona9,2025-05-16 00:00:00+02:00,177.0,2025-05-16
uniqueUserZone,OWM Zona8,2025-05-16 00:00:00+02:00,238.0,2025-05-16
uniqueUserZone,OWM Zona7,2025-05-16 00:00:00+02:00,122.0,2025-05-16
uniqueUserZone,OWM Zona6,2025-05-16 00:00:00+02:00,198.0,2025-05-16
uniqueUserZone,OWM Zona5,2025-05-16 00:00:00+02:00,171.0,2025-05-16
uniqueUserZone,OWM Zona4,2025-05-16 00:00:00+02:00,259.0,2025-05-16
uniqueUserZone,OWM Zona3,2025-05-16 00:00:00+02:00,434.0,2025-05-16
uniqueUserZone,OWM Zona2,2025-05-16 00:00:00+02:00,232.0,2025-05-16
uniqueUserZone,OWM Zona1,2025-05-16 00:00:00+02:00,593.0,2025-05-16
uniqueUserZone,OWM Zona9,2025-05-15 00:00:00+02:00,171.0,2025-05-15
uniqueUserZone,OWM Zona8,2025-05-15 00:00:00+02:00,224.0,2025-05-15
uniqueUserZone,OWM Zona7,2025-05-15 00:00:00+02:00,139.0,2025-05-15
uniqueUserZone,OWM Zona6,2025-05-15 00:00:00+02:00,182.0,2025-05-15
uniqueUserZone,OWM Zona5,2025-05-15 00:00:00+02:00,184.0,2025-05-15
uniqueUserZone,OWM Zona4,2025-05-15 00:00:00+02:00,253.0,2025-05-15
uniqueUserZone,OWM Zona3,2025-05-15 00:00:00+02:00,395.0,2025-05-15
uniqueUserZone,OWM Zona2,2025-05-15 00:00:00+02:00,252.0,2025-05-15
uniqueUserZone,OWM Zona1,2025-05-15 00:00:00+02:00,581.0,2025-05-15
uniqueUserZone,OWM Zona9,2025-05-14 00:00:00+02:00,152.0,2025-05-14
uniqueUserZone,OWM Zona8,2025-05-14 00:00:00+02:00,239.0,2025-05-14
uniqueUserZone,OWM Zona7,2025-05-14 00:00:00+02:00,116.0,2025-05-14
uniqueUserZone,OWM Zona6,2025-05-14 00:00:00+02:00,163.0,2025-05-14
uniqueUserZone,OWM Zona5,2025-05-14 00:00:00+02:00,172.0,2025-05-14
uniqueUserZone,OWM Zona4,2025-05-14 00:00:00+02:00,238.0,2025-05-14
uniqueUserZone,OWM Zona3,2025-05-14 00:00:00+02:00,395.0,2025-05-14
uniqueUserZone,OWM Zona2,2025-05-14 00:00:00+02:00,248.0,2025-05-14
uniqueUserZone,OWM Zona1,2025-05-14 00:00:00+02:00,576.0,2025-05-14
uniqueUserZone,OWM Zona9,2025-05-13 00:00:00+02:00,155.0,2025-05-13
uniqueUserZone,OWM Zona8,2025-05-13 00:00:00+02:00,215.0,2025-05-13
uniqueUserZone,OWM Zona7,2025-05-13 00:00:00+02:00,110.0,2025-05-13
uniqueUserZone,OWM Zona6,2025-05-13 00:00:00+02:00,200.0,2025-05-13
uniqueUserZone,OWM Zona5,2025-05-13 00:00:00+02:00,171.0,2025-05-13
uniqueUserZone,OWM Zona4,2025-05-13 00:00:00+02:00,236.0,2025-05-13
uniqueUserZone,OWM Zona3,2025-05-13 00:00:00+02:00,430.0,2025-05-13
uniqueUserZone,OWM Zona2,2025-05-13 00:00:00+02:00,243.0,2025-05-13
uniqueUserZone,OWM Zona1,2025-05-13 00:00:00+02:00,551.0,2025-05-13
uniqueUserZone,OWM Zona9,2025-05-12 00:00:00+02:00,169.0,2025-05-12
uniqueUserZone,OWM Zona8,2025-05-12 00:00:00+02:00,232.0,2025-05-12
uniqueUserZone,OWM Zona7,2025-05-12 00:00:00+02:00,117.0,2025-05-12
uniqueUserZone,OWM Zona6,2025-05-12 00:00:00+02:00,181.0,2025-05-12
uniqueUserZone,OWM Zona5,2025-05-12 00:00:00+02:00,176.0,2025-05-12
uniqueUserZone,OWM Zona4,2025-05-12 00:00:00+02:00,234.0,2025-05-12
uniqueUserZone,OWM Zona3,2025-05-12 00:00:00+02:00,421.0,2025-05-12
uniqueUserZone,OWM Zona2,2025-05-12 00:00:00+02:00,229.0,2025-05-12
uniqueUserZone,OWM Zona1,2025-05-12 00:00:00+02:00,547.0,2025-05-12
uniqueUserZone,OWM Zona9,2025-05-11 00:00:00+02:00,124.0,2025-05-11
uniqueUserZone,OWM Zona8,2025-05-11 00:00:00+02:00,198.0,2025-05-11
uniqueUserZone,OWM Zona7,2025-05-11 00:00:00+02:00,78.0,2025-05-11
uniqueUserZone,OWM Zona6,2025-05-11 00:00:00+02:00,169.0,2025-05-11
uniqueUserZone,OWM Zona5,2025-05-11 00:00:00+02:00,147.0,2025-05-11
uniqueUserZone,OWM Zona4,2025-05-11 00:00:00+02:00,168.0,2025-05-11
uniqueUserZone,OWM Zona3,2025-05-11 00:00:00+02:00,319.0,2025-05-11
uniqueUserZone,OWM Zona2,2025-05-11 00:00:00+02:00,200.0,2025-05-11
uniqueUserZone,OWM Zona1,2025-05-11 00:00:00+02:00,509.0,2025-05-11
uniqueUserZone,OWM Zona9,2025-05-10 00:00:00+02:00,140.0,2025-05-10
uniqueUserZone,OWM Zona8,2025-05-10 00:00:00+02:00,195.0,2025-05-10
uniqueUserZone,OWM Zona7,2025-05-10 00:00:00+02:00,132.0,2025-05-10
uniqueUserZone,OWM Zona6,2025-05-10 00:00:00+02:00,188.0,2025-05-10
uniqueUserZone,OWM Zona5,2025-05-10 00:00:00+02:00,147.0,2025-05-10
uniqueUserZone,OWM Zona4,2025-05-10 00:00:00+02:00,215.0,2025-05-10
uniqueUserZone,OWM Zona3,2025-05-10 00:00:00+02:00,379.0,2025-05-10
uniqueUserZone,OWM Zona2,2025-05-10 00:00:00+02:00,206.0,2025-05-10
uniqueUserZone,OWM Zona1,2025-05-10 00:00:00+02:00,585.0,2025-05-10
uniqueUserZone,OWM Zona9,2025-05-09 00:00:00+02:00,152.0,2025-05-09
uniqueUserZone,OWM Zona8,2025-05-09 00:00:00+02:00,244.0,2025-05-09
uniqueUserZone,OWM Zona7,2025-05-09 00:00:00+02:00,114.0,2025-05-09
uniqueUserZone,OWM Zona6,2025-05-09 00:00:00+02:00,185.0,2025-05-09
uniqueUserZone,OWM Zona5,2025-05-09 00:00:00+02:00,171.0,2025-05-09
uniqueUserZone,OWM Zona4,2025-05-09 00:00:00+02:00,255.0,2025-05-09
uniqueUserZone,OWM Zona3,2025-05-09 00:00:00+02:00,415.0,2025-05-09
uniqueUserZone,OWM Zona2,2025-05-09 00:00:00+02:00,256.0,2025-05-09
uniqueUserZone,OWM Zona1,2025-05-09 00:00:00+02:00,647.0,2025-05-09
uniqueUserZone,OWM Zona9,2025-05-08 00:00:00+02:00,158.0,2025-05-08
uniqueUserZone,OWM Zona8,2025-05-08 00:00:00+02:00,235.0,2025-05-08
uniqueUserZone,OWM Zona7,2025-05-08 00:00:00+02:00,121.0,2025-05-08
uniqueUserZone,OWM Zona6,2025-05-08 00:00:00+02:00,201.0,2025-05-08
uniqueUserZone,OWM Zona5,2025-05-08 00:00:00+02:00,179.0,2025-05-08
uniqueUserZone,OWM Zona4,2025-05-08 00:00:00+02:00,251.0,2025-05-08
uniqueUserZone,OWM Zona3,2025-05-08 00:00:00+02:00,415.0,2025-05-08
uniqueUserZone,OWM Zona2,2025-05-08 00:00:00+02:00,243.0,2025-05-08
uniqueUserZone,OWM Zona1,2025-05-08 00:00:00+02:00,613.0,2025-05-08
uniqueUserZone,OWM Zona9,2025-05-07 00:00:00+02:00,152.0,2025-05-07
uniqueUserZone,OWM Zona8,2025-05-07 00:00:00+02:00,218.0,2025-05-07
uniqueUserZone,OWM Zona7,2025-05-07 00:00:00+02:00,119.0,2025-05-07
uniqueUserZone,OWM Zona6,2025-05-07 00:00:00+02:00,197.0,2025-05-07
uniqueUserZone,OWM Zona5,2025-05-07 00:00:00+02:00,186.0,2025-05-07
uniqueUserZone,OWM Zona4,2025-05-07 00:00:00+02:00,227.0,2025-05-07
uniqueUserZone,OWM Zona3,2025-05-07 00:00:00+02:00,378.0,2025-05-07
uniqueUserZone,OWM Zona2,2025-05-07 00:00:00+02:00,217.0,2025-05-07
uniqueUserZone,OWM Zona1,2025-05-07 00:00:00+02:00,541.0,2025-05-07
uniqueUserZone,OWM Zona9,2025-05-06 00:00:00+02:00,150.0,2025-05-06
uniqueUserZone,OWM Zona8,2025-05-06 00:00:00+02:00,203.0,2025-05-06
uniqueUserZone,OWM Zona7,2025-05-06 00:00:00+02:00,111.0,2025-05-06
uniqueUserZone,OWM Zona6,2025-05-06 00:00:00+02:00,188.0,2025-05-06
uniqueUserZone,OWM Zona5,2025-05-06 00:00:00+02:00,150.0,2025-05-06
uniqueUserZone,OWM Zona4,2025-05-06 00:00:00+02:00,236.0,2025-05-06
uniqueUserZone,OWM Zona3,2025-05-06 00:00:00+02:00,419.0,2025-05-06
uniqueUserZone,OWM Zona2,2025-05-06 00:00:00+02:00,234.0,2025-05-06
uniqueUserZone,OWM Zona1,2025-05-06 00:00:00+02:00,550.0,2025-05-06
uniqueUserZone,OWM Zona9,2025-05-05 00:00:00+02:00,132.0,2025-05-05
uniqueUserZone,OWM Zona8,2025-05-05 00:00:00+02:00,197.0,2025-05-05
uniqueUserZone,OWM Zona7,2025-05-05 00:00:00+02:00,124.0,2025-05-05
uniqueUserZone,OWM Zona6,2025-05-05 00:00:00+02:00,175.0,2025-05-05
uniqueUserZone,OWM Zona5,2025-05-05 00:00:00+02:00,154.0,2025-05-05
uniqueUserZone,OWM Zona4,2025-05-05 00:00:00+02:00,221.0,2025-05-05
uniqueUserZone,OWM Zona3,2025-05-05 00:00:00+02:00,349.0,2025-05-05
uniqueUserZone,OWM Zona2,2025-05-05 00:00:00+02:00,230.0,2025-05-05
uniqueUserZone,OWM Zona1,2025-05-05 00:00:00+02:00,503.0,2025-05-05
uniqueUserZone,OWM Zona9,2025-05-04 00:00:00+02:00,108.0,2025-05-04
uniqueUserZone,OWM Zona8,2025-05-04 00:00:00+02:00,144.0,2025-05-04
uniqueUserZone,OWM Zona7,2025-05-04 00:00:00+02:00,85.0,2025-05-04
uniqueUserZone,OWM Zona6,2025-05-04 00:00:00+02:00,136.0,2025-05-04
uniqueUserZone,OWM Zona5,2025-05-04 00:00:00+02:00,118.0,2025-05-04
uniqueUserZone,OWM Zona4,2025-05-04 00:00:00+02:00,162.0,2025-05-04
uniqueUserZone,OWM Zona3,2025-05-04 00:00:00+02:00,279.0,2025-05-04
uniqueUserZone,OWM Zona2,2025-05-04 00:00:00+02:00,169.0,2025-05-04
uniqueUserZone,OWM Zona1,2025-05-04 00:00:00+02:00,480.0,2025-05-04
uniqueUserZone,OWM Zona9,2025-05-03 00:00:00+02:00,113.0,2025-05-03
uniqueUserZone,OWM Zona8,2025-05-03 00:00:00+02:00,193.0,2025-05-03
uniqueUserZone,OWM Zona7,2025-05-03 00:00:00+02:00,100.0,2025-05-03
uniqueUserZone,OWM Zona6,2025-05-03 00:00:00+02:00,159.0,2025-05-03
uniqueUserZone,OWM Zona5,2025-05-03 00:00:00+02:00,135.0,2025-05-03
uniqueUserZone,OWM Zona4,2025-05-03 00:00:00+02:00,184.0,2025-05-03
uniqueUserZone,OWM Zona3,2025-05-03 00:00:00+02:00,344.0,2025-05-03
uniqueUserZone,OWM Zona2,2025-05-03 00:00:00+02:00,189.0,2025-05-03
uniqueUserZone,OWM Zona1,2025-05-03 00:00:00+02:00,683.0,2025-05-03
uniqueUserZone,OWM Zona9,2025-05-02 00:00:00+02:00,106.0,2025-05-02
uniqueUserZone,OWM Zona8,2025-05-02 00:00:00+02:00,224.0,2025-05-02
uniqueUserZone,OWM Zona7,2025-05-02 00:00:00+02:00,118.0,2025-05-02
uniqueUserZone,OWM Zona6,2025-05-02 00:00:00+02:00,172.0,2025-05-02
uniqueUserZone,OWM Zona5,2025-05-02 00:00:00+02:00,166.0,2025-05-02
uniqueUserZone,OWM Zona4,2025-05-02 00:00:00+02:00,192.0,2025-05-02
uniqueUserZone,OWM Zona3,2025-05-02 00:00:00+02:00,363.0,2025-05-02
uniqueUserZone,OWM Zona2,2025-05-02 00:00:00+02:00,206.0,2025-05-02
uniqueUserZone,OWM Zona1,2025-05-02 00:00:00+02:00,606.0,2025-05-02
uniqueUserZone,OWM Zona9,2025-05-01 00:00:00+02:00,96.0,2025-05-01
uniqueUserZone,OWM Zona8,2025-05-01 00:00:00+02:00,152.0,2025-05-01
uniqueUserZone,OWM Zona7,2025-05-01 00:00:00+02:00,95.0,2025-05-01
uniqueUserZone,OWM Zona6,2025-05-01 00:00:00+02:00,136.0,2025-05-01
uniqueUserZone,OWM Zona5,2025-05-01 00:00:00+02:00,132.0,2025-05-01
uniqueUserZone,OWM Zona4,2025-05-01 00:00:00+02:00,185.0,2025-05-01
uniqueUserZone,OWM Zona3,2025-05-01 00:00:00+02:00,298.0,2025-05-01
uniqueUserZone,OWM Zona2,2025-05-01 00:00:00+02:00,167.0,2025-05-01
uniqueUserZone,OWM Zona1,2025-05-01 00:00:00+02:00,564.0,2025-05-01
uniqueUserZone,OWM Zona9,2025-04-30 00:00:00+02:00,157.0,2025-04-30
uniqueUserZone,OWM Zona8,2025-04-30 00:00:00+02:00,223.0,2025-04-30
uniqueUserZone,OWM Zona7,2025-04-30 00:00:00+02:00,122.0,2025-04-30
uniqueUserZone,OWM Zona6,2025-04-30 00:00:00+02:00,187.0,2025-04-30
uniqueUserZone,OWM Zona5,2025-04-30 00:00:00+02:00,174.0,2025-04-30
uniqueUserZone,OWM Zona4,2025-04-30 00:00:00+02:00,246.0,2025-04-30
uniqueUserZone,OWM Zona3,2025-04-30 00:00:00+02:00,364.0,2025-04-30
uniqueUserZone,OWM Zona2,2025-04-30 00:00:00+02:00,218.0,2025-04-30
uniqueUserZone,OWM Zona1,2025-04-30 00:00:00+02:00,548.0,2025-04-30
uniqueUserZone,OWM Zona9,2025-04-29 00:00:00+02:00,154.0,2025-04-29
uniqueUserZone,OWM Zona8,2025-04-29 00:00:00+02:00,211.0,2025-04-29
uniqueUserZone,OWM Zona7,2025-04-29 00:00:00+02:00,120.0,2025-04-29
uniqueUserZone,OWM Zona6,2025-04-29 00:00:00+02:00,165.0,2025-04-29
uniqueUserZone,OWM Zona5,2025-04-29 00:00:00+02:00,174.0,2025-04-29
uniqueUserZone,OWM Zona4,2025-04-29 00:00:00+02:00,236.0,2025-04-29
uniqueUserZone,OWM Zona3,2025-04-29 00:00:00+02:00,406.0,2025-04-29
uniqueUserZone,OWM Zona2,2025-04-29 00:00:00+02:00,206.0,2025-04-29
uniqueUserZone,OWM Zona1,2025-04-29 00:00:00+02:00,569.0,2025-04-29
uniqueUserZone,OWM Zona9,2025-04-28 00:00:00+02:00,138.0,2025-04-28
uniqueUserZone,OWM Zona8,2025-04-28 00:00:00+02:00,221.0,2025-04-28
uniqueUserZone,OWM Zona7,2025-04-28 00:00:00+02:00,115.0,2025-04-28
uniqueUserZone,OWM Zona6,2025-04-28 00:00:00+02:00,188.0,2025-04-28
uniqueUserZone,OWM Zona5,2025-04-28 00:00:00+02:00,169.0,2025-04-28
uniqueUserZone,OWM Zona4,2025-04-28 00:00:00+02:00,239.0,2025-04-28
uniqueUserZone,OWM Zona3,2025-04-28 00:00:00+02:00,348.0,2025-04-28
uniqueUserZone,OWM Zona2,2025-04-28 00:00:00+02:00,236.0,2025-04-28
uniqueUserZone,OWM Zona1,2025-04-28 00:00:00+02:00,589.0,2025-04-28
uniqueUserZone,OWM Zona9,2025-04-27 00:00:00+02:00,107.0,2025-04-27
uniqueUserZone,OWM Zona8,2025-04-27 00:00:00+02:00,139.0,2025-04-27
uniqueUserZone,OWM Zona7,2025-04-27 00:00:00+02:00,76.0,2025-04-27
uniqueUserZone,OWM Zona6,2025-04-27 00:00:00+02:00,124.0,2025-04-27
uniqueUserZone,OWM Zona5,2025-04-27 00:00:00+02:00,123.0,2025-04-27
uniqueUserZone,OWM Zona4,2025-04-27 00:00:00+02:00,182.0,2025-04-27
uniqueUserZone,OWM Zona3,2025-04-27 00:00:00+02:00,259.0,2025-04-27
uniqueUserZone,OWM Zona2,2025-04-27 00:00:00+02:00,151.0,2025-04-27
uniqueUserZone,OWM Zona1,2025-04-27 00:00:00+02:00,454.0,2025-04-27
uniqueUserZone,OWM Zona9,2025-04-26 00:00:00+02:00,110.0,2025-04-26
uniqueUserZone,OWM Zona8,2025-04-26 00:00:00+02:00,170.0,2025-04-26
uniqueUserZone,OWM Zona7,2025-04-26 00:00:00+02:00,97.0,2025-04-26
uniqueUserZone,OWM Zona6,2025-04-26 00:00:00+02:00,139.0,2025-04-26
uniqueUserZone,OWM Zona5,2025-04-26 00:00:00+02:00,135.0,2025-04-26
uniqueUserZone,OWM Zona4,2025-04-26 00:00:00+02:00,182.0,2025-04-26
uniqueUserZone,OWM Zona3,2025-04-26 00:00:00+02:00,314.0,2025-04-26
uniqueUserZone,OWM Zona2,2025-04-26 00:00:00+02:00,176.0,2025-04-26
uniqueUserZone,OWM Zona1,2025-04-26 00:00:00+02:00,577.0,2025-04-26
uniqueUserZone,OWM Zona9,2025-04-25 00:00:00+02:00,104.0,2025-04-25
uniqueUserZone,OWM Zona8,2025-04-25 00:00:00+02:00,175.0,2025-04-25
uniqueUserZone,OWM Zona7,2025-04-25 00:00:00+02:00,96.0,2025-04-25
uniqueUserZone,OWM Zona6,2025-04-25 00:00:00+02:00,135.0,2025-04-25
uniqueUserZone,OWM Zona5,2025-04-25 00:00:00+02:00,123.0,2025-04-25
uniqueUserZone,OWM Zona4,2025-04-25 00:00:00+02:00,186.0,2025-04-25
uniqueUserZone,OWM Zona3,2025-04-25 00:00:00+02:00,353.0,2025-04-25
uniqueUserZone,OWM Zona2,2025-04-25 00:00:00+02:00,161.0,2025-04-25
uniqueUserZone,OWM Zona1,2025-04-25 00:00:00+02:00,599.0,2025-04-25
uniqueUserZone,OWM Zona9,2025-04-24 00:00:00+02:00,132.0,2025-04-24
uniqueUserZone,OWM Zona8,2025-04-24 00:00:00+02:00,220.0,2025-04-24
uniqueUserZone,OWM Zona7,2025-04-24 00:00:00+02:00,113.0,2025-04-24
uniqueUserZone,OWM Zona6,2025-04-24 00:00:00+02:00,150.0,2025-04-24
uniqueUserZone,OWM Zona5,2025-04-24 00:00:00+02:00,154.0,2025-04-24
uniqueUserZone,OWM Zona4,2025-04-24 00:00:00+02:00,215.0,2025-04-24
uniqueUserZone,OWM Zona3,2025-04-24 00:00:00+02:00,367.0,2025-04-24
uniqueUserZone,OWM Zona2,2025-04-24 00:00:00+02:00,209.0,2025-04-24
uniqueUserZone,OWM Zona1,2025-04-24 00:00:00+02:00,652.0,2025-04-24
uniqueUserZone,OWM Zona9,2025-04-23 00:00:00+02:00,111.0,2025-04-23
uniqueUserZone,OWM Zona8,2025-04-23 00:00:00+02:00,200.0,2025-04-23
uniqueUserZone,OWM Zona7,2025-04-23 00:00:00+02:00,108.0,2025-04-23
uniqueUserZone,OWM Zona6,2025-04-23 00:00:00+02:00,161.0,2025-04-23
uniqueUserZone,OWM Zona5,2025-04-23 00:00:00+02:00,149.0,2025-04-23
uniqueUserZone,OWM Zona4,2025-04-23 00:00:00+02:00,201.0,2025-04-23
uniqueUserZone,OWM Zona3,2025-04-23 00:00:00+02:00,352.0,2025-04-23
uniqueUserZone,OWM Zona2,2025-04-23 00:00:00+02:00,192.0,2025-04-23
uniqueUserZone,OWM Zona1,2025-04-23 00:00:00+02:00,626.0,2025-04-23
uniqueUserZone,OWM Zona9,2025-04-22 00:00:00+02:00,133.0,2025-04-22
uniqueUserZone,OWM Zona8,2025-04-22 00:00:00+02:00,195.0,2025-04-22
uniqueUserZone,OWM Zona7,2025-04-22 00:00:00+02:00,111.0,2025-04-22
uniqueUserZone,OWM Zona6,2025-04-22 00:00:00+02:00,173.0,2025-04-22
uniqueUserZone,OWM Zona5,2025-04-22 00:00:00+02:00,147.0,2025-04-22
uniqueUserZone,OWM Zona4,2025-04-22 00:00:00+02:00,204.0,2025-04-22
uniqueUserZone,OWM Zona3,2025-04-22 00:00:00+02:00,373.0,2025-04-22
uniqueUserZone,OWM Zona2,2025-04-22 00:00:00+02:00,178.0,2025-04-22
uniqueUserZone,OWM Zona1,2025-04-22 00:00:00+02:00,625.0,2025-04-22
uniqueUserZone,OWM Zona9,2025-04-21 00:00:00+02:00,71.0,2025-04-21
uniqueUserZone,OWM Zona8,2025-04-21 00:00:00+02:00,140.0,2025-04-21
uniqueUserZone,OWM Zona7,2025-04-21 00:00:00+02:00,88.0,2025-04-21
uniqueUserZone,OWM Zona6,2025-04-21 00:00:00+02:00,121.0,2025-04-21
uniqueUserZone,OWM Zona5,2025-04-21 00:00:00+02:00,130.0,2025-04-21
uniqueUserZone,OWM Zona4,2025-04-21 00:00:00+02:00,161.0,2025-04-21
uniqueUserZone,OWM Zona3,2025-04-21 00:00:00+02:00,263.0,2025-04-21
uniqueUserZone,OWM Zona2,2025-04-21 00:00:00+02:00,161.0,2025-04-21
uniqueUserZone,OWM Zona1,2025-04-21 00:00:00+02:00,609.0,2025-04-21
uniqueUserZone,OWM Zona9,2025-04-20 00:00:00+02:00,93.0,2025-04-20
uniqueUserZone,OWM Zona8,2025-04-20 00:00:00+02:00,111.0,2025-04-20
uniqueUserZone,OWM Zona7,2025-04-20 00:00:00+02:00,68.0,2025-04-20
uniqueUserZone,OWM Zona6,2025-04-20 00:00:00+02:00,113.0,2025-04-20
uniqueUserZone,OWM Zona5,2025-04-20 00:00:00+02:00,91.0,2025-04-20
uniqueUserZone,OWM Zona4,2025-04-20 00:00:00+02:00,155.0,2025-04-20
uniqueUserZone,OWM Zona3,2025-04-20 00:00:00+02:00,220.0,2025-04-20
uniqueUserZone,OWM Zona2,2025-04-20 00:00:00+02:00,131.0,2025-04-20
uniqueUserZone,OWM Zona1,2025-04-20 00:00:00+02:00,652.0,2025-04-20
uniqueUserZone,OWM Zona9,2025-04-19 00:00:00+02:00,103.0,2025-04-19
uniqueUserZone,OWM Zona8,2025-04-19 00:00:00+02:00,145.0,2025-04-19
uniqueUserZone,OWM Zona7,2025-04-19 00:00:00+02:00,84.0,2025-04-19
uniqueUserZone,OWM Zona6,2025-04-19 00:00:00+02:00,151.0,2025-04-19
uniqueUserZone,OWM Zona5,2025-04-19 00:00:00+02:00,122.0,2025-04-19
uniqueUserZone,OWM Zona4,2025-04-19 00:00:00+02:00,190.0,2025-04-19
uniqueUserZone,OWM Zona3,2025-04-19 00:00:00+02:00,300.0,2025-04-19
uniqueUserZone,OWM Zona2,2025-04-19 00:00:00+02:00,164.0,2025-04-19
uniqueUserZone,OWM Zona1,2025-04-19 00:00:00+02:00,763.0,2025-04-19
uniqueUserZone,OWM Zona9,2025-04-18 00:00:00+02:00,114.0,2025-04-18
uniqueUserZone,OWM Zona8,2025-04-18 00:00:00+02:00,164.0,2025-04-18
uniqueUserZone,OWM Zona7,2025-04-18 00:00:00+02:00,99.0,2025-04-18
uniqueUserZone,OWM Zona6,2025-04-18 00:00:00+02:00,184.0,2025-04-18
uniqueUserZone,OWM Zona5,2025-04-18 00:00:00+02:00,158.0,2025-04-18
uniqueUserZone,OWM Zona4,2025-04-18 00:00:00+02:00,210.0,2025-04-18
uniqueUserZone,OWM Zona3,2025-04-18 00:00:00+02:00,363.0,2025-04-18
uniqueUserZone,OWM Zona2,2025-04-18 00:00:00+02:00,197.0,2025-04-18
uniqueUserZone,OWM Zona1,2025-04-18 00:00:00+02:00,699.0,2025-04-18
uniqueUserZone,OWM Zona9,2025-04-17 00:00:00+02:00,119.0,2025-04-17
uniqueUserZone,OWM Zona8,2025-04-17 00:00:00+02:00,163.0,2025-04-17
uniqueUserZone,OWM Zona7,2025-04-17 00:00:00+02:00,92.0,2025-04-17
uniqueUserZone,OWM Zona6,2025-04-17 00:00:00+02:00,164.0,2025-04-17
uniqueUserZone,OWM Zona5,2025-04-17 00:00:00+02:00,133.0,2025-04-17
uniqueUserZone,OWM Zona4,2025-04-17 00:00:00+02:00,180.0,2025-04-17
uniqueUserZone,OWM Zona3,2025-04-17 00:00:00+02:00,323.0,2025-04-17
uniqueUserZone,OWM Zona2,2025-04-17 00:00:00+02:00,181.0,2025-04-17
uniqueUserZone,OWM Zona1,2025-04-17 00:00:00+02:00,526.0,2025-04-17
uniqueUserZone,OWM Zona9,2025-04-16 00:00:00+02:00,142.0,2025-04-16
uniqueUserZone,OWM Zona8,2025-04-16 00:00:00+02:00,235.0,2025-04-16
uniqueUserZone,OWM Zona7,2025-04-16 00:00:00+02:00,113.0,2025-04-16
uniqueUserZone,OWM Zona6,2025-04-16 00:00:00+02:00,177.0,2025-04-16
uniqueUserZone,OWM Zona5,2025-04-16 00:00:00+02:00,168.0,2025-04-16
uniqueUserZone,OWM Zona4,2025-04-16 00:00:00+02:00,220.0,2025-04-16
uniqueUserZone,OWM Zona3,2025-04-16 00:00:00+02:00,353.0,2025-04-16
uniqueUserZone,OWM Zona2,2025-04-16 00:00:00+02:00,218.0,2025-04-16
uniqueUserZone,OWM Zona1,2025-04-16 00:00:00+02:00,548.0,2025-04-16
uniqueUserZone,OWM Zona9,2025-04-15 00:00:00+02:00,133.0,2025-04-15
uniqueUserZone,OWM Zona8,2025-04-15 00:00:00+02:00,201.0,2025-04-15
uniqueUserZone,OWM Zona7,2025-04-15 00:00:00+02:00,94.0,2025-04-15
uniqueUserZone,OWM Zona6,2025-04-15 00:00:00+02:00,204.0,2025-04-15
uniqueUserZone,OWM Zona5,2025-04-15 00:00:00+02:00,151.0,2025-04-15
uniqueUserZone,OWM Zona4,2025-04-15 00:00:00+02:00,220.0,2025-04-15
uniqueUserZone,OWM Zona3,2025-04-15 00:00:00+02:00,350.0,2025-04-15
uniqueUserZone,OWM Zona2,2025-04-15 00:00:00+02:00,204.0,2025-04-15
uniqueUserZone,OWM Zona1,2025-04-15 00:00:00+02:00,576.0,2025-04-15
uniqueUserZone,OWM Zona9,2025-04-14 00:00:00+02:00,139.0,2025-04-14
uniqueUserZone,OWM Zona8,2025-04-14 00:00:00+02:00,196.0,2025-04-14
uniqueUserZone,OWM Zona7,2025-04-14 00:00:00+02:00,118.0,2025-04-14
uniqueUserZone,OWM Zona6,2025-04-14 00:00:00+02:00,174.0,2025-04-14
uniqueUserZone,OWM Zona5,2025-04-14 00:00:00+02:00,170.0,2025-04-14
uniqueUserZone,OWM Zona4,2025-04-14 00:00:00+02:00,216.0,2025-04-14
uniqueUserZone,OWM Zona3,2025-04-14 00:00:00+02:00,336.0,2025-04-14
uniqueUserZone,OWM Zona2,2025-04-14 00:00:00+02:00,208.0,2025-04-14
uniqueUserZone,OWM Zona1,2025-04-14 00:00:00+02:00,523.0,2025-04-14
uniqueUserZone,OWM Zona9,2025-04-13 00:00:00+02:00,89.0,2025-04-13
uniqueUserZone,OWM Zona8,2025-04-13 00:00:00+02:00,160.0,2025-04-13
uniqueUserZone,OWM Zona7,2025-04-13 00:00:00+02:00,82.0,2025-04-13
uniqueUserZone,OWM Zona6,2025-04-13 00:00:00+02:00,147.0,2025-04-13
uniqueUserZone,OWM Zona5,2025-04-13 00:00:00+02:00,124.0,2025-04-13
uniqueUserZone,OWM Zona4,2025-04-13 00:00:00+02:00,207.0,2025-04-13
uniqueUserZone,OWM Zona3,2025-04-13 00:00:00+02:00,306.0,2025-04-13
uniqueUserZone,OWM Zona2,2025-04-13 00:00:00+02:00,172.0,2025-04-13
uniqueUserZone,OWM Zona1,2025-04-13 00:00:00+02:00,645.0,2025-04-13
uniqueUserZone,OWM Zona9,2025-04-12 00:00:00+02:00,129.0,2025-04-12
uniqueUserZone,OWM Zona8,2025-04-12 00:00:00+02:00,225.0,2025-04-12
uniqueUserZone,OWM Zona7,2025-04-12 00:00:00+02:00,119.0,2025-04-12
uniqueUserZone,OWM Zona6,2025-04-12 00:00:00+02:00,194.0,2025-04-12
uniqueUserZone,OWM Zona5,2025-04-12 00:00:00+02:00,181.0,2025-04-12
uniqueUserZone,OWM Zona4,2025-04-12 00:00:00+02:00,223.0,2025-04-12
uniqueUserZone,OWM Zona3,2025-04-12 00:00:00+02:00,379.0,2025-04-12
uniqueUserZone,OWM Zona2,2025-04-12 00:00:00+02:00,238.0,2025-04-12
uniqueUserZone,OWM Zona1,2025-04-12 00:00:00+02:00,755.0,2025-04-12
uniqueUserZone,OWM Zona9,2025-04-11 00:00:00+02:00,152.0,2025-04-11
uniqueUserZone,OWM Zona8,2025-04-11 00:00:00+02:00,249.0,2025-04-11
uniqueUserZone,OWM Zona7,2025-04-11 00:00:00+02:00,125.0,2025-04-11
uniqueUserZone,OWM Zona6,2025-04-11 00:00:00+02:00,226.0,2025-04-11
uniqueUserZone,OWM Zona5,2025-04-11 00:00:00+02:00,185.0,2025-04-11
uniqueUserZone,OWM Zona4,2025-04-11 00:00:00+02:00,232.0,2025-04-11
uniqueUserZone,OWM Zona3,2025-04-11 00:00:00+02:00,434.0,2025-04-11
uniqueUserZone,OWM Zona2,2025-04-11 00:00:00+02:00,247.0,2025-04-11
uniqueUserZone,OWM Zona1,2025-04-11 00:00:00+02:00,750.0,2025-04-11
uniqueUserZone,OWM Zona9,2025-04-10 00:00:00+02:00,157.0,2025-04-10
uniqueUserZone,OWM Zona8,2025-04-10 00:00:00+02:00,254.0,2025-04-10
uniqueUserZone,OWM Zona7,2025-04-10 00:00:00+02:00,129.0,2025-04-10
uniqueUserZone,OWM Zona6,2025-04-10 00:00:00+02:00,239.0,2025-04-10
uniqueUserZone,OWM Zona5,2025-04-10 00:00:00+02:00,198.0,2025-04-10
uniqueUserZone,OWM Zona4,2025-04-10 00:00:00+02:00,233.0,2025-04-10
uniqueUserZone,OWM Zona3,2025-04-10 00:00:00+02:00,426.0,2025-04-10
uniqueUserZone,OWM Zona2,2025-04-10 00:00:00+02:00,261.0,2025-04-10
uniqueUserZone,OWM Zona1,2025-04-10 00:00:00+02:00,786.0,2025-04-10
uniqueUserZone,OWM Zona9,2025-04-09 00:00:00+02:00,161.0,2025-04-09
uniqueUserZone,OWM Zona8,2025-04-09 00:00:00+02:00,261.0,2025-04-09
uniqueUserZone,OWM Zona7,2025-04-09 00:00:00+02:00,149.0,2025-04-09
uniqueUserZone,OWM Zona6,2025-04-09 00:00:00+02:00,214.0,2025-04-09
uniqueUserZone,OWM Zona5,2025-04-09 00:00:00+02:00,184.0,2025-04-09
uniqueUserZone,OWM Zona4,2025-04-09 00:00:00+02:00,230.0,2025-04-09
uniqueUserZone,OWM Zona3,2025-04-09 00:00:00+02:00,432.0,2025-04-09
uniqueUserZone,OWM Zona2,2025-04-09 00:00:00+02:00,227.0,2025-04-09
uniqueUserZone,OWM Zona1,2025-04-09 00:00:00+02:00,721.0,2025-04-09
uniqueUserZone,OWM Zona9,2025-04-08 00:00:00+02:00,150.0,2025-04-08
uniqueUserZone,OWM Zona8,2025-04-08 00:00:00+02:00,248.0,2025-04-08
uniqueUserZone,OWM Zona7,2025-04-08 00:00:00+02:00,133.0,2025-04-08
uniqueUserZone,OWM Zona6,2025-04-08 00:00:00+02:00,214.0,2025-04-08
uniqueUserZone,OWM Zona5,2025-04-08 00:00:00+02:00,183.0,2025-04-08
uniqueUserZone,OWM Zona4,2025-04-08 00:00:00+02:00,227.0,2025-04-08
uniqueUserZone,OWM Zona3,2025-04-08 00:00:00+02:00,416.0,2025-04-08
uniqueUserZone,OWM Zona2,2025-04-08 00:00:00+02:00,231.0,2025-04-08
uniqueUserZone,OWM Zona1,2025-04-08 00:00:00+02:00,669.0,2025-04-08
uniqueUserZone,OWM Zona9,2025-04-07 00:00:00+02:00,141.0,2025-04-07
uniqueUserZone,OWM Zona8,2025-04-07 00:00:00+02:00,231.0,2025-04-07
uniqueUserZone,OWM Zona7,2025-04-07 00:00:00+02:00,139.0,2025-04-07
uniqueUserZone,OWM Zona6,2025-04-07 00:00:00+02:00,220.0,2025-04-07
uniqueUserZone,OWM Zona5,2025-04-07 00:00:00+02:00,182.0,2025-04-07
uniqueUserZone,OWM Zona4,2025-04-07 00:00:00+02:00,241.0,2025-04-07
uniqueUserZone,OWM Zona3,2025-04-07 00:00:00+02:00,363.0,2025-04-07
uniqueUserZone,OWM Zona2,2025-04-07 00:00:00+02:00,240.0,2025-04-07
uniqueUserZone,OWM Zona1,2025-04-07 00:00:00+02:00,607.0,2025-04-07
uniqueUserZone,OWM Zona9,2025-04-06 00:00:00+02:00,104.0,2025-04-06
uniqueUserZone,OWM Zona8,2025-04-06 00:00:00+02:00,199.0,2025-04-06
uniqueUserZone,OWM Zona7,2025-04-06 00:00:00+02:00,87.0,2025-04-06
uniqueUserZone,OWM Zona6,2025-04-06 00:00:00+02:00,142.0,2025-04-06
uniqueUserZone,OWM Zona5,2025-04-06 00:00:00+02:00,143.0,2025-04-06
uniqueUserZone,OWM Zona4,2025-04-06 00:00:00+02:00,185.0,2025-04-06
uniqueUserZone,OWM Zona3,2025-04-06 00:00:00+02:00,319.0,2025-04-06
uniqueUserZone,OWM Zona2,2025-04-06 00:00:00+02:00,187.0,2025-04-06
uniqueUserZone,OWM Zona1,2025-04-06 00:00:00+02:00,573.0,2025-04-06
uniqueUserZone,OWM Zona9,2025-04-05 00:00:00+02:00,115.0,2025-04-05
uniqueUserZone,OWM Zona8,2025-04-05 00:00:00+02:00,218.0,2025-04-05
uniqueUserZone,OWM Zona7,2025-04-05 00:00:00+02:00,154.0,2025-04-05
uniqueUserZone,OWM Zona6,2025-04-05 00:00:00+02:00,189.0,2025-04-05
uniqueUserZone,OWM Zona5,2025-04-05 00:00:00+02:00,170.0,2025-04-05
uniqueUserZone,OWM Zona4,2025-04-05 00:00:00+02:00,224.0,2025-04-05
uniqueUserZone,OWM Zona3,2025-04-05 00:00:00+02:00,376.0,2025-04-05
uniqueUserZone,OWM Zona2,2025-04-05 00:00:00+02:00,226.0,2025-04-05
uniqueUserZone,OWM Zona1,2025-04-05 00:00:00+02:00,648.0,2025-04-05
uniqueUserZone,OWM Zona9,2025-04-04 00:00:00+02:00,155.0,2025-04-04
uniqueUserZone,OWM Zona8,2025-04-04 00:00:00+02:00,250.0,2025-04-04
uniqueUserZone,OWM Zona7,2025-04-04 00:00:00+02:00,142.0,2025-04-04
uniqueUserZone,OWM Zona6,2025-04-04 00:00:00+02:00,194.0,2025-04-04
uniqueUserZone,OWM Zona5,2025-04-04 00:00:00+02:00,202.0,2025-04-04
uniqueUserZone,OWM Zona4,2025-04-04 00:00:00+02:00,248.0,2025-04-04
uniqueUserZone,OWM Zona3,2025-04-04 00:00:00+02:00,429.0,2025-04-04
uniqueUserZone,OWM Zona2,2025-04-04 00:00:00+02:00,250.0,2025-04-04
uniqueUserZone,OWM Zona1,2025-04-04 00:00:00+02:00,734.0,2025-04-04
uniqueUserZone,OWM Zona9,2025-04-03 00:00:00+02:00,156.0,2025-04-03
uniqueUserZone,OWM Zona8,2025-04-03 00:00:00+02:00,237.0,2025-04-03
uniqueUserZone,OWM Zona7,2025-04-03 00:00:00+02:00,134.0,2025-04-03
uniqueUserZone,OWM Zona6,2025-04-03 00:00:00+02:00,200.0,2025-04-03
uniqueUserZone,OWM Zona5,2025-04-03 00:00:00+02:00,201.0,2025-04-03
uniqueUserZone,OWM Zona4,2025-04-03 00:00:00+02:00,223.0,2025-04-03
uniqueUserZone,OWM Zona3,2025-04-03 00:00:00+02:00,427.0,2025-04-03
uniqueUserZone,OWM Zona2,2025-04-03 00:00:00+02:00,257.0,2025-04-03
uniqueUserZone,OWM Zona1,2025-04-03 00:00:00+02:00,712.0,2025-04-03
uniqueUserZone,OWM Zona9,2025-04-02 00:00:00+02:00,131.0,2025-04-02
uniqueUserZone,OWM Zona8,2025-04-02 00:00:00+02:00,263.0,2025-04-02
uniqueUserZone,OWM Zona7,2025-04-02 00:00:00+02:00,117.0,2025-04-02
uniqueUserZone,OWM Zona6,2025-04-02 00:00:00+02:00,194.0,2025-04-02
uniqueUserZone,OWM Zona5,2025-04-02 00:00:00+02:00,216.0,2025-04-02
uniqueUserZone,OWM Zona4,2025-04-02 00:00:00+02:00,234.0,2025-04-02
uniqueUserZone,OWM Zona3,2025-04-02 00:00:00+02:00,384.0,2025-04-02
uniqueUserZone,OWM Zona2,2025-04-02 00:00:00+02:00,226.0,2025-04-02
uniqueUserZone,OWM Zona1,2025-04-02 00:00:00+02:00,680.0,2025-04-02
uniqueUserZone,OWM Zona9,2025-04-01 00:00:00+02:00,143.0,2025-04-01
uniqueUserZone,OWM Zona8,2025-04-01 00:00:00+02:00,251.0,2025-04-01
uniqueUserZone,OWM Zona7,2025-04-01 00:00:00+02:00,127.0,2025-04-01
uniqueUserZone,OWM Zona6,2025-04-01 00:00:00+02:00,208.0,2025-04-01
uniqueUserZone,OWM Zona5,2025-04-01 00:00:00+02:00,181.0,2025-04-01
uniqueUserZone,OWM Zona4,2025-04-01 00:00:00+02:00,225.0,2025-04-01
uniqueUserZone,OWM Zona3,2025-04-01 00:00:00+02:00,413.0,2025-04-01
uniqueUserZone,OWM Zona2,2025-04-01 00:00:00+02:00,224.0,2025-04-01
uniqueUserZone,OWM Zona1,2025-04-01 00:00:00+02:00,605.0,2025-04-01
uniqueUserZone,OWM Zona9,2025-03-31 00:00:00+02:00,153.0,2025-03-31
uniqueUserZone,OWM Zona8,2025-03-31 00:00:00+02:00,228.0,2025-03-31
uniqueUserZone,OWM Zona7,2025-03-31 00:00:00+02:00,123.0,2025-03-31
uniqueUserZone,OWM Zona6,2025-03-31 00:00:00+02:00,193.0,2025-03-31
uniqueUserZone,OWM Zona5,2025-03-31 00:00:00+02:00,192.0,2025-03-31
uniqueUserZone,OWM Zona4,2025-03-31 00:00:00+02:00,206.0,2025-03-31
uniqueUserZone,OWM Zona3,2025-03-31 00:00:00+02:00,357.0,2025-03-31
uniqueUserZone,OWM Zona2,2025-03-31 00:00:00+02:00,215.0,2025-03-31
uniqueUserZone,OWM Zona1,2025-03-31 00:00:00+02:00,628.0,2025-03-31
uniqueUserZone,OWM Zona9,2025-03-30 00:00:00+01:00,116.0,2025-03-30
uniqueUserZone,OWM Zona8,2025-03-30 00:00:00+01:00,214.0,2025-03-30
uniqueUserZone,OWM Zona7,2025-03-30 00:00:00+01:00,125.0,2025-03-30
uniqueUserZone,OWM Zona6,2025-03-30 00:00:00+01:00,189.0,2025-03-30
uniqueUserZone,OWM Zona5,2025-03-30 00:00:00+01:00,158.0,2025-03-30
uniqueUserZone,OWM Zona4,2025-03-30 00:00:00+01:00,195.0,2025-03-30
uniqueUserZone,OWM Zona3,2025-03-30 00:00:00+01:00,314.0,2025-03-30
uniqueUserZone,OWM Zona2,2025-03-30 00:00:00+01:00,184.0,2025-03-30
uniqueUserZone,OWM Zona1,2025-03-30 00:00:00+01:00,555.0,2025-03-30
uniqueUserZone,OWM Zona9,2025-03-29 00:00:00+01:00,122.0,2025-03-29
uniqueUserZone,OWM Zona8,2025-03-29 00:00:00+01:00,184.0,2025-03-29
uniqueUserZone,OWM Zona7,2025-03-29 00:00:00+01:00,114.0,2025-03-29
uniqueUserZone,OWM Zona6,2025-03-29 00:00:00+01:00,168.0,2025-03-29
uniqueUserZone,OWM Zona5,2025-03-29 00:00:00+01:00,157.0,2025-03-29
uniqueUserZone,OWM Zona4,2025-03-29 00:00:00+01:00,215.0,2025-03-29
uniqueUserZone,OWM Zona3,2025-03-29 00:00:00+01:00,322.0,2025-03-29
uniqueUserZone,OWM Zona2,2025-03-29 00:00:00+01:00,192.0,2025-03-29
uniqueUserZone,OWM Zona1,2025-03-29 00:00:00+01:00,634.0,2025-03-29
uniqueUserZone,OWM Zona9,2025-03-28 00:00:00+01:00,173.0,2025-03-28
uniqueUserZone,OWM Zona8,2025-03-28 00:00:00+01:00,256.0,2025-03-28
uniqueUserZone,OWM Zona7,2025-03-28 00:00:00+01:00,120.0,2025-03-28
uniqueUserZone,OWM Zona6,2025-03-28 00:00:00+01:00,227.0,2025-03-28
uniqueUserZone,OWM Zona5,2025-03-28 00:00:00+01:00,183.0,2025-03-28
uniqueUserZone,OWM Zona4,2025-03-28 00:00:00+01:00,246.0,2025-03-28
uniqueUserZone,OWM Zona3,2025-03-28 00:00:00+01:00,394.0,2025-03-28
uniqueUserZone,OWM Zona2,2025-03-28 00:00:00+01:00,230.0,2025-03-28
uniqueUserZone,OWM Zona1,2025-03-28 00:00:00+01:00,592.0,2025-03-28
uniqueUserZone,OWM Zona9,2025-03-27 00:00:00+01:00,159.0,2025-03-27
uniqueUserZone,OWM Zona8,2025-03-27 00:00:00+01:00,230.0,2025-03-27
uniqueUserZone,OWM Zona7,2025-03-27 00:00:00+01:00,133.0,2025-03-27
uniqueUserZone,OWM Zona6,2025-03-27 00:00:00+01:00,215.0,2025-03-27
uniqueUserZone,OWM Zona5,2025-03-27 00:00:00+01:00,185.0,2025-03-27
uniqueUserZone,OWM Zona4,2025-03-27 00:00:00+01:00,249.0,2025-03-27
uniqueUserZone,OWM Zona3,2025-03-27 00:00:00+01:00,356.0,2025-03-27
uniqueUserZone,OWM Zona2,2025-03-27 00:00:00+01:00,222.0,2025-03-27
uniqueUserZone,OWM Zona1,2025-03-27 00:00:00+01:00,588.0,2025-03-27
uniqueUserZone,OWM Zona9,2025-03-26 00:00:00+01:00,154.0,2025-03-26
uniqueUserZone,OWM Zona8,2025-03-26 00:00:00+01:00,249.0,2025-03-26
uniqueUserZone,OWM Zona7,2025-03-26 00:00:00+01:00,126.0,2025-03-26
uniqueUserZone,OWM Zona6,2025-03-26 00:00:00+01:00,203.0,2025-03-26
uniqueUserZone,OWM Zona5,2025-03-26 00:00:00+01:00,187.0,2025-03-26
uniqueUserZone,OWM Zona4,2025-03-26 00:00:00+01:00,233.0,2025-03-26
uniqueUserZone,OWM Zona3,2025-03-26 00:00:00+01:00,378.0,2025-03-26
uniqueUserZone,OWM Zona2,2025-03-26 00:00:00+01:00,240.0,2025-03-26
uniqueUserZone,OWM Zona1,2025-03-26 00:00:00+01:00,614.0,2025-03-26
uniqueUserZone,OWM Zona9,2025-03-25 00:00:00+01:00,151.0,2025-03-25
uniqueUserZone,OWM Zona8,2025-03-25 00:00:00+01:00,240.0,2025-03-25
uniqueUserZone,OWM Zona7,2025-03-25 00:00:00+01:00,120.0,2025-03-25
uniqueUserZone,OWM Zona6,2025-03-25 00:00:00+01:00,200.0,2025-03-25
uniqueUserZone,OWM Zona5,2025-03-25 00:00:00+01:00,169.0,2025-03-25
uniqueUserZone,OWM Zona4,2025-03-25 00:00:00+01:00,238.0,2025-03-25
uniqueUserZone,OWM Zona3,2025-03-25 00:00:00+01:00,435.0,2025-03-25
uniqueUserZone,OWM Zona2,2025-03-25 00:00:00+01:00,232.0,2025-03-25
uniqueUserZone,OWM Zona1,2025-03-25 00:00:00+01:00,595.0,2025-03-25
uniqueUserZone,OWM Zona9,2025-03-24 00:00:00+01:00,162.0,2025-03-24
uniqueUserZone,OWM Zona8,2025-03-24 00:00:00+01:00,202.0,2025-03-24
uniqueUserZone,OWM Zona7,2025-03-24 00:00:00+01:00,132.0,2025-03-24
uniqueUserZone,OWM Zona6,2025-03-24 00:00:00+01:00,204.0,2025-03-24
uniqueUserZone,OWM Zona5,2025-03-24 00:00:00+01:00,170.0,2025-03-24
uniqueUserZone,OWM Zona4,2025-03-24 00:00:00+01:00,207.0,2025-03-24
uniqueUserZone,OWM Zona3,2025-03-24 00:00:00+01:00,347.0,2025-03-24
uniqueUserZone,OWM Zona2,2025-03-24 00:00:00+01:00,204.0,2025-03-24
uniqueUserZone,OWM Zona1,2025-03-24 00:00:00+01:00,555.0,2025-03-24
uniqueUserZone,OWM Zona9,2025-03-23 00:00:00+01:00,90.0,2025-03-23
uniqueUserZone,OWM Zona8,2025-03-23 00:00:00+01:00,128.0,2025-03-23
uniqueUserZone,OWM Zona7,2025-03-23 00:00:00+01:00,84.0,2025-03-23
uniqueUserZone,OWM Zona6,2025-03-23 00:00:00+01:00,146.0,2025-03-23
uniqueUserZone,OWM Zona5,2025-03-23 00:00:00+01:00,123.0,2025-03-23
uniqueUserZone,OWM Zona4,2025-03-23 00:00:00+01:00,164.0,2025-03-23
uniqueUserZone,OWM Zona3,2025-03-23 00:00:00+01:00,249.0,2025-03-23
uniqueUserZone,OWM Zona2,2025-03-23 00:00:00+01:00,144.0,2025-03-23
uniqueUserZone,OWM Zona1,2025-03-23 00:00:00+01:00,421.0,2025-03-23
uniqueUserZone,OWM Zona9,2025-03-22 00:00:00+01:00,120.0,2025-03-22
uniqueUserZone,OWM Zona8,2025-03-22 00:00:00+01:00,161.0,2025-03-22
uniqueUserZone,OWM Zona7,2025-03-22 00:00:00+01:00,110.0,2025-03-22
uniqueUserZone,OWM Zona6,2025-03-22 00:00:00+01:00,172.0,2025-03-22
uniqueUserZone,OWM Zona5,2025-03-22 00:00:00+01:00,131.0,2025-03-22
uniqueUserZone,OWM Zona4,2025-03-22 00:00:00+01:00,174.0,2025-03-22
uniqueUserZone,OWM Zona3,2025-03-22 00:00:00+01:00,282.0,2025-03-22
uniqueUserZone,OWM Zona2,2025-03-22 00:00:00+01:00,146.0,2025-03-22
uniqueUserZone,OWM Zona1,2025-03-22 00:00:00+01:00,467.0,2025-03-22
uniqueUserZone,OWM Zona9,2025-03-21 00:00:00+01:00,151.0,2025-03-21
uniqueUserZone,OWM Zona8,2025-03-21 00:00:00+01:00,212.0,2025-03-21
uniqueUserZone,OWM Zona7,2025-03-21 00:00:00+01:00,120.0,2025-03-21
uniqueUserZone,OWM Zona6,2025-03-21 00:00:00+01:00,194.0,2025-03-21
uniqueUserZone,OWM Zona5,2025-03-21 00:00:00+01:00,170.0,2025-03-21
uniqueUserZone,OWM Zona4,2025-03-21 00:00:00+01:00,223.0,2025-03-21
uniqueUserZone,OWM Zona3,2025-03-21 00:00:00+01:00,389.0,2025-03-21
uniqueUserZone,OWM Zona2,2025-03-21 00:00:00+01:00,225.0,2025-03-21
uniqueUserZone,OWM Zona1,2025-03-21 00:00:00+01:00,533.0,2025-03-21
uniqueUserZone,OWM Zona9,2025-03-20 00:00:00+01:00,159.0,2025-03-20
uniqueUserZone,OWM Zona8,2025-03-20 00:00:00+01:00,212.0,2025-03-20
uniqueUserZone,OWM Zona7,2025-03-20 00:00:00+01:00,138.0,2025-03-20
uniqueUserZone,OWM Zona6,2025-03-20 00:00:00+01:00,200.0,2025-03-20
uniqueUserZone,OWM Zona5,2025-03-20 00:00:00+01:00,174.0,2025-03-20
uniqueUserZone,OWM Zona4,2025-03-20 00:00:00+01:00,230.0,2025-03-20
uniqueUserZone,OWM Zona3,2025-03-20 00:00:00+01:00,357.0,2025-03-20
uniqueUserZone,OWM Zona2,2025-03-20 00:00:00+01:00,215.0,2025-03-20
uniqueUserZone,OWM Zona1,2025-03-20 00:00:00+01:00,546.0,2025-03-20
uniqueUserZone,OWM Zona9,2025-03-19 00:00:00+01:00,169.0,2025-03-19
uniqueUserZone,OWM Zona8,2025-03-19 00:00:00+01:00,247.0,2025-03-19
uniqueUserZone,OWM Zona7,2025-03-19 00:00:00+01:00,130.0,2025-03-19
uniqueUserZone,OWM Zona6,2025-03-19 00:00:00+01:00,199.0,2025-03-19
uniqueUserZone,OWM Zona5,2025-03-19 00:00:00+01:00,152.0,2025-03-19
uniqueUserZone,OWM Zona4,2025-03-19 00:00:00+01:00,222.0,2025-03-19
uniqueUserZone,OWM Zona3,2025-03-19 00:00:00+01:00,362.0,2025-03-19
uniqueUserZone,OWM Zona2,2025-03-19 00:00:00+01:00,230.0,2025-03-19
uniqueUserZone,OWM Zona1,2025-03-19 00:00:00+01:00,487.0,2025-03-19
uniqueUserZone,OWM Zona9,2025-03-18 00:00:00+01:00,138.0,2025-03-18
uniqueUserZone,OWM Zona8,2025-03-18 00:00:00+01:00,210.0,2025-03-18
uniqueUserZone,OWM Zona7,2025-03-18 00:00:00+01:00,119.0,2025-03-18
uniqueUserZone,OWM Zona6,2025-03-18 00:00:00+01:00,189.0,2025-03-18
uniqueUserZone,OWM Zona5,2025-03-18 00:00:00+01:00,172.0,2025-03-18
uniqueUserZone,OWM Zona4,2025-03-18 00:00:00+01:00,217.0,2025-03-18
uniqueUserZone,OWM Zona3,2025-03-18 00:00:00+01:00,358.0,2025-03-18
uniqueUserZone,OWM Zona2,2025-03-18 00:00:00+01:00,201.0,2025-03-18
uniqueUserZone,OWM Zona1,2025-03-18 00:00:00+01:00,447.0,2025-03-18
uniqueUserZone,OWM Zona9,2025-03-17 00:00:00+01:00,163.0,2025-03-17
uniqueUserZone,OWM Zona8,2025-03-17 00:00:00+01:00,227.0,2025-03-17
uniqueUserZone,OWM Zona7,2025-03-17 00:00:00+01:00,132.0,2025-03-17
uniqueUserZone,OWM Zona6,2025-03-17 00:00:00+01:00,197.0,2025-03-17
uniqueUserZone,OWM Zona5,2025-03-17 00:00:00+01:00,160.0,2025-03-17
uniqueUserZone,OWM Zona4,2025-03-17 00:00:00+01:00,244.0,2025-03-17
uniqueUserZone,OWM Zona3,2025-03-17 00:00:00+01:00,379.0,2025-03-17
uniqueUserZone,OWM Zona2,2025-03-17 00:00:00+01:00,215.0,2025-03-17
uniqueUserZone,OWM Zona1,2025-03-17 00:00:00+01:00,501.0,2025-03-17
uniqueUserZone,OWM Zona9,2025-03-16 00:00:00+01:00,107.0,2025-03-16
uniqueUserZone,OWM Zona8,2025-03-16 00:00:00+01:00,144.0,2025-03-16
uniqueUserZone,OWM Zona7,2025-03-16 00:00:00+01:00,87.0,2025-03-16
uniqueUserZone,OWM Zona6,2025-03-16 00:00:00+01:00,156.0,2025-03-16
uniqueUserZone,OWM Zona5,2025-03-16 00:00:00+01:00,106.0,2025-03-16
uniqueUserZone,OWM Zona4,2025-03-16 00:00:00+01:00,182.0,2025-03-16
uniqueUserZone,OWM Zona3,2025-03-16 00:00:00+01:00,231.0,2025-03-16
uniqueUserZone,OWM Zona2,2025-03-16 00:00:00+01:00,141.0,2025-03-16
uniqueUserZone,OWM Zona1,2025-03-16 00:00:00+01:00,415.0,2025-03-16
uniqueUserZone,OWM Zona9,2025-03-15 00:00:00+01:00,111.0,2025-03-15
uniqueUserZone,OWM Zona8,2025-03-15 00:00:00+01:00,173.0,2025-03-15
uniqueUserZone,OWM Zona7,2025-03-15 00:00:00+01:00,89.0,2025-03-15
uniqueUserZone,OWM Zona6,2025-03-15 00:00:00+01:00,155.0,2025-03-15
uniqueUserZone,OWM Zona5,2025-03-15 00:00:00+01:00,138.0,2025-03-15
uniqueUserZone,OWM Zona4,2025-03-15 00:00:00+01:00,181.0,2025-03-15
uniqueUserZone,OWM Zona3,2025-03-15 00:00:00+01:00,285.0,2025-03-15
uniqueUserZone,OWM Zona2,2025-03-15 00:00:00+01:00,165.0,2025-03-15
uniqueUserZone,OWM Zona1,2025-03-15 00:00:00+01:00,384.0,2025-03-15
uniqueUserZone,OWM Zona9,2025-03-14 00:00:00+01:00,136.0,2025-03-14
uniqueUserZone,OWM Zona8,2025-03-14 00:00:00+01:00,219.0,2025-03-14
uniqueUserZone,OWM Zona7,2025-03-14 00:00:00+01:00,113.0,2025-03-14
uniqueUserZone,OWM Zona6,2025-03-14 00:00:00+01:00,191.0,2025-03-14
uniqueUserZone,OWM Zona5,2025-03-14 00:00:00+01:00,155.0,2025-03-14
uniqueUserZone,OWM Zona4,2025-03-14 00:00:00+01:00,223.0,2025-03-14
uniqueUserZone,OWM Zona3,2025-03-14 00:00:00+01:00,318.0,2025-03-14
uniqueUserZone,OWM Zona2,2025-03-14 00:00:00+01:00,192.0,2025-03-14
uniqueUserZone,OWM Zona1,2025-03-14 00:00:00+01:00,443.0,2025-03-14
uniqueUserZone,OWM Zona9,2025-03-13 00:00:00+01:00,150.0,2025-03-13
uniqueUserZone,OWM Zona8,2025-03-13 00:00:00+01:00,217.0,2025-03-13
uniqueUserZone,OWM Zona7,2025-03-13 00:00:00+01:00,120.0,2025-03-13
uniqueUserZone,OWM Zona6,2025-03-13 00:00:00+01:00,220.0,2025-03-13
uniqueUserZone,OWM Zona5,2025-03-13 00:00:00+01:00,173.0,2025-03-13
uniqueUserZone,OWM Zona4,2025-03-13 00:00:00+01:00,220.0,2025-03-13
uniqueUserZone,OWM Zona3,2025-03-13 00:00:00+01:00,349.0,2025-03-13
uniqueUserZone,OWM Zona2,2025-03-13 00:00:00+01:00,212.0,2025-03-13
uniqueUserZone,OWM Zona1,2025-03-13 00:00:00+01:00,447.0,2025-03-13
uniqueUserZone,OWM Zona9,2025-03-12 00:00:00+01:00,152.0,2025-03-12
uniqueUserZone,OWM Zona8,2025-03-12 00:00:00+01:00,208.0,2025-03-12
uniqueUserZone,OWM Zona7,2025-03-12 00:00:00+01:00,123.0,2025-03-12
uniqueUserZone,OWM Zona6,2025-03-12 00:00:00+01:00,188.0,2025-03-12
uniqueUserZone,OWM Zona5,2025-03-12 00:00:00+01:00,160.0,2025-03-12
uniqueUserZone,OWM Zona4,2025-03-12 00:00:00+01:00,217.0,2025-03-12
uniqueUserZone,OWM Zona3,2025-03-12 00:00:00+01:00,331.0,2025-03-12
uniqueUserZone,OWM Zona2,2025-03-12 00:00:00+01:00,186.0,2025-03-12
uniqueUserZone,OWM Zona1,2025-03-12 00:00:00+01:00,411.0,2025-03-12
uniqueUserZone,OWM Zona9,2025-03-11 00:00:00+01:00,163.0,2025-03-11
uniqueUserZone,OWM Zona8,2025-03-11 00:00:00+01:00,226.0,2025-03-11
uniqueUserZone,OWM Zona7,2025-03-11 00:00:00+01:00,115.0,2025-03-11
uniqueUserZone,OWM Zona6,2025-03-11 00:00:00+01:00,202.0,2025-03-11
uniqueUserZone,OWM Zona5,2025-03-11 00:00:00+01:00,174.0,2025-03-11
uniqueUserZone,OWM Zona4,2025-03-11 00:00:00+01:00,230.0,2025-03-11
uniqueUserZone,OWM Zona3,2025-03-11 00:00:00+01:00,340.0,2025-03-11
uniqueUserZone,OWM Zona2,2025-03-11 00:00:00+01:00,209.0,2025-03-11
uniqueUserZone,OWM Zona1,2025-03-11 00:00:00+01:00,404.0,2025-03-11
uniqueUserZone,OWM Zona9,2025-03-10 00:00:00+01:00,156.0,2025-03-10
uniqueUserZone,OWM Zona8,2025-03-10 00:00:00+01:00,215.0,2025-03-10
uniqueUserZone,OWM Zona7,2025-03-10 00:00:00+01:00,124.0,2025-03-10
uniqueUserZone,OWM Zona6,2025-03-10 00:00:00+01:00,205.0,2025-03-10
uniqueUserZone,OWM Zona5,2025-03-10 00:00:00+01:00,178.0,2025-03-10
uniqueUserZone,OWM Zona4,2025-03-10 00:00:00+01:00,234.0,2025-03-10
uniqueUserZone,OWM Zona3,2025-03-10 00:00:00+01:00,351.0,2025-03-10
uniqueUserZone,OWM Zona2,2025-03-10 00:00:00+01:00,205.0,2025-03-10
uniqueUserZone,OWM Zona1,2025-03-10 00:00:00+01:00,452.0,2025-03-10
uniqueUserZone,OWM Zona9,2025-03-09 00:00:00+01:00,94.0,2025-03-09
uniqueUserZone,OWM Zona8,2025-03-09 00:00:00+01:00,153.0,2025-03-09
uniqueUserZone,OWM Zona7,2025-03-09 00:00:00+01:00,83.0,2025-03-09
uniqueUserZone,OWM Zona6,2025-03-09 00:00:00+01:00,152.0,2025-03-09
uniqueUserZone,OWM Zona5,2025-03-09 00:00:00+01:00,144.0,2025-03-09
uniqueUserZone,OWM Zona4,2025-03-09 00:00:00+01:00,181.0,2025-03-09
uniqueUserZone,OWM Zona3,2025-03-09 00:00:00+01:00,276.0,2025-03-09
uniqueUserZone,OWM Zona2,2025-03-09 00:00:00+01:00,153.0,2025-03-09
uniqueUserZone,OWM Zona1,2025-03-09 00:00:00+01:00,426.0,2025-03-09
uniqueUserZone,OWM Zona9,2025-03-08 00:00:00+01:00,117.0,2025-03-08
uniqueUserZone,OWM Zona8,2025-03-08 00:00:00+01:00,223.0,2025-03-08
uniqueUserZone,OWM Zona7,2025-03-08 00:00:00+01:00,113.0,2025-03-08
uniqueUserZone,OWM Zona6,2025-03-08 00:00:00+01:00,197.0,2025-03-08
uniqueUserZone,OWM Zona5,2025-03-08 00:00:00+01:00,143.0,2025-03-08
uniqueUserZone,OWM Zona4,2025-03-08 00:00:00+01:00,224.0,2025-03-08
uniqueUserZone,OWM Zona3,2025-03-08 00:00:00+01:00,366.0,2025-03-08
uniqueUserZone,OWM Zona2,2025-03-08 00:00:00+01:00,163.0,2025-03-08
uniqueUserZone,OWM Zona1,2025-03-08 00:00:00+01:00,586.0,2025-03-08
uniqueUserZone,OWM Zona9,2025-03-07 00:00:00+01:00,139.0,2025-03-07
uniqueUserZone,OWM Zona8,2025-03-07 00:00:00+01:00,219.0,2025-03-07
uniqueUserZone,OWM Zona7,2025-03-07 00:00:00+01:00,126.0,2025-03-07
uniqueUserZone,OWM Zona6,2025-03-07 00:00:00+01:00,196.0,2025-03-07
uniqueUserZone,OWM Zona5,2025-03-07 00:00:00+01:00,169.0,2025-03-07
uniqueUserZone,OWM Zona4,2025-03-07 00:00:00+01:00,229.0,2025-03-07
uniqueUserZone,OWM Zona3,2025-03-07 00:00:00+01:00,353.0,2025-03-07
uniqueUserZone,OWM Zona2,2025-03-07 00:00:00+01:00,195.0,2025-03-07
uniqueUserZone,OWM Zona1,2025-03-07 00:00:00+01:00,541.0,2025-03-07
uniqueUserZone,OWM Zona9,2025-03-06 00:00:00+01:00,154.0,2025-03-06
uniqueUserZone,OWM Zona8,2025-03-06 00:00:00+01:00,265.0,2025-03-06
uniqueUserZone,OWM Zona7,2025-03-06 00:00:00+01:00,126.0,2025-03-06
uniqueUserZone,OWM Zona6,2025-03-06 00:00:00+01:00,212.0,2025-03-06
uniqueUserZone,OWM Zona5,2025-03-06 00:00:00+01:00,179.0,2025-03-06
uniqueUserZone,OWM Zona4,2025-03-06 00:00:00+01:00,242.0,2025-03-06
uniqueUserZone,OWM Zona3,2025-03-06 00:00:00+01:00,363.0,2025-03-06
uniqueUserZone,OWM Zona2,2025-03-06 00:00:00+01:00,199.0,2025-03-06
uniqueUserZone,OWM Zona1,2025-03-06 00:00:00+01:00,529.0,2025-03-06
uniqueUserZone,OWM Zona9,2025-03-05 00:00:00+01:00,160.0,2025-03-05
uniqueUserZone,OWM Zona8,2025-03-05 00:00:00+01:00,236.0,2025-03-05
uniqueUserZone,OWM Zona7,2025-03-05 00:00:00+01:00,135.0,2025-03-05
uniqueUserZone,OWM Zona6,2025-03-05 00:00:00+01:00,219.0,2025-03-05
uniqueUserZone,OWM Zona5,2025-03-05 00:00:00+01:00,157.0,2025-03-05
uniqueUserZone,OWM Zona4,2025-03-05 00:00:00+01:00,246.0,2025-03-05
uniqueUserZone,OWM Zona3,2025-03-05 00:00:00+01:00,370.0,2025-03-05
uniqueUserZone,OWM Zona2,2025-03-05 00:00:00+01:00,227.0,2025-03-05
uniqueUserZone,OWM Zona1,2025-03-05 00:00:00+01:00,487.0,2025-03-05
uniqueUserZone,OWM Zona9,2025-03-04 00:00:00+01:00,159.0,2025-03-04
uniqueUserZone,OWM Zona8,2025-03-04 00:00:00+01:00,248.0,2025-03-04
uniqueUserZone,OWM Zona7,2025-03-04 00:00:00+01:00,125.0,2025-03-04
uniqueUserZone,OWM Zona6,2025-03-04 00:00:00+01:00,213.0,2025-03-04
uniqueUserZone,OWM Zona5,2025-03-04 00:00:00+01:00,169.0,2025-03-04
uniqueUserZone,OWM Zona4,2025-03-04 00:00:00+01:00,226.0,2025-03-04
uniqueUserZone,OWM Zona3,2025-03-04 00:00:00+01:00,390.0,2025-03-04
uniqueUserZone,OWM Zona2,2025-03-04 00:00:00+01:00,207.0,2025-03-04
uniqueUserZone,OWM Zona1,2025-03-04 00:00:00+01:00,472.0,2025-03-04
uniqueUserZone,OWM Zona9,2025-03-03 00:00:00+01:00,154.0,2025-03-03
uniqueUserZone,OWM Zona8,2025-03-03 00:00:00+01:00,222.0,2025-03-03
uniqueUserZone,OWM Zona7,2025-03-03 00:00:00+01:00,135.0,2025-03-03
uniqueUserZone,OWM Zona6,2025-03-03 00:00:00+01:00,208.0,2025-03-03
uniqueUserZone,OWM Zona5,2025-03-03 00:00:00+01:00,160.0,2025-03-03
uniqueUserZone,OWM Zona4,2025-03-03 00:00:00+01:00,221.0,2025-03-03
uniqueUserZone,OWM Zona3,2025-03-03 00:00:00+01:00,349.0,2025-03-03
uniqueUserZone,OWM Zona2,2025-03-03 00:00:00+01:00,232.0,2025-03-03
uniqueUserZone,OWM Zona1,2025-03-03 00:00:00+01:00,551.0,2025-03-03
uniqueUserZone,OWM Zona9,2025-03-02 00:00:00+01:00,97.0,2025-03-02
uniqueUserZone,OWM Zona8,2025-03-02 00:00:00+01:00,179.0,2025-03-02
uniqueUserZone,OWM Zona7,2025-03-02 00:00:00+01:00,119.0,2025-03-02
uniqueUserZone,OWM Zona6,2025-03-02 00:00:00+01:00,175.0,2025-03-02
uniqueUserZone,OWM Zona5,2025-03-02 00:00:00+01:00,136.0,2025-03-02
uniqueUserZone,OWM Zona4,2025-03-02 00:00:00+01:00,196.0,2025-03-02
uniqueUserZone,OWM Zona3,2025-03-02 00:00:00+01:00,301.0,2025-03-02
uniqueUserZone,OWM Zona2,2025-03-02 00:00:00+01:00,170.0,2025-03-02
uniqueUserZone,OWM Zona1,2025-03-02 00:00:00+01:00,483.0,2025-03-02
uniqueUserZone,OWM Zona9,2025-03-01 00:00:00+01:00,115.0,2025-03-01
uniqueUserZone,OWM Zona8,2025-03-01 00:00:00+01:00,173.0,2025-03-01
uniqueUserZone,OWM Zona7,2025-03-01 00:00:00+01:00,111.0,2025-03-01
uniqueUserZone,OWM Zona6,2025-03-01 00:00:00+01:00,174.0,2025-03-01
uniqueUserZone,OWM Zona5,2025-03-01 00:00:00+01:00,141.0,2025-03-01
uniqueUserZone,OWM Zona4,2025-03-01 00:00:00+01:00,226.0,2025-03-01
uniqueUserZone,OWM Zona3,2025-03-01 00:00:00+01:00,350.0,2025-03-01
uniqueUserZone,OWM Zona2,2025-03-01 00:00:00+01:00,192.0,2025-03-01
uniqueUserZone,OWM Zona1,2025-03-01 00:00:00+01:00,516.0,2025-03-01
uniqueUserZone,OWM Zona9,2025-02-28 00:00:00+01:00,152.0,2025-02-28
uniqueUserZone,OWM Zona8,2025-02-28 00:00:00+01:00,245.0,2025-02-28
uniqueUserZone,OWM Zona7,2025-02-28 00:00:00+01:00,136.0,2025-02-28
uniqueUserZone,OWM Zona6,2025-02-28 00:00:00+01:00,237.0,2025-02-28
uniqueUserZone,OWM Zona5,2025-02-28 00:00:00+01:00,158.0,2025-02-28
uniqueUserZone,OWM Zona4,2025-02-28 00:00:00+01:00,269.0,2025-02-28
uniqueUserZone,OWM Zona3,2025-02-28 00:00:00+01:00,393.0,2025-02-28
uniqueUserZone,OWM Zona2,2025-02-28 00:00:00+01:00,208.0,2025-02-28
uniqueUserZone,OWM Zona1,2025-02-28 00:00:00+01:00,551.0,2025-02-28
uniqueUserZone,OWM Zona9,2025-02-27 00:00:00+01:00,163.0,2025-02-27
uniqueUserZone,OWM Zona8,2025-02-27 00:00:00+01:00,231.0,2025-02-27
uniqueUserZone,OWM Zona7,2025-02-27 00:00:00+01:00,125.0,2025-02-27
uniqueUserZone,OWM Zona6,2025-02-27 00:00:00+01:00,242.0,2025-02-27
uniqueUserZone,OWM Zona5,2025-02-27 00:00:00+01:00,180.0,2025-02-27
uniqueUserZone,OWM Zona4,2025-02-27 00:00:00+01:00,208.0,2025-02-27
uniqueUserZone,OWM Zona3,2025-02-27 00:00:00+01:00,393.0,2025-02-27
uniqueUserZone,OWM Zona2,2025-02-27 00:00:00+01:00,231.0,2025-02-27
uniqueUserZone,OWM Zona1,2025-02-27 00:00:00+01:00,565.0,2025-02-27
uniqueUserZone,OWM Zona9,2025-02-26 00:00:00+01:00,141.0,2025-02-26
uniqueUserZone,OWM Zona8,2025-02-26 00:00:00+01:00,250.0,2025-02-26
uniqueUserZone,OWM Zona7,2025-02-26 00:00:00+01:00,124.0,2025-02-26
uniqueUserZone,OWM Zona6,2025-02-26 00:00:00+01:00,262.0,2025-02-26
uniqueUserZone,OWM Zona5,2025-02-26 00:00:00+01:00,167.0,2025-02-26
uniqueUserZone,OWM Zona4,2025-02-26 00:00:00+01:00,211.0,2025-02-26
uniqueUserZone,OWM Zona3,2025-02-26 00:00:00+01:00,389.0,2025-02-26
uniqueUserZone,OWM Zona2,2025-02-26 00:00:00+01:00,247.0,2025-02-26
uniqueUserZone,OWM Zona1,2025-02-26 00:00:00+01:00,616.0,2025-02-26
uniqueUserZone,OWM Zona9,2025-02-25 00:00:00+01:00,129.0,2025-02-25
uniqueUserZone,OWM Zona8,2025-02-25 00:00:00+01:00,200.0,2025-02-25
uniqueUserZone,OWM Zona7,2025-02-25 00:00:00+01:00,116.0,2025-02-25
uniqueUserZone,OWM Zona6,2025-02-25 00:00:00+01:00,221.0,2025-02-25
uniqueUserZone,OWM Zona5,2025-02-25 00:00:00+01:00,155.0,2025-02-25
uniqueUserZone,OWM Zona4,2025-02-25 00:00:00+01:00,199.0,2025-02-25
uniqueUserZone,OWM Zona3,2025-02-25 00:00:00+01:00,365.0,2025-02-25
uniqueUserZone,OWM Zona2,2025-02-25 00:00:00+01:00,182.0,2025-02-25
uniqueUserZone,OWM Zona1,2025-02-25 00:00:00+01:00,579.0,2025-02-25
uniqueUserZone,OWM Zona9,2025-02-24 00:00:00+01:00,164.0,2025-02-24
uniqueUserZone,OWM Zona8,2025-02-24 00:00:00+01:00,220.0,2025-02-24
uniqueUserZone,OWM Zona7,2025-02-24 00:00:00+01:00,121.0,2025-02-24
uniqueUserZone,OWM Zona6,2025-02-24 00:00:00+01:00,217.0,2025-02-24
uniqueUserZone,OWM Zona5,2025-02-24 00:00:00+01:00,161.0,2025-02-24
uniqueUserZone,OWM Zona4,2025-02-24 00:00:00+01:00,210.0,2025-02-24
uniqueUserZone,OWM Zona3,2025-02-24 00:00:00+01:00,409.0,2025-02-24
uniqueUserZone,OWM Zona2,2025-02-24 00:00:00+01:00,234.0,2025-02-24
uniqueUserZone,OWM Zona1,2025-02-24 00:00:00+01:00,649.0,2025-02-24
uniqueUserZone,OWM Zona9,2025-02-23 00:00:00+01:00,109.0,2025-02-23
uniqueUserZone,OWM Zona8,2025-02-23 00:00:00+01:00,173.0,2025-02-23
uniqueUserZone,OWM Zona7,2025-02-23 00:00:00+01:00,100.0,2025-02-23
uniqueUserZone,OWM Zona6,2025-02-23 00:00:00+01:00,158.0,2025-02-23
uniqueUserZone,OWM Zona5,2025-02-23 00:00:00+01:00,125.0,2025-02-23
uniqueUserZone,OWM Zona4,2025-02-23 00:00:00+01:00,165.0,2025-02-23
uniqueUserZone,OWM Zona3,2025-02-23 00:00:00+01:00,295.0,2025-02-23
uniqueUserZone,OWM Zona2,2025-02-23 00:00:00+01:00,152.0,2025-02-23
uniqueUserZone,OWM Zona1,2025-02-23 00:00:00+01:00,649.0,2025-02-23
uniqueUserZone,OWM Zona9,2025-02-22 00:00:00+01:00,103.0,2025-02-22
uniqueUserZone,OWM Zona8,2025-02-22 00:00:00+01:00,155.0,2025-02-22
uniqueUserZone,OWM Zona7,2025-02-22 00:00:00+01:00,116.0,2025-02-22
uniqueUserZone,OWM Zona6,2025-02-22 00:00:00+01:00,204.0,2025-02-22
uniqueUserZone,OWM Zona5,2025-02-22 00:00:00+01:00,139.0,2025-02-22
uniqueUserZone,OWM Zona4,2025-02-22 00:00:00+01:00,190.0,2025-02-22
uniqueUserZone,OWM Zona3,2025-02-22 00:00:00+01:00,377.0,2025-02-22
uniqueUserZone,OWM Zona2,2025-02-22 00:00:00+01:00,185.0,2025-02-22
uniqueUserZone,OWM Zona1,2025-02-22 00:00:00+01:00,633.0,2025-02-22
uniqueUserZone,OWM Zona9,2025-02-21 00:00:00+01:00,146.0,2025-02-21
uniqueUserZone,OWM Zona8,2025-02-21 00:00:00+01:00,220.0,2025-02-21
uniqueUserZone,OWM Zona7,2025-02-21 00:00:00+01:00,148.0,2025-02-21
uniqueUserZone,OWM Zona6,2025-02-21 00:00:00+01:00,220.0,2025-02-21
uniqueUserZone,OWM Zona5,2025-02-21 00:00:00+01:00,162.0,2025-02-21
uniqueUserZone,OWM Zona4,2025-02-21 00:00:00+01:00,221.0,2025-02-21
uniqueUserZone,OWM Zona3,2025-02-21 00:00:00+01:00,378.0,2025-02-21
uniqueUserZone,OWM Zona2,2025-02-21 00:00:00+01:00,227.0,2025-02-21
uniqueUserZone,OWM Zona1,2025-02-21 00:00:00+01:00,698.0,2025-02-21
uniqueUserZone,OWM Zona9,2025-02-20 00:00:00+01:00,123.0,2025-02-20
uniqueUserZone,OWM Zona8,2025-02-20 00:00:00+01:00,229.0,2025-02-20
uniqueUserZone,OWM Zona7,2025-02-20 00:00:00+01:00,141.0,2025-02-20
uniqueUserZone,OWM Zona6,2025-02-20 00:00:00+01:00,244.0,2025-02-20
uniqueUserZone,OWM Zona5,2025-02-20 00:00:00+01:00,174.0,2025-02-20
uniqueUserZone,OWM Zona4,2025-02-20 00:00:00+01:00,228.0,2025-02-20
uniqueUserZone,OWM Zona3,2025-02-20 00:00:00+01:00,387.0,2025-02-20
uniqueUserZone,OWM Zona2,2025-02-20 00:00:00+01:00,246.0,2025-02-20
uniqueUserZone,OWM Zona1,2025-02-20 00:00:00+01:00,627.0,2025-02-20
uniqueUserZone,OWM Zona9,2025-02-19 00:00:00+01:00,149.0,2025-02-19
uniqueUserZone,OWM Zona8,2025-02-19 00:00:00+01:00,226.0,2025-02-19
uniqueUserZone,OWM Zona7,2025-02-19 00:00:00+01:00,123.0,2025-02-19
uniqueUserZone,OWM Zona6,2025-02-19 00:00:00+01:00,242.0,2025-02-19
uniqueUserZone,OWM Zona5,2025-02-19 00:00:00+01:00,167.0,2025-02-19
uniqueUserZone,OWM Zona4,2025-02-19 00:00:00+01:00,231.0,2025-02-19
uniqueUserZone,OWM Zona3,2025-02-19 00:00:00+01:00,347.0,2025-02-19
uniqueUserZone,OWM Zona2,2025-02-19 00:00:00+01:00,223.0,2025-02-19
uniqueUserZone,OWM Zona1,2025-02-19 00:00:00+01:00,590.0,2025-02-19
uniqueUserZone,OWM Zona9,2025-02-18 00:00:00+01:00,143.0,2025-02-18
uniqueUserZone,OWM Zona8,2025-02-18 00:00:00+01:00,215.0,2025-02-18
uniqueUserZone,OWM Zona7,2025-02-18 00:00:00+01:00,127.0,2025-02-18
uniqueUserZone,OWM Zona6,2025-02-18 00:00:00+01:00,236.0,2025-02-18
uniqueUserZone,OWM Zona5,2025-02-18 00:00:00+01:00,170.0,2025-02-18
uniqueUserZone,OWM Zona4,2025-02-18 00:00:00+01:00,208.0,2025-02-18
uniqueUserZone,OWM Zona3,2025-02-18 00:00:00+01:00,396.0,2025-02-18
uniqueUserZone,OWM Zona2,2025-02-18 00:00:00+01:00,220.0,2025-02-18
uniqueUserZone,OWM Zona1,2025-02-18 00:00:00+01:00,606.0,2025-02-18
uniqueUserZone,OWM Zona9,2025-02-17 00:00:00+01:00,130.0,2025-02-17
uniqueUserZone,OWM Zona8,2025-02-17 00:00:00+01:00,219.0,2025-02-17
uniqueUserZone,OWM Zona7,2025-02-17 00:00:00+01:00,122.0,2025-02-17
uniqueUserZone,OWM Zona6,2025-02-17 00:00:00+01:00,226.0,2025-02-17
uniqueUserZone,OWM Zona5,2025-02-17 00:00:00+01:00,162.0,2025-02-17
uniqueUserZone,OWM Zona4,2025-02-17 00:00:00+01:00,207.0,2025-02-17
uniqueUserZone,OWM Zona3,2025-02-17 00:00:00+01:00,348.0,2025-02-17
uniqueUserZone,OWM Zona2,2025-02-17 00:00:00+01:00,230.0,2025-02-17
uniqueUserZone,OWM Zona1,2025-02-17 00:00:00+01:00,564.0,2025-02-17
uniqueUserZone,OWM Zona9,2025-02-16 00:00:00+01:00,81.0,2025-02-16
uniqueUserZone,OWM Zona8,2025-02-16 00:00:00+01:00,137.0,2025-02-16
uniqueUserZone,OWM Zona7,2025-02-16 00:00:00+01:00,95.0,2025-02-16
uniqueUserZone,OWM Zona6,2025-02-16 00:00:00+01:00,173.0,2025-02-16
uniqueUserZone,OWM Zona5,2025-02-16 00:00:00+01:00,114.0,2025-02-16
uniqueUserZone,OWM Zona4,2025-02-16 00:00:00+01:00,167.0,2025-02-16
uniqueUserZone,OWM Zona3,2025-02-16 00:00:00+01:00,263.0,2025-02-16
uniqueUserZone,OWM Zona2,2025-02-16 00:00:00+01:00,140.0,2025-02-16
uniqueUserZone,OWM Zona1,2025-02-16 00:00:00+01:00,575.0,2025-02-16
uniqueUserZone,OWM Zona9,2025-02-15 00:00:00+01:00,112.0,2025-02-15
uniqueUserZone,OWM Zona8,2025-02-15 00:00:00+01:00,195.0,2025-02-15
uniqueUserZone,OWM Zona7,2025-02-15 00:00:00+01:00,127.0,2025-02-15
uniqueUserZone,OWM Zona6,2025-02-15 00:00:00+01:00,210.0,2025-02-15
uniqueUserZone,OWM Zona5,2025-02-15 00:00:00+01:00,146.0,2025-02-15
uniqueUserZone,OWM Zona4,2025-02-15 00:00:00+01:00,173.0,2025-02-15
uniqueUserZone,OWM Zona3,2025-02-15 00:00:00+01:00,345.0,2025-02-15
uniqueUserZone,OWM Zona2,2025-02-15 00:00:00+01:00,185.0,2025-02-15
uniqueUserZone,OWM Zona1,2025-02-15 00:00:00+01:00,771.0,2025-02-15
uniqueUserZone,OWM Zona9,2025-02-14 00:00:00+01:00,131.0,2025-02-14
uniqueUserZone,OWM Zona8,2025-02-14 00:00:00+01:00,220.0,2025-02-14
uniqueUserZone,OWM Zona7,2025-02-14 00:00:00+01:00,110.0,2025-02-14
uniqueUserZone,OWM Zona6,2025-02-14 00:00:00+01:00,212.0,2025-02-14
uniqueUserZone,OWM Zona5,2025-02-14 00:00:00+01:00,170.0,2025-02-14
uniqueUserZone,OWM Zona4,2025-02-14 00:00:00+01:00,213.0,2025-02-14
uniqueUserZone,OWM Zona3,2025-02-14 00:00:00+01:00,415.0,2025-02-14
uniqueUserZone,OWM Zona2,2025-02-14 00:00:00+01:00,219.0,2025-02-14
uniqueUserZone,OWM Zona1,2025-02-14 00:00:00+01:00,622.0,2025-02-14
uniqueUserZone,OWM Zona9,2025-02-13 00:00:00+01:00,127.0,2025-02-13
uniqueUserZone,OWM Zona8,2025-02-13 00:00:00+01:00,217.0,2025-02-13
uniqueUserZone,OWM Zona7,2025-02-13 00:00:00+01:00,120.0,2025-02-13
uniqueUserZone,OWM Zona6,2025-02-13 00:00:00+01:00,245.0,2025-02-13
uniqueUserZone,OWM Zona5,2025-02-13 00:00:00+01:00,165.0,2025-02-13
uniqueUserZone,OWM Zona4,2025-02-13 00:00:00+01:00,198.0,2025-02-13
uniqueUserZone,OWM Zona3,2025-02-13 00:00:00+01:00,366.0,2025-02-13
uniqueUserZone,OWM Zona2,2025-02-13 00:00:00+01:00,240.0,2025-02-13
uniqueUserZone,OWM Zona1,2025-02-13 00:00:00+01:00,596.0,2025-02-13
uniqueUserZone,OWM Zona9,2025-02-12 00:00:00+01:00,130.0,2025-02-12
uniqueUserZone,OWM Zona8,2025-02-12 00:00:00+01:00,182.0,2025-02-12
uniqueUserZone,OWM Zona7,2025-02-12 00:00:00+01:00,103.0,2025-02-12
uniqueUserZone,OWM Zona6,2025-02-12 00:00:00+01:00,218.0,2025-02-12
uniqueUserZone,OWM Zona5,2025-02-12 00:00:00+01:00,147.0,2025-02-12
uniqueUserZone,OWM Zona4,2025-02-12 00:00:00+01:00,201.0,2025-02-12
uniqueUserZone,OWM Zona3,2025-02-12 00:00:00+01:00,342.0,2025-02-12
uniqueUserZone,OWM Zona2,2025-02-12 00:00:00+01:00,219.0,2025-02-12
uniqueUserZone,OWM Zona1,2025-02-12 00:00:00+01:00,559.0,2025-02-12
uniqueUserZone,OWM Zona9,2025-02-11 00:00:00+01:00,106.0,2025-02-11
uniqueUserZone,OWM Zona8,2025-02-11 00:00:00+01:00,178.0,2025-02-11
uniqueUserZone,OWM Zona7,2025-02-11 00:00:00+01:00,86.0,2025-02-11
uniqueUserZone,OWM Zona6,2025-02-11 00:00:00+01:00,211.0,2025-02-11
uniqueUserZone,OWM Zona5,2025-02-11 00:00:00+01:00,169.0,2025-02-11
uniqueUserZone,OWM Zona4,2025-02-11 00:00:00+01:00,184.0,2025-02-11
uniqueUserZone,OWM Zona3,2025-02-11 00:00:00+01:00,325.0,2025-02-11
uniqueUserZone,OWM Zona2,2025-02-11 00:00:00+01:00,187.0,2025-02-11
uniqueUserZone,OWM Zona1,2025-02-11 00:00:00+01:00,398.0,2025-02-11
uniqueUserZone,OWM Zona9,2025-02-10 00:00:00+01:00,145.0,2025-02-10
uniqueUserZone,OWM Zona8,2025-02-10 00:00:00+01:00,168.0,2025-02-10
uniqueUserZone,OWM Zona7,2025-02-10 00:00:00+01:00,120.0,2025-02-10
uniqueUserZone,OWM Zona6,2025-02-10 00:00:00+01:00,188.0,2025-02-10
uniqueUserZone,OWM Zona5,2025-02-10 00:00:00+01:00,156.0,2025-02-10
uniqueUserZone,OWM Zona4,2025-02-10 00:00:00+01:00,167.0,2025-02-10
uniqueUserZone,OWM Zona3,2025-02-10 00:00:00+01:00,296.0,2025-02-10
uniqueUserZone,OWM Zona2,2025-02-10 00:00:00+01:00,204.0,2025-02-10
uniqueUserZone,OWM Zona1,2025-02-10 00:00:00+01:00,303.0,2025-02-10
uniqueUserZone,OWM Zona9,2025-02-09 00:00:00+01:00,67.0,2025-02-09
uniqueUserZone,OWM Zona8,2025-02-09 00:00:00+01:00,116.0,2025-02-09
uniqueUserZone,OWM Zona7,2025-02-09 00:00:00+01:00,74.0,2025-02-09
uniqueUserZone,OWM Zona6,2025-02-09 00:00:00+01:00,142.0,2025-02-09
uniqueUserZone,OWM Zona5,2025-02-09 00:00:00+01:00,105.0,2025-02-09
uniqueUserZone,OWM Zona4,2025-02-09 00:00:00+01:00,124.0,2025-02-09
uniqueUserZone,OWM Zona3,2025-02-09 00:00:00+01:00,213.0,2025-02-09
uniqueUserZone,OWM Zona2,2025-02-09 00:00:00+01:00,134.0,2025-02-09
uniqueUserZone,OWM Zona1,2025-02-09 00:00:00+01:00,225.0,2025-02-09
uniqueUserZone,OWM Zona9,2025-02-08 00:00:00+01:00,86.0,2025-02-08
uniqueUserZone,OWM Zona8,2025-02-08 00:00:00+01:00,151.0,2025-02-08
uniqueUserZone,OWM Zona7,2025-02-08 00:00:00+01:00,103.0,2025-02-08
uniqueUserZone,OWM Zona6,2025-02-08 00:00:00+01:00,177.0,2025-02-08
uniqueUserZone,OWM Zona5,2025-02-08 00:00:00+01:00,137.0,2025-02-08
uniqueUserZone,OWM Zona4,2025-02-08 00:00:00+01:00,143.0,2025-02-08
uniqueUserZone,OWM Zona3,2025-02-08 00:00:00+01:00,301.0,2025-02-08
uniqueUserZone,OWM Zona2,2025-02-08 00:00:00+01:00,161.0,2025-02-08
uniqueUserZone,OWM Zona1,2025-02-08 00:00:00+01:00,556.0,2025-02-08
uniqueUserZone,OWM Zona9,2025-02-07 00:00:00+01:00,149.0,2025-02-07
uniqueUserZone,OWM Zona8,2025-02-07 00:00:00+01:00,213.0,2025-02-07
uniqueUserZone,OWM Zona7,2025-02-07 00:00:00+01:00,126.0,2025-02-07
uniqueUserZone,OWM Zona6,2025-02-07 00:00:00+01:00,237.0,2025-02-07
uniqueUserZone,OWM Zona5,2025-02-07 00:00:00+01:00,177.0,2025-02-07
uniqueUserZone,OWM Zona4,2025-02-07 00:00:00+01:00,220.0,2025-02-07
uniqueUserZone,OWM Zona3,2025-02-07 00:00:00+01:00,400.0,2025-02-07
uniqueUserZone,OWM Zona2,2025-02-07 00:00:00+01:00,226.0,2025-02-07
uniqueUserZone,OWM Zona1,2025-02-07 00:00:00+01:00,689.0,2025-02-07
uniqueUserZone,OWM Zona9,2025-02-06 00:00:00+01:00,143.0,2025-02-06
uniqueUserZone,OWM Zona8,2025-02-06 00:00:00+01:00,243.0,2025-02-06
uniqueUserZone,OWM Zona7,2025-02-06 00:00:00+01:00,146.0,2025-02-06
uniqueUserZone,OWM Zona6,2025-02-06 00:00:00+01:00,256.0,2025-02-06
uniqueUserZone,OWM Zona5,2025-02-06 00:00:00+01:00,185.0,2025-02-06
uniqueUserZone,OWM Zona4,2025-02-06 00:00:00+01:00,196.0,2025-02-06
uniqueUserZone,OWM Zona3,2025-02-06 00:00:00+01:00,360.0,2025-02-06
uniqueUserZone,OWM Zona2,2025-02-06 00:00:00+01:00,228.0,2025-02-06
uniqueUserZone,OWM Zona1,2025-02-06 00:00:00+01:00,637.0,2025-02-06
uniqueUserZone,OWM Zona9,2025-02-05 00:00:00+01:00,143.0,2025-02-05
uniqueUserZone,OWM Zona8,2025-02-05 00:00:00+01:00,215.0,2025-02-05
uniqueUserZone,OWM Zona7,2025-02-05 00:00:00+01:00,113.0,2025-02-05
uniqueUserZone,OWM Zona6,2025-02-05 00:00:00+01:00,257.0,2025-02-05
uniqueUserZone,OWM Zona5,2025-02-05 00:00:00+01:00,184.0,2025-02-05
uniqueUserZone,OWM Zona4,2025-02-05 00:00:00+01:00,219.0,2025-02-05
uniqueUserZone,OWM Zona3,2025-02-05 00:00:00+01:00,389.0,2025-02-05
uniqueUserZone,OWM Zona2,2025-02-05 00:00:00+01:00,217.0,2025-02-05
uniqueUserZone,OWM Zona1,2025-02-05 00:00:00+01:00,610.0,2025-02-05
uniqueUserZone,OWM Zona9,2025-02-04 00:00:00+01:00,135.0,2025-02-04
uniqueUserZone,OWM Zona8,2025-02-04 00:00:00+01:00,212.0,2025-02-04
uniqueUserZone,OWM Zona7,2025-02-04 00:00:00+01:00,115.0,2025-02-04
uniqueUserZone,OWM Zona6,2025-02-04 00:00:00+01:00,257.0,2025-02-04
uniqueUserZone,OWM Zona5,2025-02-04 00:00:00+01:00,187.0,2025-02-04
uniqueUserZone,OWM Zona4,2025-02-04 00:00:00+01:00,222.0,2025-02-04
uniqueUserZone,OWM Zona3,2025-02-04 00:00:00+01:00,397.0,2025-02-04
uniqueUserZone,OWM Zona2,2025-02-04 00:00:00+01:00,221.0,2025-02-04
uniqueUserZone,OWM Zona1,2025-02-04 00:00:00+01:00,667.0,2025-02-04
uniqueUserZone,OWM Zona9,2025-02-03 00:00:00+01:00,145.0,2025-02-03
uniqueUserZone,OWM Zona8,2025-02-03 00:00:00+01:00,215.0,2025-02-03
uniqueUserZone,OWM Zona7,2025-02-03 00:00:00+01:00,115.0,2025-02-03
uniqueUserZone,OWM Zona6,2025-02-03 00:00:00+01:00,250.0,2025-02-03
uniqueUserZone,OWM Zona5,2025-02-03 00:00:00+01:00,181.0,2025-02-03
uniqueUserZone,OWM Zona4,2025-02-03 00:00:00+01:00,219.0,2025-02-03
uniqueUserZone,OWM Zona3,2025-02-03 00:00:00+01:00,356.0,2025-02-03
uniqueUserZone,OWM Zona2,2025-02-03 00:00:00+01:00,184.0,2025-02-03
uniqueUserZone,OWM Zona1,2025-02-03 00:00:00+01:00,720.0,2025-02-03
uniqueUserZone,OWM Zona9,2025-02-02 00:00:00+01:00,109.0,2025-02-02
uniqueUserZone,OWM Zona8,2025-02-02 00:00:00+01:00,210.0,2025-02-02
uniqueUserZone,OWM Zona7,2025-02-02 00:00:00+01:00,105.0,2025-02-02
uniqueUserZone,OWM Zona6,2025-02-02 00:00:00+01:00,195.0,2025-02-02
uniqueUserZone,OWM Zona5,2025-02-02 00:00:00+01:00,134.0,2025-02-02
uniqueUserZone,OWM Zona4,2025-02-02 00:00:00+01:00,177.0,2025-02-02
uniqueUserZone,OWM Zona3,2025-02-02 00:00:00+01:00,296.0,2025-02-02
uniqueUserZone,OWM Zona2,2025-02-02 00:00:00+01:00,156.0,2025-02-02
uniqueUserZone,OWM Zona1,2025-02-02 00:00:00+01:00,742.0,2025-02-02
uniqueUserZone,OWM Zona9,2025-02-01 00:00:00+01:00,109.0,2025-02-01
uniqueUserZone,OWM Zona8,2025-02-01 00:00:00+01:00,174.0,2025-02-01
uniqueUserZone,OWM Zona7,2025-02-01 00:00:00+01:00,101.0,2025-02-01
uniqueUserZone,OWM Zona6,2025-02-01 00:00:00+01:00,185.0,2025-02-01
uniqueUserZone,OWM Zona5,2025-02-01 00:00:00+01:00,131.0,2025-02-01
uniqueUserZone,OWM Zona4,2025-02-01 00:00:00+01:00,161.0,2025-02-01
uniqueUserZone,OWM Zona3,2025-02-01 00:00:00+01:00,310.0,2025-02-01
uniqueUserZone,OWM Zona2,2025-02-01 00:00:00+01:00,177.0,2025-02-01
uniqueUserZone,OWM Zona1,2025-02-01 00:00:00+01:00,628.0,2025-02-01
uniqueUserZone,OWM Zona9,2025-01-31 00:00:00+01:00,135.0,2025-01-31
uniqueUserZone,OWM Zona8,2025-01-31 00:00:00+01:00,222.0,2025-01-31
uniqueUserZone,OWM Zona7,2025-01-31 00:00:00+01:00,118.0,2025-01-31
uniqueUserZone,OWM Zona6,2025-01-31 00:00:00+01:00,245.0,2025-01-31
uniqueUserZone,OWM Zona5,2025-01-31 00:00:00+01:00,162.0,2025-01-31
uniqueUserZone,OWM Zona4,2025-01-31 00:00:00+01:00,197.0,2025-01-31
uniqueUserZone,OWM Zona3,2025-01-31 00:00:00+01:00,383.0,2025-01-31
uniqueUserZone,OWM Zona2,2025-01-31 00:00:00+01:00,218.0,2025-01-31
uniqueUserZone,OWM Zona1,2025-01-31 00:00:00+01:00,670.0,2025-01-31
uniqueUserZone,OWM Zona9,2025-01-30 00:00:00+01:00,158.0,2025-01-30
uniqueUserZone,OWM Zona8,2025-01-30 00:00:00+01:00,198.0,2025-01-30
uniqueUserZone,OWM Zona7,2025-01-30 00:00:00+01:00,132.0,2025-01-30
uniqueUserZone,OWM Zona6,2025-01-30 00:00:00+01:00,237.0,2025-01-30
uniqueUserZone,OWM Zona5,2025-01-30 00:00:00+01:00,181.0,2025-01-30
uniqueUserZone,OWM Zona4,2025-01-30 00:00:00+01:00,196.0,2025-01-30
uniqueUserZone,OWM Zona3,2025-01-30 00:00:00+01:00,355.0,2025-01-30
uniqueUserZone,OWM Zona2,2025-01-30 00:00:00+01:00,226.0,2025-01-30
uniqueUserZone,OWM Zona1,2025-01-30 00:00:00+01:00,735.0,2025-01-30
uniqueUserZone,OWM Zona9,2025-01-29 00:00:00+01:00,128.0,2025-01-29
uniqueUserZone,OWM Zona8,2025-01-29 00:00:00+01:00,233.0,2025-01-29
uniqueUserZone,OWM Zona7,2025-01-29 00:00:00+01:00,120.0,2025-01-29
uniqueUserZone,OWM Zona6,2025-01-29 00:00:00+01:00,244.0,2025-01-29
uniqueUserZone,OWM Zona5,2025-01-29 00:00:00+01:00,190.0,2025-01-29
uniqueUserZone,OWM Zona4,2025-01-29 00:00:00+01:00,215.0,2025-01-29
uniqueUserZone,OWM Zona3,2025-01-29 00:00:00+01:00,385.0,2025-01-29
uniqueUserZone,OWM Zona2,2025-01-29 00:00:00+01:00,223.0,2025-01-29
uniqueUserZone,OWM Zona1,2025-01-29 00:00:00+01:00,709.0,2025-01-29
uniqueUserZone,OWM Zona9,2025-01-28 00:00:00+01:00,138.0,2025-01-28
uniqueUserZone,OWM Zona8,2025-01-28 00:00:00+01:00,226.0,2025-01-28
uniqueUserZone,OWM Zona7,2025-01-28 00:00:00+01:00,110.0,2025-01-28
uniqueUserZone,OWM Zona6,2025-01-28 00:00:00+01:00,249.0,2025-01-28
uniqueUserZone,OWM Zona5,2025-01-28 00:00:00+01:00,175.0,2025-01-28
uniqueUserZone,OWM Zona4,2025-01-28 00:00:00+01:00,171.0,2025-01-28
uniqueUserZone,OWM Zona3,2025-01-28 00:00:00+01:00,370.0,2025-01-28
uniqueUserZone,OWM Zona2,2025-01-28 00:00:00+01:00,225.0,2025-01-28
uniqueUserZone,OWM Zona1,2025-01-28 00:00:00+01:00,621.0,2025-01-28
uniqueUserZone,OWM Zona9,2025-01-27 00:00:00+01:00,119.0,2025-01-27
uniqueUserZone,OWM Zona8,2025-01-27 00:00:00+01:00,153.0,2025-01-27
uniqueUserZone,OWM Zona7,2025-01-27 00:00:00+01:00,99.0,2025-01-27
uniqueUserZone,OWM Zona6,2025-01-27 00:00:00+01:00,190.0,2025-01-27
uniqueUserZone,OWM Zona5,2025-01-27 00:00:00+01:00,147.0,2025-01-27
uniqueUserZone,OWM Zona4,2025-01-27 00:00:00+01:00,170.0,2025-01-27
uniqueUserZone,OWM Zona3,2025-01-27 00:00:00+01:00,299.0,2025-01-27
uniqueUserZone,OWM Zona2,2025-01-27 00:00:00+01:00,174.0,2025-01-27
uniqueUserZone,OWM Zona1,2025-01-27 00:00:00+01:00,533.0,2025-01-27
uniqueUserZone,OWM Zona9,2025-01-26 00:00:00+01:00,92.0,2025-01-26
uniqueUserZone,OWM Zona8,2025-01-26 00:00:00+01:00,157.0,2025-01-26
uniqueUserZone,OWM Zona7,2025-01-26 00:00:00+01:00,87.0,2025-01-26
uniqueUserZone,OWM Zona6,2025-01-26 00:00:00+01:00,171.0,2025-01-26
uniqueUserZone,OWM Zona5,2025-01-26 00:00:00+01:00,113.0,2025-01-26
uniqueUserZone,OWM Zona4,2025-01-26 00:00:00+01:00,150.0,2025-01-26
uniqueUserZone,OWM Zona3,2025-01-26 00:00:00+01:00,276.0,2025-01-26
uniqueUserZone,OWM Zona2,2025-01-26 00:00:00+01:00,136.0,2025-01-26
uniqueUserZone,OWM Zona1,2025-01-26 00:00:00+01:00,643.0,2025-01-26
uniqueUserZone,OWM Zona9,2025-01-25 00:00:00+01:00,115.0,2025-01-25
uniqueUserZone,OWM Zona8,2025-01-25 00:00:00+01:00,170.0,2025-01-25
uniqueUserZone,OWM Zona7,2025-01-25 00:00:00+01:00,109.0,2025-01-25
uniqueUserZone,OWM Zona6,2025-01-25 00:00:00+01:00,181.0,2025-01-25
uniqueUserZone,OWM Zona5,2025-01-25 00:00:00+01:00,135.0,2025-01-25
uniqueUserZone,OWM Zona4,2025-01-25 00:00:00+01:00,173.0,2025-01-25
uniqueUserZone,OWM Zona3,2025-01-25 00:00:00+01:00,350.0,2025-01-25
uniqueUserZone,OWM Zona2,2025-01-25 00:00:00+01:00,171.0,2025-01-25
uniqueUserZone,OWM Zona1,2025-01-25 00:00:00+01:00,716.0,2025-01-25
uniqueUserZone,OWM Zona9,2025-01-24 00:00:00+01:00,134.0,2025-01-24
uniqueUserZone,OWM Zona8,2025-01-24 00:00:00+01:00,250.0,2025-01-24
uniqueUserZone,OWM Zona7,2025-01-24 00:00:00+01:00,129.0,2025-01-24
uniqueUserZone,OWM Zona6,2025-01-24 00:00:00+01:00,245.0,2025-01-24
uniqueUserZone,OWM Zona5,2025-01-24 00:00:00+01:00,168.0,2025-01-24
uniqueUserZone,OWM Zona4,2025-01-24 00:00:00+01:00,208.0,2025-01-24
uniqueUserZone,OWM Zona3,2025-01-24 00:00:00+01:00,355.0,2025-01-24
uniqueUserZone,OWM Zona2,2025-01-24 00:00:00+01:00,201.0,2025-01-24
uniqueUserZone,OWM Zona1,2025-01-24 00:00:00+01:00,732.0,2025-01-24
uniqueUserZone,OWM Zona9,2025-01-23 00:00:00+01:00,141.0,2025-01-23
uniqueUserZone,OWM Zona8,2025-01-23 00:00:00+01:00,214.0,2025-01-23
uniqueUserZone,OWM Zona7,2025-01-23 00:00:00+01:00,117.0,2025-01-23
uniqueUserZone,OWM Zona6,2025-01-23 00:00:00+01:00,246.0,2025-01-23
uniqueUserZone,OWM Zona5,2025-01-23 00:00:00+01:00,178.0,2025-01-23
uniqueUserZone,OWM Zona4,2025-01-23 00:00:00+01:00,204.0,2025-01-23
uniqueUserZone,OWM Zona3,2025-01-23 00:00:00+01:00,350.0,2025-01-23
uniqueUserZone,OWM Zona2,2025-01-23 00:00:00+01:00,206.0,2025-01-23
uniqueUserZone,OWM Zona1,2025-01-23 00:00:00+01:00,649.0,2025-01-23
uniqueUserZone,OWM Zona9,2025-01-22 00:00:00+01:00,116.0,2025-01-22
uniqueUserZone,OWM Zona8,2025-01-22 00:00:00+01:00,202.0,2025-01-22
uniqueUserZone,OWM Zona7,2025-01-22 00:00:00+01:00,110.0,2025-01-22
uniqueUserZone,OWM Zona6,2025-01-22 00:00:00+01:00,219.0,2025-01-22
uniqueUserZone,OWM Zona5,2025-01-22 00:00:00+01:00,157.0,2025-01-22
uniqueUserZone,OWM Zona4,2025-01-22 00:00:00+01:00,218.0,2025-01-22
uniqueUserZone,OWM Zona3,2025-01-22 00:00:00+01:00,319.0,2025-01-22
uniqueUserZone,OWM Zona2,2025-01-22 00:00:00+01:00,202.0,2025-01-22
uniqueUserZone,OWM Zona1,2025-01-22 00:00:00+01:00,567.0,2025-01-22
uniqueUserZone,OWM Zona9,2025-01-21 00:00:00+01:00,128.0,2025-01-21
uniqueUserZone,OWM Zona8,2025-01-21 00:00:00+01:00,224.0,2025-01-21
uniqueUserZone,OWM Zona7,2025-01-21 00:00:00+01:00,104.0,2025-01-21
uniqueUserZone,OWM Zona6,2025-01-21 00:00:00+01:00,234.0,2025-01-21
uniqueUserZone,OWM Zona5,2025-01-21 00:00:00+01:00,163.0,2025-01-21
uniqueUserZone,OWM Zona4,2025-01-21 00:00:00+01:00,198.0,2025-01-21
uniqueUserZone,OWM Zona3,2025-01-21 00:00:00+01:00,396.0,2025-01-21
uniqueUserZone,OWM Zona2,2025-01-21 00:00:00+01:00,191.0,2025-01-21
uniqueUserZone,OWM Zona1,2025-01-21 00:00:00+01:00,625.0,2025-01-21
uniqueUserZone,OWM Zona9,2025-01-20 00:00:00+01:00,122.0,2025-01-20
uniqueUserZone,OWM Zona8,2025-01-20 00:00:00+01:00,203.0,2025-01-20
uniqueUserZone,OWM Zona7,2025-01-20 00:00:00+01:00,118.0,2025-01-20
uniqueUserZone,OWM Zona6,2025-01-20 00:00:00+01:00,221.0,2025-01-20
uniqueUserZone,OWM Zona5,2025-01-20 00:00:00+01:00,162.0,2025-01-20
uniqueUserZone,OWM Zona4,2025-01-20 00:00:00+01:00,184.0,2025-01-20
uniqueUserZone,OWM Zona3,2025-01-20 00:00:00+01:00,342.0,2025-01-20
uniqueUserZone,OWM Zona2,2025-01-20 00:00:00+01:00,193.0,2025-01-20
uniqueUserZone,OWM Zona1,2025-01-20 00:00:00+01:00,539.0,2025-01-20
uniqueUserZone,OWM Zona9,2025-01-19 00:00:00+01:00,90.0,2025-01-19
uniqueUserZone,OWM Zona8,2025-01-19 00:00:00+01:00,135.0,2025-01-19
uniqueUserZone,OWM Zona7,2025-01-19 00:00:00+01:00,81.0,2025-01-19
uniqueUserZone,OWM Zona6,2025-01-19 00:00:00+01:00,143.0,2025-01-19
uniqueUserZone,OWM Zona5,2025-01-19 00:00:00+01:00,136.0,2025-01-19
uniqueUserZone,OWM Zona4,2025-01-19 00:00:00+01:00,148.0,2025-01-19
uniqueUserZone,OWM Zona3,2025-01-19 00:00:00+01:00,271.0,2025-01-19
uniqueUserZone,OWM Zona2,2025-01-19 00:00:00+01:00,152.0,2025-01-19
uniqueUserZone,OWM Zona1,2025-01-19 00:00:00+01:00,566.0,2025-01-19
uniqueUserZone,OWM Zona9,2025-01-18 00:00:00+01:00,103.0,2025-01-18
uniqueUserZone,OWM Zona8,2025-01-18 00:00:00+01:00,175.0,2025-01-18
uniqueUserZone,OWM Zona7,2025-01-18 00:00:00+01:00,112.0,2025-01-18
uniqueUserZone,OWM Zona6,2025-01-18 00:00:00+01:00,212.0,2025-01-18
uniqueUserZone,OWM Zona5,2025-01-18 00:00:00+01:00,145.0,2025-01-18
uniqueUserZone,OWM Zona4,2025-01-18 00:00:00+01:00,189.0,2025-01-18
uniqueUserZone,OWM Zona3,2025-01-18 00:00:00+01:00,353.0,2025-01-18
uniqueUserZone,OWM Zona2,2025-01-18 00:00:00+01:00,171.0,2025-01-18
uniqueUserZone,OWM Zona1,2025-01-18 00:00:00+01:00,653.0,2025-01-18
uniqueUserZone,OWM Zona9,2025-01-17 00:00:00+01:00,158.0,2025-01-17
uniqueUserZone,OWM Zona8,2025-01-17 00:00:00+01:00,228.0,2025-01-17
uniqueUserZone,OWM Zona7,2025-01-17 00:00:00+01:00,127.0,2025-01-17
uniqueUserZone,OWM Zona6,2025-01-17 00:00:00+01:00,244.0,2025-01-17
uniqueUserZone,OWM Zona5,2025-01-17 00:00:00+01:00,199.0,2025-01-17
uniqueUserZone,OWM Zona4,2025-01-17 00:00:00+01:00,203.0,2025-01-17
uniqueUserZone,OWM Zona3,2025-01-17 00:00:00+01:00,389.0,2025-01-17
uniqueUserZone,OWM Zona2,2025-01-17 00:00:00+01:00,227.0,2025-01-17
uniqueUserZone,OWM Zona1,2025-01-17 00:00:00+01:00,676.0,2025-01-17
uniqueUserZone,OWM Zona9,2025-01-16 00:00:00+01:00,134.0,2025-01-16
uniqueUserZone,OWM Zona8,2025-01-16 00:00:00+01:00,204.0,2025-01-16
uniqueUserZone,OWM Zona7,2025-01-16 00:00:00+01:00,121.0,2025-01-16
uniqueUserZone,OWM Zona6,2025-01-16 00:00:00+01:00,238.0,2025-01-16
uniqueUserZone,OWM Zona5,2025-01-16 00:00:00+01:00,168.0,2025-01-16
uniqueUserZone,OWM Zona4,2025-01-16 00:00:00+01:00,183.0,2025-01-16
uniqueUserZone,OWM Zona3,2025-01-16 00:00:00+01:00,347.0,2025-01-16
uniqueUserZone,OWM Zona2,2025-01-16 00:00:00+01:00,226.0,2025-01-16
uniqueUserZone,OWM Zona1,2025-01-16 00:00:00+01:00,664.0,2025-01-16
uniqueUserZone,OWM Zona9,2025-01-15 00:00:00+01:00,126.0,2025-01-15
uniqueUserZone,OWM Zona8,2025-01-15 00:00:00+01:00,233.0,2025-01-15
uniqueUserZone,OWM Zona7,2025-01-15 00:00:00+01:00,138.0,2025-01-15
uniqueUserZone,OWM Zona6,2025-01-15 00:00:00+01:00,246.0,2025-01-15
uniqueUserZone,OWM Zona5,2025-01-15 00:00:00+01:00,180.0,2025-01-15
uniqueUserZone,OWM Zona4,2025-01-15 00:00:00+01:00,195.0,2025-01-15
uniqueUserZone,OWM Zona3,2025-01-15 00:00:00+01:00,357.0,2025-01-15
uniqueUserZone,OWM Zona2,2025-01-15 00:00:00+01:00,202.0,2025-01-15
uniqueUserZone,OWM Zona1,2025-01-15 00:00:00+01:00,555.0,2025-01-15
uniqueUserZone,OWM Zona9,2025-01-14 00:00:00+01:00,130.0,2025-01-14
uniqueUserZone,OWM Zona8,2025-01-14 00:00:00+01:00,205.0,2025-01-14
uniqueUserZone,OWM Zona7,2025-01-14 00:00:00+01:00,123.0,2025-01-14
uniqueUserZone,OWM Zona6,2025-01-14 00:00:00+01:00,227.0,2025-01-14
uniqueUserZone,OWM Zona5,2025-01-14 00:00:00+01:00,170.0,2025-01-14
uniqueUserZone,OWM Zona4,2025-01-14 00:00:00+01:00,196.0,2025-01-14
uniqueUserZone,OWM Zona3,2025-01-14 00:00:00+01:00,381.0,2025-01-14
uniqueUserZone,OWM Zona2,2025-01-14 00:00:00+01:00,206.0,2025-01-14
uniqueUserZone,OWM Zona1,2025-01-14 00:00:00+01:00,572.0,2025-01-14
uniqueUserZone,OWM Zona9,2025-01-13 00:00:00+01:00,129.0,2025-01-13
uniqueUserZone,OWM Zona8,2025-01-13 00:00:00+01:00,189.0,2025-01-13
uniqueUserZone,OWM Zona7,2025-01-13 00:00:00+01:00,124.0,2025-01-13
uniqueUserZone,OWM Zona6,2025-01-13 00:00:00+01:00,223.0,2025-01-13
uniqueUserZone,OWM Zona5,2025-01-13 00:00:00+01:00,176.0,2025-01-13
uniqueUserZone,OWM Zona4,2025-01-13 00:00:00+01:00,184.0,2025-01-13
uniqueUserZone,OWM Zona3,2025-01-13 00:00:00+01:00,337.0,2025-01-13
uniqueUserZone,OWM Zona2,2025-01-13 00:00:00+01:00,215.0,2025-01-13
uniqueUserZone,OWM Zona1,2025-01-13 00:00:00+01:00,578.0,2025-01-13
uniqueUserZone,OWM Zona9,2025-01-12 00:00:00+01:00,96.0,2025-01-12
uniqueUserZone,OWM Zona8,2025-01-12 00:00:00+01:00,164.0,2025-01-12
uniqueUserZone,OWM Zona7,2025-01-12 00:00:00+01:00,87.0,2025-01-12
uniqueUserZone,OWM Zona6,2025-01-12 00:00:00+01:00,153.0,2025-01-12
uniqueUserZone,OWM Zona5,2025-01-12 00:00:00+01:00,130.0,2025-01-12
uniqueUserZone,OWM Zona4,2025-01-12 00:00:00+01:00,135.0,2025-01-12
uniqueUserZone,OWM Zona3,2025-01-12 00:00:00+01:00,263.0,2025-01-12
uniqueUserZone,OWM Zona2,2025-01-12 00:00:00+01:00,164.0,2025-01-12
uniqueUserZone,OWM Zona1,2025-01-12 00:00:00+01:00,554.0,2025-01-12
uniqueUserZone,OWM Zona9,2025-01-11 00:00:00+01:00,113.0,2025-01-11
uniqueUserZone,OWM Zona8,2025-01-11 00:00:00+01:00,175.0,2025-01-11
uniqueUserZone,OWM Zona7,2025-01-11 00:00:00+01:00,133.0,2025-01-11
uniqueUserZone,OWM Zona6,2025-01-11 00:00:00+01:00,204.0,2025-01-11
uniqueUserZone,OWM Zona5,2025-01-11 00:00:00+01:00,145.0,2025-01-11
uniqueUserZone,OWM Zona4,2025-01-11 00:00:00+01:00,159.0,2025-01-11
uniqueUserZone,OWM Zona3,2025-01-11 00:00:00+01:00,315.0,2025-01-11
uniqueUserZone,OWM Zona2,2025-01-11 00:00:00+01:00,167.0,2025-01-11
uniqueUserZone,OWM Zona1,2025-01-11 00:00:00+01:00,548.0,2025-01-11
uniqueUserZone,OWM Zona9,2025-01-10 00:00:00+01:00,140.0,2025-01-10
uniqueUserZone,OWM Zona8,2025-01-10 00:00:00+01:00,211.0,2025-01-10
uniqueUserZone,OWM Zona7,2025-01-10 00:00:00+01:00,113.0,2025-01-10
uniqueUserZone,OWM Zona6,2025-01-10 00:00:00+01:00,224.0,2025-01-10
uniqueUserZone,OWM Zona5,2025-01-10 00:00:00+01:00,151.0,2025-01-10
uniqueUserZone,OWM Zona4,2025-01-10 00:00:00+01:00,190.0,2025-01-10
uniqueUserZone,OWM Zona3,2025-01-10 00:00:00+01:00,379.0,2025-01-10
uniqueUserZone,OWM Zona2,2025-01-10 00:00:00+01:00,202.0,2025-01-10
uniqueUserZone,OWM Zona1,2025-01-10 00:00:00+01:00,564.0,2025-01-10
uniqueUserZone,OWM Zona9,2025-01-09 00:00:00+01:00,138.0,2025-01-09
uniqueUserZone,OWM Zona8,2025-01-09 00:00:00+01:00,171.0,2025-01-09
uniqueUserZone,OWM Zona7,2025-01-09 00:00:00+01:00,106.0,2025-01-09
uniqueUserZone,OWM Zona6,2025-01-09 00:00:00+01:00,228.0,2025-01-09
uniqueUserZone,OWM Zona5,2025-01-09 00:00:00+01:00,171.0,2025-01-09
uniqueUserZone,OWM Zona4,2025-01-09 00:00:00+01:00,176.0,2025-01-09
uniqueUserZone,OWM Zona3,2025-01-09 00:00:00+01:00,310.0,2025-01-09
uniqueUserZone,OWM Zona2,2025-01-09 00:00:00+01:00,219.0,2025-01-09
uniqueUserZone,OWM Zona1,2025-01-09 00:00:00+01:00,512.0,2025-01-09
uniqueUserZone,OWM Zona9,2025-01-08 00:00:00+01:00,137.0,2025-01-08
uniqueUserZone,OWM Zona8,2025-01-08 00:00:00+01:00,193.0,2025-01-08
uniqueUserZone,OWM Zona7,2025-01-08 00:00:00+01:00,106.0,2025-01-08
uniqueUserZone,OWM Zona6,2025-01-08 00:00:00+01:00,214.0,2025-01-08
uniqueUserZone,OWM Zona5,2025-01-08 00:00:00+01:00,155.0,2025-01-08
uniqueUserZone,OWM Zona4,2025-01-08 00:00:00+01:00,179.0,2025-01-08
uniqueUserZone,OWM Zona3,2025-01-08 00:00:00+01:00,318.0,2025-01-08
uniqueUserZone,OWM Zona2,2025-01-08 00:00:00+01:00,204.0,2025-01-08
uniqueUserZone,OWM Zona1,2025-01-08 00:00:00+01:00,455.0,2025-01-08
uniqueUserZone,OWM Zona9,2025-01-07 00:00:00+01:00,129.0,2025-01-07
uniqueUserZone,OWM Zona8,2025-01-07 00:00:00+01:00,203.0,2025-01-07
uniqueUserZone,OWM Zona7,2025-01-07 00:00:00+01:00,105.0,2025-01-07
uniqueUserZone,OWM Zona6,2025-01-07 00:00:00+01:00,221.0,2025-01-07
uniqueUserZone,OWM Zona5,2025-01-07 00:00:00+01:00,153.0,2025-01-07
uniqueUserZone,OWM Zona4,2025-01-07 00:00:00+01:00,173.0,2025-01-07
uniqueUserZone,OWM Zona3,2025-01-07 00:00:00+01:00,334.0,2025-01-07
uniqueUserZone,OWM Zona2,2025-01-07 00:00:00+01:00,202.0,2025-01-07
uniqueUserZone,OWM Zona1,2025-01-07 00:00:00+01:00,469.0,2025-01-07
uniqueUserZone,OWM Zona9,2025-01-06 00:00:00+01:00,71.0,2025-01-06
uniqueUserZone,OWM Zona8,2025-01-06 00:00:00+01:00,131.0,2025-01-06
uniqueUserZone,OWM Zona7,2025-01-06 00:00:00+01:00,57.0,2025-01-06
uniqueUserZone,OWM Zona6,2025-01-06 00:00:00+01:00,120.0,2025-01-06
uniqueUserZone,OWM Zona5,2025-01-06 00:00:00+01:00,103.0,2025-01-06
uniqueUserZone,OWM Zona4,2025-01-06 00:00:00+01:00,111.0,2025-01-06
uniqueUserZone,OWM Zona3,2025-01-06 00:00:00+01:00,203.0,2025-01-06
uniqueUserZone,OWM Zona2,2025-01-06 00:00:00+01:00,146.0,2025-01-06
uniqueUserZone,OWM Zona1,2025-01-06 00:00:00+01:00,335.0,2025-01-06
uniqueUserZone,OWM Zona9,2025-01-05 00:00:00+01:00,72.0,2025-01-05
uniqueUserZone,OWM Zona8,2025-01-05 00:00:00+01:00,131.0,2025-01-05
uniqueUserZone,OWM Zona7,2025-01-05 00:00:00+01:00,74.0,2025-01-05
uniqueUserZone,OWM Zona6,2025-01-05 00:00:00+01:00,157.0,2025-01-05
uniqueUserZone,OWM Zona5,2025-01-05 00:00:00+01:00,119.0,2025-01-05
uniqueUserZone,OWM Zona4,2025-01-05 00:00:00+01:00,132.0,2025-01-05
uniqueUserZone,OWM Zona3,2025-01-05 00:00:00+01:00,244.0,2025-01-05
uniqueUserZone,OWM Zona2,2025-01-05 00:00:00+01:00,157.0,2025-01-05
uniqueUserZone,OWM Zona1,2025-01-05 00:00:00+01:00,489.0,2025-01-05
uniqueUserZone,OWM Zona9,2025-01-04 00:00:00+01:00,91.0,2025-01-04
uniqueUserZone,OWM Zona8,2025-01-04 00:00:00+01:00,127.0,2025-01-04
uniqueUserZone,OWM Zona7,2025-01-04 00:00:00+01:00,87.0,2025-01-04
uniqueUserZone,OWM Zona6,2025-01-04 00:00:00+01:00,183.0,2025-01-04
uniqueUserZone,OWM Zona5,2025-01-04 00:00:00+01:00,115.0,2025-01-04
uniqueUserZone,OWM Zona4,2025-01-04 00:00:00+01:00,144.0,2025-01-04
uniqueUserZone,OWM Zona3,2025-01-04 00:00:00+01:00,313.0,2025-01-04
uniqueUserZone,OWM Zona2,2025-01-04 00:00:00+01:00,163.0,2025-01-04
uniqueUserZone,OWM Zona1,2025-01-04 00:00:00+01:00,681.0,2025-01-04
uniqueUserZone,OWM Zona9,2025-01-03 00:00:00+01:00,111.0,2025-01-03
uniqueUserZone,OWM Zona8,2025-01-03 00:00:00+01:00,156.0,2025-01-03
uniqueUserZone,OWM Zona7,2025-01-03 00:00:00+01:00,99.0,2025-01-03
uniqueUserZone,OWM Zona6,2025-01-03 00:00:00+01:00,173.0,2025-01-03
uniqueUserZone,OWM Zona5,2025-01-03 00:00:00+01:00,121.0,2025-01-03
uniqueUserZone,OWM Zona4,2025-01-03 00:00:00+01:00,160.0,2025-01-03
uniqueUserZone,OWM Zona3,2025-01-03 00:00:00+01:00,299.0,2025-01-03
uniqueUserZone,OWM Zona2,2025-01-03 00:00:00+01:00,179.0,2025-01-03
uniqueUserZone,OWM Zona1,2025-01-03 00:00:00+01:00,777.0,2025-01-03
uniqueUserZone,OWM Zona9,2025-01-02 00:00:00+01:00,97.0,2025-01-02
uniqueUserZone,OWM Zona8,2025-01-02 00:00:00+01:00,153.0,2025-01-02
uniqueUserZone,OWM Zona7,2025-01-02 00:00:00+01:00,97.0,2025-01-02
uniqueUserZone,OWM Zona6,2025-01-02 00:00:00+01:00,166.0,2025-01-02
uniqueUserZone,OWM Zona5,2025-01-02 00:00:00+01:00,125.0,2025-01-02
uniqueUserZone,OWM Zona4,2025-01-02 00:00:00+01:00,142.0,2025-01-02
uniqueUserZone,OWM Zona3,2025-01-02 00:00:00+01:00,298.0,2025-01-02
uniqueUserZone,OWM Zona2,2025-01-02 00:00:00+01:00,171.0,2025-01-02
uniqueUserZone,OWM Zona1,2025-01-02 00:00:00+01:00,824.0,2025-01-02
uniqueUserZone,OWM Zona9,2025-01-01 00:00:00+01:00,72.0,2025-01-01
uniqueUserZone,OWM Zona8,2025-01-01 00:00:00+01:00,128.0,2025-01-01
uniqueUserZone,OWM Zona7,2025-01-01 00:00:00+01:00,73.0,2025-01-01
uniqueUserZone,OWM Zona6,2025-01-01 00:00:00+01:00,128.0,2025-01-01
uniqueUserZone,OWM Zona5,2025-01-01 00:00:00+01:00,95.0,2025-01-01
uniqueUserZone,OWM Zona4,2025-01-01 00:00:00+01:00,117.0,2025-01-01
uniqueUserZone,OWM Zona3,2025-01-01 00:00:00+01:00,260.0,2025-01-01
uniqueUserZone,OWM Zona2,2025-01-01 00:00:00+01:00,134.0,2025-01-01
uniqueUserZone,OWM Zona1,2025-01-01 00:00:00+01:00,821.0,2025-01-01
uniqueUserZone,OWM Zona9,2024-12-31 00:00:00+01:00,105.0,2024-12-31
uniqueUserZone,OWM Zona8,2024-12-31 00:00:00+01:00,167.0,2024-12-31
uniqueUserZone,OWM Zona7,2024-12-31 00:00:00+01:00,100.0,2024-12-31
uniqueUserZone,OWM Zona6,2024-12-31 00:00:00+01:00,186.0,2024-12-31
uniqueUserZone,OWM Zona5,2024-12-31 00:00:00+01:00,118.0,2024-12-31
uniqueUserZone,OWM Zona4,2024-12-31 00:00:00+01:00,161.0,2024-12-31
uniqueUserZone,OWM Zona3,2024-12-31 00:00:00+01:00,347.0,2024-12-31
uniqueUserZone,OWM Zona2,2024-12-31 00:00:00+01:00,181.0,2024-12-31
uniqueUserZone,OWM Zona1,2024-12-31 00:00:00+01:00,1172.0,2024-12-31
uniqueUserZone,OWM Zona9,2024-12-30 00:00:00+01:00,114.0,2024-12-30
uniqueUserZone,OWM Zona8,2024-12-30 00:00:00+01:00,153.0,2024-12-30
uniqueUserZone,OWM Zona7,2024-12-30 00:00:00+01:00,93.0,2024-12-30
uniqueUserZone,OWM Zona6,2024-12-30 00:00:00+01:00,194.0,2024-12-30
uniqueUserZone,OWM Zona5,2024-12-30 00:00:00+01:00,135.0,2024-12-30
uniqueUserZone,OWM Zona4,2024-12-30 00:00:00+01:00,143.0,2024-12-30
uniqueUserZone,OWM Zona3,2024-12-30 00:00:00+01:00,344.0,2024-12-30
uniqueUserZone,OWM Zona2,2024-12-30 00:00:00+01:00,207.0,2024-12-30
uniqueUserZone,OWM Zona1,2024-12-30 00:00:00+01:00,1009.0,2024-12-30
uniqueUserZone,OWM Zona9,2024-12-29 00:00:00+01:00,75.0,2024-12-29
uniqueUserZone,OWM Zona8,2024-12-29 00:00:00+01:00,172.0,2024-12-29
uniqueUserZone,OWM Zona7,2024-12-29 00:00:00+01:00,90.0,2024-12-29
uniqueUserZone,OWM Zona6,2024-12-29 00:00:00+01:00,145.0,2024-12-29
uniqueUserZone,OWM Zona5,2024-12-29 00:00:00+01:00,113.0,2024-12-29
uniqueUserZone,OWM Zona4,2024-12-29 00:00:00+01:00,125.0,2024-12-29
uniqueUserZone,OWM Zona3,2024-12-29 00:00:00+01:00,274.0,2024-12-29
uniqueUserZone,OWM Zona2,2024-12-29 00:00:00+01:00,152.0,2024-12-29
uniqueUserZone,OWM Zona1,2024-12-29 00:00:00+01:00,839.0,2024-12-29
uniqueUserZone,OWM Zona9,2024-12-28 00:00:00+01:00,96.0,2024-12-28
uniqueUserZone,OWM Zona8,2024-12-28 00:00:00+01:00,162.0,2024-12-28
uniqueUserZone,OWM Zona7,2024-12-28 00:00:00+01:00,100.0,2024-12-28
uniqueUserZone,OWM Zona6,2024-12-28 00:00:00+01:00,186.0,2024-12-28
uniqueUserZone,OWM Zona5,2024-12-28 00:00:00+01:00,119.0,2024-12-28
uniqueUserZone,OWM Zona4,2024-12-28 00:00:00+01:00,123.0,2024-12-28
uniqueUserZone,OWM Zona3,2024-12-28 00:00:00+01:00,302.0,2024-12-28
uniqueUserZone,OWM Zona2,2024-12-28 00:00:00+01:00,159.0,2024-12-28
uniqueUserZone,OWM Zona1,2024-12-28 00:00:00+01:00,864.0,2024-12-28
uniqueUserZone,OWM Zona9,2024-12-27 00:00:00+01:00,95.0,2024-12-27
uniqueUserZone,OWM Zona8,2024-12-27 00:00:00+01:00,166.0,2024-12-27
uniqueUserZone,OWM Zona7,2024-12-27 00:00:00+01:00,116.0,2024-12-27
uniqueUserZone,OWM Zona6,2024-12-27 00:00:00+01:00,177.0,2024-12-27
uniqueUserZone,OWM Zona5,2024-12-27 00:00:00+01:00,129.0,2024-12-27
uniqueUserZone,OWM Zona4,2024-12-27 00:00:00+01:00,148.0,2024-12-27
uniqueUserZone,OWM Zona3,2024-12-27 00:00:00+01:00,324.0,2024-12-27
uniqueUserZone,OWM Zona2,2024-12-27 00:00:00+01:00,168.0,2024-12-27
uniqueUserZone,OWM Zona1,2024-12-27 00:00:00+01:00,719.0,2024-12-27
uniqueUserZone,OWM Zona9,2024-12-26 00:00:00+01:00,86.0,2024-12-26
uniqueUserZone,OWM Zona8,2024-12-26 00:00:00+01:00,136.0,2024-12-26
uniqueUserZone,OWM Zona7,2024-12-26 00:00:00+01:00,86.0,2024-12-26
uniqueUserZone,OWM Zona6,2024-12-26 00:00:00+01:00,141.0,2024-12-26
uniqueUserZone,OWM Zona5,2024-12-26 00:00:00+01:00,100.0,2024-12-26
uniqueUserZone,OWM Zona4,2024-12-26 00:00:00+01:00,117.0,2024-12-26
uniqueUserZone,OWM Zona3,2024-12-26 00:00:00+01:00,232.0,2024-12-26
uniqueUserZone,OWM Zona2,2024-12-26 00:00:00+01:00,132.0,2024-12-26
uniqueUserZone,OWM Zona1,2024-12-26 00:00:00+01:00,649.0,2024-12-26
uniqueUserZone,OWM Zona9,2024-12-25 00:00:00+01:00,79.0,2024-12-25
uniqueUserZone,OWM Zona8,2024-12-25 00:00:00+01:00,131.0,2024-12-25
uniqueUserZone,OWM Zona7,2024-12-25 00:00:00+01:00,80.0,2024-12-25
uniqueUserZone,OWM Zona6,2024-12-25 00:00:00+01:00,148.0,2024-12-25
uniqueUserZone,OWM Zona5,2024-12-25 00:00:00+01:00,120.0,2024-12-25
uniqueUserZone,OWM Zona4,2024-12-25 00:00:00+01:00,105.0,2024-12-25
uniqueUserZone,OWM Zona3,2024-12-25 00:00:00+01:00,217.0,2024-12-25
uniqueUserZone,OWM Zona2,2024-12-25 00:00:00+01:00,124.0,2024-12-25
uniqueUserZone,OWM Zona1,2024-12-25 00:00:00+01:00,430.0,2024-12-25
uniqueUserZone,OWM Zona9,2024-12-24 00:00:00+01:00,114.0,2024-12-24
uniqueUserZone,OWM Zona8,2024-12-24 00:00:00+01:00,194.0,2024-12-24
uniqueUserZone,OWM Zona7,2024-12-24 00:00:00+01:00,87.0,2024-12-24
uniqueUserZone,OWM Zona6,2024-12-24 00:00:00+01:00,203.0,2024-12-24
uniqueUserZone,OWM Zona5,2024-12-24 00:00:00+01:00,146.0,2024-12-24
uniqueUserZone,OWM Zona4,2024-12-24 00:00:00+01:00,152.0,2024-12-24
uniqueUserZone,OWM Zona3,2024-12-24 00:00:00+01:00,318.0,2024-12-24
uniqueUserZone,OWM Zona2,2024-12-24 00:00:00+01:00,174.0,2024-12-24
uniqueUserZone,OWM Zona1,2024-12-24 00:00:00+01:00,623.0,2024-12-24
uniqueUserZone,OWM Zona9,2024-12-23 00:00:00+01:00,119.0,2024-12-23
uniqueUserZone,OWM Zona8,2024-12-23 00:00:00+01:00,183.0,2024-12-23
uniqueUserZone,OWM Zona7,2024-12-23 00:00:00+01:00,109.0,2024-12-23
uniqueUserZone,OWM Zona6,2024-12-23 00:00:00+01:00,213.0,2024-12-23
uniqueUserZone,OWM Zona5,2024-12-23 00:00:00+01:00,137.0,2024-12-23
uniqueUserZone,OWM Zona4,2024-12-23 00:00:00+01:00,161.0,2024-12-23
uniqueUserZone,OWM Zona3,2024-12-23 00:00:00+01:00,321.0,2024-12-23
uniqueUserZone,OWM Zona2,2024-12-23 00:00:00+01:00,204.0,2024-12-23
uniqueUserZone,OWM Zona1,2024-12-23 00:00:00+01:00,636.0,2024-12-23
uniqueUserZone,OWM Zona9,2024-12-22 00:00:00+01:00,79.0,2024-12-22
uniqueUserZone,OWM Zona8,2024-12-22 00:00:00+01:00,149.0,2024-12-22
uniqueUserZone,OWM Zona7,2024-12-22 00:00:00+01:00,72.0,2024-12-22
uniqueUserZone,OWM Zona6,2024-12-22 00:00:00+01:00,154.0,2024-12-22
uniqueUserZone,OWM Zona5,2024-12-22 00:00:00+01:00,127.0,2024-12-22
uniqueUserZone,OWM Zona4,2024-12-22 00:00:00+01:00,155.0,2024-12-22
uniqueUserZone,OWM Zona3,2024-12-22 00:00:00+01:00,283.0,2024-12-22
uniqueUserZone,OWM Zona2,2024-12-22 00:00:00+01:00,181.0,2024-12-22
uniqueUserZone,OWM Zona1,2024-12-22 00:00:00+01:00,511.0,2024-12-22
uniqueUserZone,OWM Zona9,2024-12-21 00:00:00+01:00,113.0,2024-12-21
uniqueUserZone,OWM Zona8,2024-12-21 00:00:00+01:00,203.0,2024-12-21
uniqueUserZone,OWM Zona7,2024-12-21 00:00:00+01:00,104.0,2024-12-21
uniqueUserZone,OWM Zona6,2024-12-21 00:00:00+01:00,203.0,2024-12-21
uniqueUserZone,OWM Zona5,2024-12-21 00:00:00+01:00,152.0,2024-12-21
uniqueUserZone,OWM Zona4,2024-12-21 00:00:00+01:00,163.0,2024-12-21
uniqueUserZone,OWM Zona3,2024-12-21 00:00:00+01:00,346.0,2024-12-21
uniqueUserZone,OWM Zona2,2024-12-21 00:00:00+01:00,195.0,2024-12-21
uniqueUserZone,OWM Zona1,2024-12-21 00:00:00+01:00,626.0,2024-12-21
uniqueUserZone,OWM Zona9,2024-12-20 00:00:00+01:00,163.0,2024-12-20
uniqueUserZone,OWM Zona8,2024-12-20 00:00:00+01:00,244.0,2024-12-20
uniqueUserZone,OWM Zona7,2024-12-20 00:00:00+01:00,133.0,2024-12-20
uniqueUserZone,OWM Zona6,2024-12-20 00:00:00+01:00,241.0,2024-12-20
uniqueUserZone,OWM Zona5,2024-12-20 00:00:00+01:00,165.0,2024-12-20
uniqueUserZone,OWM Zona4,2024-12-20 00:00:00+01:00,203.0,2024-12-20
uniqueUserZone,OWM Zona3,2024-12-20 00:00:00+01:00,395.0,2024-12-20
uniqueUserZone,OWM Zona2,2024-12-20 00:00:00+01:00,250.0,2024-12-20
uniqueUserZone,OWM Zona1,2024-12-20 00:00:00+01:00,564.0,2024-12-20
uniqueUserZone,OWM Zona9,2024-12-19 00:00:00+01:00,144.0,2024-12-19
uniqueUserZone,OWM Zona8,2024-12-19 00:00:00+01:00,204.0,2024-12-19
uniqueUserZone,OWM Zona7,2024-12-19 00:00:00+01:00,115.0,2024-12-19
uniqueUserZone,OWM Zona6,2024-12-19 00:00:00+01:00,170.0,2024-12-19
uniqueUserZone,OWM Zona5,2024-12-19 00:00:00+01:00,169.0,2024-12-19
uniqueUserZone,OWM Zona4,2024-12-19 00:00:00+01:00,202.0,2024-12-19
uniqueUserZone,OWM Zona3,2024-12-19 00:00:00+01:00,309.0,2024-12-19
uniqueUserZone,OWM Zona2,2024-12-19 00:00:00+01:00,216.0,2024-12-19
uniqueUserZone,OWM Zona1,2024-12-19 00:00:00+01:00,416.0,2024-12-19
uniqueUserZone,OWM Zona9,2024-12-18 00:00:00+01:00,163.0,2024-12-18
uniqueUserZone,OWM Zona8,2024-12-18 00:00:00+01:00,258.0,2024-12-18
uniqueUserZone,OWM Zona7,2024-12-18 00:00:00+01:00,126.0,2024-12-18
uniqueUserZone,OWM Zona6,2024-12-18 00:00:00+01:00,198.0,2024-12-18
uniqueUserZone,OWM Zona5,2024-12-18 00:00:00+01:00,197.0,2024-12-18
uniqueUserZone,OWM Zona4,2024-12-18 00:00:00+01:00,225.0,2024-12-18
uniqueUserZone,OWM Zona3,2024-12-18 00:00:00+01:00,419.0,2024-12-18
uniqueUserZone,OWM Zona2,2024-12-18 00:00:00+01:00,240.0,2024-12-18
uniqueUserZone,OWM Zona1,2024-12-18 00:00:00+01:00,588.0,2024-12-18
uniqueUserZone,OWM Zona9,2024-12-17 00:00:00+01:00,152.0,2024-12-17
uniqueUserZone,OWM Zona8,2024-12-17 00:00:00+01:00,240.0,2024-12-17
uniqueUserZone,OWM Zona7,2024-12-17 00:00:00+01:00,134.0,2024-12-17
uniqueUserZone,OWM Zona6,2024-12-17 00:00:00+01:00,214.0,2024-12-17
uniqueUserZone,OWM Zona5,2024-12-17 00:00:00+01:00,180.0,2024-12-17
uniqueUserZone,OWM Zona4,2024-12-17 00:00:00+01:00,212.0,2024-12-17
uniqueUserZone,OWM Zona3,2024-12-17 00:00:00+01:00,373.0,2024-12-17
uniqueUserZone,OWM Zona2,2024-12-17 00:00:00+01:00,235.0,2024-12-17
uniqueUserZone,OWM Zona1,2024-12-17 00:00:00+01:00,534.0,2024-12-17
uniqueUserZone,OWM Zona9,2024-12-16 00:00:00+01:00,141.0,2024-12-16
uniqueUserZone,OWM Zona8,2024-12-16 00:00:00+01:00,202.0,2024-12-16
uniqueUserZone,OWM Zona7,2024-12-16 00:00:00+01:00,122.0,2024-12-16
uniqueUserZone,OWM Zona6,2024-12-16 00:00:00+01:00,187.0,2024-12-16
uniqueUserZone,OWM Zona5,2024-12-16 00:00:00+01:00,167.0,2024-12-16
uniqueUserZone,OWM Zona4,2024-12-16 00:00:00+01:00,220.0,2024-12-16
uniqueUserZone,OWM Zona3,2024-12-16 00:00:00+01:00,366.0,2024-12-16
uniqueUserZone,OWM Zona2,2024-12-16 00:00:00+01:00,236.0,2024-12-16
uniqueUserZone,OWM Zona1,2024-12-16 00:00:00+01:00,517.0,2024-12-16
uniqueUserZone,OWM Zona9,2024-12-15 00:00:00+01:00,87.0,2024-12-15
uniqueUserZone,OWM Zona8,2024-12-15 00:00:00+01:00,136.0,2024-12-15
uniqueUserZone,OWM Zona7,2024-12-15 00:00:00+01:00,93.0,2024-12-15
uniqueUserZone,OWM Zona6,2024-12-15 00:00:00+01:00,151.0,2024-12-15
uniqueUserZone,OWM Zona5,2024-12-15 00:00:00+01:00,134.0,2024-12-15
uniqueUserZone,OWM Zona4,2024-12-15 00:00:00+01:00,173.0,2024-12-15
uniqueUserZone,OWM Zona3,2024-12-15 00:00:00+01:00,280.0,2024-12-15
uniqueUserZone,OWM Zona2,2024-12-15 00:00:00+01:00,165.0,2024-12-15
uniqueUserZone,OWM Zona1,2024-12-15 00:00:00+01:00,489.0,2024-12-15
uniqueUserZone,OWM Zona9,2024-12-14 00:00:00+01:00,129.0,2024-12-14
uniqueUserZone,OWM Zona8,2024-12-14 00:00:00+01:00,195.0,2024-12-14
uniqueUserZone,OWM Zona7,2024-12-14 00:00:00+01:00,96.0,2024-12-14
uniqueUserZone,OWM Zona6,2024-12-14 00:00:00+01:00,178.0,2024-12-14
uniqueUserZone,OWM Zona5,2024-12-14 00:00:00+01:00,140.0,2024-12-14
uniqueUserZone,OWM Zona4,2024-12-14 00:00:00+01:00,184.0,2024-12-14
uniqueUserZone,OWM Zona3,2024-12-14 00:00:00+01:00,412.0,2024-12-14
uniqueUserZone,OWM Zona2,2024-12-14 00:00:00+01:00,235.0,2024-12-14
uniqueUserZone,OWM Zona1,2024-12-14 00:00:00+01:00,680.0,2024-12-14
uniqueUserZone,OWM Zona9,2024-12-13 00:00:00+01:00,175.0,2024-12-13
uniqueUserZone,OWM Zona8,2024-12-13 00:00:00+01:00,244.0,2024-12-13
uniqueUserZone,OWM Zona7,2024-12-13 00:00:00+01:00,126.0,2024-12-13
uniqueUserZone,OWM Zona6,2024-12-13 00:00:00+01:00,214.0,2024-12-13
uniqueUserZone,OWM Zona5,2024-12-13 00:00:00+01:00,181.0,2024-12-13
uniqueUserZone,OWM Zona4,2024-12-13 00:00:00+01:00,223.0,2024-12-13
uniqueUserZone,OWM Zona3,2024-12-13 00:00:00+01:00,407.0,2024-12-13
uniqueUserZone,OWM Zona2,2024-12-13 00:00:00+01:00,281.0,2024-12-13
uniqueUserZone,OWM Zona1,2024-12-13 00:00:00+01:00,566.0,2024-12-13
uniqueUserZone,OWM Zona9,2024-12-12 00:00:00+01:00,139.0,2024-12-12
uniqueUserZone,OWM Zona8,2024-12-12 00:00:00+01:00,235.0,2024-12-12
uniqueUserZone,OWM Zona7,2024-12-12 00:00:00+01:00,125.0,2024-12-12
uniqueUserZone,OWM Zona6,2024-12-12 00:00:00+01:00,196.0,2024-12-12
uniqueUserZone,OWM Zona5,2024-12-12 00:00:00+01:00,188.0,2024-12-12
uniqueUserZone,OWM Zona4,2024-12-12 00:00:00+01:00,230.0,2024-12-12
uniqueUserZone,OWM Zona3,2024-12-12 00:00:00+01:00,411.0,2024-12-12
uniqueUserZone,OWM Zona2,2024-12-12 00:00:00+01:00,252.0,2024-12-12
uniqueUserZone,OWM Zona1,2024-12-12 00:00:00+01:00,567.0,2024-12-12
uniqueUserZone,OWM Zona9,2024-12-11 00:00:00+01:00,148.0,2024-12-11
uniqueUserZone,OWM Zona8,2024-12-11 00:00:00+01:00,241.0,2024-12-11
uniqueUserZone,OWM Zona7,2024-12-11 00:00:00+01:00,135.0,2024-12-11
uniqueUserZone,OWM Zona6,2024-12-11 00:00:00+01:00,206.0,2024-12-11
uniqueUserZone,OWM Zona5,2024-12-11 00:00:00+01:00,181.0,2024-12-11
uniqueUserZone,OWM Zona4,2024-12-11 00:00:00+01:00,240.0,2024-12-11
uniqueUserZone,OWM Zona3,2024-12-11 00:00:00+01:00,396.0,2024-12-11
uniqueUserZone,OWM Zona2,2024-12-11 00:00:00+01:00,263.0,2024-12-11
uniqueUserZone,OWM Zona1,2024-12-11 00:00:00+01:00,650.0,2024-12-11
uniqueUserZone,OWM Zona9,2024-12-10 00:00:00+01:00,140.0,2024-12-10
uniqueUserZone,OWM Zona8,2024-12-10 00:00:00+01:00,244.0,2024-12-10
uniqueUserZone,OWM Zona7,2024-12-10 00:00:00+01:00,123.0,2024-12-10
uniqueUserZone,OWM Zona6,2024-12-10 00:00:00+01:00,219.0,2024-12-10
uniqueUserZone,OWM Zona5,2024-12-10 00:00:00+01:00,184.0,2024-12-10
uniqueUserZone,OWM Zona4,2024-12-10 00:00:00+01:00,232.0,2024-12-10
uniqueUserZone,OWM Zona3,2024-12-10 00:00:00+01:00,434.0,2024-12-10
uniqueUserZone,OWM Zona2,2024-12-10 00:00:00+01:00,236.0,2024-12-10
uniqueUserZone,OWM Zona1,2024-12-10 00:00:00+01:00,577.0,2024-12-10
uniqueUserZone,OWM Zona9,2024-12-09 00:00:00+01:00,149.0,2024-12-09
uniqueUserZone,OWM Zona8,2024-12-09 00:00:00+01:00,225.0,2024-12-09
uniqueUserZone,OWM Zona7,2024-12-09 00:00:00+01:00,127.0,2024-12-09
uniqueUserZone,OWM Zona6,2024-12-09 00:00:00+01:00,188.0,2024-12-09
uniqueUserZone,OWM Zona5,2024-12-09 00:00:00+01:00,180.0,2024-12-09
uniqueUserZone,OWM Zona4,2024-12-09 00:00:00+01:00,199.0,2024-12-09
uniqueUserZone,OWM Zona3,2024-12-09 00:00:00+01:00,361.0,2024-12-09
uniqueUserZone,OWM Zona2,2024-12-09 00:00:00+01:00,239.0,2024-12-09
uniqueUserZone,OWM Zona1,2024-12-09 00:00:00+01:00,564.0,2024-12-09
uniqueUserZone,OWM Zona9,2024-12-08 00:00:00+01:00,0.0,2024-12-08
uniqueUserZone,OWM Zona8,2024-12-08 00:00:00+01:00,0.0,2024-12-08
uniqueUserZone,OWM Zona7,2024-12-08 00:00:00+01:00,0.0,2024-12-08
uniqueUserZone,OWM Zona6,2024-12-08 00:00:00+01:00,0.0,2024-12-08
uniqueUserZone,OWM Zona5,2024-12-08 00:00:00+01:00,0.0,2024-12-08
uniqueUserZone,OWM Zona4,2024-12-08 00:00:00+01:00,0.0,2024-12-08
uniqueUserZone,OWM Zona3,2024-12-08 00:00:00+01:00,0.0,2024-12-08
uniqueUserZone,OWM Zona2,2024-12-08 00:00:00+01:00,0.0,2024-12-08
uniqueUserZone,OWM Zona1,2024-12-08 00:00:00+01:00,0.0,2024-12-08
uniqueUserZone,OWM Zona9,2024-12-07 00:00:00+01:00,0.0,2024-12-07
uniqueUserZone,OWM Zona8,2024-12-07 00:00:00+01:00,0.0,2024-12-07
uniqueUserZone,OWM Zona7,2024-12-07 00:00:00+01:00,0.0,2024-12-07
uniqueUserZone,OWM Zona6,2024-12-07 00:00:00+01:00,0.0,2024-12-07
uniqueUserZone,OWM Zona5,2024-12-07 00:00:00+01:00,0.0,2024-12-07
uniqueUserZone,OWM Zona4,2024-12-07 00:00:00+01:00,0.0,2024-12-07
uniqueUserZone,OWM Zona3,2024-12-07 00:00:00+01:00,0.0,2024-12-07
uniqueUserZone,OWM Zona2,2024-12-07 00:00:00+01:00,0.0,2024-12-07
uniqueUserZone,OWM Zona1,2024-12-07 00:00:00+01:00,0.0,2024-12-07
uniqueUserZone,OWM Zona9,2024-12-06 00:00:00+01:00,0.0,2024-12-06
uniqueUserZone,OWM Zona8,2024-12-06 00:00:00+01:00,0.0,2024-12-06
uniqueUserZone,OWM Zona7,2024-12-06 00:00:00+01:00,0.0,2024-12-06
uniqueUserZone,OWM Zona6,2024-12-06 00:00:00+01:00,0.0,2024-12-06
uniqueUserZone,OWM Zona5,2024-12-06 00:00:00+01:00,0.0,2024-12-06
uniqueUserZone,OWM Zona4,2024-12-06 00:00:00+01:00,0.0,2024-12-06
uniqueUserZone,OWM Zona3,2024-12-06 00:00:00+01:00,0.0,2024-12-06
uniqueUserZone,OWM Zona2,2024-12-06 00:00:00+01:00,0.0,2024-12-06
uniqueUserZone,OWM Zona1,2024-12-06 00:00:00+01:00,0.0,2024-12-06
uniqueUserZone,OWM Zona9,2024-12-05 00:00:00+01:00,0.0,2024-12-05
uniqueUserZone,OWM Zona8,2024-12-05 00:00:00+01:00,0.0,2024-12-05
uniqueUserZone,OWM Zona7,2024-12-05 00:00:00+01:00,0.0,2024-12-05
uniqueUserZone,OWM Zona6,2024-12-05 00:00:00+01:00,0.0,2024-12-05
uniqueUserZone,OWM Zona5,2024-12-05 00:00:00+01:00,0.0,2024-12-05
uniqueUserZone,OWM Zona4,2024-12-05 00:00:00+01:00,0.0,2024-12-05
uniqueUserZone,OWM Zona3,2024-12-05 00:00:00+01:00,0.0,2024-12-05
uniqueUserZone,OWM Zona2,2024-12-05 00:00:00+01:00,0.0,2024-12-05
uniqueUserZone,OWM Zona1,2024-12-05 00:00:00+01:00,0.0,2024-12-05
uniqueUserZone,OWM Zona9,2024-12-04 00:00:00+01:00,0.0,2024-12-04
uniqueUserZone,OWM Zona8,2024-12-04 00:00:00+01:00,0.0,2024-12-04
uniqueUserZone,OWM Zona7,2024-12-04 00:00:00+01:00,0.0,2024-12-04
uniqueUserZone,OWM Zona6,2024-12-04 00:00:00+01:00,0.0,2024-12-04
uniqueUserZone,OWM Zona5,2024-12-04 00:00:00+01:00,0.0,2024-12-04
uniqueUserZone,OWM Zona4,2024-12-04 00:00:00+01:00,0.0,2024-12-04
uniqueUserZone,OWM Zona3,2024-12-04 00:00:00+01:00,0.0,2024-12-04
uniqueUserZone,OWM Zona2,2024-12-04 00:00:00+01:00,0.0,2024-12-04
uniqueUserZone,OWM Zona1,2024-12-04 00:00:00+01:00,0.0,2024-12-04
uniqueUserZone,OWM Zona9,2024-12-03 00:00:00+01:00,150.0,2024-12-03
uniqueUserZone,OWM Zona8,2024-12-03 00:00:00+01:00,231.0,2024-12-03
uniqueUserZone,OWM Zona7,2024-12-03 00:00:00+01:00,119.0,2024-12-03
uniqueUserZone,OWM Zona6,2024-12-03 00:00:00+01:00,203.0,2024-12-03
uniqueUserZone,OWM Zona5,2024-12-03 00:00:00+01:00,172.0,2024-12-03
uniqueUserZone,OWM Zona4,2024-12-03 00:00:00+01:00,214.0,2024-12-03
uniqueUserZone,OWM Zona3,2024-12-03 00:00:00+01:00,418.0,2024-12-03
uniqueUserZone,OWM Zona2,2024-12-03 00:00:00+01:00,218.0,2024-12-03
uniqueUserZone,OWM Zona1,2024-12-03 00:00:00+01:00,570.0,2024-12-03
uniqueUserZone,OWM Zona9,2024-12-02 00:00:00+01:00,147.0,2024-12-02
uniqueUserZone,OWM Zona8,2024-12-02 00:00:00+01:00,242.0,2024-12-02
uniqueUserZone,OWM Zona7,2024-12-02 00:00:00+01:00,128.0,2024-12-02
uniqueUserZone,OWM Zona6,2024-12-02 00:00:00+01:00,200.0,2024-12-02
uniqueUserZone,OWM Zona5,2024-12-02 00:00:00+01:00,177.0,2024-12-02
uniqueUserZone,OWM Zona4,2024-12-02 00:00:00+01:00,215.0,2024-12-02
uniqueUserZone,OWM Zona3,2024-12-02 00:00:00+01:00,409.0,2024-12-02
uniqueUserZone,OWM Zona2,2024-12-02 00:00:00+01:00,233.0,2024-12-02
uniqueUserZone,OWM Zona1,2024-12-02 00:00:00+01:00,553.0,2024-12-02
uniqueUserZone,OWM Zona9,2024-12-01 00:00:00+01:00,93.0,2024-12-01
uniqueUserZone,OWM Zona8,2024-12-01 00:00:00+01:00,191.0,2024-12-01
uniqueUserZone,OWM Zona7,2024-12-01 00:00:00+01:00,111.0,2024-12-01
uniqueUserZone,OWM Zona6,2024-12-01 00:00:00+01:00,164.0,2024-12-01
uniqueUserZone,OWM Zona5,2024-12-01 00:00:00+01:00,133.0,2024-12-01
uniqueUserZone,OWM Zona4,2024-12-01 00:00:00+01:00,156.0,2024-12-01
uniqueUserZone,OWM Zona3,2024-12-01 00:00:00+01:00,311.0,2024-12-01
uniqueUserZone,OWM Zona2,2024-12-01 00:00:00+01:00,186.0,2024-12-01
uniqueUserZone,OWM Zona1,2024-12-01 00:00:00+01:00,537.0,2024-12-01
uniqueUserZone,OWM Zona9,2024-11-30 00:00:00+01:00,125.0,2024-11-30
uniqueUserZone,OWM Zona8,2024-11-30 00:00:00+01:00,179.0,2024-11-30
uniqueUserZone,OWM Zona7,2024-11-30 00:00:00+01:00,108.0,2024-11-30
uniqueUserZone,OWM Zona6,2024-11-30 00:00:00+01:00,178.0,2024-11-30
uniqueUserZone,OWM Zona5,2024-11-30 00:00:00+01:00,166.0,2024-11-30
uniqueUserZone,OWM Zona4,2024-11-30 00:00:00+01:00,202.0,2024-11-30
uniqueUserZone,OWM Zona3,2024-11-30 00:00:00+01:00,394.0,2024-11-30
uniqueUserZone,OWM Zona2,2024-11-30 00:00:00+01:00,239.0,2024-11-30
uniqueUserZone,OWM Zona1,2024-11-30 00:00:00+01:00,687.0,2024-11-30
uniqueUserZone,OWM Zona9,2024-11-29 00:00:00+01:00,171.0,2024-11-29
uniqueUserZone,OWM Zona8,2024-11-29 00:00:00+01:00,249.0,2024-11-29
uniqueUserZone,OWM Zona7,2024-11-29 00:00:00+01:00,129.0,2024-11-29
uniqueUserZone,OWM Zona6,2024-11-29 00:00:00+01:00,182.0,2024-11-29
uniqueUserZone,OWM Zona5,2024-11-29 00:00:00+01:00,192.0,2024-11-29
uniqueUserZone,OWM Zona4,2024-11-29 00:00:00+01:00,213.0,2024-11-29
uniqueUserZone,OWM Zona3,2024-11-29 00:00:00+01:00,410.0,2024-11-29
uniqueUserZone,OWM Zona2,2024-11-29 00:00:00+01:00,239.0,2024-11-29
uniqueUserZone,OWM Zona1,2024-11-29 00:00:00+01:00,707.0,2024-11-29
uniqueUserZone,OWM Zona9,2024-11-28 00:00:00+01:00,176.0,2024-11-28
uniqueUserZone,OWM Zona8,2024-11-28 00:00:00+01:00,232.0,2024-11-28
uniqueUserZone,OWM Zona7,2024-11-28 00:00:00+01:00,131.0,2024-11-28
uniqueUserZone,OWM Zona6,2024-11-28 00:00:00+01:00,211.0,2024-11-28
uniqueUserZone,OWM Zona5,2024-11-28 00:00:00+01:00,196.0,2024-11-28
uniqueUserZone,OWM Zona4,2024-11-28 00:00:00+01:00,223.0,2024-11-28
uniqueUserZone,OWM Zona3,2024-11-28 00:00:00+01:00,425.0,2024-11-28
uniqueUserZone,OWM Zona2,2024-11-28 00:00:00+01:00,262.0,2024-11-28
uniqueUserZone,OWM Zona1,2024-11-28 00:00:00+01:00,598.0,2024-11-28
uniqueUserZone,OWM Zona9,2024-11-27 00:00:00+01:00,148.0,2024-11-27
uniqueUserZone,OWM Zona8,2024-11-27 00:00:00+01:00,245.0,2024-11-27
uniqueUserZone,OWM Zona7,2024-11-27 00:00:00+01:00,141.0,2024-11-27
uniqueUserZone,OWM Zona6,2024-11-27 00:00:00+01:00,174.0,2024-11-27
uniqueUserZone,OWM Zona5,2024-11-27 00:00:00+01:00,185.0,2024-11-27
uniqueUserZone,OWM Zona4,2024-11-27 00:00:00+01:00,221.0,2024-11-27
uniqueUserZone,OWM Zona3,2024-11-27 00:00:00+01:00,419.0,2024-11-27
uniqueUserZone,OWM Zona2,2024-11-27 00:00:00+01:00,259.0,2024-11-27
uniqueUserZone,OWM Zona1,2024-11-27 00:00:00+01:00,624.0,2024-11-27
uniqueUserZone,OWM Zona9,2024-11-26 00:00:00+01:00,157.0,2024-11-26
uniqueUserZone,OWM Zona8,2024-11-26 00:00:00+01:00,206.0,2024-11-26
uniqueUserZone,OWM Zona7,2024-11-26 00:00:00+01:00,127.0,2024-11-26
uniqueUserZone,OWM Zona6,2024-11-26 00:00:00+01:00,147.0,2024-11-26
uniqueUserZone,OWM Zona5,2024-11-26 00:00:00+01:00,172.0,2024-11-26
uniqueUserZone,OWM Zona4,2024-11-26 00:00:00+01:00,192.0,2024-11-26
uniqueUserZone,OWM Zona3,2024-11-26 00:00:00+01:00,378.0,2024-11-26
uniqueUserZone,OWM Zona2,2024-11-26 00:00:00+01:00,242.0,2024-11-26
uniqueUserZone,OWM Zona1,2024-11-26 00:00:00+01:00,532.0,2024-11-26
uniqueUserZone,OWM Zona9,2024-11-25 00:00:00+01:00,170.0,2024-11-25
uniqueUserZone,OWM Zona8,2024-11-25 00:00:00+01:00,245.0,2024-11-25
uniqueUserZone,OWM Zona7,2024-11-25 00:00:00+01:00,143.0,2024-11-25
uniqueUserZone,OWM Zona6,2024-11-25 00:00:00+01:00,159.0,2024-11-25
uniqueUserZone,OWM Zona5,2024-11-25 00:00:00+01:00,182.0,2024-11-25
uniqueUserZone,OWM Zona4,2024-11-25 00:00:00+01:00,217.0,2024-11-25
uniqueUserZone,OWM Zona3,2024-11-25 00:00:00+01:00,449.0,2024-11-25
uniqueUserZone,OWM Zona2,2024-11-25 00:00:00+01:00,267.0,2024-11-25
uniqueUserZone,OWM Zona1,2024-11-25 00:00:00+01:00,553.0,2024-11-25
uniqueUserZone,OWM Zona9,2024-11-24 00:00:00+01:00,87.0,2024-11-24
uniqueUserZone,OWM Zona8,2024-11-24 00:00:00+01:00,201.0,2024-11-24
uniqueUserZone,OWM Zona7,2024-11-24 00:00:00+01:00,118.0,2024-11-24
uniqueUserZone,OWM Zona6,2024-11-24 00:00:00+01:00,133.0,2024-11-24
uniqueUserZone,OWM Zona5,2024-11-24 00:00:00+01:00,137.0,2024-11-24
uniqueUserZone,OWM Zona4,2024-11-24 00:00:00+01:00,164.0,2024-11-24
uniqueUserZone,OWM Zona3,2024-11-24 00:00:00+01:00,324.0,2024-11-24
uniqueUserZone,OWM Zona2,2024-11-24 00:00:00+01:00,188.0,2024-11-24
uniqueUserZone,OWM Zona1,2024-11-24 00:00:00+01:00,520.0,2024-11-24
uniqueUserZone,OWM Zona9,2024-11-23 00:00:00+01:00,122.0,2024-11-23
uniqueUserZone,OWM Zona8,2024-11-23 00:00:00+01:00,252.0,2024-11-23
uniqueUserZone,OWM Zona7,2024-11-23 00:00:00+01:00,155.0,2024-11-23
uniqueUserZone,OWM Zona6,2024-11-23 00:00:00+01:00,161.0,2024-11-23
uniqueUserZone,OWM Zona5,2024-11-23 00:00:00+01:00,159.0,2024-11-23
uniqueUserZone,OWM Zona4,2024-11-23 00:00:00+01:00,198.0,2024-11-23
uniqueUserZone,OWM Zona3,2024-11-23 00:00:00+01:00,417.0,2024-11-23
uniqueUserZone,OWM Zona2,2024-11-23 00:00:00+01:00,209.0,2024-11-23
uniqueUserZone,OWM Zona1,2024-11-23 00:00:00+01:00,731.0,2024-11-23
uniqueUserZone,OWM Zona9,2024-11-22 00:00:00+01:00,143.0,2024-11-22
uniqueUserZone,OWM Zona8,2024-11-22 00:00:00+01:00,251.0,2024-11-22
uniqueUserZone,OWM Zona7,2024-11-22 00:00:00+01:00,153.0,2024-11-22
uniqueUserZone,OWM Zona6,2024-11-22 00:00:00+01:00,187.0,2024-11-22
uniqueUserZone,OWM Zona5,2024-11-22 00:00:00+01:00,171.0,2024-11-22
uniqueUserZone,OWM Zona4,2024-11-22 00:00:00+01:00,236.0,2024-11-22
uniqueUserZone,OWM Zona3,2024-11-22 00:00:00+01:00,402.0,2024-11-22
uniqueUserZone,OWM Zona2,2024-11-22 00:00:00+01:00,247.0,2024-11-22
uniqueUserZone,OWM Zona1,2024-11-22 00:00:00+01:00,591.0,2024-11-22
uniqueUserZone,OWM Zona9,2024-11-21 00:00:00+01:00,156.0,2024-11-21
uniqueUserZone,OWM Zona8,2024-11-21 00:00:00+01:00,245.0,2024-11-21
uniqueUserZone,OWM Zona7,2024-11-21 00:00:00+01:00,143.0,2024-11-21
uniqueUserZone,OWM Zona6,2024-11-21 00:00:00+01:00,209.0,2024-11-21
uniqueUserZone,OWM Zona5,2024-11-21 00:00:00+01:00,193.0,2024-11-21
uniqueUserZone,OWM Zona4,2024-11-21 00:00:00+01:00,210.0,2024-11-21
uniqueUserZone,OWM Zona3,2024-11-21 00:00:00+01:00,407.0,2024-11-21
uniqueUserZone,OWM Zona2,2024-11-21 00:00:00+01:00,227.0,2024-11-21
uniqueUserZone,OWM Zona1,2024-11-21 00:00:00+01:00,547.0,2024-11-21
uniqueUserZone,OWM Zona9,2024-11-20 00:00:00+01:00,168.0,2024-11-20
uniqueUserZone,OWM Zona8,2024-11-20 00:00:00+01:00,271.0,2024-11-20
uniqueUserZone,OWM Zona7,2024-11-20 00:00:00+01:00,138.0,2024-11-20
uniqueUserZone,OWM Zona6,2024-11-20 00:00:00+01:00,239.0,2024-11-20
uniqueUserZone,OWM Zona5,2024-11-20 00:00:00+01:00,194.0,2024-11-20
uniqueUserZone,OWM Zona4,2024-11-20 00:00:00+01:00,231.0,2024-11-20
uniqueUserZone,OWM Zona3,2024-11-20 00:00:00+01:00,423.0,2024-11-20
uniqueUserZone,OWM Zona2,2024-11-20 00:00:00+01:00,287.0,2024-11-20
uniqueUserZone,OWM Zona1,2024-11-20 00:00:00+01:00,556.0,2024-11-20
uniqueUserZone,OWM Zona9,2024-11-19 00:00:00+01:00,171.0,2024-11-19
uniqueUserZone,OWM Zona8,2024-11-19 00:00:00+01:00,269.0,2024-11-19
uniqueUserZone,OWM Zona7,2024-11-19 00:00:00+01:00,143.0,2024-11-19
uniqueUserZone,OWM Zona6,2024-11-19 00:00:00+01:00,268.0,2024-11-19
uniqueUserZone,OWM Zona5,2024-11-19 00:00:00+01:00,181.0,2024-11-19
uniqueUserZone,OWM Zona4,2024-11-19 00:00:00+01:00,214.0,2024-11-19
uniqueUserZone,OWM Zona3,2024-11-19 00:00:00+01:00,428.0,2024-11-19
uniqueUserZone,OWM Zona2,2024-11-19 00:00:00+01:00,253.0,2024-11-19
uniqueUserZone,OWM Zona1,2024-11-19 00:00:00+01:00,565.0,2024-11-19
uniqueUserZone,OWM Zona9,2024-11-18 00:00:00+01:00,162.0,2024-11-18
uniqueUserZone,OWM Zona8,2024-11-18 00:00:00+01:00,249.0,2024-11-18
uniqueUserZone,OWM Zona7,2024-11-18 00:00:00+01:00,133.0,2024-11-18
uniqueUserZone,OWM Zona6,2024-11-18 00:00:00+01:00,264.0,2024-11-18
uniqueUserZone,OWM Zona5,2024-11-18 00:00:00+01:00,183.0,2024-11-18
uniqueUserZone,OWM Zona4,2024-11-18 00:00:00+01:00,209.0,2024-11-18
uniqueUserZone,OWM Zona3,2024-11-18 00:00:00+01:00,400.0,2024-11-18
uniqueUserZone,OWM Zona2,2024-11-18 00:00:00+01:00,243.0,2024-11-18
uniqueUserZone,OWM Zona1,2024-11-18 00:00:00+01:00,594.0,2024-11-18
uniqueUserZone,OWM Zona9,2024-11-17 00:00:00+01:00,97.0,2024-11-17
uniqueUserZone,OWM Zona8,2024-11-17 00:00:00+01:00,207.0,2024-11-17
uniqueUserZone,OWM Zona7,2024-11-17 00:00:00+01:00,116.0,2024-11-17
uniqueUserZone,OWM Zona6,2024-11-17 00:00:00+01:00,217.0,2024-11-17
uniqueUserZone,OWM Zona5,2024-11-17 00:00:00+01:00,147.0,2024-11-17
uniqueUserZone,OWM Zona4,2024-11-17 00:00:00+01:00,162.0,2024-11-17
uniqueUserZone,OWM Zona3,2024-11-17 00:00:00+01:00,314.0,2024-11-17
uniqueUserZone,OWM Zona2,2024-11-17 00:00:00+01:00,195.0,2024-11-17
uniqueUserZone,OWM Zona1,2024-11-17 00:00:00+01:00,598.0,2024-11-17
uniqueUserZone,OWM Zona9,2024-11-16 00:00:00+01:00,137.0,2024-11-16
uniqueUserZone,OWM Zona8,2024-11-16 00:00:00+01:00,201.0,2024-11-16
uniqueUserZone,OWM Zona7,2024-11-16 00:00:00+01:00,103.0,2024-11-16
uniqueUserZone,OWM Zona6,2024-11-16 00:00:00+01:00,220.0,2024-11-16
uniqueUserZone,OWM Zona5,2024-11-16 00:00:00+01:00,142.0,2024-11-16
uniqueUserZone,OWM Zona4,2024-11-16 00:00:00+01:00,188.0,2024-11-16
uniqueUserZone,OWM Zona3,2024-11-16 00:00:00+01:00,368.0,2024-11-16
uniqueUserZone,OWM Zona2,2024-11-16 00:00:00+01:00,221.0,2024-11-16
uniqueUserZone,OWM Zona1,2024-11-16 00:00:00+01:00,657.0,2024-11-16
uniqueUserZone,OWM Zona9,2024-11-15 00:00:00+01:00,189.0,2024-11-15
uniqueUserZone,OWM Zona8,2024-11-15 00:00:00+01:00,249.0,2024-11-15
uniqueUserZone,OWM Zona7,2024-11-15 00:00:00+01:00,140.0,2024-11-15
uniqueUserZone,OWM Zona6,2024-11-15 00:00:00+01:00,285.0,2024-11-15
uniqueUserZone,OWM Zona5,2024-11-15 00:00:00+01:00,203.0,2024-11-15
uniqueUserZone,OWM Zona4,2024-11-15 00:00:00+01:00,236.0,2024-11-15
uniqueUserZone,OWM Zona3,2024-11-15 00:00:00+01:00,444.0,2024-11-15
uniqueUserZone,OWM Zona2,2024-11-15 00:00:00+01:00,300.0,2024-11-15
uniqueUserZone,OWM Zona1,2024-11-15 00:00:00+01:00,792.0,2024-11-15
uniqueUserZone,OWM Zona9,2024-11-14 00:00:00+01:00,162.0,2024-11-14
uniqueUserZone,OWM Zona8,2024-11-14 00:00:00+01:00,273.0,2024-11-14
uniqueUserZone,OWM Zona7,2024-11-14 00:00:00+01:00,162.0,2024-11-14
uniqueUserZone,OWM Zona6,2024-11-14 00:00:00+01:00,286.0,2024-11-14
uniqueUserZone,OWM Zona5,2024-11-14 00:00:00+01:00,214.0,2024-11-14
uniqueUserZone,OWM Zona4,2024-11-14 00:00:00+01:00,239.0,2024-11-14
uniqueUserZone,OWM Zona3,2024-11-14 00:00:00+01:00,420.0,2024-11-14
uniqueUserZone,OWM Zona2,2024-11-14 00:00:00+01:00,230.0,2024-11-14
uniqueUserZone,OWM Zona1,2024-11-14 00:00:00+01:00,659.0,2024-11-14
uniqueUserZone,OWM Zona9,2024-11-13 00:00:00+01:00,170.0,2024-11-13
uniqueUserZone,OWM Zona8,2024-11-13 00:00:00+01:00,256.0,2024-11-13
uniqueUserZone,OWM Zona7,2024-11-13 00:00:00+01:00,154.0,2024-11-13
uniqueUserZone,OWM Zona6,2024-11-13 00:00:00+01:00,286.0,2024-11-13
uniqueUserZone,OWM Zona5,2024-11-13 00:00:00+01:00,214.0,2024-11-13
uniqueUserZone,OWM Zona4,2024-11-13 00:00:00+01:00,226.0,2024-11-13
uniqueUserZone,OWM Zona3,2024-11-13 00:00:00+01:00,415.0,2024-11-13
uniqueUserZone,OWM Zona2,2024-11-13 00:00:00+01:00,263.0,2024-11-13
uniqueUserZone,OWM Zona1,2024-11-13 00:00:00+01:00,693.0,2024-11-13
uniqueUserZone,OWM Zona9,2024-11-12 00:00:00+01:00,167.0,2024-11-12
uniqueUserZone,OWM Zona8,2024-11-12 00:00:00+01:00,243.0,2024-11-12
uniqueUserZone,OWM Zona7,2024-11-12 00:00:00+01:00,132.0,2024-11-12
uniqueUserZone,OWM Zona6,2024-11-12 00:00:00+01:00,271.0,2024-11-12
uniqueUserZone,OWM Zona5,2024-11-12 00:00:00+01:00,195.0,2024-11-12
uniqueUserZone,OWM Zona4,2024-11-12 00:00:00+01:00,245.0,2024-11-12
uniqueUserZone,OWM Zona3,2024-11-12 00:00:00+01:00,448.0,2024-11-12
uniqueUserZone,OWM Zona2,2024-11-12 00:00:00+01:00,266.0,2024-11-12
uniqueUserZone,OWM Zona1,2024-11-12 00:00:00+01:00,707.0,2024-11-12
uniqueUserZone,OWM Zona9,2024-11-11 00:00:00+01:00,170.0,2024-11-11
uniqueUserZone,OWM Zona8,2024-11-11 00:00:00+01:00,250.0,2024-11-11
uniqueUserZone,OWM Zona7,2024-11-11 00:00:00+01:00,129.0,2024-11-11
uniqueUserZone,OWM Zona6,2024-11-11 00:00:00+01:00,265.0,2024-11-11
uniqueUserZone,OWM Zona5,2024-11-11 00:00:00+01:00,195.0,2024-11-11
uniqueUserZone,OWM Zona4,2024-11-11 00:00:00+01:00,212.0,2024-11-11
uniqueUserZone,OWM Zona3,2024-11-11 00:00:00+01:00,426.0,2024-11-11
uniqueUserZone,OWM Zona2,2024-11-11 00:00:00+01:00,264.0,2024-11-11
uniqueUserZone,OWM Zona1,2024-11-11 00:00:00+01:00,747.0,2024-11-11
uniqueUserZone,OWM Zona9,2024-11-10 00:00:00+01:00,99.0,2024-11-10
uniqueUserZone,OWM Zona8,2024-11-10 00:00:00+01:00,208.0,2024-11-10
uniqueUserZone,OWM Zona7,2024-11-10 00:00:00+01:00,114.0,2024-11-10
uniqueUserZone,OWM Zona6,2024-11-10 00:00:00+01:00,216.0,2024-11-10
uniqueUserZone,OWM Zona5,2024-11-10 00:00:00+01:00,140.0,2024-11-10
uniqueUserZone,OWM Zona4,2024-11-10 00:00:00+01:00,184.0,2024-11-10
uniqueUserZone,OWM Zona3,2024-11-10 00:00:00+01:00,322.0,2024-11-10
uniqueUserZone,OWM Zona2,2024-11-10 00:00:00+01:00,199.0,2024-11-10
uniqueUserZone,OWM Zona1,2024-11-10 00:00:00+01:00,707.0,2024-11-10
uniqueUserZone,OWM Zona9,2024-11-09 00:00:00+01:00,151.0,2024-11-09
uniqueUserZone,OWM Zona8,2024-11-09 00:00:00+01:00,221.0,2024-11-09
uniqueUserZone,OWM Zona7,2024-11-09 00:00:00+01:00,113.0,2024-11-09
uniqueUserZone,OWM Zona6,2024-11-09 00:00:00+01:00,235.0,2024-11-09
uniqueUserZone,OWM Zona5,2024-11-09 00:00:00+01:00,150.0,2024-11-09
uniqueUserZone,OWM Zona4,2024-11-09 00:00:00+01:00,199.0,2024-11-09
uniqueUserZone,OWM Zona3,2024-11-09 00:00:00+01:00,395.0,2024-11-09
uniqueUserZone,OWM Zona2,2024-11-09 00:00:00+01:00,237.0,2024-11-09
uniqueUserZone,OWM Zona1,2024-11-09 00:00:00+01:00,847.0,2024-11-09
uniqueUserZone,OWM Zona9,2024-11-08 00:00:00+01:00,167.0,2024-11-08
uniqueUserZone,OWM Zona8,2024-11-08 00:00:00+01:00,242.0,2024-11-08
uniqueUserZone,OWM Zona7,2024-11-08 00:00:00+01:00,135.0,2024-11-08
uniqueUserZone,OWM Zona6,2024-11-08 00:00:00+01:00,274.0,2024-11-08
uniqueUserZone,OWM Zona5,2024-11-08 00:00:00+01:00,182.0,2024-11-08
uniqueUserZone,OWM Zona4,2024-11-08 00:00:00+01:00,221.0,2024-11-08
uniqueUserZone,OWM Zona3,2024-11-08 00:00:00+01:00,432.0,2024-11-08
uniqueUserZone,OWM Zona2,2024-11-08 00:00:00+01:00,245.0,2024-11-08
uniqueUserZone,OWM Zona1,2024-11-08 00:00:00+01:00,646.0,2024-11-08
uniqueUserZone,OWM Zona9,2024-11-07 00:00:00+01:00,168.0,2024-11-07
uniqueUserZone,OWM Zona8,2024-11-07 00:00:00+01:00,247.0,2024-11-07
uniqueUserZone,OWM Zona7,2024-11-07 00:00:00+01:00,151.0,2024-11-07
uniqueUserZone,OWM Zona6,2024-11-07 00:00:00+01:00,259.0,2024-11-07
uniqueUserZone,OWM Zona5,2024-11-07 00:00:00+01:00,207.0,2024-11-07
uniqueUserZone,OWM Zona4,2024-11-07 00:00:00+01:00,239.0,2024-11-07
uniqueUserZone,OWM Zona3,2024-11-07 00:00:00+01:00,438.0,2024-11-07
uniqueUserZone,OWM Zona2,2024-11-07 00:00:00+01:00,277.0,2024-11-07
uniqueUserZone,OWM Zona1,2024-11-07 00:00:00+01:00,691.0,2024-11-07
uniqueUserZone,OWM Zona9,2024-11-06 00:00:00+01:00,167.0,2024-11-06
uniqueUserZone,OWM Zona8,2024-11-06 00:00:00+01:00,239.0,2024-11-06
uniqueUserZone,OWM Zona7,2024-11-06 00:00:00+01:00,130.0,2024-11-06
uniqueUserZone,OWM Zona6,2024-11-06 00:00:00+01:00,284.0,2024-11-06
uniqueUserZone,OWM Zona5,2024-11-06 00:00:00+01:00,183.0,2024-11-06
uniqueUserZone,OWM Zona4,2024-11-06 00:00:00+01:00,236.0,2024-11-06
uniqueUserZone,OWM Zona3,2024-11-06 00:00:00+01:00,421.0,2024-11-06
uniqueUserZone,OWM Zona2,2024-11-06 00:00:00+01:00,266.0,2024-11-06
uniqueUserZone,OWM Zona1,2024-11-06 00:00:00+01:00,644.0,2024-11-06
uniqueUserZone,OWM Zona9,2024-11-05 00:00:00+01:00,164.0,2024-11-05
uniqueUserZone,OWM Zona8,2024-11-05 00:00:00+01:00,235.0,2024-11-05
uniqueUserZone,OWM Zona7,2024-11-05 00:00:00+01:00,115.0,2024-11-05
uniqueUserZone,OWM Zona6,2024-11-05 00:00:00+01:00,261.0,2024-11-05
uniqueUserZone,OWM Zona5,2024-11-05 00:00:00+01:00,189.0,2024-11-05
uniqueUserZone,OWM Zona4,2024-11-05 00:00:00+01:00,230.0,2024-11-05
uniqueUserZone,OWM Zona3,2024-11-05 00:00:00+01:00,468.0,2024-11-05
uniqueUserZone,OWM Zona2,2024-11-05 00:00:00+01:00,250.0,2024-11-05
uniqueUserZone,OWM Zona1,2024-11-05 00:00:00+01:00,594.0,2024-11-05
uniqueUserZone,OWM Zona9,2024-11-04 00:00:00+01:00,166.0,2024-11-04
uniqueUserZone,OWM Zona8,2024-11-04 00:00:00+01:00,225.0,2024-11-04
uniqueUserZone,OWM Zona7,2024-11-04 00:00:00+01:00,123.0,2024-11-04
uniqueUserZone,OWM Zona6,2024-11-04 00:00:00+01:00,221.0,2024-11-04
uniqueUserZone,OWM Zona5,2024-11-04 00:00:00+01:00,178.0,2024-11-04
uniqueUserZone,OWM Zona4,2024-11-04 00:00:00+01:00,216.0,2024-11-04
uniqueUserZone,OWM Zona3,2024-11-04 00:00:00+01:00,413.0,2024-11-04
uniqueUserZone,OWM Zona2,2024-11-04 00:00:00+01:00,262.0,2024-11-04
uniqueUserZone,OWM Zona1,2024-11-04 00:00:00+01:00,626.0,2024-11-04
uniqueUserZone,OWM Zona9,2024-11-03 00:00:00+01:00,136.0,2024-11-03
uniqueUserZone,OWM Zona8,2024-11-03 00:00:00+01:00,207.0,2024-11-03
uniqueUserZone,OWM Zona7,2024-11-03 00:00:00+01:00,103.0,2024-11-03
uniqueUserZone,OWM Zona6,2024-11-03 00:00:00+01:00,191.0,2024-11-03
uniqueUserZone,OWM Zona5,2024-11-03 00:00:00+01:00,130.0,2024-11-03
uniqueUserZone,OWM Zona4,2024-11-03 00:00:00+01:00,153.0,2024-11-03
uniqueUserZone,OWM Zona3,2024-11-03 00:00:00+01:00,327.0,2024-11-03
uniqueUserZone,OWM Zona2,2024-11-03 00:00:00+01:00,196.0,2024-11-03
uniqueUserZone,OWM Zona1,2024-11-03 00:00:00+01:00,720.0,2024-11-03
uniqueUserZone,OWM Zona9,2024-11-02 00:00:00+01:00,149.0,2024-11-02
uniqueUserZone,OWM Zona8,2024-11-02 00:00:00+01:00,221.0,2024-11-02
uniqueUserZone,OWM Zona7,2024-11-02 00:00:00+01:00,123.0,2024-11-02
uniqueUserZone,OWM Zona6,2024-11-02 00:00:00+01:00,197.0,2024-11-02
uniqueUserZone,OWM Zona5,2024-11-02 00:00:00+01:00,138.0,2024-11-02
uniqueUserZone,OWM Zona4,2024-11-02 00:00:00+01:00,192.0,2024-11-02
uniqueUserZone,OWM Zona3,2024-11-02 00:00:00+01:00,413.0,2024-11-02
uniqueUserZone,OWM Zona2,2024-11-02 00:00:00+01:00,213.0,2024-11-02
uniqueUserZone,OWM Zona1,2024-11-02 00:00:00+01:00,912.0,2024-11-02
uniqueUserZone,OWM Zona9,2024-11-01 00:00:00+01:00,133.0,2024-11-01
uniqueUserZone,OWM Zona8,2024-11-01 00:00:00+01:00,223.0,2024-11-01
uniqueUserZone,OWM Zona7,2024-11-01 00:00:00+01:00,88.0,2024-11-01
uniqueUserZone,OWM Zona6,2024-11-01 00:00:00+01:00,193.0,2024-11-01
uniqueUserZone,OWM Zona5,2024-11-01 00:00:00+01:00,152.0,2024-11-01
uniqueUserZone,OWM Zona4,2024-11-01 00:00:00+01:00,191.0,2024-11-01
uniqueUserZone,OWM Zona3,2024-11-01 00:00:00+01:00,365.0,2024-11-01
uniqueUserZone,OWM Zona2,2024-11-01 00:00:00+01:00,206.0,2024-11-01
uniqueUserZone,OWM Zona1,2024-11-01 00:00:00+01:00,778.0,2024-11-01
uniqueUserZone,OWM Zona9,2024-10-31 00:00:00+01:00,184.0,2024-10-31
uniqueUserZone,OWM Zona8,2024-10-31 00:00:00+01:00,256.0,2024-10-31
uniqueUserZone,OWM Zona7,2024-10-31 00:00:00+01:00,137.0,2024-10-31
uniqueUserZone,OWM Zona6,2024-10-31 00:00:00+01:00,221.0,2024-10-31
uniqueUserZone,OWM Zona5,2024-10-31 00:00:00+01:00,195.0,2024-10-31
uniqueUserZone,OWM Zona4,2024-10-31 00:00:00+01:00,244.0,2024-10-31
uniqueUserZone,OWM Zona3,2024-10-31 00:00:00+01:00,487.0,2024-10-31
uniqueUserZone,OWM Zona2,2024-10-31 00:00:00+01:00,278.0,2024-10-31
uniqueUserZone,OWM Zona1,2024-10-31 00:00:00+01:00,860.0,2024-10-31
uniqueUserZone,OWM Zona9,2024-10-30 00:00:00+01:00,174.0,2024-10-30
uniqueUserZone,OWM Zona8,2024-10-30 00:00:00+01:00,285.0,2024-10-30
uniqueUserZone,OWM Zona7,2024-10-30 00:00:00+01:00,139.0,2024-10-30
uniqueUserZone,OWM Zona6,2024-10-30 00:00:00+01:00,271.0,2024-10-30
uniqueUserZone,OWM Zona5,2024-10-30 00:00:00+01:00,184.0,2024-10-30
uniqueUserZone,OWM Zona4,2024-10-30 00:00:00+01:00,227.0,2024-10-30
uniqueUserZone,OWM Zona3,2024-10-30 00:00:00+01:00,495.0,2024-10-30
uniqueUserZone,OWM Zona2,2024-10-30 00:00:00+01:00,255.0,2024-10-30
uniqueUserZone,OWM Zona1,2024-10-30 00:00:00+01:00,813.0,2024-10-30
uniqueUserZone,OWM Zona9,2024-10-29 00:00:00+01:00,162.0,2024-10-29
uniqueUserZone,OWM Zona8,2024-10-29 00:00:00+01:00,267.0,2024-10-29
uniqueUserZone,OWM Zona7,2024-10-29 00:00:00+01:00,120.0,2024-10-29
uniqueUserZone,OWM Zona6,2024-10-29 00:00:00+01:00,279.0,2024-10-29
uniqueUserZone,OWM Zona5,2024-10-29 00:00:00+01:00,189.0,2024-10-29
uniqueUserZone,OWM Zona4,2024-10-29 00:00:00+01:00,224.0,2024-10-29
uniqueUserZone,OWM Zona3,2024-10-29 00:00:00+01:00,512.0,2024-10-29
uniqueUserZone,OWM Zona2,2024-10-29 00:00:00+01:00,267.0,2024-10-29
uniqueUserZone,OWM Zona1,2024-10-29 00:00:00+01:00,839.0,2024-10-29
uniqueUserZone,OWM Zona9,2024-10-28 00:00:00+01:00,171.0,2024-10-28
uniqueUserZone,OWM Zona8,2024-10-28 00:00:00+01:00,271.0,2024-10-28
uniqueUserZone,OWM Zona7,2024-10-28 00:00:00+01:00,144.0,2024-10-28
uniqueUserZone,OWM Zona6,2024-10-28 00:00:00+01:00,246.0,2024-10-28
uniqueUserZone,OWM Zona5,2024-10-28 00:00:00+01:00,190.0,2024-10-28
uniqueUserZone,OWM Zona4,2024-10-28 00:00:00+01:00,213.0,2024-10-28
uniqueUserZone,OWM Zona3,2024-10-28 00:00:00+01:00,482.0,2024-10-28
uniqueUserZone,OWM Zona2,2024-10-28 00:00:00+01:00,263.0,2024-10-28
uniqueUserZone,OWM Zona1,2024-10-28 00:00:00+01:00,853.0,2024-10-28
uniqueUserZone,OWM Zona9,2024-10-27 00:00:00+02:00,112.0,2024-10-27
uniqueUserZone,OWM Zona8,2024-10-27 00:00:00+02:00,202.0,2024-10-27
uniqueUserZone,OWM Zona7,2024-10-27 00:00:00+02:00,103.0,2024-10-27
uniqueUserZone,OWM Zona6,2024-10-27 00:00:00+02:00,205.0,2024-10-27
uniqueUserZone,OWM Zona5,2024-10-27 00:00:00+02:00,144.0,2024-10-27
uniqueUserZone,OWM Zona4,2024-10-27 00:00:00+02:00,171.0,2024-10-27
uniqueUserZone,OWM Zona3,2024-10-27 00:00:00+02:00,354.0,2024-10-27
uniqueUserZone,OWM Zona2,2024-10-27 00:00:00+02:00,197.0,2024-10-27
uniqueUserZone,OWM Zona1,2024-10-27 00:00:00+02:00,531.0,2024-10-27
uniqueUserZone,OWM Zona9,2024-10-26 00:00:00+02:00,114.0,2024-10-26
uniqueUserZone,OWM Zona8,2024-10-26 00:00:00+02:00,217.0,2024-10-26
uniqueUserZone,OWM Zona7,2024-10-26 00:00:00+02:00,101.0,2024-10-26
uniqueUserZone,OWM Zona6,2024-10-26 00:00:00+02:00,192.0,2024-10-26
uniqueUserZone,OWM Zona5,2024-10-26 00:00:00+02:00,152.0,2024-10-26
uniqueUserZone,OWM Zona4,2024-10-26 00:00:00+02:00,174.0,2024-10-26
uniqueUserZone,OWM Zona3,2024-10-26 00:00:00+02:00,377.0,2024-10-26
uniqueUserZone,OWM Zona2,2024-10-26 00:00:00+02:00,203.0,2024-10-26
uniqueUserZone,OWM Zona1,2024-10-26 00:00:00+02:00,476.0,2024-10-26
uniqueUserZone,OWM Zona9,2024-10-25 00:00:00+02:00,175.0,2024-10-25
uniqueUserZone,OWM Zona8,2024-10-25 00:00:00+02:00,259.0,2024-10-25
uniqueUserZone,OWM Zona7,2024-10-25 00:00:00+02:00,135.0,2024-10-25
uniqueUserZone,OWM Zona6,2024-10-25 00:00:00+02:00,277.0,2024-10-25
uniqueUserZone,OWM Zona5,2024-10-25 00:00:00+02:00,203.0,2024-10-25
uniqueUserZone,OWM Zona4,2024-10-25 00:00:00+02:00,247.0,2024-10-25
uniqueUserZone,OWM Zona3,2024-10-25 00:00:00+02:00,469.0,2024-10-25
uniqueUserZone,OWM Zona2,2024-10-25 00:00:00+02:00,266.0,2024-10-25
uniqueUserZone,OWM Zona1,2024-10-25 00:00:00+02:00,808.0,2024-10-25
uniqueUserZone,OWM Zona9,2024-10-24 00:00:00+02:00,164.0,2024-10-24
uniqueUserZone,OWM Zona8,2024-10-24 00:00:00+02:00,263.0,2024-10-24
uniqueUserZone,OWM Zona7,2024-10-24 00:00:00+02:00,136.0,2024-10-24
uniqueUserZone,OWM Zona6,2024-10-24 00:00:00+02:00,257.0,2024-10-24
uniqueUserZone,OWM Zona5,2024-10-24 00:00:00+02:00,193.0,2024-10-24
uniqueUserZone,OWM Zona4,2024-10-24 00:00:00+02:00,223.0,2024-10-24
uniqueUserZone,OWM Zona3,2024-10-24 00:00:00+02:00,423.0,2024-10-24
uniqueUserZone,OWM Zona2,2024-10-24 00:00:00+02:00,235.0,2024-10-24
uniqueUserZone,OWM Zona1,2024-10-24 00:00:00+02:00,743.0,2024-10-24
uniqueUserZone,OWM Zona9,2024-10-23 00:00:00+02:00,167.0,2024-10-23
uniqueUserZone,OWM Zona8,2024-10-23 00:00:00+02:00,259.0,2024-10-23
uniqueUserZone,OWM Zona7,2024-10-23 00:00:00+02:00,120.0,2024-10-23
uniqueUserZone,OWM Zona6,2024-10-23 00:00:00+02:00,258.0,2024-10-23
uniqueUserZone,OWM Zona5,2024-10-23 00:00:00+02:00,193.0,2024-10-23
uniqueUserZone,OWM Zona4,2024-10-23 00:00:00+02:00,238.0,2024-10-23
uniqueUserZone,OWM Zona3,2024-10-23 00:00:00+02:00,463.0,2024-10-23
uniqueUserZone,OWM Zona2,2024-10-23 00:00:00+02:00,248.0,2024-10-23
uniqueUserZone,OWM Zona1,2024-10-23 00:00:00+02:00,793.0,2024-10-23
uniqueUserZone,OWM Zona9,2024-10-22 00:00:00+02:00,163.0,2024-10-22
uniqueUserZone,OWM Zona8,2024-10-22 00:00:00+02:00,280.0,2024-10-22
uniqueUserZone,OWM Zona7,2024-10-22 00:00:00+02:00,143.0,2024-10-22
uniqueUserZone,OWM Zona6,2024-10-22 00:00:00+02:00,284.0,2024-10-22
uniqueUserZone,OWM Zona5,2024-10-22 00:00:00+02:00,218.0,2024-10-22
uniqueUserZone,OWM Zona4,2024-10-22 00:00:00+02:00,238.0,2024-10-22
uniqueUserZone,OWM Zona3,2024-10-22 00:00:00+02:00,476.0,2024-10-22
uniqueUserZone,OWM Zona2,2024-10-22 00:00:00+02:00,238.0,2024-10-22
uniqueUserZone,OWM Zona1,2024-10-22 00:00:00+02:00,967.0,2024-10-22
uniqueUserZone,OWM Zona9,2024-10-21 00:00:00+02:00,179.0,2024-10-21
uniqueUserZone,OWM Zona8,2024-10-21 00:00:00+02:00,263.0,2024-10-21
uniqueUserZone,OWM Zona7,2024-10-21 00:00:00+02:00,134.0,2024-10-21
uniqueUserZone,OWM Zona6,2024-10-21 00:00:00+02:00,284.0,2024-10-21
uniqueUserZone,OWM Zona5,2024-10-21 00:00:00+02:00,194.0,2024-10-21
uniqueUserZone,OWM Zona4,2024-10-21 00:00:00+02:00,220.0,2024-10-21
uniqueUserZone,OWM Zona3,2024-10-21 00:00:00+02:00,441.0,2024-10-21
uniqueUserZone,OWM Zona2,2024-10-21 00:00:00+02:00,252.0,2024-10-21
uniqueUserZone,OWM Zona1,2024-10-21 00:00:00+02:00,926.0,2024-10-21
uniqueUserZone,OWM Zona9,2024-10-20 00:00:00+02:00,113.0,2024-10-20
uniqueUserZone,OWM Zona8,2024-10-20 00:00:00+02:00,205.0,2024-10-20
uniqueUserZone,OWM Zona7,2024-10-20 00:00:00+02:00,129.0,2024-10-20
uniqueUserZone,OWM Zona6,2024-10-20 00:00:00+02:00,194.0,2024-10-20
uniqueUserZone,OWM Zona5,2024-10-20 00:00:00+02:00,142.0,2024-10-20
uniqueUserZone,OWM Zona4,2024-10-20 00:00:00+02:00,187.0,2024-10-20
uniqueUserZone,OWM Zona3,2024-10-20 00:00:00+02:00,317.0,2024-10-20
uniqueUserZone,OWM Zona2,2024-10-20 00:00:00+02:00,201.0,2024-10-20
uniqueUserZone,OWM Zona1,2024-10-20 00:00:00+02:00,835.0,2024-10-20
uniqueUserZone,OWM Zona9,2024-10-19 00:00:00+02:00,117.0,2024-10-19
uniqueUserZone,OWM Zona8,2024-10-19 00:00:00+02:00,213.0,2024-10-19
uniqueUserZone,OWM Zona7,2024-10-19 00:00:00+02:00,101.0,2024-10-19
uniqueUserZone,OWM Zona6,2024-10-19 00:00:00+02:00,208.0,2024-10-19
uniqueUserZone,OWM Zona5,2024-10-19 00:00:00+02:00,163.0,2024-10-19
uniqueUserZone,OWM Zona4,2024-10-19 00:00:00+02:00,201.0,2024-10-19
uniqueUserZone,OWM Zona3,2024-10-19 00:00:00+02:00,386.0,2024-10-19
uniqueUserZone,OWM Zona2,2024-10-19 00:00:00+02:00,241.0,2024-10-19
uniqueUserZone,OWM Zona1,2024-10-19 00:00:00+02:00,793.0,2024-10-19
uniqueUserZone,OWM Zona9,2024-10-18 00:00:00+02:00,166.0,2024-10-18
uniqueUserZone,OWM Zona8,2024-10-18 00:00:00+02:00,279.0,2024-10-18
uniqueUserZone,OWM Zona7,2024-10-18 00:00:00+02:00,149.0,2024-10-18
uniqueUserZone,OWM Zona6,2024-10-18 00:00:00+02:00,246.0,2024-10-18
uniqueUserZone,OWM Zona5,2024-10-18 00:00:00+02:00,178.0,2024-10-18
uniqueUserZone,OWM Zona4,2024-10-18 00:00:00+02:00,231.0,2024-10-18
uniqueUserZone,OWM Zona3,2024-10-18 00:00:00+02:00,434.0,2024-10-18
uniqueUserZone,OWM Zona2,2024-10-18 00:00:00+02:00,259.0,2024-10-18
uniqueUserZone,OWM Zona1,2024-10-18 00:00:00+02:00,843.0,2024-10-18
uniqueUserZone,OWM Zona9,2024-10-17 00:00:00+02:00,153.0,2024-10-17
uniqueUserZone,OWM Zona8,2024-10-17 00:00:00+02:00,219.0,2024-10-17
uniqueUserZone,OWM Zona7,2024-10-17 00:00:00+02:00,141.0,2024-10-17
uniqueUserZone,OWM Zona6,2024-10-17 00:00:00+02:00,232.0,2024-10-17
uniqueUserZone,OWM Zona5,2024-10-17 00:00:00+02:00,174.0,2024-10-17
uniqueUserZone,OWM Zona4,2024-10-17 00:00:00+02:00,207.0,2024-10-17
uniqueUserZone,OWM Zona3,2024-10-17 00:00:00+02:00,403.0,2024-10-17
uniqueUserZone,OWM Zona2,2024-10-17 00:00:00+02:00,221.0,2024-10-17
uniqueUserZone,OWM Zona1,2024-10-17 00:00:00+02:00,709.0,2024-10-17
uniqueUserZone,OWM Zona9,2024-10-16 00:00:00+02:00,148.0,2024-10-16
uniqueUserZone,OWM Zona8,2024-10-16 00:00:00+02:00,232.0,2024-10-16
uniqueUserZone,OWM Zona7,2024-10-16 00:00:00+02:00,141.0,2024-10-16
uniqueUserZone,OWM Zona6,2024-10-16 00:00:00+02:00,203.0,2024-10-16
uniqueUserZone,OWM Zona5,2024-10-16 00:00:00+02:00,168.0,2024-10-16
uniqueUserZone,OWM Zona4,2024-10-16 00:00:00+02:00,201.0,2024-10-16
uniqueUserZone,OWM Zona3,2024-10-16 00:00:00+02:00,357.0,2024-10-16
uniqueUserZone,OWM Zona2,2024-10-16 00:00:00+02:00,221.0,2024-10-16
uniqueUserZone,OWM Zona1,2024-10-16 00:00:00+02:00,573.0,2024-10-16
uniqueUserZone,OWM Zona9,2024-10-15 00:00:00+02:00,181.0,2024-10-15
uniqueUserZone,OWM Zona8,2024-10-15 00:00:00+02:00,268.0,2024-10-15
uniqueUserZone,OWM Zona7,2024-10-15 00:00:00+02:00,195.0,2024-10-15
uniqueUserZone,OWM Zona6,2024-10-15 00:00:00+02:00,246.0,2024-10-15
uniqueUserZone,OWM Zona5,2024-10-15 00:00:00+02:00,197.0,2024-10-15
uniqueUserZone,OWM Zona4,2024-10-15 00:00:00+02:00,238.0,2024-10-15
uniqueUserZone,OWM Zona3,2024-10-15 00:00:00+02:00,452.0,2024-10-15
uniqueUserZone,OWM Zona2,2024-10-15 00:00:00+02:00,249.0,2024-10-15
uniqueUserZone,OWM Zona1,2024-10-15 00:00:00+02:00,982.0,2024-10-15
uniqueUserZone,OWM Zona9,2024-10-14 00:00:00+02:00,188.0,2024-10-14
uniqueUserZone,OWM Zona8,2024-10-14 00:00:00+02:00,261.0,2024-10-14
uniqueUserZone,OWM Zona7,2024-10-14 00:00:00+02:00,192.0,2024-10-14
uniqueUserZone,OWM Zona6,2024-10-14 00:00:00+02:00,236.0,2024-10-14
uniqueUserZone,OWM Zona5,2024-10-14 00:00:00+02:00,188.0,2024-10-14
uniqueUserZone,OWM Zona4,2024-10-14 00:00:00+02:00,222.0,2024-10-14
uniqueUserZone,OWM Zona3,2024-10-14 00:00:00+02:00,446.0,2024-10-14
uniqueUserZone,OWM Zona2,2024-10-14 00:00:00+02:00,265.0,2024-10-14
uniqueUserZone,OWM Zona1,2024-10-14 00:00:00+02:00,829.0,2024-10-14
uniqueUserZone,OWM Zona9,2024-10-13 00:00:00+02:00,117.0,2024-10-13
uniqueUserZone,OWM Zona8,2024-10-13 00:00:00+02:00,237.0,2024-10-13
uniqueUserZone,OWM Zona7,2024-10-13 00:00:00+02:00,117.0,2024-10-13
uniqueUserZone,OWM Zona6,2024-10-13 00:00:00+02:00,189.0,2024-10-13
uniqueUserZone,OWM Zona5,2024-10-13 00:00:00+02:00,136.0,2024-10-13
uniqueUserZone,OWM Zona4,2024-10-13 00:00:00+02:00,186.0,2024-10-13
uniqueUserZone,OWM Zona3,2024-10-13 00:00:00+02:00,340.0,2024-10-13
uniqueUserZone,OWM Zona2,2024-10-13 00:00:00+02:00,197.0,2024-10-13
uniqueUserZone,OWM Zona1,2024-10-13 00:00:00+02:00,851.0,2024-10-13
uniqueUserZone,OWM Zona9,2024-10-12 00:00:00+02:00,128.0,2024-10-12
uniqueUserZone,OWM Zona8,2024-10-12 00:00:00+02:00,226.0,2024-10-12
uniqueUserZone,OWM Zona7,2024-10-12 00:00:00+02:00,133.0,2024-10-12
uniqueUserZone,OWM Zona6,2024-10-12 00:00:00+02:00,270.0,2024-10-12
uniqueUserZone,OWM Zona5,2024-10-12 00:00:00+02:00,152.0,2024-10-12
uniqueUserZone,OWM Zona4,2024-10-12 00:00:00+02:00,197.0,2024-10-12
uniqueUserZone,OWM Zona3,2024-10-12 00:00:00+02:00,461.0,2024-10-12
uniqueUserZone,OWM Zona2,2024-10-12 00:00:00+02:00,220.0,2024-10-12
uniqueUserZone,OWM Zona1,2024-10-12 00:00:00+02:00,1076.0,2024-10-12
uniqueUserZone,OWM Zona9,2024-10-11 00:00:00+02:00,170.0,2024-10-11
uniqueUserZone,OWM Zona8,2024-10-11 00:00:00+02:00,261.0,2024-10-11
uniqueUserZone,OWM Zona7,2024-10-11 00:00:00+02:00,120.0,2024-10-11
uniqueUserZone,OWM Zona6,2024-10-11 00:00:00+02:00,284.0,2024-10-11
uniqueUserZone,OWM Zona5,2024-10-11 00:00:00+02:00,198.0,2024-10-11
uniqueUserZone,OWM Zona4,2024-10-11 00:00:00+02:00,234.0,2024-10-11
uniqueUserZone,OWM Zona3,2024-10-11 00:00:00+02:00,456.0,2024-10-11
uniqueUserZone,OWM Zona2,2024-10-11 00:00:00+02:00,268.0,2024-10-11
uniqueUserZone,OWM Zona1,2024-10-11 00:00:00+02:00,1063.0,2024-10-11
uniqueUserZone,OWM Zona9,2024-10-10 00:00:00+02:00,160.0,2024-10-10
uniqueUserZone,OWM Zona8,2024-10-10 00:00:00+02:00,247.0,2024-10-10
uniqueUserZone,OWM Zona7,2024-10-10 00:00:00+02:00,143.0,2024-10-10
uniqueUserZone,OWM Zona6,2024-10-10 00:00:00+02:00,270.0,2024-10-10
uniqueUserZone,OWM Zona5,2024-10-10 00:00:00+02:00,182.0,2024-10-10
uniqueUserZone,OWM Zona4,2024-10-10 00:00:00+02:00,230.0,2024-10-10
uniqueUserZone,OWM Zona3,2024-10-10 00:00:00+02:00,433.0,2024-10-10
uniqueUserZone,OWM Zona2,2024-10-10 00:00:00+02:00,237.0,2024-10-10
uniqueUserZone,OWM Zona1,2024-10-10 00:00:00+02:00,925.0,2024-10-10
uniqueUserZone,OWM Zona9,2024-10-09 00:00:00+02:00,0.0,2024-10-09
uniqueUserZone,OWM Zona8,2024-10-09 00:00:00+02:00,0.0,2024-10-09
uniqueUserZone,OWM Zona7,2024-10-09 00:00:00+02:00,0.0,2024-10-09
uniqueUserZone,OWM Zona6,2024-10-09 00:00:00+02:00,0.0,2024-10-09
uniqueUserZone,OWM Zona5,2024-10-09 00:00:00+02:00,0.0,2024-10-09
uniqueUserZone,OWM Zona4,2024-10-09 00:00:00+02:00,0.0,2024-10-09
uniqueUserZone,OWM Zona3,2024-10-09 00:00:00+02:00,0.0,2024-10-09
uniqueUserZone,OWM Zona2,2024-10-09 00:00:00+02:00,0.0,2024-10-09
uniqueUserZone,OWM Zona1,2024-10-09 00:00:00+02:00,0.0,2024-10-09
uniqueUserZone,OWM Zona9,2024-10-08 00:00:00+02:00,0.0,2024-10-08
uniqueUserZone,OWM Zona8,2024-10-08 00:00:00+02:00,0.0,2024-10-08
uniqueUserZone,OWM Zona7,2024-10-08 00:00:00+02:00,0.0,2024-10-08
uniqueUserZone,OWM Zona6,2024-10-08 00:00:00+02:00,0.0,2024-10-08
uniqueUserZone,OWM Zona5,2024-10-08 00:00:00+02:00,0.0,2024-10-08
uniqueUserZone,OWM Zona4,2024-10-08 00:00:00+02:00,0.0,2024-10-08
uniqueUserZone,OWM Zona3,2024-10-08 00:00:00+02:00,0.0,2024-10-08
uniqueUserZone,OWM Zona2,2024-10-08 00:00:00+02:00,0.0,2024-10-08
uniqueUserZone,OWM Zona1,2024-10-08 00:00:00+02:00,0.0,2024-10-08
uniqueUserZone,OWM Zona9,2024-10-07 00:00:00+02:00,140.0,2024-10-07
uniqueUserZone,OWM Zona8,2024-10-07 00:00:00+02:00,212.0,2024-10-07
uniqueUserZone,OWM Zona7,2024-10-07 00:00:00+02:00,122.0,2024-10-07
uniqueUserZone,OWM Zona6,2024-10-07 00:00:00+02:00,206.0,2024-10-07
uniqueUserZone,OWM Zona5,2024-10-07 00:00:00+02:00,160.0,2024-10-07
uniqueUserZone,OWM Zona4,2024-10-07 00:00:00+02:00,192.0,2024-10-07
uniqueUserZone,OWM Zona3,2024-10-07 00:00:00+02:00,372.0,2024-10-07
uniqueUserZone,OWM Zona2,2024-10-07 00:00:00+02:00,218.0,2024-10-07
uniqueUserZone,OWM Zona1,2024-10-07 00:00:00+02:00,808.0,2024-10-07
uniqueUserZone,OWM Zona9,2024-10-06 00:00:00+02:00,112.0,2024-10-06
uniqueUserZone,OWM Zona8,2024-10-06 00:00:00+02:00,217.0,2024-10-06
uniqueUserZone,OWM Zona7,2024-10-06 00:00:00+02:00,95.0,2024-10-06
uniqueUserZone,OWM Zona6,2024-10-06 00:00:00+02:00,191.0,2024-10-06
uniqueUserZone,OWM Zona5,2024-10-06 00:00:00+02:00,144.0,2024-10-06
uniqueUserZone,OWM Zona4,2024-10-06 00:00:00+02:00,174.0,2024-10-06
uniqueUserZone,OWM Zona3,2024-10-06 00:00:00+02:00,362.0,2024-10-06
uniqueUserZone,OWM Zona2,2024-10-06 00:00:00+02:00,190.0,2024-10-06
uniqueUserZone,OWM Zona1,2024-10-06 00:00:00+02:00,859.0,2024-10-06
uniqueUserZone,OWM Zona9,2024-10-05 00:00:00+02:00,138.0,2024-10-05
uniqueUserZone,OWM Zona8,2024-10-05 00:00:00+02:00,231.0,2024-10-05
uniqueUserZone,OWM Zona7,2024-10-05 00:00:00+02:00,113.0,2024-10-05
uniqueUserZone,OWM Zona6,2024-10-05 00:00:00+02:00,213.0,2024-10-05
uniqueUserZone,OWM Zona5,2024-10-05 00:00:00+02:00,135.0,2024-10-05
uniqueUserZone,OWM Zona4,2024-10-05 00:00:00+02:00,206.0,2024-10-05
uniqueUserZone,OWM Zona3,2024-10-05 00:00:00+02:00,404.0,2024-10-05
uniqueUserZone,OWM Zona2,2024-10-05 00:00:00+02:00,216.0,2024-10-05
uniqueUserZone,OWM Zona1,2024-10-05 00:00:00+02:00,994.0,2024-10-05
uniqueUserZone,OWM Zona9,2024-10-04 00:00:00+02:00,162.0,2024-10-04
uniqueUserZone,OWM Zona8,2024-10-04 00:00:00+02:00,247.0,2024-10-04
uniqueUserZone,OWM Zona7,2024-10-04 00:00:00+02:00,134.0,2024-10-04
uniqueUserZone,OWM Zona6,2024-10-04 00:00:00+02:00,250.0,2024-10-04
uniqueUserZone,OWM Zona5,2024-10-04 00:00:00+02:00,186.0,2024-10-04
uniqueUserZone,OWM Zona4,2024-10-04 00:00:00+02:00,226.0,2024-10-04
uniqueUserZone,OWM Zona3,2024-10-04 00:00:00+02:00,417.0,2024-10-04
uniqueUserZone,OWM Zona2,2024-10-04 00:00:00+02:00,233.0,2024-10-04
uniqueUserZone,OWM Zona1,2024-10-04 00:00:00+02:00,808.0,2024-10-04
uniqueUserZone,OWM Zona9,2024-10-03 00:00:00+02:00,152.0,2024-10-03
uniqueUserZone,OWM Zona8,2024-10-03 00:00:00+02:00,212.0,2024-10-03
uniqueUserZone,OWM Zona7,2024-10-03 00:00:00+02:00,125.0,2024-10-03
uniqueUserZone,OWM Zona6,2024-10-03 00:00:00+02:00,221.0,2024-10-03
uniqueUserZone,OWM Zona5,2024-10-03 00:00:00+02:00,171.0,2024-10-03
uniqueUserZone,OWM Zona4,2024-10-03 00:00:00+02:00,192.0,2024-10-03
uniqueUserZone,OWM Zona3,2024-10-03 00:00:00+02:00,354.0,2024-10-03
uniqueUserZone,OWM Zona2,2024-10-03 00:00:00+02:00,192.0,2024-10-03
uniqueUserZone,OWM Zona1,2024-10-03 00:00:00+02:00,592.0,2024-10-03
uniqueUserZone,OWM Zona9,2024-10-02 00:00:00+02:00,157.0,2024-10-02
uniqueUserZone,OWM Zona8,2024-10-02 00:00:00+02:00,266.0,2024-10-02
uniqueUserZone,OWM Zona7,2024-10-02 00:00:00+02:00,149.0,2024-10-02
uniqueUserZone,OWM Zona6,2024-10-02 00:00:00+02:00,264.0,2024-10-02
uniqueUserZone,OWM Zona5,2024-10-02 00:00:00+02:00,191.0,2024-10-02
uniqueUserZone,OWM Zona4,2024-10-02 00:00:00+02:00,217.0,2024-10-02
uniqueUserZone,OWM Zona3,2024-10-02 00:00:00+02:00,460.0,2024-10-02
uniqueUserZone,OWM Zona2,2024-10-02 00:00:00+02:00,231.0,2024-10-02
uniqueUserZone,OWM Zona1,2024-10-02 00:00:00+02:00,965.0,2024-10-02
uniqueUserZone,OWM Zona9,2024-10-01 00:00:00+02:00,172.0,2024-10-01
uniqueUserZone,OWM Zona8,2024-10-01 00:00:00+02:00,256.0,2024-10-01
uniqueUserZone,OWM Zona7,2024-10-01 00:00:00+02:00,144.0,2024-10-01
uniqueUserZone,OWM Zona9,2024-09-30 00:00:00+02:00,188.0,2024-09-30
uniqueUserZone,OWM Zona8,2024-09-30 00:00:00+02:00,241.0,2024-09-30
uniqueUserZone,OWM Zona9,2024-09-29 00:00:00+02:00,125.0,2024-09-29
uniqueUserZone,OWM Zona8,2024-09-29 00:00:00+02:00,216.0,2024-09-29
uniqueUserZone,OWM Zona7,2024-09-29 00:00:00+02:00,122.0,2024-09-29
uniqueUserZone,OWM Zona6,2024-09-29 00:00:00+02:00,228.0,2024-09-29
uniqueUserZone,OWM Zona5,2024-09-29 00:00:00+02:00,129.0,2024-09-29
uniqueUserZone,OWM Zona4,2024-09-29 00:00:00+02:00,187.0,2024-09-29
uniqueUserZone,OWM Zona9,2024-09-26 00:00:00+02:00,164.0,2024-09-26
uniqueUserZone,OWM Zona8,2024-09-26 00:00:00+02:00,223.0,2024-09-26
uniqueUserZone,OWM Zona7,2024-09-26 00:00:00+02:00,102.0,2024-09-26
uniqueUserZone,OWM Zona6,2024-09-26 00:00:00+02:00,229.0,2024-09-26
uniqueUserZone,OWM Zona5,2024-09-26 00:00:00+02:00,171.0,2024-09-26
uniqueUserZone,OWM Zona4,2024-09-26 00:00:00+02:00,238.0,2024-09-26
uniqueUserZone,OWM Zona3,2024-09-26 00:00:00+02:00,409.0,2024-09-26
uniqueUserZone,OWM Zona2,2024-09-26 00:00:00+02:00,231.0,2024-09-26
uniqueUserZone,OWM Zona1,2024-09-26 00:00:00+02:00,709.0,2024-09-26
uniqueUserZone,OWM Zona9,2024-09-25 00:00:00+02:00,159.0,2024-09-25
uniqueUserZone,OWM Zona8,2024-09-25 00:00:00+02:00,229.0,2024-09-25
uniqueUserZone,OWM Zona7,2024-09-25 00:00:00+02:00,126.0,2024-09-25
uniqueUserZone,OWM Zona6,2024-09-25 00:00:00+02:00,254.0,2024-09-25
uniqueUserZone,OWM Zona5,2024-09-25 00:00:00+02:00,162.0,2024-09-25
uniqueUserZone,OWM Zona4,2024-09-25 00:00:00+02:00,212.0,2024-09-25
uniqueUserZone,OWM Zona3,2024-09-25 00:00:00+02:00,453.0,2024-09-25
uniqueUserZone,OWM Zona2,2024-09-25 00:00:00+02:00,251.0,2024-09-25
uniqueUserZone,OWM Zona1,2024-09-25 00:00:00+02:00,853.0,2024-09-25
uniqueUserZone,OWM Zona9,2024-09-24 00:00:00+02:00,172.0,2024-09-24
uniqueUserZone,OWM Zona8,2024-09-24 00:00:00+02:00,253.0,2024-09-24
uniqueUserZone,OWM Zona7,2024-09-24 00:00:00+02:00,135.0,2024-09-24
uniqueUserZone,OWM Zona6,2024-09-24 00:00:00+02:00,276.0,2024-09-24
uniqueUserZone,OWM Zona5,2024-09-24 00:00:00+02:00,194.0,2024-09-24
uniqueUserZone,OWM Zona4,2024-09-24 00:00:00+02:00,205.0,2024-09-24
uniqueUserZone,OWM Zona3,2024-09-24 00:00:00+02:00,438.0,2024-09-24
uniqueUserZone,OWM Zona2,2024-09-24 00:00:00+02:00,237.0,2024-09-24
uniqueUserZone,OWM Zona1,2024-09-24 00:00:00+02:00,908.0,2024-09-24
uniqueUserZone,OWM Zona9,2024-09-23 00:00:00+02:00,145.0,2024-09-23
uniqueUserZone,OWM Zona8,2024-09-23 00:00:00+02:00,228.0,2024-09-23
uniqueUserZone,OWM Zona7,2024-09-23 00:00:00+02:00,131.0,2024-09-23
uniqueUserZone,OWM Zona6,2024-09-23 00:00:00+02:00,218.0,2024-09-23
uniqueUserZone,OWM Zona5,2024-09-23 00:00:00+02:00,162.0,2024-09-23
uniqueUserZone,OWM Zona4,2024-09-23 00:00:00+02:00,187.0,2024-09-23
uniqueUserZone,OWM Zona3,2024-09-23 00:00:00+02:00,393.0,2024-09-23
uniqueUserZone,OWM Zona2,2024-09-23 00:00:00+02:00,232.0,2024-09-23
uniqueUserZone,OWM Zona1,2024-09-23 00:00:00+02:00,698.0,2024-09-23
uniqueUserZone,OWM Zona9,2024-09-22 00:00:00+02:00,121.0,2024-09-22
uniqueUserZone,OWM Zona8,2024-09-22 00:00:00+02:00,213.0,2024-09-22
uniqueUserZone,OWM Zona7,2024-09-22 00:00:00+02:00,148.0,2024-09-22
uniqueUserZone,OWM Zona6,2024-09-22 00:00:00+02:00,210.0,2024-09-22
uniqueUserZone,OWM Zona5,2024-09-22 00:00:00+02:00,95.0,2024-09-22
uniqueUserZone,OWM Zona4,2024-09-22 00:00:00+02:00,179.0,2024-09-22
uniqueUserZone,OWM Zona3,2024-09-22 00:00:00+02:00,348.0,2024-09-22
uniqueUserZone,OWM Zona2,2024-09-22 00:00:00+02:00,194.0,2024-09-22
uniqueUserZone,OWM Zona1,2024-09-22 00:00:00+02:00,994.0,2024-09-22
uniqueUserZone,OWM Zona9,2024-09-21 00:00:00+02:00,141.0,2024-09-21
uniqueUserZone,OWM Zona8,2024-09-21 00:00:00+02:00,258.0,2024-09-21
uniqueUserZone,OWM Zona7,2024-09-21 00:00:00+02:00,150.0,2024-09-21
uniqueUserZone,OWM Zona6,2024-09-21 00:00:00+02:00,234.0,2024-09-21
uniqueUserZone,OWM Zona5,2024-09-21 00:00:00+02:00,120.0,2024-09-21
uniqueUserZone,OWM Zona4,2024-09-21 00:00:00+02:00,190.0,2024-09-21
uniqueUserZone,OWM Zona3,2024-09-21 00:00:00+02:00,447.0,2024-09-21
uniqueUserZone,OWM Zona2,2024-09-21 00:00:00+02:00,233.0,2024-09-21
uniqueUserZone,OWM Zona1,2024-09-21 00:00:00+02:00,1145.0,2024-09-21
uniqueUserZone,OWM Zona9,2024-09-20 00:00:00+02:00,171.0,2024-09-20
uniqueUserZone,OWM Zona8,2024-09-20 00:00:00+02:00,250.0,2024-09-20
uniqueUserZone,OWM Zona7,2024-09-20 00:00:00+02:00,130.0,2024-09-20
uniqueUserZone,OWM Zona6,2024-09-20 00:00:00+02:00,264.0,2024-09-20
uniqueUserZone,OWM Zona5,2024-09-20 00:00:00+02:00,189.0,2024-09-20
uniqueUserZone,OWM Zona4,2024-09-20 00:00:00+02:00,232.0,2024-09-20
uniqueUserZone,OWM Zona3,2024-09-20 00:00:00+02:00,499.0,2024-09-20
uniqueUserZone,OWM Zona2,2024-09-20 00:00:00+02:00,275.0,2024-09-20
uniqueUserZone,OWM Zona1,2024-09-20 00:00:00+02:00,1075.0,2024-09-20
uniqueUserZone,OWM Zona9,2024-09-19 00:00:00+02:00,161.0,2024-09-19
uniqueUserZone,OWM Zona8,2024-09-19 00:00:00+02:00,251.0,2024-09-19
uniqueUserZone,OWM Zona7,2024-09-19 00:00:00+02:00,124.0,2024-09-19
uniqueUserZone,OWM Zona6,2024-09-19 00:00:00+02:00,298.0,2024-09-19
uniqueUserZone,OWM Zona5,2024-09-19 00:00:00+02:00,190.0,2024-09-19
uniqueUserZone,OWM Zona4,2024-09-19 00:00:00+02:00,216.0,2024-09-19
uniqueUserZone,OWM Zona3,2024-09-19 00:00:00+02:00,448.0,2024-09-19
uniqueUserZone,OWM Zona2,2024-09-19 00:00:00+02:00,238.0,2024-09-19
uniqueUserZone,OWM Zona1,2024-09-19 00:00:00+02:00,1023.0,2024-09-19
uniqueUserZone,OWM Zona9,2024-09-18 00:00:00+02:00,149.0,2024-09-18
uniqueUserZone,OWM Zona8,2024-09-18 00:00:00+02:00,229.0,2024-09-18
uniqueUserZone,OWM Zona7,2024-09-18 00:00:00+02:00,125.0,2024-09-18
uniqueUserZone,OWM Zona6,2024-09-18 00:00:00+02:00,257.0,2024-09-18
uniqueUserZone,OWM Zona5,2024-09-18 00:00:00+02:00,177.0,2024-09-18
uniqueUserZone,OWM Zona4,2024-09-18 00:00:00+02:00,221.0,2024-09-18
uniqueUserZone,OWM Zona3,2024-09-18 00:00:00+02:00,417.0,2024-09-18
uniqueUserZone,OWM Zona2,2024-09-18 00:00:00+02:00,241.0,2024-09-18
uniqueUserZone,OWM Zona1,2024-09-18 00:00:00+02:00,783.0,2024-09-18
uniqueUserZone,OWM Zona9,2024-09-17 00:00:00+02:00,148.0,2024-09-17
uniqueUserZone,OWM Zona8,2024-09-17 00:00:00+02:00,244.0,2024-09-17
uniqueUserZone,OWM Zona7,2024-09-17 00:00:00+02:00,137.0,2024-09-17
uniqueUserZone,OWM Zona6,2024-09-17 00:00:00+02:00,292.0,2024-09-17
uniqueUserZone,OWM Zona5,2024-09-17 00:00:00+02:00,187.0,2024-09-17
uniqueUserZone,OWM Zona4,2024-09-17 00:00:00+02:00,206.0,2024-09-17
uniqueUserZone,OWM Zona3,2024-09-17 00:00:00+02:00,465.0,2024-09-17
uniqueUserZone,OWM Zona2,2024-09-17 00:00:00+02:00,243.0,2024-09-17
uniqueUserZone,OWM Zona1,2024-09-17 00:00:00+02:00,892.0,2024-09-17
uniqueUserZone,OWM Zona9,2024-09-16 00:00:00+02:00,163.0,2024-09-16
uniqueUserZone,OWM Zona8,2024-09-16 00:00:00+02:00,233.0,2024-09-16
uniqueUserZone,OWM Zona7,2024-09-16 00:00:00+02:00,130.0,2024-09-16
uniqueUserZone,OWM Zona6,2024-09-16 00:00:00+02:00,248.0,2024-09-16
uniqueUserZone,OWM Zona5,2024-09-16 00:00:00+02:00,176.0,2024-09-16
uniqueUserZone,OWM Zona4,2024-09-16 00:00:00+02:00,198.0,2024-09-16
uniqueUserZone,OWM Zona3,2024-09-16 00:00:00+02:00,420.0,2024-09-16
uniqueUserZone,OWM Zona2,2024-09-16 00:00:00+02:00,247.0,2024-09-16
uniqueUserZone,OWM Zona1,2024-09-16 00:00:00+02:00,854.0,2024-09-16
uniqueUserZone,OWM Zona9,2024-09-15 00:00:00+02:00,118.0,2024-09-15
uniqueUserZone,OWM Zona8,2024-09-15 00:00:00+02:00,187.0,2024-09-15
uniqueUserZone,OWM Zona7,2024-09-15 00:00:00+02:00,89.0,2024-09-15
uniqueUserZone,OWM Zona6,2024-09-15 00:00:00+02:00,196.0,2024-09-15
uniqueUserZone,OWM Zona5,2024-09-15 00:00:00+02:00,127.0,2024-09-15
uniqueUserZone,OWM Zona4,2024-09-15 00:00:00+02:00,176.0,2024-09-15
uniqueUserZone,OWM Zona3,2024-09-15 00:00:00+02:00,310.0,2024-09-15
uniqueUserZone,OWM Zona2,2024-09-15 00:00:00+02:00,199.0,2024-09-15
uniqueUserZone,OWM Zona1,2024-09-15 00:00:00+02:00,788.0,2024-09-15
uniqueUserZone,OWM Zona9,2024-09-14 00:00:00+02:00,145.0,2024-09-14
uniqueUserZone,OWM Zona8,2024-09-14 00:00:00+02:00,210.0,2024-09-14
uniqueUserZone,OWM Zona7,2024-09-14 00:00:00+02:00,113.0,2024-09-14
uniqueUserZone,OWM Zona6,2024-09-14 00:00:00+02:00,224.0,2024-09-14
uniqueUserZone,OWM Zona5,2024-09-14 00:00:00+02:00,145.0,2024-09-14
uniqueUserZone,OWM Zona4,2024-09-14 00:00:00+02:00,199.0,2024-09-14
uniqueUserZone,OWM Zona3,2024-09-14 00:00:00+02:00,394.0,2024-09-14
uniqueUserZone,OWM Zona2,2024-09-14 00:00:00+02:00,210.0,2024-09-14
uniqueUserZone,OWM Zona1,2024-09-14 00:00:00+02:00,861.0,2024-09-14
uniqueUserZone,OWM Zona9,2024-09-13 00:00:00+02:00,155.0,2024-09-13
uniqueUserZone,OWM Zona8,2024-09-13 00:00:00+02:00,225.0,2024-09-13
uniqueUserZone,OWM Zona7,2024-09-13 00:00:00+02:00,125.0,2024-09-13
uniqueUserZone,OWM Zona6,2024-09-13 00:00:00+02:00,238.0,2024-09-13
uniqueUserZone,OWM Zona5,2024-09-13 00:00:00+02:00,172.0,2024-09-13
uniqueUserZone,OWM Zona4,2024-09-13 00:00:00+02:00,222.0,2024-09-13
uniqueUserZone,OWM Zona3,2024-09-13 00:00:00+02:00,430.0,2024-09-13
uniqueUserZone,OWM Zona2,2024-09-13 00:00:00+02:00,246.0,2024-09-13
uniqueUserZone,OWM Zona1,2024-09-13 00:00:00+02:00,800.0,2024-09-13
uniqueUserZone,OWM Zona9,2024-09-12 00:00:00+02:00,163.0,2024-09-12
uniqueUserZone,OWM Zona8,2024-09-12 00:00:00+02:00,215.0,2024-09-12
uniqueUserZone,OWM Zona7,2024-09-12 00:00:00+02:00,130.0,2024-09-12
uniqueUserZone,OWM Zona6,2024-09-12 00:00:00+02:00,228.0,2024-09-12
uniqueUserZone,OWM Zona5,2024-09-12 00:00:00+02:00,163.0,2024-09-12
uniqueUserZone,OWM Zona4,2024-09-12 00:00:00+02:00,199.0,2024-09-12
uniqueUserZone,OWM Zona3,2024-09-12 00:00:00+02:00,415.0,2024-09-12
uniqueUserZone,OWM Zona2,2024-09-12 00:00:00+02:00,230.0,2024-09-12
uniqueUserZone,OWM Zona1,2024-09-12 00:00:00+02:00,711.0,2024-09-12
uniqueUserZone,OWM Zona9,2024-09-11 00:00:00+02:00,169.0,2024-09-11
uniqueUserZone,OWM Zona8,2024-09-11 00:00:00+02:00,227.0,2024-09-11
uniqueUserZone,OWM Zona7,2024-09-11 00:00:00+02:00,111.0,2024-09-11
uniqueUserZone,OWM Zona6,2024-09-11 00:00:00+02:00,222.0,2024-09-11
uniqueUserZone,OWM Zona5,2024-09-11 00:00:00+02:00,133.0,2024-09-11
uniqueUserZone,OWM Zona4,2024-09-11 00:00:00+02:00,186.0,2024-09-11
uniqueUserZone,OWM Zona3,2024-09-11 00:00:00+02:00,399.0,2024-09-11
uniqueUserZone,OWM Zona2,2024-09-11 00:00:00+02:00,209.0,2024-09-11
uniqueUserZone,OWM Zona1,2024-09-11 00:00:00+02:00,709.0,2024-09-11
uniqueUserZone,OWM Zona9,2024-09-10 00:00:00+02:00,157.0,2024-09-10
uniqueUserZone,OWM Zona8,2024-09-10 00:00:00+02:00,225.0,2024-09-10
uniqueUserZone,OWM Zona7,2024-09-10 00:00:00+02:00,120.0,2024-09-10
uniqueUserZone,OWM Zona6,2024-09-10 00:00:00+02:00,230.0,2024-09-10
uniqueUserZone,OWM Zona5,2024-09-10 00:00:00+02:00,148.0,2024-09-10
uniqueUserZone,OWM Zona4,2024-09-10 00:00:00+02:00,207.0,2024-09-10
uniqueUserZone,OWM Zona3,2024-09-10 00:00:00+02:00,393.0,2024-09-10
uniqueUserZone,OWM Zona2,2024-09-10 00:00:00+02:00,233.0,2024-09-10
uniqueUserZone,OWM Zona1,2024-09-10 00:00:00+02:00,586.0,2024-09-10
uniqueUserZone,OWM Zona9,2024-09-09 00:00:00+02:00,150.0,2024-09-09
uniqueUserZone,OWM Zona8,2024-09-09 00:00:00+02:00,200.0,2024-09-09
uniqueUserZone,OWM Zona7,2024-09-09 00:00:00+02:00,101.0,2024-09-09
uniqueUserZone,OWM Zona6,2024-09-09 00:00:00+02:00,187.0,2024-09-09
uniqueUserZone,OWM Zona5,2024-09-09 00:00:00+02:00,122.0,2024-09-09
uniqueUserZone,OWM Zona4,2024-09-09 00:00:00+02:00,182.0,2024-09-09
uniqueUserZone,OWM Zona3,2024-09-09 00:00:00+02:00,357.0,2024-09-09
uniqueUserZone,OWM Zona2,2024-09-09 00:00:00+02:00,184.0,2024-09-09
uniqueUserZone,OWM Zona1,2024-09-09 00:00:00+02:00,307.0,2024-09-09
uniqueUserZone,OWM Zona9,2024-09-08 00:00:00+02:00,78.0,2024-09-08
uniqueUserZone,OWM Zona8,2024-09-08 00:00:00+02:00,102.0,2024-09-08
uniqueUserZone,OWM Zona7,2024-09-08 00:00:00+02:00,64.0,2024-09-08
uniqueUserZone,OWM Zona6,2024-09-08 00:00:00+02:00,125.0,2024-09-08
uniqueUserZone,OWM Zona5,2024-09-08 00:00:00+02:00,79.0,2024-09-08
uniqueUserZone,OWM Zona4,2024-09-08 00:00:00+02:00,134.0,2024-09-08
uniqueUserZone,OWM Zona3,2024-09-08 00:00:00+02:00,189.0,2024-09-08
uniqueUserZone,OWM Zona2,2024-09-08 00:00:00+02:00,109.0,2024-09-08
uniqueUserZone,OWM Zona1,2024-09-08 00:00:00+02:00,177.0,2024-09-08
uniqueUserZone,OWM Zona9,2024-09-07 00:00:00+02:00,126.0,2024-09-07
uniqueUserZone,OWM Zona8,2024-09-07 00:00:00+02:00,155.0,2024-09-07
uniqueUserZone,OWM Zona7,2024-09-07 00:00:00+02:00,91.0,2024-09-07
uniqueUserZone,OWM Zona6,2024-09-07 00:00:00+02:00,173.0,2024-09-07
uniqueUserZone,OWM Zona5,2024-09-07 00:00:00+02:00,100.0,2024-09-07
uniqueUserZone,OWM Zona4,2024-09-07 00:00:00+02:00,161.0,2024-09-07
uniqueUserZone,OWM Zona3,2024-09-07 00:00:00+02:00,295.0,2024-09-07
uniqueUserZone,OWM Zona2,2024-09-07 00:00:00+02:00,188.0,2024-09-07
uniqueUserZone,OWM Zona1,2024-09-07 00:00:00+02:00,273.0,2024-09-07
uniqueUserZone,OWM Zona9,2024-09-06 00:00:00+02:00,136.0,2024-09-06
uniqueUserZone,OWM Zona8,2024-09-06 00:00:00+02:00,190.0,2024-09-06
uniqueUserZone,OWM Zona7,2024-09-06 00:00:00+02:00,108.0,2024-09-06
uniqueUserZone,OWM Zona6,2024-09-06 00:00:00+02:00,196.0,2024-09-06
uniqueUserZone,OWM Zona5,2024-09-06 00:00:00+02:00,127.0,2024-09-06
uniqueUserZone,OWM Zona4,2024-09-06 00:00:00+02:00,175.0,2024-09-06
uniqueUserZone,OWM Zona3,2024-09-06 00:00:00+02:00,309.0,2024-09-06
uniqueUserZone,OWM Zona2,2024-09-06 00:00:00+02:00,193.0,2024-09-06
uniqueUserZone,OWM Zona1,2024-09-06 00:00:00+02:00,303.0,2024-09-06
uniqueUserZone,OWM Zona9,2024-09-05 00:00:00+02:00,117.0,2024-09-05
uniqueUserZone,OWM Zona8,2024-09-05 00:00:00+02:00,148.0,2024-09-05
uniqueUserZone,OWM Zona7,2024-09-05 00:00:00+02:00,83.0,2024-09-05
uniqueUserZone,OWM Zona6,2024-09-05 00:00:00+02:00,175.0,2024-09-05
uniqueUserZone,OWM Zona5,2024-09-05 00:00:00+02:00,99.0,2024-09-05
uniqueUserZone,OWM Zona4,2024-09-05 00:00:00+02:00,141.0,2024-09-05
uniqueUserZone,OWM Zona3,2024-09-05 00:00:00+02:00,273.0,2024-09-05
uniqueUserZone,OWM Zona2,2024-09-05 00:00:00+02:00,163.0,2024-09-05
uniqueUserZone,OWM Zona1,2024-09-05 00:00:00+02:00,255.0,2024-09-05
uniqueUserZone,OWM Zona9,2024-09-04 00:00:00+02:00,144.0,2024-09-04
uniqueUserZone,OWM Zona8,2024-09-04 00:00:00+02:00,195.0,2024-09-04
uniqueUserZone,OWM Zona7,2024-09-04 00:00:00+02:00,86.0,2024-09-04
uniqueUserZone,OWM Zona6,2024-09-04 00:00:00+02:00,205.0,2024-09-04
uniqueUserZone,OWM Zona5,2024-09-04 00:00:00+02:00,112.0,2024-09-04
uniqueUserZone,OWM Zona4,2024-09-04 00:00:00+02:00,165.0,2024-09-04
uniqueUserZone,OWM Zona3,2024-09-04 00:00:00+02:00,295.0,2024-09-04
uniqueUserZone,OWM Zona2,2024-09-04 00:00:00+02:00,188.0,2024-09-04
uniqueUserZone,OWM Zona1,2024-09-04 00:00:00+02:00,311.0,2024-09-04
uniqueUserZone,OWM Zona9,2024-09-03 00:00:00+02:00,148.0,2024-09-03
uniqueUserZone,OWM Zona8,2024-09-03 00:00:00+02:00,190.0,2024-09-03
uniqueUserZone,OWM Zona7,2024-09-03 00:00:00+02:00,93.0,2024-09-03
uniqueUserZone,OWM Zona6,2024-09-03 00:00:00+02:00,178.0,2024-09-03
uniqueUserZone,OWM Zona5,2024-09-03 00:00:00+02:00,106.0,2024-09-03
uniqueUserZone,OWM Zona4,2024-09-03 00:00:00+02:00,162.0,2024-09-03
uniqueUserZone,OWM Zona3,2024-09-03 00:00:00+02:00,325.0,2024-09-03
uniqueUserZone,OWM Zona2,2024-09-03 00:00:00+02:00,195.0,2024-09-03
uniqueUserZone,OWM Zona1,2024-09-03 00:00:00+02:00,300.0,2024-09-03
uniqueUserZone,OWM Zona9,2024-09-02 00:00:00+02:00,125.0,2024-09-02
uniqueUserZone,OWM Zona8,2024-09-02 00:00:00+02:00,165.0,2024-09-02
uniqueUserZone,OWM Zona7,2024-09-02 00:00:00+02:00,78.0,2024-09-02
uniqueUserZone,OWM Zona6,2024-09-02 00:00:00+02:00,177.0,2024-09-02
uniqueUserZone,OWM Zona5,2024-09-02 00:00:00+02:00,119.0,2024-09-02
uniqueUserZone,OWM Zona4,2024-09-02 00:00:00+02:00,161.0,2024-09-02
uniqueUserZone,OWM Zona3,2024-09-02 00:00:00+02:00,290.0,2024-09-02
uniqueUserZone,OWM Zona2,2024-09-02 00:00:00+02:00,157.0,2024-09-02
uniqueUserZone,OWM Zona1,2024-09-02 00:00:00+02:00,274.0,2024-09-02
uniqueUserZone,OWM Zona9,2024-09-01 00:00:00+02:00,95.0,2024-09-01
uniqueUserZone,OWM Zona8,2024-09-01 00:00:00+02:00,141.0,2024-09-01
uniqueUserZone,OWM Zona7,2024-09-01 00:00:00+02:00,72.0,2024-09-01
uniqueUserZone,OWM Zona6,2024-09-01 00:00:00+02:00,141.0,2024-09-01
uniqueUserZone,OWM Zona5,2024-09-01 00:00:00+02:00,90.0,2024-09-01
uniqueUserZone,OWM Zona4,2024-09-01 00:00:00+02:00,139.0,2024-09-01
uniqueUserZone,OWM Zona3,2024-09-01 00:00:00+02:00,212.0,2024-09-01
uniqueUserZone,OWM Zona2,2024-09-01 00:00:00+02:00,158.0,2024-09-01
uniqueUserZone,OWM Zona1,2024-09-01 00:00:00+02:00,199.0,2024-09-01
uniqueUserZone,OWM Zona9,2024-08-31 00:00:00+02:00,112.0,2024-08-31
uniqueUserZone,OWM Zona8,2024-08-31 00:00:00+02:00,160.0,2024-08-31
uniqueUserZone,OWM Zona7,2024-08-31 00:00:00+02:00,80.0,2024-08-31
uniqueUserZone,OWM Zona6,2024-08-31 00:00:00+02:00,167.0,2024-08-31
uniqueUserZone,OWM Zona5,2024-08-31 00:00:00+02:00,115.0,2024-08-31
uniqueUserZone,OWM Zona4,2024-08-31 00:00:00+02:00,143.0,2024-08-31
uniqueUserZone,OWM Zona3,2024-08-31 00:00:00+02:00,248.0,2024-08-31
uniqueUserZone,OWM Zona2,2024-08-31 00:00:00+02:00,162.0,2024-08-31
uniqueUserZone,OWM Zona1,2024-08-31 00:00:00+02:00,240.0,2024-08-31
uniqueUserZone,OWM Zona9,2024-08-30 00:00:00+02:00,128.0,2024-08-30
uniqueUserZone,OWM Zona8,2024-08-30 00:00:00+02:00,188.0,2024-08-30
uniqueUserZone,OWM Zona7,2024-08-30 00:00:00+02:00,80.0,2024-08-30
uniqueUserZone,OWM Zona6,2024-08-30 00:00:00+02:00,170.0,2024-08-30
uniqueUserZone,OWM Zona5,2024-08-30 00:00:00+02:00,108.0,2024-08-30
uniqueUserZone,OWM Zona4,2024-08-30 00:00:00+02:00,152.0,2024-08-30
uniqueUserZone,OWM Zona3,2024-08-30 00:00:00+02:00,263.0,2024-08-30
uniqueUserZone,OWM Zona2,2024-08-30 00:00:00+02:00,169.0,2024-08-30
uniqueUserZone,OWM Zona1,2024-08-30 00:00:00+02:00,254.0,2024-08-30
uniqueUserZone,OWM Zona9,2024-08-29 00:00:00+02:00,129.0,2024-08-29
uniqueUserZone,OWM Zona8,2024-08-29 00:00:00+02:00,169.0,2024-08-29
uniqueUserZone,OWM Zona7,2024-08-29 00:00:00+02:00,89.0,2024-08-29
uniqueUserZone,OWM Zona6,2024-08-29 00:00:00+02:00,166.0,2024-08-29
uniqueUserZone,OWM Zona5,2024-08-29 00:00:00+02:00,131.0,2024-08-29
uniqueUserZone,OWM Zona4,2024-08-29 00:00:00+02:00,143.0,2024-08-29
uniqueUserZone,OWM Zona3,2024-08-29 00:00:00+02:00,289.0,2024-08-29
uniqueUserZone,OWM Zona2,2024-08-29 00:00:00+02:00,166.0,2024-08-29
uniqueUserZone,OWM Zona1,2024-08-29 00:00:00+02:00,251.0,2024-08-29
uniqueUserZone,OWM Zona9,2024-08-28 00:00:00+02:00,100.0,2024-08-28
uniqueUserZone,OWM Zona8,2024-08-28 00:00:00+02:00,157.0,2024-08-28
uniqueUserZone,OWM Zona7,2024-08-28 00:00:00+02:00,86.0,2024-08-28
uniqueUserZone,OWM Zona6,2024-08-28 00:00:00+02:00,150.0,2024-08-28
uniqueUserZone,OWM Zona5,2024-08-28 00:00:00+02:00,111.0,2024-08-28
uniqueUserZone,OWM Zona4,2024-08-28 00:00:00+02:00,148.0,2024-08-28
uniqueUserZone,OWM Zona3,2024-08-28 00:00:00+02:00,287.0,2024-08-28
uniqueUserZone,OWM Zona2,2024-08-28 00:00:00+02:00,174.0,2024-08-28
uniqueUserZone,OWM Zona1,2024-08-28 00:00:00+02:00,266.0,2024-08-28
uniqueUserZone,OWM Zona9,2024-08-27 00:00:00+02:00,109.0,2024-08-27
uniqueUserZone,OWM Zona8,2024-08-27 00:00:00+02:00,162.0,2024-08-27
uniqueUserZone,OWM Zona7,2024-08-27 00:00:00+02:00,80.0,2024-08-27
uniqueUserZone,OWM Zona6,2024-08-27 00:00:00+02:00,156.0,2024-08-27
uniqueUserZone,OWM Zona5,2024-08-27 00:00:00+02:00,100.0,2024-08-27
uniqueUserZone,OWM Zona4,2024-08-27 00:00:00+02:00,132.0,2024-08-27
uniqueUserZone,OWM Zona3,2024-08-27 00:00:00+02:00,295.0,2024-08-27
uniqueUserZone,OWM Zona2,2024-08-27 00:00:00+02:00,157.0,2024-08-27
uniqueUserZone,OWM Zona1,2024-08-27 00:00:00+02:00,253.0,2024-08-27
uniqueUserZone,OWM Zona9,2024-08-26 00:00:00+02:00,112.0,2024-08-26
uniqueUserZone,OWM Zona8,2024-08-26 00:00:00+02:00,177.0,2024-08-26
uniqueUserZone,OWM Zona7,2024-08-26 00:00:00+02:00,80.0,2024-08-26
uniqueUserZone,OWM Zona6,2024-08-26 00:00:00+02:00,142.0,2024-08-26
uniqueUserZone,OWM Zona5,2024-08-26 00:00:00+02:00,93.0,2024-08-26
uniqueUserZone,OWM Zona4,2024-08-26 00:00:00+02:00,142.0,2024-08-26
uniqueUserZone,OWM Zona3,2024-08-26 00:00:00+02:00,280.0,2024-08-26
uniqueUserZone,OWM Zona2,2024-08-26 00:00:00+02:00,157.0,2024-08-26
uniqueUserZone,OWM Zona1,2024-08-26 00:00:00+02:00,233.0,2024-08-26
uniqueUserZone,OWM Zona9,2024-08-25 00:00:00+02:00,78.0,2024-08-25
uniqueUserZone,OWM Zona8,2024-08-25 00:00:00+02:00,115.0,2024-08-25
uniqueUserZone,OWM Zona7,2024-08-25 00:00:00+02:00,60.0,2024-08-25
uniqueUserZone,OWM Zona6,2024-08-25 00:00:00+02:00,126.0,2024-08-25
uniqueUserZone,OWM Zona5,2024-08-25 00:00:00+02:00,83.0,2024-08-25
uniqueUserZone,OWM Zona4,2024-08-25 00:00:00+02:00,121.0,2024-08-25
uniqueUserZone,OWM Zona3,2024-08-25 00:00:00+02:00,193.0,2024-08-25
uniqueUserZone,OWM Zona2,2024-08-25 00:00:00+02:00,139.0,2024-08-25
uniqueUserZone,OWM Zona1,2024-08-25 00:00:00+02:00,187.0,2024-08-25
uniqueUserZone,OWM Zona9,2024-08-24 00:00:00+02:00,84.0,2024-08-24
uniqueUserZone,OWM Zona8,2024-08-24 00:00:00+02:00,148.0,2024-08-24
uniqueUserZone,OWM Zona7,2024-08-24 00:00:00+02:00,75.0,2024-08-24
uniqueUserZone,OWM Zona6,2024-08-24 00:00:00+02:00,130.0,2024-08-24
uniqueUserZone,OWM Zona5,2024-08-24 00:00:00+02:00,88.0,2024-08-24
uniqueUserZone,OWM Zona4,2024-08-24 00:00:00+02:00,112.0,2024-08-24
uniqueUserZone,OWM Zona3,2024-08-24 00:00:00+02:00,253.0,2024-08-24
uniqueUserZone,OWM Zona2,2024-08-24 00:00:00+02:00,141.0,2024-08-24
uniqueUserZone,OWM Zona1,2024-08-24 00:00:00+02:00,255.0,2024-08-24
uniqueUserZone,OWM Zona9,2024-08-23 00:00:00+02:00,110.0,2024-08-23
uniqueUserZone,OWM Zona8,2024-08-23 00:00:00+02:00,174.0,2024-08-23
uniqueUserZone,OWM Zona7,2024-08-23 00:00:00+02:00,83.0,2024-08-23
uniqueUserZone,OWM Zona6,2024-08-23 00:00:00+02:00,146.0,2024-08-23
uniqueUserZone,OWM Zona5,2024-08-23 00:00:00+02:00,108.0,2024-08-23
uniqueUserZone,OWM Zona4,2024-08-23 00:00:00+02:00,153.0,2024-08-23
uniqueUserZone,OWM Zona3,2024-08-23 00:00:00+02:00,330.0,2024-08-23
uniqueUserZone,OWM Zona2,2024-08-23 00:00:00+02:00,158.0,2024-08-23
uniqueUserZone,OWM Zona1,2024-08-23 00:00:00+02:00,704.0,2024-08-23
uniqueUserZone,OWM Zona9,2024-08-22 00:00:00+02:00,115.0,2024-08-22
uniqueUserZone,OWM Zona8,2024-08-22 00:00:00+02:00,169.0,2024-08-22
uniqueUserZone,OWM Zona7,2024-08-22 00:00:00+02:00,75.0,2024-08-22
uniqueUserZone,OWM Zona6,2024-08-22 00:00:00+02:00,156.0,2024-08-22
uniqueUserZone,OWM Zona5,2024-08-22 00:00:00+02:00,127.0,2024-08-22
uniqueUserZone,OWM Zona4,2024-08-22 00:00:00+02:00,163.0,2024-08-22
uniqueUserZone,OWM Zona3,2024-08-22 00:00:00+02:00,338.0,2024-08-22
uniqueUserZone,OWM Zona2,2024-08-22 00:00:00+02:00,173.0,2024-08-22
uniqueUserZone,OWM Zona1,2024-08-22 00:00:00+02:00,914.0,2024-08-22
uniqueUserZone,OWM Zona9,2024-08-21 00:00:00+02:00,119.0,2024-08-21
uniqueUserZone,OWM Zona8,2024-08-21 00:00:00+02:00,169.0,2024-08-21
uniqueUserZone,OWM Zona7,2024-08-21 00:00:00+02:00,75.0,2024-08-21
uniqueUserZone,OWM Zona6,2024-08-21 00:00:00+02:00,175.0,2024-08-21
uniqueUserZone,OWM Zona5,2024-08-21 00:00:00+02:00,126.0,2024-08-21
uniqueUserZone,OWM Zona4,2024-08-21 00:00:00+02:00,152.0,2024-08-21
uniqueUserZone,OWM Zona3,2024-08-21 00:00:00+02:00,335.0,2024-08-21
uniqueUserZone,OWM Zona2,2024-08-21 00:00:00+02:00,160.0,2024-08-21
uniqueUserZone,OWM Zona1,2024-08-21 00:00:00+02:00,877.0,2024-08-21
uniqueUserZone,OWM Zona9,2024-08-20 00:00:00+02:00,119.0,2024-08-20
uniqueUserZone,OWM Zona8,2024-08-20 00:00:00+02:00,180.0,2024-08-20
uniqueUserZone,OWM Zona7,2024-08-20 00:00:00+02:00,76.0,2024-08-20
uniqueUserZone,OWM Zona6,2024-08-20 00:00:00+02:00,152.0,2024-08-20
uniqueUserZone,OWM Zona5,2024-08-20 00:00:00+02:00,114.0,2024-08-20
uniqueUserZone,OWM Zona4,2024-08-20 00:00:00+02:00,141.0,2024-08-20
uniqueUserZone,OWM Zona3,2024-08-20 00:00:00+02:00,367.0,2024-08-20
uniqueUserZone,OWM Zona2,2024-08-20 00:00:00+02:00,151.0,2024-08-20
uniqueUserZone,OWM Zona1,2024-08-20 00:00:00+02:00,888.0,2024-08-20
uniqueUserZone,OWM Zona9,2024-08-19 00:00:00+02:00,127.0,2024-08-19
uniqueUserZone,OWM Zona8,2024-08-19 00:00:00+02:00,180.0,2024-08-19
uniqueUserZone,OWM Zona7,2024-08-19 00:00:00+02:00,86.0,2024-08-19
uniqueUserZone,OWM Zona6,2024-08-19 00:00:00+02:00,165.0,2024-08-19
uniqueUserZone,OWM Zona5,2024-08-19 00:00:00+02:00,116.0,2024-08-19
uniqueUserZone,OWM Zona4,2024-08-19 00:00:00+02:00,166.0,2024-08-19
uniqueUserZone,OWM Zona3,2024-08-19 00:00:00+02:00,306.0,2024-08-19
uniqueUserZone,OWM Zona2,2024-08-19 00:00:00+02:00,166.0,2024-08-19
uniqueUserZone,OWM Zona1,2024-08-19 00:00:00+02:00,981.0,2024-08-19
uniqueUserZone,OWM Zona9,2024-08-18 00:00:00+02:00,91.0,2024-08-18
uniqueUserZone,OWM Zona8,2024-08-18 00:00:00+02:00,137.0,2024-08-18
uniqueUserZone,OWM Zona7,2024-08-18 00:00:00+02:00,74.0,2024-08-18
uniqueUserZone,OWM Zona6,2024-08-18 00:00:00+02:00,126.0,2024-08-18
uniqueUserZone,OWM Zona5,2024-08-18 00:00:00+02:00,92.0,2024-08-18
uniqueUserZone,OWM Zona4,2024-08-18 00:00:00+02:00,146.0,2024-08-18
uniqueUserZone,OWM Zona3,2024-08-18 00:00:00+02:00,274.0,2024-08-18
uniqueUserZone,OWM Zona2,2024-08-18 00:00:00+02:00,133.0,2024-08-18
uniqueUserZone,OWM Zona1,2024-08-18 00:00:00+02:00,935.0,2024-08-18
uniqueUserZone,OWM Zona9,2024-08-17 00:00:00+02:00,107.0,2024-08-17
uniqueUserZone,OWM Zona8,2024-08-17 00:00:00+02:00,175.0,2024-08-17
uniqueUserZone,OWM Zona7,2024-08-17 00:00:00+02:00,66.0,2024-08-17
uniqueUserZone,OWM Zona6,2024-08-17 00:00:00+02:00,153.0,2024-08-17
uniqueUserZone,OWM Zona5,2024-08-17 00:00:00+02:00,110.0,2024-08-17
uniqueUserZone,OWM Zona4,2024-08-17 00:00:00+02:00,135.0,2024-08-17
uniqueUserZone,OWM Zona3,2024-08-17 00:00:00+02:00,319.0,2024-08-17
uniqueUserZone,OWM Zona2,2024-08-17 00:00:00+02:00,156.0,2024-08-17
uniqueUserZone,OWM Zona1,2024-08-17 00:00:00+02:00,958.0,2024-08-17
uniqueUserZone,OWM Zona9,2024-08-16 00:00:00+02:00,96.0,2024-08-16
uniqueUserZone,OWM Zona8,2024-08-16 00:00:00+02:00,142.0,2024-08-16
uniqueUserZone,OWM Zona7,2024-08-16 00:00:00+02:00,62.0,2024-08-16
uniqueUserZone,OWM Zona6,2024-08-16 00:00:00+02:00,144.0,2024-08-16
uniqueUserZone,OWM Zona5,2024-08-16 00:00:00+02:00,97.0,2024-08-16
uniqueUserZone,OWM Zona4,2024-08-16 00:00:00+02:00,154.0,2024-08-16
uniqueUserZone,OWM Zona3,2024-08-16 00:00:00+02:00,309.0,2024-08-16
uniqueUserZone,OWM Zona2,2024-08-16 00:00:00+02:00,178.0,2024-08-16
uniqueUserZone,OWM Zona1,2024-08-16 00:00:00+02:00,1050.0,2024-08-16
uniqueUserZone,OWM Zona9,2024-08-15 00:00:00+02:00,90.0,2024-08-15
uniqueUserZone,OWM Zona8,2024-08-15 00:00:00+02:00,137.0,2024-08-15
uniqueUserZone,OWM Zona7,2024-08-15 00:00:00+02:00,56.0,2024-08-15
uniqueUserZone,OWM Zona6,2024-08-15 00:00:00+02:00,145.0,2024-08-15
uniqueUserZone,OWM Zona5,2024-08-15 00:00:00+02:00,85.0,2024-08-15
uniqueUserZone,OWM Zona4,2024-08-15 00:00:00+02:00,137.0,2024-08-15
uniqueUserZone,OWM Zona3,2024-08-15 00:00:00+02:00,277.0,2024-08-15
uniqueUserZone,OWM Zona2,2024-08-15 00:00:00+02:00,143.0,2024-08-15
uniqueUserZone,OWM Zona1,2024-08-15 00:00:00+02:00,1074.0,2024-08-15
uniqueUserZone,OWM Zona9,2024-08-14 00:00:00+02:00,130.0,2024-08-14
uniqueUserZone,OWM Zona8,2024-08-14 00:00:00+02:00,148.0,2024-08-14
uniqueUserZone,OWM Zona7,2024-08-14 00:00:00+02:00,63.0,2024-08-14
uniqueUserZone,OWM Zona6,2024-08-14 00:00:00+02:00,157.0,2024-08-14
uniqueUserZone,OWM Zona5,2024-08-14 00:00:00+02:00,116.0,2024-08-14
uniqueUserZone,OWM Zona4,2024-08-14 00:00:00+02:00,143.0,2024-08-14
uniqueUserZone,OWM Zona3,2024-08-14 00:00:00+02:00,319.0,2024-08-14
uniqueUserZone,OWM Zona2,2024-08-14 00:00:00+02:00,144.0,2024-08-14
uniqueUserZone,OWM Zona1,2024-08-14 00:00:00+02:00,882.0,2024-08-14
uniqueUserZone,OWM Zona9,2024-08-13 00:00:00+02:00,110.0,2024-08-13
uniqueUserZone,OWM Zona8,2024-08-13 00:00:00+02:00,160.0,2024-08-13
uniqueUserZone,OWM Zona7,2024-08-13 00:00:00+02:00,72.0,2024-08-13
uniqueUserZone,OWM Zona6,2024-08-13 00:00:00+02:00,146.0,2024-08-13
uniqueUserZone,OWM Zona5,2024-08-13 00:00:00+02:00,101.0,2024-08-13
uniqueUserZone,OWM Zona4,2024-08-13 00:00:00+02:00,152.0,2024-08-13
uniqueUserZone,OWM Zona3,2024-08-13 00:00:00+02:00,299.0,2024-08-13
uniqueUserZone,OWM Zona2,2024-08-13 00:00:00+02:00,130.0,2024-08-13
uniqueUserZone,OWM Zona1,2024-08-13 00:00:00+02:00,855.0,2024-08-13
uniqueUserZone,OWM Zona9,2024-08-12 00:00:00+02:00,113.0,2024-08-12
uniqueUserZone,OWM Zona8,2024-08-12 00:00:00+02:00,157.0,2024-08-12
uniqueUserZone,OWM Zona7,2024-08-12 00:00:00+02:00,75.0,2024-08-12
uniqueUserZone,OWM Zona6,2024-08-12 00:00:00+02:00,146.0,2024-08-12
uniqueUserZone,OWM Zona5,2024-08-12 00:00:00+02:00,129.0,2024-08-12
uniqueUserZone,OWM Zona4,2024-08-12 00:00:00+02:00,129.0,2024-08-12
uniqueUserZone,OWM Zona3,2024-08-12 00:00:00+02:00,313.0,2024-08-12
uniqueUserZone,OWM Zona2,2024-08-12 00:00:00+02:00,139.0,2024-08-12
uniqueUserZone,OWM Zona2,2024-08-11 00:00:00+02:00,144.0,2024-08-11
uniqueUserZone,OWM Zona1,2024-08-11 00:00:00+02:00,774.0,2024-08-11
uniqueUserZone,OWM Zona2,2024-08-10 00:00:00+02:00,174.0,2024-08-10
uniqueUserZone,OWM Zona1,2024-08-10 00:00:00+02:00,916.0,2024-08-10
uniqueUserZone,OWM Zona2,2024-08-09 00:00:00+02:00,173.0,2024-08-09
uniqueUserZone,OWM Zona1,2024-08-09 00:00:00+02:00,871.0,2024-08-09
uniqueUserZone,OWM Zona2,2024-08-08 00:00:00+02:00,161.0,2024-08-08
uniqueUserZone,OWM Zona1,2024-08-08 00:00:00+02:00,1039.0,2024-08-08
uniqueUserZone,OWM Zona2,2024-08-07 00:00:00+02:00,174.0,2024-08-07
uniqueUserZone,OWM Zona1,2024-08-07 00:00:00+02:00,853.0,2024-08-07
uniqueUserZone,OWM Zona2,2024-08-06 00:00:00+02:00,182.0,2024-08-06
uniqueUserZone,OWM Zona1,2024-08-06 00:00:00+02:00,1001.0,2024-08-06
uniqueUserZone,OWM Zona5,2024-08-04 00:00:00+02:00,79.0,2024-08-04
uniqueUserZone,OWM Zona4,2024-08-04 00:00:00+02:00,151.0,2024-08-04
uniqueUserZone,OWM Zona3,2024-08-04 00:00:00+02:00,317.0,2024-08-04
uniqueUserZone,OWM Zona2,2024-08-04 00:00:00+02:00,154.0,2024-08-04
uniqueUserZone,OWM Zona1,2024-08-04 00:00:00+02:00,893.0,2024-08-04
uniqueUserZone,OWM Zona9,2024-08-03 00:00:00+02:00,123.0,2024-08-03
uniqueUserZone,OWM Zona8,2024-08-03 00:00:00+02:00,176.0,2024-08-03
uniqueUserZone,OWM Zona7,2024-08-03 00:00:00+02:00,75.0,2024-08-03
uniqueUserZone,OWM Zona6,2024-08-03 00:00:00+02:00,188.0,2024-08-03
uniqueUserZone,OWM Zona5,2024-08-03 00:00:00+02:00,108.0,2024-08-03
uniqueUserZone,OWM Zona4,2024-08-03 00:00:00+02:00,167.0,2024-08-03
uniqueUserZone,OWM Zona3,2024-08-03 00:00:00+02:00,337.0,2024-08-03
uniqueUserZone,OWM Zona2,2024-08-02 00:00:00+02:00,183.0,2024-08-02
uniqueUserZone,OWM Zona1,2024-08-02 00:00:00+02:00,961.0,2024-08-02
uniqueUserZone,OWM Zona9,2024-08-01 00:00:00+02:00,113.0,2024-08-01
uniqueUserZone,OWM Zona8,2024-08-01 00:00:00+02:00,171.0,2024-08-01
uniqueUserZone,OWM Zona7,2024-08-01 00:00:00+02:00,81.0,2024-08-01
uniqueUserZone,OWM Zona6,2024-08-01 00:00:00+02:00,152.0,2024-08-01
uniqueUserZone,OWM Zona5,2024-08-01 00:00:00+02:00,100.0,2024-08-01
uniqueUserZone,OWM Zona4,2024-08-01 00:00:00+02:00,142.0,2024-08-01
uniqueUserZone,OWM Zona3,2024-08-01 00:00:00+02:00,307.0,2024-08-01
uniqueUserZone,OWM Zona2,2024-08-01 00:00:00+02:00,152.0,2024-08-01
uniqueUserZone,OWM Zona1,2024-08-01 00:00:00+02:00,820.0,2024-08-01
uniqueUserZone,OWM Zona9,2024-07-31 00:00:00+02:00,124.0,2024-07-31
uniqueUserZone,OWM Zona8,2024-07-31 00:00:00+02:00,167.0,2024-07-31
uniqueUserZone,OWM Zona7,2024-07-31 00:00:00+02:00,83.0,2024-07-31
uniqueUserZone,OWM Zona6,2024-07-31 00:00:00+02:00,146.0,2024-07-31
uniqueUserZone,OWM Zona5,2024-07-31 00:00:00+02:00,101.0,2024-07-31
uniqueUserZone,OWM Zona4,2024-07-31 00:00:00+02:00,159.0,2024-07-31
uniqueUserZone,OWM Zona3,2024-07-31 00:00:00+02:00,314.0,2024-07-31
uniqueUserZone,OWM Zona2,2024-07-31 00:00:00+02:00,167.0,2024-07-31
uniqueUserZone,OWM Zona1,2024-07-31 00:00:00+02:00,660.0,2024-07-31
uniqueUserZone,OWM Zona9,2024-07-30 00:00:00+02:00,148.0,2024-07-30
uniqueUserZone,OWM Zona8,2024-07-30 00:00:00+02:00,224.0,2024-07-30
uniqueUserZone,OWM Zona7,2024-07-30 00:00:00+02:00,113.0,2024-07-30
uniqueUserZone,OWM Zona6,2024-07-30 00:00:00+02:00,197.0,2024-07-30
uniqueUserZone,OWM Zona5,2024-07-30 00:00:00+02:00,153.0,2024-07-30
uniqueUserZone,OWM Zona4,2024-07-30 00:00:00+02:00,215.0,2024-07-30
uniqueUserZone,OWM Zona3,2024-07-30 00:00:00+02:00,464.0,2024-07-30
uniqueUserZone,OWM Zona2,2024-07-30 00:00:00+02:00,214.0,2024-07-30
uniqueUserZone,OWM Zona1,2024-07-30 00:00:00+02:00,968.0,2024-07-30
uniqueUserZone,OWM Zona9,2024-07-29 00:00:00+02:00,160.0,2024-07-29
uniqueUserZone,OWM Zona8,2024-07-29 00:00:00+02:00,211.0,2024-07-29
uniqueUserZone,OWM Zona7,2024-07-29 00:00:00+02:00,112.0,2024-07-29
uniqueUserZone,OWM Zona6,2024-07-29 00:00:00+02:00,168.0,2024-07-29
uniqueUserZone,OWM Zona5,2024-07-29 00:00:00+02:00,140.0,2024-07-29
uniqueUserZone,OWM Zona4,2024-07-29 00:00:00+02:00,212.0,2024-07-29
uniqueUserZone,OWM Zona3,2024-07-29 00:00:00+02:00,474.0,2024-07-29
uniqueUserZone,OWM Zona2,2024-07-29 00:00:00+02:00,204.0,2024-07-29
uniqueUserZone,OWM Zona1,2024-07-29 00:00:00+02:00,952.0,2024-07-29
uniqueUserZone,OWM Zona9,2024-07-28 00:00:00+02:00,117.0,2024-07-28
uniqueUserZone,OWM Zona8,2024-07-28 00:00:00+02:00,159.0,2024-07-28
uniqueUserZone,OWM Zona7,2024-07-28 00:00:00+02:00,111.0,2024-07-28
uniqueUserZone,OWM Zona6,2024-07-28 00:00:00+02:00,164.0,2024-07-28
uniqueUserZone,OWM Zona5,2024-07-28 00:00:00+02:00,108.0,2024-07-28
uniqueUserZone,OWM Zona4,2024-07-28 00:00:00+02:00,176.0,2024-07-28
uniqueUserZone,OWM Zona3,2024-07-28 00:00:00+02:00,354.0,2024-07-28
uniqueUserZone,OWM Zona2,2024-07-28 00:00:00+02:00,194.0,2024-07-28
uniqueUserZone,OWM Zona1,2024-07-28 00:00:00+02:00,872.0,2024-07-28
uniqueUserZone,OWM Zona9,2024-07-27 00:00:00+02:00,142.0,2024-07-27
uniqueUserZone,OWM Zona8,2024-07-27 00:00:00+02:00,235.0,2024-07-27
uniqueUserZone,OWM Zona7,2024-07-27 00:00:00+02:00,107.0,2024-07-27
uniqueUserZone,OWM Zona6,2024-07-27 00:00:00+02:00,176.0,2024-07-27
uniqueUserZone,OWM Zona7,2024-07-26 00:00:00+02:00,136.0,2024-07-26
uniqueUserZone,OWM Zona6,2024-07-26 00:00:00+02:00,206.0,2024-07-26
uniqueUserZone,OWM Zona5,2024-07-26 00:00:00+02:00,161.0,2024-07-26
uniqueUserZone,OWM Zona4,2024-07-26 00:00:00+02:00,196.0,2024-07-26
uniqueUserZone,OWM Zona3,2024-07-26 00:00:00+02:00,461.0,2024-07-26
uniqueUserZone,OWM Zona2,2024-07-26 00:00:00+02:00,241.0,2024-07-26
uniqueUserZone,OWM Zona1,2024-07-26 00:00:00+02:00,1091.0,2024-07-26
uniqueUserZone,OWM Zona9,2024-07-25 00:00:00+02:00,173.0,2024-07-25
uniqueUserZone,OWM Zona8,2024-07-25 00:00:00+02:00,236.0,2024-07-25
uniqueUserZone,OWM Zona7,2024-07-25 00:00:00+02:00,129.0,2024-07-25
uniqueUserZone,OWM Zona6,2024-07-25 00:00:00+02:00,230.0,2024-07-25
uniqueUserZone,OWM Zona5,2024-07-25 00:00:00+02:00,173.0,2024-07-25
uniqueUserZone,OWM Zona4,2024-07-25 00:00:00+02:00,197.0,2024-07-25
uniqueUserZone,OWM Zona5,2024-07-24 00:00:00+02:00,157.0,2024-07-24
uniqueUserZone,OWM Zona4,2024-07-24 00:00:00+02:00,206.0,2024-07-24
uniqueUserZone,OWM Zona3,2024-07-20 00:00:00+02:00,426.0,2024-07-20
uniqueUserZone,OWM Zona2,2024-07-20 00:00:00+02:00,209.0,2024-07-20
uniqueUserZone,OWM Zona1,2024-07-20 00:00:00+02:00,1071.0,2024-07-20
uniqueUserZone,OWM Zona9,2024-07-19 00:00:00+02:00,171.0,2024-07-19
uniqueUserZone,OWM Zona8,2024-07-19 00:00:00+02:00,231.0,2024-07-19
uniqueUserZone,OWM Zona7,2024-07-19 00:00:00+02:00,124.0,2024-07-19
uniqueUserZone,OWM Zona4,2024-07-17 00:00:00+02:00,229.0,2024-07-17
uniqueUserZone,OWM Zona3,2024-07-17 00:00:00+02:00,475.0,2024-07-17
uniqueUserZone,OWM Zona4,2024-07-16 00:00:00+02:00,216.0,2024-07-16
uniqueUserZone,OWM Zona3,2024-07-16 00:00:00+02:00,530.0,2024-07-16
uniqueUserZone,OWM Zona2,2024-07-16 00:00:00+02:00,215.0,2024-07-16
uniqueUserZone,OWM Zona1,2024-07-16 00:00:00+02:00,1151.0,2024-07-16
uniqueUserZone,OWM Zona9,2024-07-15 00:00:00+02:00,173.0,2024-07-15
uniqueUserZone,OWM Zona8,2024-07-15 00:00:00+02:00,241.0,2024-07-15
uniqueUserZone,OWM Zona7,2024-07-15 00:00:00+02:00,103.0,2024-07-15
uniqueUserZone,OWM Zona6,2024-07-15 00:00:00+02:00,249.0,2024-07-15
uniqueUserZone,OWM Zona5,2024-07-15 00:00:00+02:00,165.0,2024-07-15
uniqueUserZone,OWM Zona4,2024-07-15 00:00:00+02:00,198.0,2024-07-15
uniqueUserZone,OWM Zona3,2024-07-15 00:00:00+02:00,481.0,2024-07-15
uniqueUserZone,OWM Zona2,2024-07-15 00:00:00+02:00,237.0,2024-07-15
uniqueUserZone,OWM Zona1,2024-07-15 00:00:00+02:00,1080.0,2024-07-15
uniqueUserZone,OWM Zona9,2024-07-14 00:00:00+02:00,130.0,2024-07-14
uniqueUserZone,OWM Zona8,2024-07-14 00:00:00+02:00,216.0,2024-07-14
uniqueUserZone,OWM Zona7,2024-07-14 00:00:00+02:00,79.0,2024-07-14
uniqueUserZone,OWM Zona6,2024-07-14 00:00:00+02:00,209.0,2024-07-14
uniqueUserZone,OWM Zona5,2024-07-14 00:00:00+02:00,121.0,2024-07-14
uniqueUserZone,OWM Zona4,2024-07-14 00:00:00+02:00,202.0,2024-07-14
uniqueUserZone,OWM Zona3,2024-07-14 00:00:00+02:00,387.0,2024-07-14
uniqueUserZone,OWM Zona2,2024-07-14 00:00:00+02:00,175.0,2024-07-14
uniqueUserZone,OWM Zona1,2024-07-14 00:00:00+02:00,1066.0,2024-07-14
uniqueUserZone,OWM Zona9,2024-07-13 00:00:00+02:00,146.0,2024-07-13
uniqueUserZone,OWM Zona8,2024-07-13 00:00:00+02:00,248.0,2024-07-13
uniqueUserZone,OWM Zona7,2024-07-13 00:00:00+02:00,97.0,2024-07-13
uniqueUserZone,OWM Zona6,2024-07-13 00:00:00+02:00,212.0,2024-07-13
uniqueUserZone,OWM Zona5,2024-07-13 00:00:00+02:00,148.0,2024-07-13
uniqueUserZone,OWM Zona4,2024-07-13 00:00:00+02:00,208.0,2024-07-13
uniqueUserZone,OWM Zona3,2024-07-13 00:00:00+02:00,469.0,2024-07-13
uniqueUserZone,OWM Zona2,2024-07-13 00:00:00+02:00,212.0,2024-07-13
uniqueUserZone,OWM Zona1,2024-07-13 00:00:00+02:00,1292.0,2024-07-13
uniqueUserZone,OWM Zona9,2024-07-12 00:00:00+02:00,176.0,2024-07-12
uniqueUserZone,OWM Zona8,2024-07-12 00:00:00+02:00,262.0,2024-07-12
uniqueUserZone,OWM Zona7,2024-07-12 00:00:00+02:00,117.0,2024-07-12
uniqueUserZone,OWM Zona6,2024-07-12 00:00:00+02:00,240.0,2024-07-12
uniqueUserZone,OWM Zona5,2024-07-12 00:00:00+02:00,174.0,2024-07-12
uniqueUserZone,OWM Zona4,2024-07-12 00:00:00+02:00,245.0,2024-07-12
uniqueUserZone,OWM Zona3,2024-07-12 00:00:00+02:00,521.0,2024-07-12
uniqueUserZone,OWM Zona2,2024-07-12 00:00:00+02:00,225.0,2024-07-12
uniqueUserZone,OWM Zona1,2024-07-12 00:00:00+02:00,1190.0,2024-07-12
uniqueUserZone,OWM Zona9,2024-07-11 00:00:00+02:00,172.0,2024-07-11
uniqueUserZone,OWM Zona8,2024-07-11 00:00:00+02:00,224.0,2024-07-11
uniqueUserZone,OWM Zona7,2024-07-11 00:00:00+02:00,137.0,2024-07-11
uniqueUserZone,OWM Zona6,2024-07-11 00:00:00+02:00,230.0,2024-07-11
uniqueUserZone,OWM Zona5,2024-07-11 00:00:00+02:00,176.0,2024-07-11
uniqueUserZone,OWM Zona4,2024-07-11 00:00:00+02:00,232.0,2024-07-11
uniqueUserZone,OWM Zona3,2024-07-11 00:00:00+02:00,506.0,2024-07-11
uniqueUserZone,OWM Zona2,2024-07-11 00:00:00+02:00,242.0,2024-07-11
uniqueUserZone,OWM Zona1,2024-07-11 00:00:00+02:00,1111.0,2024-07-11
uniqueUserZone,OWM Zona9,2024-07-10 00:00:00+02:00,184.0,2024-07-10
uniqueUserZone,OWM Zona8,2024-07-10 00:00:00+02:00,228.0,2024-07-10
uniqueUserZone,OWM Zona7,2024-07-10 00:00:00+02:00,120.0,2024-07-10
uniqueUserZone,OWM Zona6,2024-07-10 00:00:00+02:00,233.0,2024-07-10
uniqueUserZone,OWM Zona5,2024-07-10 00:00:00+02:00,179.0,2024-07-10
uniqueUserZone,OWM Zona4,2024-07-10 00:00:00+02:00,236.0,2024-07-10
uniqueUserZone,OWM Zona3,2024-07-10 00:00:00+02:00,539.0,2024-07-10
uniqueUserZone,OWM Zona2,2024-07-10 00:00:00+02:00,232.0,2024-07-10
uniqueUserZone,OWM Zona1,2024-07-10 00:00:00+02:00,1067.0,2024-07-10
uniqueUserZone,OWM Zona9,2024-07-09 00:00:00+02:00,200.0,2024-07-09
uniqueUserZone,OWM Zona8,2024-07-09 00:00:00+02:00,239.0,2024-07-09
uniqueUserZone,OWM Zona7,2024-07-09 00:00:00+02:00,123.0,2024-07-09
uniqueUserZone,OWM Zona6,2024-07-09 00:00:00+02:00,256.0,2024-07-09
uniqueUserZone,OWM Zona5,2024-07-09 00:00:00+02:00,192.0,2024-07-09
uniqueUserZone,OWM Zona4,2024-07-09 00:00:00+02:00,230.0,2024-07-09
uniqueUserZone,OWM Zona3,2024-07-09 00:00:00+02:00,511.0,2024-07-09
uniqueUserZone,OWM Zona2,2024-07-09 00:00:00+02:00,232.0,2024-07-09
uniqueUserZone,OWM Zona1,2024-07-09 00:00:00+02:00,1225.0,2024-07-09
uniqueUserZone,OWM Zona9,2024-07-08 00:00:00+02:00,176.0,2024-07-08
uniqueUserZone,OWM Zona8,2024-07-08 00:00:00+02:00,248.0,2024-07-08
uniqueUserZone,OWM Zona7,2024-07-08 00:00:00+02:00,122.0,2024-07-08
uniqueUserZone,OWM Zona8,2024-07-07 00:00:00+02:00,187.0,2024-07-07
uniqueUserZone,OWM Zona1,2024-07-05 00:00:00+02:00,1179.0,2024-07-05
uniqueUserZone,OWM Zona9,2024-07-04 00:00:00+02:00,191.0,2024-07-04
uniqueUserZone,OWM Zona8,2024-07-04 00:00:00+02:00,251.0,2024-07-04
uniqueUserZone,OWM Zona7,2024-07-04 00:00:00+02:00,148.0,2024-07-04
uniqueUserZone,OWM Zona3,2024-07-02 00:00:00+02:00,528.0,2024-07-02
uniqueUserZone,OWM Zona2,2024-07-02 00:00:00+02:00,241.0,2024-07-02
uniqueUserZone,OWM Zona1,2024-07-02 00:00:00+02:00,1061.0,2024-07-02
uniqueUserZone,OWM Zona9,2024-07-01 00:00:00+02:00,199.0,2024-07-01
uniqueUserZone,OWM Zona8,2024-07-01 00:00:00+02:00,258.0,2024-07-01
uniqueUserZone,OWM Zona7,2024-07-01 00:00:00+02:00,149.0,2024-07-01
uniqueUserZone,OWM Zona7,2024-06-27 00:00:00+02:00,165.0,2024-06-27
uniqueUserZone,OWM Zona6,2024-06-27 00:00:00+02:00,279.0,2024-06-27
uniqueUserZone,OWM Zona5,2024-06-27 00:00:00+02:00,208.0,2024-06-27
uniqueUserZone,OWM Zona4,2024-06-27 00:00:00+02:00,254.0,2024-06-27
uniqueUserZone,OWM Zona3,2024-06-27 00:00:00+02:00,572.0,2024-06-27
uniqueUserZone,OWM Zona2,2024-06-27 00:00:00+02:00,256.0,2024-06-27
uniqueUserZone,OWM Zona3,2024-06-26 00:00:00+02:00,569.0,2024-06-26
uniqueUserZone,OWM Zona2,2024-06-26 00:00:00+02:00,294.0,2024-06-26
uniqueUserZone,OWM Zona1,2024-06-26 00:00:00+02:00,1189.0,2024-06-26
uniqueUserZone,OWM Zona9,2024-06-25 00:00:00+02:00,189.0,2024-06-25
uniqueUserZone,OWM Zona8,2024-06-25 00:00:00+02:00,242.0,2024-06-25
uniqueUserZone,OWM Zona7,2024-06-25 00:00:00+02:00,130.0,2024-06-25
uniqueUserZone,OWM Zona6,2024-06-25 00:00:00+02:00,242.0,2024-06-25
uniqueUserZone,OWM Zona5,2024-06-25 00:00:00+02:00,198.0,2024-06-25
uniqueUserZone,OWM Zona4,2024-06-25 00:00:00+02:00,219.0,2024-06-25
uniqueUserZone,OWM Zona3,2024-06-25 00:00:00+02:00,536.0,2024-06-25
uniqueUserZone,OWM Zona4,2024-06-24 00:00:00+02:00,203.0,2024-06-24
uniqueUserZone,OWM Zona3,2024-06-24 00:00:00+02:00,490.0,2024-06-24
uniqueUserZone,OWM Zona2,2024-06-24 00:00:00+02:00,233.0,2024-06-24
uniqueUserZone,OWM Zona1,2024-06-24 00:00:00+02:00,966.0,2024-06-24
uniqueUserZone,OWM Zona9,2024-06-23 00:00:00+02:00,127.0,2024-06-23
uniqueUserZone,OWM Zona8,2024-06-23 00:00:00+02:00,170.0,2024-06-23
uniqueUserZone,OWM Zona7,2024-06-23 00:00:00+02:00,87.0,2024-06-23
uniqueUserZone,OWM Zona6,2024-06-23 00:00:00+02:00,196.0,2024-06-23
uniqueUserZone,OWM Zona5,2024-06-23 00:00:00+02:00,81.0,2024-06-23
uniqueUserZone,OWM Zona6,2024-06-22 00:00:00+02:00,224.0,2024-06-22
uniqueUserZone,OWM Zona5,2024-06-22 00:00:00+02:00,113.0,2024-06-22
uniqueUserZone,OWM Zona8,2024-06-20 00:00:00+02:00,269.0,2024-06-20
uniqueUserZone,OWM Zona7,2024-06-20 00:00:00+02:00,150.0,2024-06-20
uniqueUserZone,OWM Zona6,2024-06-20 00:00:00+02:00,273.0,2024-06-20
uniqueUserZone,OWM Zona5,2024-06-20 00:00:00+02:00,196.0,2024-06-20
uniqueUserZone,OWM Zona4,2024-06-20 00:00:00+02:00,239.0,2024-06-20
uniqueUserZone,OWM Zona3,2024-06-20 00:00:00+02:00,533.0,2024-06-20
uniqueUserZone,OWM Zona2,2024-06-20 00:00:00+02:00,286.0,2024-06-20
uniqueUserZone,OWM Zona1,2024-06-20 00:00:00+02:00,1119.0,2024-06-20
uniqueUserZone,OWM Zona6,2024-06-17 00:00:00+02:00,260.0,2024-06-17
uniqueUserZone,OWM Zona5,2024-06-17 00:00:00+02:00,177.0,2024-06-17
uniqueUserZone,OWM Zona4,2024-06-17 00:00:00+02:00,245.0,2024-06-17
uniqueUserZone,OWM Zona3,2024-06-17 00:00:00+02:00,514.0,2024-06-17
uniqueUserZone,OWM Zona8,2024-06-14 00:00:00+02:00,264.0,2024-06-14
uniqueUserZone,OWM Zona7,2024-06-14 00:00:00+02:00,146.0,2024-06-14
uniqueUserZone,OWM Zona3,2024-06-12 00:00:00+02:00,464.0,2024-06-12
uniqueUserZone,OWM Zona2,2024-06-12 00:00:00+02:00,230.0,2024-06-12
uniqueUserZone,OWM Zona6,2024-06-06 00:00:00+02:00,312.0,2024-06-06
uniqueUserZone,OWM Zona5,2024-06-06 00:00:00+02:00,201.0,2024-06-06
uniqueUserZone,OWM Zona4,2024-06-06 00:00:00+02:00,293.0,2024-06-06
uniqueUserZone,OWM Zona3,2024-06-06 00:00:00+02:00,548.0,2024-06-06
uniqueUserZone,OWM Zona2,2024-06-06 00:00:00+02:00,287.0,2024-06-06
uniqueUserZone,OWM Zona1,2024-06-06 00:00:00+02:00,971.0,2024-06-06
uniqueUserZone,OWM Zona9,2024-06-05 00:00:00+02:00,217.0,2024-06-05
uniqueUserZone,OWM Zona8,2024-06-05 00:00:00+02:00,283.0,2024-06-05
uniqueUserZone,OWM Zona7,2024-06-05 00:00:00+02:00,160.0,2024-06-05
uniqueUserZone,OWM Zona6,2024-06-05 00:00:00+02:00,274.0,2024-06-05
uniqueUserZone,OWM Zona5,2024-06-05 00:00:00+02:00,198.0,2024-06-05
uniqueUserZone,OWM Zona4,2024-06-05 00:00:00+02:00,255.0,2024-06-05
uniqueUserZone,OWM Zona3,2024-06-05 00:00:00+02:00,576.0,2024-06-05
uniqueUserZone,OWM Zona4,2024-06-04 00:00:00+02:00,260.0,2024-06-04
uniqueUserZone,OWM Zona3,2024-06-04 00:00:00+02:00,583.0,2024-06-04
uniqueUserZone,OWM Zona2,2024-06-04 00:00:00+02:00,301.0,2024-06-04
uniqueUserZone,OWM Zona1,2024-06-04 00:00:00+02:00,1053.0,2024-06-04
uniqueUserZone,OWM Zona9,2024-06-03 00:00:00+02:00,198.0,2024-06-03
uniqueUserZone,OWM Zona8,2024-06-03 00:00:00+02:00,277.0,2024-06-03
uniqueUserZone,OWM Zona7,2024-06-03 00:00:00+02:00,133.0,2024-06-03
uniqueUserZone,OWM Zona6,2024-06-03 00:00:00+02:00,259.0,2024-06-03
uniqueUserZone,OWM Zona5,2024-06-03 00:00:00+02:00,187.0,2024-06-03
uniqueUserZone,OWM Zona6,2024-05-26 00:00:00+02:00,203.0,2024-05-26
uniqueUserZone,OWM Zona8,2024-05-25 00:00:00+02:00,224.0,2024-05-25
uniqueUserZone,OWM Zona7,2024-05-25 00:00:00+02:00,95.0,2024-05-25
uniqueUserZone,OWM Zona6,2024-05-25 00:00:00+02:00,193.0,2024-05-25
uniqueUserZone,OWM Zona5,2024-05-25 00:00:00+02:00,179.0,2024-05-25
uniqueUserZone,OWM Zona4,2024-05-25 00:00:00+02:00,211.0,2024-05-25
uniqueUserZone,OWM Zona3,2024-05-25 00:00:00+02:00,426.0,2024-05-25
uniqueUserZone,OWM Zona2,2024-05-25 00:00:00+02:00,235.0,2024-05-25
uniqueUserZone,OWM Zona1,2024-05-25 00:00:00+02:00,393.0,2024-05-25
uniqueUserZone,OWM Zona9,2024-05-24 00:00:00+02:00,207.0,2024-05-24
uniqueUserZone,OWM Zona8,2024-05-24 00:00:00+02:00,255.0,2024-05-24
uniqueUserZone,OWM Zona7,2024-05-24 00:00:00+02:00,111.0,2024-05-24
uniqueUserZone,OWM Zona6,2024-05-24 00:00:00+02:00,242.0,2024-05-24
uniqueUserZone,OWM Zona5,2024-05-24 00:00:00+02:00,185.0,2024-05-24
uniqueUserZone,OWM Zona4,2024-05-24 00:00:00+02:00,258.0,2024-05-24
uniqueUserZone,OWM Zona3,2024-05-24 00:00:00+02:00,461.0,2024-05-24
uniqueUserZone,OWM Zona2,2024-05-24 00:00:00+02:00,269.0,2024-05-24
uniqueUserZone,OWM Zona1,2024-05-24 00:00:00+02:00,447.0,2024-05-24
uniqueUserZone,OWM Zona9,2024-05-23 00:00:00+02:00,218.0,2024-05-23
uniqueUserZone,OWM Zona8,2024-05-23 00:00:00+02:00,264.0,2024-05-23
uniqueUserZone,OWM Zona9,2024-05-22 00:00:00+02:00,198.0,2024-05-22
uniqueUserZone,OWM Zona8,2024-05-22 00:00:00+02:00,243.0,2024-05-22
uniqueUserZone,OWM Zona7,2024-05-22 00:00:00+02:00,118.0,2024-05-22
uniqueUserZone,OWM Zona6,2024-05-22 00:00:00+02:00,216.0,2024-05-22
uniqueUserZone,OWM Zona2,2024-05-20 00:00:00+02:00,273.0,2024-05-20
uniqueUserZone,OWM Zona1,2024-05-20 00:00:00+02:00,1026.0,2024-05-20
uniqueUserZone,OWM Zona9,2024-05-19 00:00:00+02:00,168.0,2024-05-19
uniqueUserZone,OWM Zona8,2024-05-19 00:00:00+02:00,246.0,2024-05-19
uniqueUserZone,OWM Zona7,2024-05-19 00:00:00+02:00,94.0,2024-05-19
uniqueUserZone,OWM Zona6,2024-05-19 00:00:00+02:00,260.0,2024-05-19
uniqueUserZone,OWM Zona5,2024-05-19 00:00:00+02:00,161.0,2024-05-19
uniqueUserZone,OWM Zona4,2024-05-19 00:00:00+02:00,220.0,2024-05-19
uniqueUserZone,OWM Zona3,2024-05-19 00:00:00+02:00,452.0,2024-05-19
uniqueUserZone,OWM Zona2,2024-05-19 00:00:00+02:00,226.0,2024-05-19
uniqueUserZone,OWM Zona1,2024-05-19 00:00:00+02:00,1051.0,2024-05-19
uniqueUserZone,OWM Zona9,2024-05-18 00:00:00+02:00,203.0,2024-05-18
uniqueUserZone,OWM Zona8,2024-05-18 00:00:00+02:00,287.0,2024-05-18
uniqueUserZone,OWM Zona7,2024-05-18 00:00:00+02:00,103.0,2024-05-18
uniqueUserZone,OWM Zona6,2024-05-18 00:00:00+02:00,255.0,2024-05-18
uniqueUserZone,OWM Zona5,2024-05-18 00:00:00+02:00,189.0,2024-05-18
uniqueUserZone,OWM Zona4,2024-05-18 00:00:00+02:00,236.0,2024-05-18
uniqueUserZone,OWM Zona3,2024-05-18 00:00:00+02:00,549.0,2024-05-18
uniqueUserZone,OWM Zona2,2024-05-18 00:00:00+02:00,242.0,2024-05-18
uniqueUserZone,OWM Zona1,2024-05-18 00:00:00+02:00,1083.0,2024-05-18
uniqueUserZone,OWM Zona9,2024-05-17 00:00:00+02:00,231.0,2024-05-17
uniqueUserZone,OWM Zona8,2024-05-17 00:00:00+02:00,316.0,2024-05-17
uniqueUserZone,OWM Zona7,2024-05-17 00:00:00+02:00,136.0,2024-05-17
uniqueUserZone,OWM Zona6,2024-05-17 00:00:00+02:00,272.0,2024-05-17
uniqueUserZone,OWM Zona5,2024-05-17 00:00:00+02:00,212.0,2024-05-17
uniqueUserZone,OWM Zona4,2024-05-17 00:00:00+02:00,265.0,2024-05-17
uniqueUserZone,OWM Zona3,2024-05-17 00:00:00+02:00,544.0,2024-05-17
uniqueUserZone,OWM Zona2,2024-05-17 00:00:00+02:00,307.0,2024-05-17
uniqueUserZone,OWM Zona1,2024-05-17 00:00:00+02:00,1134.0,2024-05-17
uniqueUserZone,OWM Zona9,2024-05-16 00:00:00+02:00,196.0,2024-05-16
uniqueUserZone,OWM Zona8,2024-05-16 00:00:00+02:00,250.0,2024-05-16
uniqueUserZone,OWM Zona7,2024-05-16 00:00:00+02:00,104.0,2024-05-16
uniqueUserZone,OWM Zona6,2024-05-16 00:00:00+02:00,230.0,2024-05-16
uniqueUserZone,OWM Zona5,2024-05-16 00:00:00+02:00,184.0,2024-05-16
uniqueUserZone,OWM Zona4,2024-05-16 00:00:00+02:00,253.0,2024-05-16
uniqueUserZone,OWM Zona3,2024-05-16 00:00:00+02:00,446.0,2024-05-16
uniqueUserZone,OWM Zona2,2024-05-16 00:00:00+02:00,269.0,2024-05-16
uniqueUserZone,OWM Zona1,2024-05-16 00:00:00+02:00,815.0,2024-05-16
uniqueUserZone,OWM Zona9,2024-05-15 00:00:00+02:00,159.0,2024-05-15
uniqueUserZone,OWM Zona8,2024-05-15 00:00:00+02:00,240.0,2024-05-15
uniqueUserZone,OWM Zona7,2024-05-15 00:00:00+02:00,101.0,2024-05-15
uniqueUserZone,OWM Zona6,2024-05-15 00:00:00+02:00,209.0,2024-05-15
uniqueUserZone,OWM Zona5,2024-05-15 00:00:00+02:00,168.0,2024-05-15
uniqueUserZone,OWM Zona4,2024-05-15 00:00:00+02:00,223.0,2024-05-15
uniqueUserZone,OWM Zona3,2024-05-15 00:00:00+02:00,409.0,2024-05-15
uniqueUserZone,OWM Zona2,2024-05-15 00:00:00+02:00,223.0,2024-05-15
uniqueUserZone,OWM Zona1,2024-05-15 00:00:00+02:00,692.0,2024-05-15
uniqueUserZone,OWM Zona9,2024-05-14 00:00:00+02:00,200.0,2024-05-14
uniqueUserZone,OWM Zona8,2024-05-14 00:00:00+02:00,284.0,2024-05-14
uniqueUserZone,OWM Zona7,2024-05-14 00:00:00+02:00,121.0,2024-05-14
uniqueUserZone,OWM Zona6,2024-05-14 00:00:00+02:00,279.0,2024-05-14
uniqueUserZone,OWM Zona5,2024-05-14 00:00:00+02:00,218.0,2024-05-14
uniqueUserZone,OWM Zona4,2024-05-14 00:00:00+02:00,233.0,2024-05-14
uniqueUserZone,OWM Zona3,2024-05-14 00:00:00+02:00,510.0,2024-05-14
uniqueUserZone,OWM Zona2,2024-05-14 00:00:00+02:00,267.0,2024-05-14
uniqueUserZone,OWM Zona1,2024-05-14 00:00:00+02:00,903.0,2024-05-14
uniqueUserZone,OWM Zona9,2024-05-13 00:00:00+02:00,208.0,2024-05-13
uniqueUserZone,OWM Zona8,2024-05-13 00:00:00+02:00,270.0,2024-05-13
uniqueUserZone,OWM Zona7,2024-05-13 00:00:00+02:00,139.0,2024-05-13
uniqueUserZone,OWM Zona6,2024-05-13 00:00:00+02:00,244.0,2024-05-13
uniqueUserZone,OWM Zona5,2024-05-13 00:00:00+02:00,197.0,2024-05-13
uniqueUserZone,OWM Zona4,2024-05-13 00:00:00+02:00,271.0,2024-05-13
uniqueUserZone,OWM Zona3,2024-05-13 00:00:00+02:00,505.0,2024-05-13
uniqueUserZone,OWM Zona2,2024-05-13 00:00:00+02:00,262.0,2024-05-13
uniqueUserZone,OWM Zona1,2024-05-13 00:00:00+02:00,970.0,2024-05-13
uniqueUserZone,OWM Zona9,2024-05-12 00:00:00+02:00,171.0,2024-05-12
uniqueUserZone,OWM Zona8,2024-05-12 00:00:00+02:00,246.0,2024-05-12
uniqueUserZone,OWM Zona7,2024-05-12 00:00:00+02:00,118.0,2024-05-12
uniqueUserZone,OWM Zona6,2024-05-12 00:00:00+02:00,241.0,2024-05-12
uniqueUserZone,OWM Zona5,2024-05-12 00:00:00+02:00,151.0,2024-05-12
uniqueUserZone,OWM Zona4,2024-05-12 00:00:00+02:00,213.0,2024-05-12
uniqueUserZone,OWM Zona3,2024-05-12 00:00:00+02:00,453.0,2024-05-12
uniqueUserZone,OWM Zona2,2024-05-12 00:00:00+02:00,234.0,2024-05-12
uniqueUserZone,OWM Zona1,2024-05-12 00:00:00+02:00,985.0,2024-05-12
uniqueUserZone,OWM Zona9,2024-05-11 00:00:00+02:00,207.0,2024-05-11
uniqueUserZone,OWM Zona8,2024-05-11 00:00:00+02:00,283.0,2024-05-11
uniqueUserZone,OWM Zona7,2024-05-11 00:00:00+02:00,146.0,2024-05-11
uniqueUserZone,OWM Zona6,2024-05-11 00:00:00+02:00,252.0,2024-05-11
uniqueUserZone,OWM Zona5,2024-05-11 00:00:00+02:00,179.0,2024-05-11
uniqueUserZone,OWM Zona4,2024-05-11 00:00:00+02:00,233.0,2024-05-11
uniqueUserZone,OWM Zona3,2024-05-11 00:00:00+02:00,513.0,2024-05-11
uniqueUserZone,OWM Zona2,2024-05-11 00:00:00+02:00,265.0,2024-05-11
uniqueUserZone,OWM Zona1,2024-05-11 00:00:00+02:00,1202.0,2024-05-11
uniqueUserZone,OWM Zona9,2024-05-10 00:00:00+02:00,242.0,2024-05-10
uniqueUserZone,OWM Zona8,2024-05-10 00:00:00+02:00,317.0,2024-05-10
uniqueUserZone,OWM Zona7,2024-05-10 00:00:00+02:00,157.0,2024-05-10
uniqueUserZone,OWM Zona6,2024-05-10 00:00:00+02:00,281.0,2024-05-10
uniqueUserZone,OWM Zona5,2024-05-10 00:00:00+02:00,203.0,2024-05-10
uniqueUserZone,OWM Zona4,2024-05-10 00:00:00+02:00,288.0,2024-05-10
uniqueUserZone,OWM Zona3,2024-05-10 00:00:00+02:00,555.0,2024-05-10
uniqueUserZone,OWM Zona2,2024-05-10 00:00:00+02:00,297.0,2024-05-10
uniqueUserZone,OWM Zona1,2024-05-10 00:00:00+02:00,1285.0,2024-05-10
uniqueUserZone,OWM Zona9,2024-05-09 00:00:00+02:00,226.0,2024-05-09
uniqueUserZone,OWM Zona8,2024-05-09 00:00:00+02:00,314.0,2024-05-09
uniqueUserZone,OWM Zona7,2024-05-09 00:00:00+02:00,164.0,2024-05-09
uniqueUserZone,OWM Zona6,2024-05-09 00:00:00+02:00,295.0,2024-05-09
uniqueUserZone,OWM Zona5,2024-05-09 00:00:00+02:00,217.0,2024-05-09
uniqueUserZone,OWM Zona4,2024-05-09 00:00:00+02:00,270.0,2024-05-09
uniqueUserZone,OWM Zona3,2024-05-09 00:00:00+02:00,543.0,2024-05-09
uniqueUserZone,OWM Zona2,2024-05-09 00:00:00+02:00,285.0,2024-05-09
uniqueUserZone,OWM Zona1,2024-05-09 00:00:00+02:00,1175.0,2024-05-09
uniqueUserZone,OWM Zona9,2024-05-08 00:00:00+02:00,245.0,2024-05-08
uniqueUserZone,OWM Zona8,2024-05-08 00:00:00+02:00,292.0,2024-05-08
uniqueUserZone,OWM Zona7,2024-05-08 00:00:00+02:00,130.0,2024-05-08
uniqueUserZone,OWM Zona6,2024-05-08 00:00:00+02:00,270.0,2024-05-08
uniqueUserZone,OWM Zona5,2024-05-08 00:00:00+02:00,214.0,2024-05-08
uniqueUserZone,OWM Zona4,2024-05-08 00:00:00+02:00,259.0,2024-05-08
uniqueUserZone,OWM Zona3,2024-05-08 00:00:00+02:00,505.0,2024-05-08
uniqueUserZone,OWM Zona2,2024-05-08 00:00:00+02:00,269.0,2024-05-08
uniqueUserZone,OWM Zona1,2024-05-08 00:00:00+02:00,991.0,2024-05-08
uniqueUserZone,OWM Zona9,2024-05-07 00:00:00+02:00,207.0,2024-05-07
uniqueUserZone,OWM Zona8,2024-05-07 00:00:00+02:00,252.0,2024-05-07
uniqueUserZone,OWM Zona7,2024-05-07 00:00:00+02:00,141.0,2024-05-07
uniqueUserZone,OWM Zona6,2024-05-07 00:00:00+02:00,251.0,2024-05-07
uniqueUserZone,OWM Zona5,2024-05-07 00:00:00+02:00,196.0,2024-05-07
uniqueUserZone,OWM Zona4,2024-05-07 00:00:00+02:00,254.0,2024-05-07
uniqueUserZone,OWM Zona3,2024-05-07 00:00:00+02:00,491.0,2024-05-07
uniqueUserZone,OWM Zona2,2024-05-07 00:00:00+02:00,265.0,2024-05-07
uniqueUserZone,OWM Zona1,2024-05-07 00:00:00+02:00,798.0,2024-05-07
uniqueUserZone,OWM Zona9,2024-05-06 00:00:00+02:00,210.0,2024-05-06
uniqueUserZone,OWM Zona8,2024-05-06 00:00:00+02:00,286.0,2024-05-06
uniqueUserZone,OWM Zona7,2024-05-06 00:00:00+02:00,122.0,2024-05-06
uniqueUserZone,OWM Zona6,2024-05-06 00:00:00+02:00,258.0,2024-05-06
uniqueUserZone,OWM Zona5,2024-05-06 00:00:00+02:00,199.0,2024-05-06
uniqueUserZone,OWM Zona4,2024-05-06 00:00:00+02:00,254.0,2024-05-06
uniqueUserZone,OWM Zona3,2024-05-06 00:00:00+02:00,535.0,2024-05-06
uniqueUserZone,OWM Zona2,2024-05-06 00:00:00+02:00,301.0,2024-05-06
uniqueUserZone,OWM Zona1,2024-05-06 00:00:00+02:00,937.0,2024-05-06
uniqueUserZone,OWM Zona9,2024-05-05 00:00:00+02:00,151.0,2024-05-05
uniqueUserZone,OWM Zona8,2024-05-05 00:00:00+02:00,237.0,2024-05-05
uniqueUserZone,OWM Zona7,2024-05-05 00:00:00+02:00,141.0,2024-05-05
uniqueUserZone,OWM Zona6,2024-05-05 00:00:00+02:00,213.0,2024-05-05
uniqueUserZone,OWM Zona5,2024-05-05 00:00:00+02:00,167.0,2024-05-05
uniqueUserZone,OWM Zona4,2024-05-05 00:00:00+02:00,239.0,2024-05-05
uniqueUserZone,OWM Zona3,2024-05-05 00:00:00+02:00,428.0,2024-05-05
uniqueUserZone,OWM Zona2,2024-05-05 00:00:00+02:00,215.0,2024-05-05
uniqueUserZone,OWM Zona1,2024-05-05 00:00:00+02:00,984.0,2024-05-05
uniqueUserZone,OWM Zona9,2024-05-04 00:00:00+02:00,196.0,2024-05-04
uniqueUserZone,OWM Zona8,2024-05-04 00:00:00+02:00,250.0,2024-05-04
uniqueUserZone,OWM Zona7,2024-05-04 00:00:00+02:00,126.0,2024-05-04
uniqueUserZone,OWM Zona6,2024-05-04 00:00:00+02:00,242.0,2024-05-04
uniqueUserZone,OWM Zona5,2024-05-04 00:00:00+02:00,170.0,2024-05-04
uniqueUserZone,OWM Zona4,2024-05-04 00:00:00+02:00,218.0,2024-05-04
uniqueUserZone,OWM Zona3,2024-05-04 00:00:00+02:00,511.0,2024-05-04
uniqueUserZone,OWM Zona2,2024-05-04 00:00:00+02:00,271.0,2024-05-04
uniqueUserZone,OWM Zona1,2024-05-04 00:00:00+02:00,1105.0,2024-05-04
uniqueUserZone,OWM Zona9,2024-05-03 00:00:00+02:00,223.0,2024-05-03
uniqueUserZone,OWM Zona8,2024-05-03 00:00:00+02:00,290.0,2024-05-03
uniqueUserZone,OWM Zona7,2024-05-03 00:00:00+02:00,148.0,2024-05-03
uniqueUserZone,OWM Zona6,2024-05-03 00:00:00+02:00,270.0,2024-05-03
uniqueUserZone,OWM Zona5,2024-05-03 00:00:00+02:00,212.0,2024-05-03
uniqueUserZone,OWM Zona4,2024-05-03 00:00:00+02:00,271.0,2024-05-03
uniqueUserZone,OWM Zona3,2024-05-03 00:00:00+02:00,513.0,2024-05-03
uniqueUserZone,OWM Zona2,2024-05-03 00:00:00+02:00,305.0,2024-05-03
uniqueUserZone,OWM Zona1,2024-05-03 00:00:00+02:00,1118.0,2024-05-03
uniqueUserZone,OWM Zona9,2024-05-02 00:00:00+02:00,195.0,2024-05-02
uniqueUserZone,OWM Zona8,2024-05-02 00:00:00+02:00,215.0,2024-05-02
uniqueUserZone,OWM Zona7,2024-05-02 00:00:00+02:00,108.0,2024-05-02
uniqueUserZone,OWM Zona6,2024-05-02 00:00:00+02:00,225.0,2024-05-02
uniqueUserZone,OWM Zona5,2024-05-02 00:00:00+02:00,174.0,2024-05-02
uniqueUserZone,OWM Zona4,2024-05-02 00:00:00+02:00,222.0,2024-05-02
uniqueUserZone,OWM Zona3,2024-05-02 00:00:00+02:00,444.0,2024-05-02
uniqueUserZone,OWM Zona2,2024-05-02 00:00:00+02:00,243.0,2024-05-02
uniqueUserZone,OWM Zona1,2024-05-02 00:00:00+02:00,786.0,2024-05-02
uniqueUserZone,OWM Zona9,2024-05-01 00:00:00+02:00,147.0,2024-05-01
uniqueUserZone,OWM Zona8,2024-05-01 00:00:00+02:00,167.0,2024-05-01
uniqueUserZone,OWM Zona7,2024-05-01 00:00:00+02:00,96.0,2024-05-01
uniqueUserZone,OWM Zona6,2024-05-01 00:00:00+02:00,156.0,2024-05-01
uniqueUserZone,OWM Zona5,2024-05-01 00:00:00+02:00,141.0,2024-05-01
uniqueUserZone,OWM Zona4,2024-05-01 00:00:00+02:00,177.0,2024-05-01
uniqueUserZone,OWM Zona3,2024-05-01 00:00:00+02:00,342.0,2024-05-01
uniqueUserZone,OWM Zona2,2024-05-01 00:00:00+02:00,177.0,2024-05-01
uniqueUserZone,OWM Zona1,2024-05-01 00:00:00+02:00,689.0,2024-05-01
uniqueUserZone,OWM Zona9,2024-04-30 00:00:00+02:00,263.0,2024-04-30
uniqueUserZone,OWM Zona8,2024-04-30 00:00:00+02:00,291.0,2024-04-30
uniqueUserZone,OWM Zona7,2024-04-30 00:00:00+02:00,156.0,2024-04-30
uniqueUserZone,OWM Zona6,2024-04-30 00:00:00+02:00,254.0,2024-04-30
uniqueUserZone,OWM Zona5,2024-04-30 00:00:00+02:00,207.0,2024-04-30
uniqueUserZone,OWM Zona4,2024-04-30 00:00:00+02:00,254.0,2024-04-30
uniqueUserZone,OWM Zona3,2024-04-30 00:00:00+02:00,530.0,2024-04-30
uniqueUserZone,OWM Zona2,2024-04-30 00:00:00+02:00,261.0,2024-04-30
uniqueUserZone,OWM Zona1,2024-04-30 00:00:00+02:00,977.0,2024-04-30
uniqueUserZone,OWM Zona9,2024-04-29 00:00:00+02:00,224.0,2024-04-29
uniqueUserZone,OWM Zona8,2024-04-29 00:00:00+02:00,284.0,2024-04-29
uniqueUserZone,OWM Zona7,2024-04-29 00:00:00+02:00,141.0,2024-04-29
uniqueUserZone,OWM Zona6,2024-04-29 00:00:00+02:00,247.0,2024-04-29
uniqueUserZone,OWM Zona5,2024-04-29 00:00:00+02:00,186.0,2024-04-29
uniqueUserZone,OWM Zona4,2024-04-29 00:00:00+02:00,232.0,2024-04-29
uniqueUserZone,OWM Zona3,2024-04-29 00:00:00+02:00,477.0,2024-04-29
uniqueUserZone,OWM Zona2,2024-04-29 00:00:00+02:00,279.0,2024-04-29
uniqueUserZone,OWM Zona1,2024-04-29 00:00:00+02:00,985.0,2024-04-29
uniqueUserZone,OWM Zona9,2024-04-28 00:00:00+02:00,159.0,2024-04-28
uniqueUserZone,OWM Zona8,2024-04-28 00:00:00+02:00,199.0,2024-04-28
uniqueUserZone,OWM Zona7,2024-04-28 00:00:00+02:00,93.0,2024-04-28
uniqueUserZone,OWM Zona6,2024-04-28 00:00:00+02:00,199.0,2024-04-28
uniqueUserZone,OWM Zona5,2024-04-28 00:00:00+02:00,126.0,2024-04-28
uniqueUserZone,OWM Zona4,2024-04-28 00:00:00+02:00,218.0,2024-04-28
uniqueUserZone,OWM Zona3,2024-04-28 00:00:00+02:00,369.0,2024-04-28
uniqueUserZone,OWM Zona2,2024-04-28 00:00:00+02:00,176.0,2024-04-28
uniqueUserZone,OWM Zona1,2024-04-28 00:00:00+02:00,1175.0,2024-04-28
uniqueUserZone,OWM Zona9,2024-04-27 00:00:00+02:00,143.0,2024-04-27
uniqueUserZone,OWM Zona8,2024-04-27 00:00:00+02:00,185.0,2024-04-27
uniqueUserZone,OWM Zona7,2024-04-27 00:00:00+02:00,107.0,2024-04-27
uniqueUserZone,OWM Zona6,2024-04-27 00:00:00+02:00,182.0,2024-04-27
uniqueUserZone,OWM Zona5,2024-04-27 00:00:00+02:00,142.0,2024-04-27
uniqueUserZone,OWM Zona4,2024-04-27 00:00:00+02:00,204.0,2024-04-27
uniqueUserZone,OWM Zona3,2024-04-27 00:00:00+02:00,414.0,2024-04-27
uniqueUserZone,OWM Zona2,2024-04-27 00:00:00+02:00,202.0,2024-04-27
uniqueUserZone,OWM Zona1,2024-04-27 00:00:00+02:00,1027.0,2024-04-27
uniqueUserZone,OWM Zona9,2024-04-26 00:00:00+02:00,167.0,2024-04-26
uniqueUserZone,OWM Zona8,2024-04-26 00:00:00+02:00,189.0,2024-04-26
uniqueUserZone,OWM Zona7,2024-04-26 00:00:00+02:00,105.0,2024-04-26
uniqueUserZone,OWM Zona6,2024-04-26 00:00:00+02:00,202.0,2024-04-26
uniqueUserZone,OWM Zona5,2024-04-26 00:00:00+02:00,145.0,2024-04-26
uniqueUserZone,OWM Zona4,2024-04-26 00:00:00+02:00,191.0,2024-04-26
uniqueUserZone,OWM Zona3,2024-04-26 00:00:00+02:00,376.0,2024-04-26
uniqueUserZone,OWM Zona2,2024-04-26 00:00:00+02:00,191.0,2024-04-26
uniqueUserZone,OWM Zona1,2024-04-26 00:00:00+02:00,780.0,2024-04-26
uniqueUserZone,OWM Zona2,2024-04-22 00:00:00+02:00,206.0,2024-04-22
uniqueUserZone,OWM Zona1,2024-04-22 00:00:00+02:00,575.0,2024-04-22
uniqueUserZone,OWM Zona9,2024-04-21 00:00:00+02:00,155.0,2024-04-21
uniqueUserZone,OWM Zona8,2024-04-21 00:00:00+02:00,227.0,2024-04-21
uniqueUserZone,OWM Zona7,2024-04-21 00:00:00+02:00,99.0,2024-04-21
uniqueUserZone,OWM Zona6,2024-04-21 00:00:00+02:00,204.0,2024-04-21
uniqueUserZone,OWM Zona5,2024-04-21 00:00:00+02:00,142.0,2024-04-21
uniqueUserZone,OWM Zona4,2024-04-21 00:00:00+02:00,207.0,2024-04-21
uniqueUserZone,OWM Zona3,2024-04-21 00:00:00+02:00,413.0,2024-04-21
uniqueUserZone,OWM Zona2,2024-04-21 00:00:00+02:00,243.0,2024-04-21
uniqueUserZone,OWM Zona1,2024-04-21 00:00:00+02:00,858.0,2024-04-21
uniqueUserZone,OWM Zona9,2024-04-20 00:00:00+02:00,177.0,2024-04-20
uniqueUserZone,OWM Zona8,2024-04-20 00:00:00+02:00,284.0,2024-04-20
uniqueUserZone,OWM Zona7,2024-04-20 00:00:00+02:00,120.0,2024-04-20
uniqueUserZone,OWM Zona6,2024-04-20 00:00:00+02:00,254.0,2024-04-20
uniqueUserZone,OWM Zona5,2024-04-20 00:00:00+02:00,178.0,2024-04-20
uniqueUserZone,OWM Zona4,2024-04-20 00:00:00+02:00,214.0,2024-04-20
uniqueUserZone,OWM Zona3,2024-04-20 00:00:00+02:00,518.0,2024-04-20
uniqueUserZone,OWM Zona2,2024-04-20 00:00:00+02:00,227.0,2024-04-20
uniqueUserZone,OWM Zona1,2024-04-20 00:00:00+02:00,1121.0,2024-04-20
uniqueUserZone,OWM Zona9,2024-04-19 00:00:00+02:00,229.0,2024-04-19
uniqueUserZone,OWM Zona8,2024-04-19 00:00:00+02:00,317.0,2024-04-19
uniqueUserZone,OWM Zona7,2024-04-19 00:00:00+02:00,133.0,2024-04-19
uniqueUserZone,OWM Zona6,2024-04-19 00:00:00+02:00,274.0,2024-04-19
uniqueUserZone,OWM Zona5,2024-04-19 00:00:00+02:00,203.0,2024-04-19
uniqueUserZone,OWM Zona4,2024-04-19 00:00:00+02:00,283.0,2024-04-19
uniqueUserZone,OWM Zona3,2024-04-19 00:00:00+02:00,553.0,2024-04-19
uniqueUserZone,OWM Zona2,2024-04-19 00:00:00+02:00,299.0,2024-04-19
uniqueUserZone,OWM Zona1,2024-04-19 00:00:00+02:00,1145.0,2024-04-19
uniqueUserZone,OWM Zona9,2024-04-18 00:00:00+02:00,213.0,2024-04-18
uniqueUserZone,OWM Zona8,2024-04-18 00:00:00+02:00,297.0,2024-04-18
uniqueUserZone,OWM Zona7,2024-04-18 00:00:00+02:00,126.0,2024-04-18
uniqueUserZone,OWM Zona6,2024-04-18 00:00:00+02:00,301.0,2024-04-18
uniqueUserZone,OWM Zona5,2024-04-18 00:00:00+02:00,189.0,2024-04-18
uniqueUserZone,OWM Zona4,2024-04-18 00:00:00+02:00,243.0,2024-04-18
uniqueUserZone,OWM Zona3,2024-04-18 00:00:00+02:00,553.0,2024-04-18
uniqueUserZone,OWM Zona2,2024-04-18 00:00:00+02:00,276.0,2024-04-18
uniqueUserZone,OWM Zona1,2024-04-18 00:00:00+02:00,921.0,2024-04-18
uniqueUserZone,OWM Zona9,2024-04-17 00:00:00+02:00,206.0,2024-04-17
uniqueUserZone,OWM Zona8,2024-04-17 00:00:00+02:00,265.0,2024-04-17
uniqueUserZone,OWM Zona7,2024-04-17 00:00:00+02:00,125.0,2024-04-17
uniqueUserZone,OWM Zona6,2024-04-17 00:00:00+02:00,266.0,2024-04-17
uniqueUserZone,OWM Zona5,2024-04-17 00:00:00+02:00,174.0,2024-04-17
uniqueUserZone,OWM Zona4,2024-04-17 00:00:00+02:00,252.0,2024-04-17
uniqueUserZone,OWM Zona3,2024-04-17 00:00:00+02:00,509.0,2024-04-17
uniqueUserZone,OWM Zona2,2024-04-17 00:00:00+02:00,281.0,2024-04-17
uniqueUserZone,OWM Zona1,2024-04-17 00:00:00+02:00,952.0,2024-04-17
uniqueUserZone,OWM Zona9,2024-04-16 00:00:00+02:00,206.0,2024-04-16
uniqueUserZone,OWM Zona8,2024-04-16 00:00:00+02:00,276.0,2024-04-16
uniqueUserZone,OWM Zona7,2024-04-16 00:00:00+02:00,130.0,2024-04-16
uniqueUserZone,OWM Zona6,2024-04-16 00:00:00+02:00,287.0,2024-04-16
uniqueUserZone,OWM Zona5,2024-04-16 00:00:00+02:00,189.0,2024-04-16
uniqueUserZone,OWM Zona4,2024-04-16 00:00:00+02:00,247.0,2024-04-16
uniqueUserZone,OWM Zona3,2024-04-16 00:00:00+02:00,556.0,2024-04-16
uniqueUserZone,OWM Zona2,2024-04-16 00:00:00+02:00,270.0,2024-04-16
uniqueUserZone,OWM Zona1,2024-04-16 00:00:00+02:00,881.0,2024-04-16
uniqueUserZone,OWM Zona9,2024-04-15 00:00:00+02:00,206.0,2024-04-15
uniqueUserZone,OWM Zona8,2024-04-15 00:00:00+02:00,284.0,2024-04-15
uniqueUserZone,OWM Zona7,2024-04-15 00:00:00+02:00,148.0,2024-04-15
uniqueUserZone,OWM Zona6,2024-04-15 00:00:00+02:00,242.0,2024-04-15
uniqueUserZone,OWM Zona5,2024-04-15 00:00:00+02:00,181.0,2024-04-15
uniqueUserZone,OWM Zona4,2024-04-15 00:00:00+02:00,233.0,2024-04-15
uniqueUserZone,OWM Zona3,2024-04-15 00:00:00+02:00,547.0,2024-04-15
uniqueUserZone,OWM Zona2,2024-04-15 00:00:00+02:00,274.0,2024-04-15
uniqueUserZone,OWM Zona1,2024-04-15 00:00:00+02:00,954.0,2024-04-15
uniqueUserZone,OWM Zona9,2024-04-14 00:00:00+02:00,162.0,2024-04-14
uniqueUserZone,OWM Zona8,2024-04-14 00:00:00+02:00,212.0,2024-04-14
uniqueUserZone,OWM Zona7,2024-04-14 00:00:00+02:00,101.0,2024-04-14
uniqueUserZone,OWM Zona6,2024-04-14 00:00:00+02:00,212.0,2024-04-14
uniqueUserZone,OWM Zona5,2024-04-14 00:00:00+02:00,103.0,2024-04-14
uniqueUserZone,OWM Zona4,2024-04-14 00:00:00+02:00,197.0,2024-04-14
uniqueUserZone,OWM Zona3,2024-04-14 00:00:00+02:00,376.0,2024-04-14
uniqueUserZone,OWM Zona2,2024-04-14 00:00:00+02:00,226.0,2024-04-14
uniqueUserZone,OWM Zona1,2024-04-14 00:00:00+02:00,630.0,2024-04-14
uniqueUserZone,OWM Zona9,2024-04-13 00:00:00+02:00,186.0,2024-04-13
uniqueUserZone,OWM Zona8,2024-04-13 00:00:00+02:00,257.0,2024-04-13
uniqueUserZone,OWM Zona7,2024-04-13 00:00:00+02:00,127.0,2024-04-13
uniqueUserZone,OWM Zona6,2024-04-13 00:00:00+02:00,210.0,2024-04-13
uniqueUserZone,OWM Zona5,2024-04-13 00:00:00+02:00,124.0,2024-04-13
uniqueUserZone,OWM Zona4,2024-04-13 00:00:00+02:00,222.0,2024-04-13
uniqueUserZone,OWM Zona3,2024-04-13 00:00:00+02:00,461.0,2024-04-13
uniqueUserZone,OWM Zona2,2024-04-13 00:00:00+02:00,208.0,2024-04-13
uniqueUserZone,OWM Zona1,2024-04-13 00:00:00+02:00,652.0,2024-04-13
uniqueUserZone,OWM Zona9,2024-04-12 00:00:00+02:00,219.0,2024-04-12
uniqueUserZone,OWM Zona8,2024-04-12 00:00:00+02:00,306.0,2024-04-12
uniqueUserZone,OWM Zona7,2024-04-12 00:00:00+02:00,147.0,2024-04-12
uniqueUserZone,OWM Zona6,2024-04-12 00:00:00+02:00,234.0,2024-04-12
uniqueUserZone,OWM Zona5,2024-04-12 00:00:00+02:00,198.0,2024-04-12
uniqueUserZone,OWM Zona4,2024-04-12 00:00:00+02:00,252.0,2024-04-12
uniqueUserZone,OWM Zona3,2024-04-12 00:00:00+02:00,529.0,2024-04-12
uniqueUserZone,OWM Zona2,2024-04-12 00:00:00+02:00,265.0,2024-04-12
uniqueUserZone,OWM Zona1,2024-04-12 00:00:00+02:00,684.0,2024-04-12
uniqueUserZone,OWM Zona9,2024-04-11 00:00:00+02:00,215.0,2024-04-11
uniqueUserZone,OWM Zona8,2024-04-11 00:00:00+02:00,337.0,2024-04-11
uniqueUserZone,OWM Zona7,2024-04-11 00:00:00+02:00,155.0,2024-04-11
uniqueUserZone,OWM Zona6,2024-04-11 00:00:00+02:00,272.0,2024-04-11
uniqueUserZone,OWM Zona5,2024-04-11 00:00:00+02:00,198.0,2024-04-11
uniqueUserZone,OWM Zona4,2024-04-11 00:00:00+02:00,237.0,2024-04-11
uniqueUserZone,OWM Zona3,2024-04-11 00:00:00+02:00,555.0,2024-04-11
uniqueUserZone,OWM Zona2,2024-04-11 00:00:00+02:00,297.0,2024-04-11
uniqueUserZone,OWM Zona1,2024-04-11 00:00:00+02:00,1052.0,2024-04-11
uniqueUserZone,OWM Zona9,2024-04-10 00:00:00+02:00,195.0,2024-04-10
uniqueUserZone,OWM Zona8,2024-04-10 00:00:00+02:00,240.0,2024-04-10
uniqueUserZone,OWM Zona7,2024-04-10 00:00:00+02:00,126.0,2024-04-10
uniqueUserZone,OWM Zona6,2024-04-10 00:00:00+02:00,241.0,2024-04-10
uniqueUserZone,OWM Zona7,2024-04-09 00:00:00+02:00,121.0,2024-04-09
uniqueUserZone,OWM Zona6,2024-04-09 00:00:00+02:00,263.0,2024-04-09
uniqueUserZone,OWM Zona5,2024-04-09 00:00:00+02:00,187.0,2024-04-09
uniqueUserZone,OWM Zona4,2024-04-09 00:00:00+02:00,240.0,2024-04-09
uniqueUserZone,OWM Zona3,2024-04-09 00:00:00+02:00,520.0,2024-04-09
uniqueUserZone,OWM Zona2,2024-04-09 00:00:00+02:00,253.0,2024-04-09
uniqueUserZone,OWM Zona1,2024-04-09 00:00:00+02:00,917.0,2024-04-09
uniqueUserZone,OWM Zona9,2024-04-08 00:00:00+02:00,241.0,2024-04-08
uniqueUserZone,OWM Zona8,2024-04-08 00:00:00+02:00,289.0,2024-04-08
uniqueUserZone,OWM Zona7,2024-04-08 00:00:00+02:00,154.0,2024-04-08
uniqueUserZone,OWM Zona6,2024-04-08 00:00:00+02:00,251.0,2024-04-08
uniqueUserZone,OWM Zona5,2024-04-08 00:00:00+02:00,185.0,2024-04-08
uniqueUserZone,OWM Zona4,2024-04-08 00:00:00+02:00,222.0,2024-04-08
uniqueUserZone,OWM Zona3,2024-04-08 00:00:00+02:00,523.0,2024-04-08
uniqueUserZone,OWM Zona2,2024-04-08 00:00:00+02:00,251.0,2024-04-08
uniqueUserZone,OWM Zona1,2024-04-08 00:00:00+02:00,923.0,2024-04-08
uniqueUserZone,OWM Zona9,2024-04-07 00:00:00+02:00,167.0,2024-04-07
uniqueUserZone,OWM Zona8,2024-04-07 00:00:00+02:00,258.0,2024-04-07
uniqueUserZone,OWM Zona7,2024-04-07 00:00:00+02:00,111.0,2024-04-07
uniqueUserZone,OWM Zona6,2024-04-07 00:00:00+02:00,213.0,2024-04-07
uniqueUserZone,OWM Zona5,2024-04-07 00:00:00+02:00,153.0,2024-04-07
uniqueUserZone,OWM Zona4,2024-04-07 00:00:00+02:00,177.0,2024-04-07
uniqueUserZone,OWM Zona3,2024-04-07 00:00:00+02:00,409.0,2024-04-07
uniqueUserZone,OWM Zona5,2024-03-31 00:00:00+01:00,100.0,2024-03-31
uniqueUserZone,OWM Zona4,2024-03-31 00:00:00+01:00,127.0,2024-03-31
uniqueUserZone,OWM Zona3,2024-03-31 00:00:00+01:00,256.0,2024-03-31
uniqueUserZone,OWM Zona2,2024-03-31 00:00:00+01:00,153.0,2024-03-31
uniqueUserZone,OWM Zona1,2024-03-31 00:00:00+01:00,448.0,2024-03-31
uniqueUserZone,OWM Zona9,2024-03-30 00:00:00+01:00,138.0,2024-03-30
uniqueUserZone,OWM Zona4,2024-03-29 00:00:00+01:00,191.0,2024-03-29
uniqueUserZone,OWM Zona3,2024-03-29 00:00:00+01:00,451.0,2024-03-29
uniqueUserZone,OWM Zona2,2024-03-29 00:00:00+01:00,216.0,2024-03-29
uniqueUserZone,OWM Zona1,2024-03-29 00:00:00+01:00,942.0,2024-03-29
uniqueUserZone,OWM Zona9,2024-03-28 00:00:00+01:00,179.0,2024-03-28
uniqueUserZone,OWM Zona8,2024-03-28 00:00:00+01:00,230.0,2024-03-28
uniqueUserZone,OWM Zona1,2024-03-24 00:00:00+01:00,816.0,2024-03-24
uniqueUserZone,OWM Zona9,2024-03-23 00:00:00+01:00,171.0,2024-03-23
uniqueUserZone,OWM Zona8,2024-03-23 00:00:00+01:00,270.0,2024-03-23
uniqueUserZone,OWM Zona7,2024-03-23 00:00:00+01:00,113.0,2024-03-23
uniqueUserZone,OWM Zona6,2024-03-23 00:00:00+01:00,231.0,2024-03-23
uniqueUserZone,OWM Zona5,2024-03-23 00:00:00+01:00,158.0,2024-03-23
uniqueUserZone,OWM Zona4,2024-03-23 00:00:00+01:00,226.0,2024-03-23
uniqueUserZone,OWM Zona3,2024-03-23 00:00:00+01:00,486.0,2024-03-23
uniqueUserZone,OWM Zona2,2024-03-23 00:00:00+01:00,232.0,2024-03-23
uniqueUserZone,OWM Zona1,2024-03-23 00:00:00+01:00,929.0,2024-03-23
uniqueUserZone,OWM Zona9,2024-03-22 00:00:00+01:00,229.0,2024-03-22
uniqueUserZone,OWM Zona8,2024-03-22 00:00:00+01:00,335.0,2024-03-22
uniqueUserZone,OWM Zona7,2024-03-22 00:00:00+01:00,147.0,2024-03-22
uniqueUserZone,OWM Zona6,2024-03-22 00:00:00+01:00,266.0,2024-03-22
uniqueUserZone,OWM Zona5,2024-03-22 00:00:00+01:00,211.0,2024-03-22
uniqueUserZone,OWM Zona4,2024-03-22 00:00:00+01:00,270.0,2024-03-22
uniqueUserZone,OWM Zona3,2024-03-22 00:00:00+01:00,548.0,2024-03-22
uniqueUserZone,OWM Zona2,2024-03-22 00:00:00+01:00,277.0,2024-03-22
uniqueUserZone,OWM Zona1,2024-03-22 00:00:00+01:00,846.0,2024-03-22
uniqueUserZone,OWM Zona9,2024-03-21 00:00:00+01:00,199.0,2024-03-21
uniqueUserZone,OWM Zona8,2024-03-21 00:00:00+01:00,292.0,2024-03-21
uniqueUserZone,OWM Zona7,2024-03-21 00:00:00+01:00,125.0,2024-03-21
uniqueUserZone,OWM Zona6,2024-03-21 00:00:00+01:00,272.0,2024-03-21
uniqueUserZone,OWM Zona5,2024-03-21 00:00:00+01:00,200.0,2024-03-21
uniqueUserZone,OWM Zona4,2024-03-21 00:00:00+01:00,222.0,2024-03-21
uniqueUserZone,OWM Zona3,2024-03-21 00:00:00+01:00,512.0,2024-03-21
uniqueUserZone,OWM Zona2,2024-03-21 00:00:00+01:00,286.0,2024-03-21
uniqueUserZone,OWM Zona1,2024-03-21 00:00:00+01:00,780.0,2024-03-21
uniqueUserZone,OWM Zona9,2024-03-20 00:00:00+01:00,214.0,2024-03-20
uniqueUserZone,OWM Zona8,2024-03-20 00:00:00+01:00,299.0,2024-03-20
uniqueUserZone,OWM Zona9,2024-03-19 00:00:00+01:00,189.0,2024-03-19
uniqueUserZone,OWM Zona8,2024-03-19 00:00:00+01:00,281.0,2024-03-19
uniqueUserZone,OWM Zona7,2024-03-19 00:00:00+01:00,121.0,2024-03-19
uniqueUserZone,OWM Zona6,2024-03-19 00:00:00+01:00,260.0,2024-03-19
uniqueUserZone,OWM Zona5,2024-03-19 00:00:00+01:00,209.0,2024-03-19
uniqueUserZone,OWM Zona4,2024-03-19 00:00:00+01:00,221.0,2024-03-19
uniqueUserZone,OWM Zona3,2024-03-19 00:00:00+01:00,514.0,2024-03-19
uniqueUserZone,OWM Zona2,2024-03-19 00:00:00+01:00,275.0,2024-03-19
uniqueUserZone,OWM Zona1,2024-03-19 00:00:00+01:00,804.0,2024-03-19
uniqueUserZone,OWM Zona9,2024-03-18 00:00:00+01:00,203.0,2024-03-18
uniqueUserZone,OWM Zona8,2024-03-18 00:00:00+01:00,283.0,2024-03-18
uniqueUserZone,OWM Zona7,2024-03-18 00:00:00+01:00,137.0,2024-03-18
uniqueUserZone,OWM Zona6,2024-03-18 00:00:00+01:00,238.0,2024-03-18
uniqueUserZone,OWM Zona5,2024-03-18 00:00:00+01:00,198.0,2024-03-18
uniqueUserZone,OWM Zona4,2024-03-18 00:00:00+01:00,213.0,2024-03-18
uniqueUserZone,OWM Zona3,2024-03-18 00:00:00+01:00,507.0,2024-03-18
uniqueUserZone,OWM Zona2,2024-03-18 00:00:00+01:00,286.0,2024-03-18
uniqueUserZone,OWM Zona1,2024-03-18 00:00:00+01:00,754.0,2024-03-18
uniqueUserZone,OWM Zona9,2024-03-17 00:00:00+01:00,138.0,2024-03-17
uniqueUserZone,OWM Zona8,2024-03-17 00:00:00+01:00,221.0,2024-03-17
uniqueUserZone,OWM Zona7,2024-03-17 00:00:00+01:00,108.0,2024-03-17
uniqueUserZone,OWM Zona6,2024-03-17 00:00:00+01:00,212.0,2024-03-17
uniqueUserZone,OWM Zona5,2024-03-17 00:00:00+01:00,123.0,2024-03-17
uniqueUserZone,OWM Zona4,2024-03-17 00:00:00+01:00,205.0,2024-03-17
uniqueUserZone,OWM Zona3,2024-03-17 00:00:00+01:00,413.0,2024-03-17
uniqueUserZone,OWM Zona2,2024-03-17 00:00:00+01:00,222.0,2024-03-17
uniqueUserZone,OWM Zona1,2024-03-17 00:00:00+01:00,759.0,2024-03-17
uniqueUserZone,OWM Zona9,2024-03-16 00:00:00+01:00,168.0,2024-03-16
uniqueUserZone,OWM Zona8,2024-03-16 00:00:00+01:00,277.0,2024-03-16
uniqueUserZone,OWM Zona7,2024-03-16 00:00:00+01:00,125.0,2024-03-16
uniqueUserZone,OWM Zona6,2024-03-16 00:00:00+01:00,238.0,2024-03-16
uniqueUserZone,OWM Zona5,2024-03-16 00:00:00+01:00,145.0,2024-03-16
uniqueUserZone,OWM Zona4,2024-03-16 00:00:00+01:00,216.0,2024-03-16
uniqueUserZone,OWM Zona3,2024-03-16 00:00:00+01:00,449.0,2024-03-16
uniqueUserZone,OWM Zona2,2024-03-16 00:00:00+01:00,227.0,2024-03-16
uniqueUserZone,OWM Zona1,2024-03-16 00:00:00+01:00,886.0,2024-03-16
uniqueUserZone,OWM Zona9,2024-03-15 00:00:00+01:00,203.0,2024-03-15
uniqueUserZone,OWM Zona8,2024-03-15 00:00:00+01:00,291.0,2024-03-15
uniqueUserZone,OWM Zona7,2024-03-15 00:00:00+01:00,143.0,2024-03-15
uniqueUserZone,OWM Zona6,2024-03-15 00:00:00+01:00,271.0,2024-03-15
uniqueUserZone,OWM Zona5,2024-03-15 00:00:00+01:00,181.0,2024-03-15
uniqueUserZone,OWM Zona4,2024-03-15 00:00:00+01:00,245.0,2024-03-15
uniqueUserZone,OWM Zona3,2024-03-15 00:00:00+01:00,481.0,2024-03-15
uniqueUserZone,OWM Zona2,2024-03-15 00:00:00+01:00,261.0,2024-03-15
uniqueUserZone,OWM Zona1,2024-03-15 00:00:00+01:00,818.0,2024-03-15
uniqueUserZone,OWM Zona9,2024-03-14 00:00:00+01:00,216.0,2024-03-14
uniqueUserZone,OWM Zona8,2024-03-14 00:00:00+01:00,326.0,2024-03-14
uniqueUserZone,OWM Zona7,2024-03-14 00:00:00+01:00,140.0,2024-03-14
uniqueUserZone,OWM Zona6,2024-03-14 00:00:00+01:00,261.0,2024-03-14
uniqueUserZone,OWM Zona5,2024-03-14 00:00:00+01:00,207.0,2024-03-14
uniqueUserZone,OWM Zona4,2024-03-14 00:00:00+01:00,258.0,2024-03-14
uniqueUserZone,OWM Zona3,2024-03-14 00:00:00+01:00,482.0,2024-03-14
uniqueUserZone,OWM Zona2,2024-03-14 00:00:00+01:00,282.0,2024-03-14
uniqueUserZone,OWM Zona1,2024-03-14 00:00:00+01:00,757.0,2024-03-14
uniqueUserZone,OWM Zona9,2024-03-13 00:00:00+01:00,220.0,2024-03-13
uniqueUserZone,OWM Zona8,2024-03-13 00:00:00+01:00,308.0,2024-03-13
uniqueUserZone,OWM Zona7,2024-03-13 00:00:00+01:00,123.0,2024-03-13
uniqueUserZone,OWM Zona6,2024-03-13 00:00:00+01:00,254.0,2024-03-13
uniqueUserZone,OWM Zona5,2024-03-13 00:00:00+01:00,217.0,2024-03-13
uniqueUserZone,OWM Zona4,2024-03-13 00:00:00+01:00,246.0,2024-03-13
uniqueUserZone,OWM Zona3,2024-03-13 00:00:00+01:00,472.0,2024-03-13
uniqueUserZone,OWM Zona2,2024-03-13 00:00:00+01:00,294.0,2024-03-13
uniqueUserZone,OWM Zona1,2024-03-13 00:00:00+01:00,696.0,2024-03-13
uniqueUserZone,OWM Zona9,2024-03-12 00:00:00+01:00,217.0,2024-03-12
uniqueUserZone,OWM Zona8,2024-03-12 00:00:00+01:00,300.0,2024-03-12
uniqueUserZone,OWM Zona7,2024-03-12 00:00:00+01:00,128.0,2024-03-12
uniqueUserZone,OWM Zona6,2024-03-12 00:00:00+01:00,260.0,2024-03-12
uniqueUserZone,OWM Zona5,2024-03-12 00:00:00+01:00,203.0,2024-03-12
uniqueUserZone,OWM Zona4,2024-03-12 00:00:00+01:00,262.0,2024-03-12
uniqueUserZone,OWM Zona3,2024-03-12 00:00:00+01:00,489.0,2024-03-12
uniqueUserZone,OWM Zona2,2024-03-12 00:00:00+01:00,265.0,2024-03-12
uniqueUserZone,OWM Zona1,2024-03-12 00:00:00+01:00,763.0,2024-03-12
uniqueUserZone,OWM Zona9,2024-03-11 00:00:00+01:00,199.0,2024-03-11
uniqueUserZone,OWM Zona8,2024-03-11 00:00:00+01:00,279.0,2024-03-11
uniqueUserZone,OWM Zona7,2024-03-11 00:00:00+01:00,131.0,2024-03-11
uniqueUserZone,OWM Zona6,2024-03-11 00:00:00+01:00,263.0,2024-03-11
uniqueUserZone,OWM Zona5,2024-03-11 00:00:00+01:00,182.0,2024-03-11
uniqueUserZone,OWM Zona4,2024-03-11 00:00:00+01:00,246.0,2024-03-11
uniqueUserZone,OWM Zona3,2024-03-11 00:00:00+01:00,460.0,2024-03-11
uniqueUserZone,OWM Zona2,2024-03-11 00:00:00+01:00,232.0,2024-03-11
uniqueUserZone,OWM Zona1,2024-03-11 00:00:00+01:00,720.0,2024-03-11
uniqueUserZone,OWM Zona9,2024-03-10 00:00:00+01:00,105.0,2024-03-10
uniqueUserZone,OWM Zona8,2024-03-10 00:00:00+01:00,163.0,2024-03-10
uniqueUserZone,OWM Zona7,2024-03-10 00:00:00+01:00,79.0,2024-03-10
uniqueUserZone,OWM Zona6,2024-03-10 00:00:00+01:00,171.0,2024-03-10
uniqueUserZone,OWM Zona5,2024-03-10 00:00:00+01:00,119.0,2024-03-10
uniqueUserZone,OWM Zona4,2024-03-10 00:00:00+01:00,164.0,2024-03-10
uniqueUserZone,OWM Zona3,2024-03-10 00:00:00+01:00,326.0,2024-03-10
uniqueUserZone,OWM Zona2,2024-03-10 00:00:00+01:00,171.0,2024-03-10
uniqueUserZone,OWM Zona1,2024-03-10 00:00:00+01:00,495.0,2024-03-10
uniqueUserZone,OWM Zona9,2024-03-09 00:00:00+01:00,177.0,2024-03-09
uniqueUserZone,OWM Zona8,2024-03-09 00:00:00+01:00,227.0,2024-03-09
uniqueUserZone,OWM Zona7,2024-03-09 00:00:00+01:00,86.0,2024-03-09
uniqueUserZone,OWM Zona6,2024-03-09 00:00:00+01:00,202.0,2024-03-09
uniqueUserZone,OWM Zona5,2024-03-09 00:00:00+01:00,149.0,2024-03-09
uniqueUserZone,OWM Zona4,2024-03-09 00:00:00+01:00,187.0,2024-03-09
uniqueUserZone,OWM Zona3,2024-03-09 00:00:00+01:00,449.0,2024-03-09
uniqueUserZone,OWM Zona2,2024-03-09 00:00:00+01:00,201.0,2024-03-09
uniqueUserZone,OWM Zona1,2024-03-09 00:00:00+01:00,735.0,2024-03-09
uniqueUserZone,OWM Zona9,2024-03-08 00:00:00+01:00,229.0,2024-03-08
uniqueUserZone,OWM Zona8,2024-03-08 00:00:00+01:00,274.0,2024-03-08
uniqueUserZone,OWM Zona7,2024-03-08 00:00:00+01:00,119.0,2024-03-08
uniqueUserZone,OWM Zona6,2024-03-08 00:00:00+01:00,255.0,2024-03-08
uniqueUserZone,OWM Zona5,2024-03-08 00:00:00+01:00,178.0,2024-03-08
uniqueUserZone,OWM Zona4,2024-03-08 00:00:00+01:00,231.0,2024-03-08
uniqueUserZone,OWM Zona3,2024-03-08 00:00:00+01:00,504.0,2024-03-08
uniqueUserZone,OWM Zona2,2024-03-08 00:00:00+01:00,224.0,2024-03-08
uniqueUserZone,OWM Zona1,2024-03-08 00:00:00+01:00,789.0,2024-03-08
uniqueUserZone,OWM Zona9,2024-03-07 00:00:00+01:00,249.0,2024-03-07
uniqueUserZone,OWM Zona8,2024-03-07 00:00:00+01:00,298.0,2024-03-07
uniqueUserZone,OWM Zona7,2024-03-07 00:00:00+01:00,153.0,2024-03-07
uniqueUserZone,OWM Zona6,2024-03-07 00:00:00+01:00,298.0,2024-03-07
uniqueUserZone,OWM Zona5,2024-03-07 00:00:00+01:00,207.0,2024-03-07
uniqueUserZone,OWM Zona4,2024-03-07 00:00:00+01:00,252.0,2024-03-07
uniqueUserZone,OWM Zona3,2024-03-07 00:00:00+01:00,469.0,2024-03-07
uniqueUserZone,OWM Zona2,2024-03-07 00:00:00+01:00,257.0,2024-03-07
uniqueUserZone,OWM Zona1,2024-03-07 00:00:00+01:00,797.0,2024-03-07
uniqueUserZone,OWM Zona9,2024-03-06 00:00:00+01:00,193.0,2024-03-06
uniqueUserZone,OWM Zona8,2024-03-06 00:00:00+01:00,284.0,2024-03-06
uniqueUserZone,OWM Zona7,2024-03-06 00:00:00+01:00,125.0,2024-03-06
uniqueUserZone,OWM Zona6,2024-03-06 00:00:00+01:00,244.0,2024-03-06
uniqueUserZone,OWM Zona5,2024-03-06 00:00:00+01:00,180.0,2024-03-06
uniqueUserZone,OWM Zona4,2024-03-06 00:00:00+01:00,244.0,2024-03-06
uniqueUserZone,OWM Zona3,2024-03-06 00:00:00+01:00,484.0,2024-03-06
uniqueUserZone,OWM Zona2,2024-03-06 00:00:00+01:00,222.0,2024-03-06
uniqueUserZone,OWM Zona1,2024-03-06 00:00:00+01:00,705.0,2024-03-06
uniqueUserZone,OWM Zona9,2024-03-05 00:00:00+01:00,202.0,2024-03-05
uniqueUserZone,OWM Zona8,2024-03-05 00:00:00+01:00,266.0,2024-03-05
uniqueUserZone,OWM Zona7,2024-03-05 00:00:00+01:00,122.0,2024-03-05
uniqueUserZone,OWM Zona6,2024-03-05 00:00:00+01:00,242.0,2024-03-05
uniqueUserZone,OWM Zona5,2024-03-05 00:00:00+01:00,204.0,2024-03-05
uniqueUserZone,OWM Zona4,2024-03-05 00:00:00+01:00,198.0,2024-03-05
uniqueUserZone,OWM Zona3,2024-03-05 00:00:00+01:00,460.0,2024-03-05
uniqueUserZone,OWM Zona2,2024-03-05 00:00:00+01:00,220.0,2024-03-05
uniqueUserZone,OWM Zona1,2024-03-05 00:00:00+01:00,741.0,2024-03-05
uniqueUserZone,OWM Zona9,2024-03-04 00:00:00+01:00,187.0,2024-03-04
uniqueUserZone,OWM Zona8,2024-03-04 00:00:00+01:00,251.0,2024-03-04
uniqueUserZone,OWM Zona7,2024-03-04 00:00:00+01:00,142.0,2024-03-04
uniqueUserZone,OWM Zona6,2024-03-04 00:00:00+01:00,252.0,2024-03-04
uniqueUserZone,OWM Zona5,2024-03-04 00:00:00+01:00,194.0,2024-03-04
uniqueUserZone,OWM Zona4,2024-03-04 00:00:00+01:00,208.0,2024-03-04
uniqueUserZone,OWM Zona3,2024-03-04 00:00:00+01:00,453.0,2024-03-04
uniqueUserZone,OWM Zona2,2024-03-04 00:00:00+01:00,248.0,2024-03-04
uniqueUserZone,OWM Zona1,2024-03-04 00:00:00+01:00,753.0,2024-03-04
uniqueUserZone,OWM Zona9,2024-03-03 00:00:00+01:00,125.0,2024-03-03
uniqueUserZone,OWM Zona8,2024-03-03 00:00:00+01:00,158.0,2024-03-03
uniqueUserZone,OWM Zona7,2024-03-03 00:00:00+01:00,93.0,2024-03-03
uniqueUserZone,OWM Zona6,2024-03-03 00:00:00+01:00,166.0,2024-03-03
uniqueUserZone,OWM Zona5,2024-03-03 00:00:00+01:00,130.0,2024-03-03
uniqueUserZone,OWM Zona4,2024-03-03 00:00:00+01:00,167.0,2024-03-03
uniqueUserZone,OWM Zona3,2024-03-03 00:00:00+01:00,350.0,2024-03-03
uniqueUserZone,OWM Zona2,2024-03-03 00:00:00+01:00,159.0,2024-03-03
uniqueUserZone,OWM Zona1,2024-03-03 00:00:00+01:00,697.0,2024-03-03
uniqueUserZone,OWM Zona9,2024-03-02 00:00:00+01:00,146.0,2024-03-02
uniqueUserZone,OWM Zona8,2024-03-02 00:00:00+01:00,215.0,2024-03-02
uniqueUserZone,OWM Zona7,2024-03-02 00:00:00+01:00,98.0,2024-03-02
uniqueUserZone,OWM Zona6,2024-03-02 00:00:00+01:00,202.0,2024-03-02
uniqueUserZone,OWM Zona5,2024-03-02 00:00:00+01:00,160.0,2024-03-02
uniqueUserZone,OWM Zona4,2024-03-02 00:00:00+01:00,185.0,2024-03-02
uniqueUserZone,OWM Zona3,2024-03-02 00:00:00+01:00,438.0,2024-03-02
uniqueUserZone,OWM Zona2,2024-03-02 00:00:00+01:00,186.0,2024-03-02
uniqueUserZone,OWM Zona1,2024-03-02 00:00:00+01:00,783.0,2024-03-02
uniqueUserZone,OWM Zona9,2024-03-01 00:00:00+01:00,192.0,2024-03-01
uniqueUserZone,OWM Zona8,2024-03-01 00:00:00+01:00,196.0,2024-03-01
uniqueUserZone,OWM Zona7,2024-03-01 00:00:00+01:00,102.0,2024-03-01
uniqueUserZone,OWM Zona6,2024-03-01 00:00:00+01:00,219.0,2024-03-01
uniqueUserZone,OWM Zona5,2024-03-01 00:00:00+01:00,170.0,2024-03-01
uniqueUserZone,OWM Zona4,2024-03-01 00:00:00+01:00,219.0,2024-03-01
uniqueUserZone,OWM Zona3,2024-03-01 00:00:00+01:00,411.0,2024-03-01
uniqueUserZone,OWM Zona2,2024-03-01 00:00:00+01:00,194.0,2024-03-01
uniqueUserZone,OWM Zona1,2024-03-01 00:00:00+01:00,584.0,2024-03-01
uniqueUserZone,OWM Zona9,2024-02-29 00:00:00+01:00,230.0,2024-02-29
uniqueUserZone,OWM Zona8,2024-02-29 00:00:00+01:00,274.0,2024-02-29
uniqueUserZone,OWM Zona7,2024-02-29 00:00:00+01:00,132.0,2024-02-29
uniqueUserZone,OWM Zona6,2024-02-29 00:00:00+01:00,258.0,2024-02-29
uniqueUserZone,OWM Zona5,2024-02-29 00:00:00+01:00,198.0,2024-02-29
uniqueUserZone,OWM Zona4,2024-02-29 00:00:00+01:00,219.0,2024-02-29
uniqueUserZone,OWM Zona3,2024-02-29 00:00:00+01:00,466.0,2024-02-29
uniqueUserZone,OWM Zona2,2024-02-29 00:00:00+01:00,251.0,2024-02-29
uniqueUserZone,OWM Zona1,2024-02-29 00:00:00+01:00,760.0,2024-02-29
uniqueUserZone,OWM Zona9,2024-02-28 00:00:00+01:00,194.0,2024-02-28
uniqueUserZone,OWM Zona8,2024-02-28 00:00:00+01:00,256.0,2024-02-28
uniqueUserZone,OWM Zona7,2024-02-28 00:00:00+01:00,145.0,2024-02-28
uniqueUserZone,OWM Zona6,2024-02-28 00:00:00+01:00,243.0,2024-02-28
uniqueUserZone,OWM Zona5,2024-02-28 00:00:00+01:00,199.0,2024-02-28
uniqueUserZone,OWM Zona3,2024-02-26 00:00:00+01:00,366.0,2024-02-26
uniqueUserZone,OWM Zona2,2024-02-26 00:00:00+01:00,201.0,2024-02-26
uniqueUserZone,OWM Zona1,2024-02-26 00:00:00+01:00,513.0,2024-02-26
uniqueUserZone,OWM Zona9,2024-02-25 00:00:00+01:00,135.0,2024-02-25
uniqueUserZone,OWM Zona8,2024-02-25 00:00:00+01:00,205.0,2024-02-25
uniqueUserZone,OWM Zona7,2024-02-25 00:00:00+01:00,111.0,2024-02-25
uniqueUserZone,OWM Zona6,2024-02-25 00:00:00+01:00,181.0,2024-02-25
uniqueUserZone,OWM Zona5,2024-02-25 00:00:00+01:00,129.0,2024-02-25
uniqueUserZone,OWM Zona4,2024-02-25 00:00:00+01:00,161.0,2024-02-25
uniqueUserZone,OWM Zona3,2024-02-25 00:00:00+01:00,384.0,2024-02-25
uniqueUserZone,OWM Zona2,2024-02-25 00:00:00+01:00,173.0,2024-02-25
uniqueUserZone,OWM Zona1,2024-02-25 00:00:00+01:00,798.0,2024-02-25
uniqueUserZone,OWM Zona9,2024-02-24 00:00:00+01:00,162.0,2024-02-24
uniqueUserZone,OWM Zona8,2024-02-24 00:00:00+01:00,230.0,2024-02-24
uniqueUserZone,OWM Zona7,2024-02-24 00:00:00+01:00,112.0,2024-02-24
uniqueUserZone,OWM Zona6,2024-02-24 00:00:00+01:00,228.0,2024-02-24
uniqueUserZone,OWM Zona5,2024-02-24 00:00:00+01:00,159.0,2024-02-24
uniqueUserZone,OWM Zona4,2024-02-24 00:00:00+01:00,197.0,2024-02-24
uniqueUserZone,OWM Zona3,2024-02-24 00:00:00+01:00,491.0,2024-02-24
uniqueUserZone,OWM Zona2,2024-02-24 00:00:00+01:00,237.0,2024-02-24
uniqueUserZone,OWM Zona1,2024-02-24 00:00:00+01:00,816.0,2024-02-24
uniqueUserZone,OWM Zona9,2024-02-23 00:00:00+01:00,205.0,2024-02-23
uniqueUserZone,OWM Zona8,2024-02-23 00:00:00+01:00,246.0,2024-02-23
uniqueUserZone,OWM Zona7,2024-02-23 00:00:00+01:00,113.0,2024-02-23
uniqueUserZone,OWM Zona6,2024-02-23 00:00:00+01:00,226.0,2024-02-23
uniqueUserZone,OWM Zona5,2024-02-23 00:00:00+01:00,185.0,2024-02-23
uniqueUserZone,OWM Zona4,2024-02-23 00:00:00+01:00,209.0,2024-02-23
uniqueUserZone,OWM Zona3,2024-02-23 00:00:00+01:00,448.0,2024-02-23
uniqueUserZone,OWM Zona2,2024-02-23 00:00:00+01:00,223.0,2024-02-23
uniqueUserZone,OWM Zona1,2024-02-23 00:00:00+01:00,798.0,2024-02-23
uniqueUserZone,OWM Zona9,2024-02-22 00:00:00+01:00,178.0,2024-02-22
uniqueUserZone,OWM Zona8,2024-02-22 00:00:00+01:00,258.0,2024-02-22
uniqueUserZone,OWM Zona7,2024-02-22 00:00:00+01:00,116.0,2024-02-22
uniqueUserZone,OWM Zona6,2024-02-22 00:00:00+01:00,245.0,2024-02-22
uniqueUserZone,OWM Zona5,2024-02-22 00:00:00+01:00,172.0,2024-02-22
uniqueUserZone,OWM Zona4,2024-02-22 00:00:00+01:00,208.0,2024-02-22
uniqueUserZone,OWM Zona3,2024-02-22 00:00:00+01:00,427.0,2024-02-22
uniqueUserZone,OWM Zona2,2024-02-22 00:00:00+01:00,220.0,2024-02-22
uniqueUserZone,OWM Zona1,2024-02-22 00:00:00+01:00,619.0,2024-02-22
uniqueUserZone,OWM Zona9,2024-02-21 00:00:00+01:00,193.0,2024-02-21
uniqueUserZone,OWM Zona8,2024-02-21 00:00:00+01:00,298.0,2024-02-21
uniqueUserZone,OWM Zona7,2024-02-21 00:00:00+01:00,143.0,2024-02-21
uniqueUserZone,OWM Zona6,2024-02-21 00:00:00+01:00,278.0,2024-02-21
uniqueUserZone,OWM Zona5,2024-02-21 00:00:00+01:00,178.0,2024-02-21
uniqueUserZone,OWM Zona4,2024-02-21 00:00:00+01:00,209.0,2024-02-21
uniqueUserZone,OWM Zona3,2024-02-21 00:00:00+01:00,521.0,2024-02-21
uniqueUserZone,OWM Zona2,2024-02-21 00:00:00+01:00,269.0,2024-02-21
uniqueUserZone,OWM Zona1,2024-02-21 00:00:00+01:00,822.0,2024-02-21
uniqueUserZone,OWM Zona9,2024-02-20 00:00:00+01:00,227.0,2024-02-20
uniqueUserZone,OWM Zona8,2024-02-20 00:00:00+01:00,289.0,2024-02-20
uniqueUserZone,OWM Zona7,2024-02-20 00:00:00+01:00,149.0,2024-02-20
uniqueUserZone,OWM Zona6,2024-02-20 00:00:00+01:00,239.0,2024-02-20
uniqueUserZone,OWM Zona5,2024-02-20 00:00:00+01:00,189.0,2024-02-20
uniqueUserZone,OWM Zona4,2024-02-20 00:00:00+01:00,248.0,2024-02-20
uniqueUserZone,OWM Zona3,2024-02-20 00:00:00+01:00,530.0,2024-02-20
uniqueUserZone,OWM Zona2,2024-02-20 00:00:00+01:00,263.0,2024-02-20
uniqueUserZone,OWM Zona1,2024-02-20 00:00:00+01:00,877.0,2024-02-20
uniqueUserZone,OWM Zona9,2024-02-19 00:00:00+01:00,202.0,2024-02-19
uniqueUserZone,OWM Zona8,2024-02-19 00:00:00+01:00,291.0,2024-02-19
uniqueUserZone,OWM Zona7,2024-02-19 00:00:00+01:00,131.0,2024-02-19
uniqueUserZone,OWM Zona6,2024-02-19 00:00:00+01:00,244.0,2024-02-19
uniqueUserZone,OWM Zona5,2024-02-19 00:00:00+01:00,186.0,2024-02-19
uniqueUserZone,OWM Zona4,2024-02-19 00:00:00+01:00,227.0,2024-02-19
uniqueUserZone,OWM Zona3,2024-02-19 00:00:00+01:00,503.0,2024-02-19
uniqueUserZone,OWM Zona2,2024-02-19 00:00:00+01:00,257.0,2024-02-19
uniqueUserZone,OWM Zona1,2024-02-19 00:00:00+01:00,822.0,2024-02-19
uniqueUserZone,OWM Zona9,2024-02-18 00:00:00+01:00,151.0,2024-02-18
uniqueUserZone,OWM Zona8,2024-02-18 00:00:00+01:00,202.0,2024-02-18
uniqueUserZone,OWM Zona7,2024-02-18 00:00:00+01:00,110.0,2024-02-18
uniqueUserZone,OWM Zona6,2024-02-18 00:00:00+01:00,206.0,2024-02-18
uniqueUserZone,OWM Zona5,2024-02-18 00:00:00+01:00,149.0,2024-02-18
uniqueUserZone,OWM Zona4,2024-02-18 00:00:00+01:00,179.0,2024-02-18
uniqueUserZone,OWM Zona3,2024-02-18 00:00:00+01:00,409.0,2024-02-18
uniqueUserZone,OWM Zona2,2024-02-18 00:00:00+01:00,184.0,2024-02-18
uniqueUserZone,OWM Zona1,2024-02-18 00:00:00+01:00,831.0,2024-02-18
uniqueUserZone,OWM Zona9,2024-02-17 00:00:00+01:00,186.0,2024-02-17
uniqueUserZone,OWM Zona8,2024-02-17 00:00:00+01:00,281.0,2024-02-17
uniqueUserZone,OWM Zona7,2024-02-17 00:00:00+01:00,114.0,2024-02-17
uniqueUserZone,OWM Zona6,2024-02-17 00:00:00+01:00,224.0,2024-02-17
uniqueUserZone,OWM Zona5,2024-02-17 00:00:00+01:00,167.0,2024-02-17
uniqueUserZone,OWM Zona4,2024-02-17 00:00:00+01:00,204.0,2024-02-17
uniqueUserZone,OWM Zona3,2024-02-17 00:00:00+01:00,479.0,2024-02-17
uniqueUserZone,OWM Zona2,2024-02-17 00:00:00+01:00,222.0,2024-02-17
uniqueUserZone,OWM Zona1,2024-02-17 00:00:00+01:00,1051.0,2024-02-17
uniqueUserZone,OWM Zona9,2024-02-16 00:00:00+01:00,213.0,2024-02-16
uniqueUserZone,OWM Zona8,2024-02-16 00:00:00+01:00,261.0,2024-02-16
uniqueUserZone,OWM Zona7,2024-02-16 00:00:00+01:00,111.0,2024-02-16
uniqueUserZone,OWM Zona6,2024-02-16 00:00:00+01:00,202.0,2024-02-16
uniqueUserZone,OWM Zona5,2024-02-16 00:00:00+01:00,160.0,2024-02-16
uniqueUserZone,OWM Zona4,2024-02-16 00:00:00+01:00,203.0,2024-02-16
uniqueUserZone,OWM Zona3,2024-02-16 00:00:00+01:00,474.0,2024-02-16
uniqueUserZone,OWM Zona2,2024-02-16 00:00:00+01:00,231.0,2024-02-16
uniqueUserZone,OWM Zona1,2024-02-16 00:00:00+01:00,954.0,2024-02-16
uniqueUserZone,OWM Zona9,2024-02-15 00:00:00+01:00,225.0,2024-02-15
uniqueUserZone,OWM Zona8,2024-02-15 00:00:00+01:00,276.0,2024-02-15
uniqueUserZone,OWM Zona7,2024-02-15 00:00:00+01:00,129.0,2024-02-15
uniqueUserZone,OWM Zona6,2024-02-15 00:00:00+01:00,252.0,2024-02-15
uniqueUserZone,OWM Zona5,2024-02-15 00:00:00+01:00,158.0,2024-02-15
uniqueUserZone,OWM Zona4,2024-02-15 00:00:00+01:00,188.0,2024-02-15
uniqueUserZone,OWM Zona3,2024-02-15 00:00:00+01:00,467.0,2024-02-15
uniqueUserZone,OWM Zona2,2024-02-15 00:00:00+01:00,242.0,2024-02-15
uniqueUserZone,OWM Zona1,2024-02-15 00:00:00+01:00,887.0,2024-02-15
uniqueUserZone,OWM Zona9,2024-02-14 00:00:00+01:00,233.0,2024-02-14
uniqueUserZone,OWM Zona8,2024-02-14 00:00:00+01:00,275.0,2024-02-14
uniqueUserZone,OWM Zona7,2024-02-14 00:00:00+01:00,113.0,2024-02-14
uniqueUserZone,OWM Zona6,2024-02-14 00:00:00+01:00,251.0,2024-02-14
uniqueUserZone,OWM Zona5,2024-02-14 00:00:00+01:00,193.0,2024-02-14
uniqueUserZone,OWM Zona4,2024-02-14 00:00:00+01:00,224.0,2024-02-14
uniqueUserZone,OWM Zona3,2024-02-14 00:00:00+01:00,508.0,2024-02-14
uniqueUserZone,OWM Zona2,2024-02-14 00:00:00+01:00,262.0,2024-02-14
uniqueUserZone,OWM Zona1,2024-02-14 00:00:00+01:00,889.0,2024-02-14
uniqueUserZone,OWM Zona9,2024-02-13 00:00:00+01:00,226.0,2024-02-13
uniqueUserZone,OWM Zona8,2024-02-13 00:00:00+01:00,277.0,2024-02-13
uniqueUserZone,OWM Zona7,2024-02-13 00:00:00+01:00,111.0,2024-02-13
uniqueUserZone,OWM Zona6,2024-02-13 00:00:00+01:00,240.0,2024-02-13
uniqueUserZone,OWM Zona5,2024-02-13 00:00:00+01:00,198.0,2024-02-13
uniqueUserZone,OWM Zona4,2024-02-13 00:00:00+01:00,231.0,2024-02-13
uniqueUserZone,OWM Zona3,2024-02-13 00:00:00+01:00,493.0,2024-02-13
uniqueUserZone,OWM Zona2,2024-02-13 00:00:00+01:00,246.0,2024-02-13
uniqueUserZone,OWM Zona1,2024-02-13 00:00:00+01:00,880.0,2024-02-13
uniqueUserZone,OWM Zona9,2024-02-12 00:00:00+01:00,202.0,2024-02-12
uniqueUserZone,OWM Zona8,2024-02-12 00:00:00+01:00,257.0,2024-02-12
uniqueUserZone,OWM Zona7,2024-02-12 00:00:00+01:00,113.0,2024-02-12
uniqueUserZone,OWM Zona6,2024-02-12 00:00:00+01:00,230.0,2024-02-12
uniqueUserZone,OWM Zona5,2024-02-12 00:00:00+01:00,197.0,2024-02-12
uniqueUserZone,OWM Zona4,2024-02-12 00:00:00+01:00,193.0,2024-02-12
uniqueUserZone,OWM Zona3,2024-02-12 00:00:00+01:00,450.0,2024-02-12
uniqueUserZone,OWM Zona2,2024-02-12 00:00:00+01:00,237.0,2024-02-12
uniqueUserZone,OWM Zona1,2024-02-12 00:00:00+01:00,870.0,2024-02-12
uniqueUserZone,OWM Zona9,2024-02-11 00:00:00+01:00,159.0,2024-02-11
uniqueUserZone,OWM Zona8,2024-02-11 00:00:00+01:00,194.0,2024-02-11
uniqueUserZone,OWM Zona7,2024-02-11 00:00:00+01:00,90.0,2024-02-11
uniqueUserZone,OWM Zona6,2024-02-11 00:00:00+01:00,163.0,2024-02-11
uniqueUserZone,OWM Zona5,2024-02-11 00:00:00+01:00,120.0,2024-02-11
uniqueUserZone,OWM Zona4,2024-02-11 00:00:00+01:00,150.0,2024-02-11
uniqueUserZone,OWM Zona3,2024-02-11 00:00:00+01:00,378.0,2024-02-11
uniqueUserZone,OWM Zona2,2024-02-11 00:00:00+01:00,170.0,2024-02-11
uniqueUserZone,OWM Zona1,2024-02-11 00:00:00+01:00,764.0,2024-02-11
uniqueUserZone,OWM Zona9,2024-02-10 00:00:00+01:00,140.0,2024-02-10
uniqueUserZone,OWM Zona8,2024-02-10 00:00:00+01:00,180.0,2024-02-10
uniqueUserZone,OWM Zona7,2024-02-10 00:00:00+01:00,90.0,2024-02-10
uniqueUserZone,OWM Zona6,2024-02-10 00:00:00+01:00,163.0,2024-02-10
uniqueUserZone,OWM Zona5,2024-02-10 00:00:00+01:00,134.0,2024-02-10
uniqueUserZone,OWM Zona4,2024-02-10 00:00:00+01:00,139.0,2024-02-10
uniqueUserZone,OWM Zona3,2024-02-10 00:00:00+01:00,385.0,2024-02-10
uniqueUserZone,OWM Zona2,2024-02-10 00:00:00+01:00,177.0,2024-02-10
uniqueUserZone,OWM Zona1,2024-02-10 00:00:00+01:00,653.0,2024-02-10
uniqueUserZone,OWM Zona9,2024-02-09 00:00:00+01:00,189.0,2024-02-09
uniqueUserZone,OWM Zona8,2024-02-09 00:00:00+01:00,231.0,2024-02-09
uniqueUserZone,OWM Zona7,2024-02-09 00:00:00+01:00,100.0,2024-02-09
uniqueUserZone,OWM Zona6,2024-02-09 00:00:00+01:00,202.0,2024-02-09
uniqueUserZone,OWM Zona5,2024-02-09 00:00:00+01:00,158.0,2024-02-09
uniqueUserZone,OWM Zona4,2024-02-09 00:00:00+01:00,202.0,2024-02-09
uniqueUserZone,OWM Zona3,2024-02-09 00:00:00+01:00,413.0,2024-02-09
uniqueUserZone,OWM Zona2,2024-02-09 00:00:00+01:00,210.0,2024-02-09
uniqueUserZone,OWM Zona1,2024-02-09 00:00:00+01:00,538.0,2024-02-09
uniqueUserZone,OWM Zona9,2024-02-08 00:00:00+01:00,208.0,2024-02-08
uniqueUserZone,OWM Zona8,2024-02-08 00:00:00+01:00,267.0,2024-02-08
uniqueUserZone,OWM Zona7,2024-02-08 00:00:00+01:00,122.0,2024-02-08
uniqueUserZone,OWM Zona6,2024-02-08 00:00:00+01:00,251.0,2024-02-08
uniqueUserZone,OWM Zona5,2024-02-08 00:00:00+01:00,184.0,2024-02-08
uniqueUserZone,OWM Zona4,2024-02-08 00:00:00+01:00,204.0,2024-02-08
uniqueUserZone,OWM Zona3,2024-02-08 00:00:00+01:00,505.0,2024-02-08
uniqueUserZone,OWM Zona2,2024-02-08 00:00:00+01:00,235.0,2024-02-08
uniqueUserZone,OWM Zona1,2024-02-08 00:00:00+01:00,723.0,2024-02-08
uniqueUserZone,OWM Zona9,2024-02-07 00:00:00+01:00,200.0,2024-02-07
uniqueUserZone,OWM Zona8,2024-02-07 00:00:00+01:00,285.0,2024-02-07
uniqueUserZone,OWM Zona7,2024-02-07 00:00:00+01:00,116.0,2024-02-07
uniqueUserZone,OWM Zona6,2024-02-07 00:00:00+01:00,226.0,2024-02-07
uniqueUserZone,OWM Zona5,2024-02-07 00:00:00+01:00,183.0,2024-02-07
uniqueUserZone,OWM Zona4,2024-02-07 00:00:00+01:00,206.0,2024-02-07
uniqueUserZone,OWM Zona3,2024-02-07 00:00:00+01:00,504.0,2024-02-07
uniqueUserZone,OWM Zona2,2024-02-07 00:00:00+01:00,234.0,2024-02-07
uniqueUserZone,OWM Zona1,2024-02-07 00:00:00+01:00,741.0,2024-02-07
uniqueUserZone,OWM Zona9,2024-02-06 00:00:00+01:00,192.0,2024-02-06
uniqueUserZone,OWM Zona8,2024-02-06 00:00:00+01:00,296.0,2024-02-06
uniqueUserZone,OWM Zona7,2024-02-06 00:00:00+01:00,111.0,2024-02-06
uniqueUserZone,OWM Zona6,2024-02-06 00:00:00+01:00,200.0,2024-02-06
uniqueUserZone,OWM Zona5,2024-02-06 00:00:00+01:00,192.0,2024-02-06
uniqueUserZone,OWM Zona4,2024-02-06 00:00:00+01:00,199.0,2024-02-06
uniqueUserZone,OWM Zona3,2024-02-06 00:00:00+01:00,537.0,2024-02-06
uniqueUserZone,OWM Zona2,2024-02-06 00:00:00+01:00,270.0,2024-02-06
uniqueUserZone,OWM Zona1,2024-02-06 00:00:00+01:00,750.0,2024-02-06
uniqueUserZone,OWM Zona9,2024-02-05 00:00:00+01:00,207.0,2024-02-05
uniqueUserZone,OWM Zona8,2024-02-05 00:00:00+01:00,297.0,2024-02-05
uniqueUserZone,OWM Zona7,2024-02-05 00:00:00+01:00,106.0,2024-02-05
uniqueUserZone,OWM Zona6,2024-02-05 00:00:00+01:00,178.0,2024-02-05
uniqueUserZone,OWM Zona5,2024-02-05 00:00:00+01:00,192.0,2024-02-05
uniqueUserZone,OWM Zona4,2024-02-05 00:00:00+01:00,195.0,2024-02-05
uniqueUserZone,OWM Zona3,2024-02-05 00:00:00+01:00,489.0,2024-02-05
uniqueUserZone,OWM Zona2,2024-02-05 00:00:00+01:00,231.0,2024-02-05
uniqueUserZone,OWM Zona1,2024-02-05 00:00:00+01:00,792.0,2024-02-05
uniqueUserZone,OWM Zona9,2024-02-04 00:00:00+01:00,146.0,2024-02-04
uniqueUserZone,OWM Zona8,2024-02-04 00:00:00+01:00,201.0,2024-02-04
uniqueUserZone,OWM Zona7,2024-02-04 00:00:00+01:00,82.0,2024-02-04
uniqueUserZone,OWM Zona6,2024-02-04 00:00:00+01:00,151.0,2024-02-04
uniqueUserZone,OWM Zona5,2024-02-04 00:00:00+01:00,147.0,2024-02-04
uniqueUserZone,OWM Zona4,2024-02-04 00:00:00+01:00,180.0,2024-02-04
uniqueUserZone,OWM Zona3,2024-02-04 00:00:00+01:00,421.0,2024-02-04
uniqueUserZone,OWM Zona2,2024-02-04 00:00:00+01:00,183.0,2024-02-04
uniqueUserZone,OWM Zona1,2024-02-04 00:00:00+01:00,797.0,2024-02-04
uniqueUserZone,OWM Zona9,2024-02-03 00:00:00+01:00,163.0,2024-02-03
uniqueUserZone,OWM Zona8,2024-02-03 00:00:00+01:00,248.0,2024-02-03
uniqueUserZone,OWM Zona7,2024-02-03 00:00:00+01:00,91.0,2024-02-03
uniqueUserZone,OWM Zona6,2024-02-03 00:00:00+01:00,178.0,2024-02-03
uniqueUserZone,OWM Zona5,2024-02-03 00:00:00+01:00,145.0,2024-02-03
uniqueUserZone,OWM Zona4,2024-02-03 00:00:00+01:00,194.0,2024-02-03
uniqueUserZone,OWM Zona3,2024-02-03 00:00:00+01:00,479.0,2024-02-03
uniqueUserZone,OWM Zona2,2024-02-03 00:00:00+01:00,210.0,2024-02-03
uniqueUserZone,OWM Zona1,2024-02-03 00:00:00+01:00,895.0,2024-02-03
uniqueUserZone,OWM Zona9,2024-02-02 00:00:00+01:00,201.0,2024-02-02
uniqueUserZone,OWM Zona8,2024-02-02 00:00:00+01:00,286.0,2024-02-02
uniqueUserZone,OWM Zona7,2024-02-02 00:00:00+01:00,129.0,2024-02-02
uniqueUserZone,OWM Zona6,2024-02-02 00:00:00+01:00,205.0,2024-02-02
uniqueUserZone,OWM Zona5,2024-02-02 00:00:00+01:00,170.0,2024-02-02
uniqueUserZone,OWM Zona4,2024-02-02 00:00:00+01:00,219.0,2024-02-02
uniqueUserZone,OWM Zona3,2024-02-02 00:00:00+01:00,491.0,2024-02-02
uniqueUserZone,OWM Zona2,2024-02-02 00:00:00+01:00,265.0,2024-02-02
uniqueUserZone,OWM Zona1,2024-02-02 00:00:00+01:00,750.0,2024-02-02
uniqueUserZone,OWM Zona9,2024-02-01 00:00:00+01:00,211.0,2024-02-01
uniqueUserZone,OWM Zona8,2024-02-01 00:00:00+01:00,283.0,2024-02-01
uniqueUserZone,OWM Zona7,2024-02-01 00:00:00+01:00,139.0,2024-02-01
uniqueUserZone,OWM Zona6,2024-02-01 00:00:00+01:00,191.0,2024-02-01
uniqueUserZone,OWM Zona5,2024-02-01 00:00:00+01:00,177.0,2024-02-01
uniqueUserZone,OWM Zona4,2024-02-01 00:00:00+01:00,223.0,2024-02-01
uniqueUserZone,OWM Zona3,2024-02-01 00:00:00+01:00,455.0,2024-02-01
uniqueUserZone,OWM Zona2,2024-02-01 00:00:00+01:00,250.0,2024-02-01
uniqueUserZone,OWM Zona1,2024-02-01 00:00:00+01:00,684.0,2024-02-01
uniqueUserZone,OWM Zona9,2024-01-31 00:00:00+01:00,183.0,2024-01-31
uniqueUserZone,OWM Zona8,2024-01-31 00:00:00+01:00,267.0,2024-01-31
uniqueUserZone,OWM Zona7,2024-01-31 00:00:00+01:00,122.0,2024-01-31
uniqueUserZone,OWM Zona6,2024-01-31 00:00:00+01:00,173.0,2024-01-31
uniqueUserZone,OWM Zona5,2024-01-31 00:00:00+01:00,169.0,2024-01-31
uniqueUserZone,OWM Zona4,2024-01-31 00:00:00+01:00,197.0,2024-01-31
uniqueUserZone,OWM Zona3,2024-01-31 00:00:00+01:00,422.0,2024-01-31
uniqueUserZone,OWM Zona2,2024-01-31 00:00:00+01:00,251.0,2024-01-31
uniqueUserZone,OWM Zona1,2024-01-31 00:00:00+01:00,638.0,2024-01-31
uniqueUserZone,OWM Zona9,2024-01-30 00:00:00+01:00,195.0,2024-01-30
uniqueUserZone,OWM Zona8,2024-01-30 00:00:00+01:00,298.0,2024-01-30
uniqueUserZone,OWM Zona7,2024-01-30 00:00:00+01:00,125.0,2024-01-30
uniqueUserZone,OWM Zona6,2024-01-30 00:00:00+01:00,177.0,2024-01-30
uniqueUserZone,OWM Zona5,2024-01-30 00:00:00+01:00,156.0,2024-01-30
uniqueUserZone,OWM Zona4,2024-01-30 00:00:00+01:00,207.0,2024-01-30
uniqueUserZone,OWM Zona3,2024-01-30 00:00:00+01:00,464.0,2024-01-30
uniqueUserZone,OWM Zona2,2024-01-30 00:00:00+01:00,244.0,2024-01-30
uniqueUserZone,OWM Zona1,2024-01-30 00:00:00+01:00,616.0,2024-01-30
uniqueUserZone,OWM Zona9,2024-01-29 00:00:00+01:00,201.0,2024-01-29
uniqueUserZone,OWM Zona8,2024-01-29 00:00:00+01:00,245.0,2024-01-29
uniqueUserZone,OWM Zona7,2024-01-29 00:00:00+01:00,124.0,2024-01-29
uniqueUserZone,OWM Zona6,2024-01-29 00:00:00+01:00,167.0,2024-01-29
uniqueUserZone,OWM Zona5,2024-01-29 00:00:00+01:00,151.0,2024-01-29
uniqueUserZone,OWM Zona4,2024-01-29 00:00:00+01:00,193.0,2024-01-29
uniqueUserZone,OWM Zona3,2024-01-29 00:00:00+01:00,450.0,2024-01-29
uniqueUserZone,OWM Zona2,2024-01-29 00:00:00+01:00,217.0,2024-01-29
uniqueUserZone,OWM Zona1,2024-01-29 00:00:00+01:00,678.0,2024-01-29
uniqueUserZone,OWM Zona9,2024-01-28 00:00:00+01:00,138.0,2024-01-28
uniqueUserZone,OWM Zona8,2024-01-28 00:00:00+01:00,194.0,2024-01-28
uniqueUserZone,OWM Zona7,2024-01-28 00:00:00+01:00,99.0,2024-01-28
uniqueUserZone,OWM Zona6,2024-01-28 00:00:00+01:00,135.0,2024-01-28
uniqueUserZone,OWM Zona5,2024-01-28 00:00:00+01:00,113.0,2024-01-28
uniqueUserZone,OWM Zona4,2024-01-28 00:00:00+01:00,160.0,2024-01-28
uniqueUserZone,OWM Zona3,2024-01-28 00:00:00+01:00,372.0,2024-01-28
uniqueUserZone,OWM Zona2,2024-01-28 00:00:00+01:00,207.0,2024-01-28
uniqueUserZone,OWM Zona1,2024-01-28 00:00:00+01:00,652.0,2024-01-28
uniqueUserZone,OWM Zona9,2024-01-27 00:00:00+01:00,178.0,2024-01-27
uniqueUserZone,OWM Zona8,2024-01-27 00:00:00+01:00,235.0,2024-01-27
uniqueUserZone,OWM Zona7,2024-01-27 00:00:00+01:00,118.0,2024-01-27
uniqueUserZone,OWM Zona6,2024-01-27 00:00:00+01:00,142.0,2024-01-27
uniqueUserZone,OWM Zona5,2024-01-27 00:00:00+01:00,142.0,2024-01-27
uniqueUserZone,OWM Zona4,2024-01-27 00:00:00+01:00,167.0,2024-01-27
uniqueUserZone,OWM Zona3,2024-01-27 00:00:00+01:00,481.0,2024-01-27
uniqueUserZone,OWM Zona2,2024-01-27 00:00:00+01:00,200.0,2024-01-27
uniqueUserZone,OWM Zona1,2024-01-27 00:00:00+01:00,872.0,2024-01-27
uniqueUserZone,OWM Zona9,2024-01-26 00:00:00+01:00,207.0,2024-01-26
uniqueUserZone,OWM Zona8,2024-01-26 00:00:00+01:00,272.0,2024-01-26
uniqueUserZone,OWM Zona7,2024-01-26 00:00:00+01:00,145.0,2024-01-26
uniqueUserZone,OWM Zona6,2024-01-26 00:00:00+01:00,183.0,2024-01-26
uniqueUserZone,OWM Zona5,2024-01-26 00:00:00+01:00,172.0,2024-01-26
uniqueUserZone,OWM Zona4,2024-01-26 00:00:00+01:00,215.0,2024-01-26
uniqueUserZone,OWM Zona3,2024-01-26 00:00:00+01:00,466.0,2024-01-26
uniqueUserZone,OWM Zona2,2024-01-26 00:00:00+01:00,254.0,2024-01-26
uniqueUserZone,OWM Zona1,2024-01-26 00:00:00+01:00,756.0,2024-01-26
uniqueUserZone,OWM Zona9,2024-01-25 00:00:00+01:00,191.0,2024-01-25
uniqueUserZone,OWM Zona8,2024-01-25 00:00:00+01:00,284.0,2024-01-25
uniqueUserZone,OWM Zona7,2024-01-25 00:00:00+01:00,146.0,2024-01-25
uniqueUserZone,OWM Zona6,2024-01-25 00:00:00+01:00,202.0,2024-01-25
uniqueUserZone,OWM Zona5,2024-01-25 00:00:00+01:00,168.0,2024-01-25
uniqueUserZone,OWM Zona4,2024-01-25 00:00:00+01:00,199.0,2024-01-25
uniqueUserZone,OWM Zona3,2024-01-25 00:00:00+01:00,490.0,2024-01-25
uniqueUserZone,OWM Zona2,2024-01-25 00:00:00+01:00,255.0,2024-01-25
uniqueUserZone,OWM Zona1,2024-01-25 00:00:00+01:00,730.0,2024-01-25
uniqueUserZone,OWM Zona9,2024-01-24 00:00:00+01:00,181.0,2024-01-24
uniqueUserZone,OWM Zona8,2024-01-24 00:00:00+01:00,270.0,2024-01-24
uniqueUserZone,OWM Zona7,2024-01-24 00:00:00+01:00,111.0,2024-01-24
uniqueUserZone,OWM Zona6,2024-01-24 00:00:00+01:00,181.0,2024-01-24
uniqueUserZone,OWM Zona5,2024-01-24 00:00:00+01:00,161.0,2024-01-24
uniqueUserZone,OWM Zona4,2024-01-24 00:00:00+01:00,194.0,2024-01-24
uniqueUserZone,OWM Zona3,2024-01-24 00:00:00+01:00,461.0,2024-01-24
uniqueUserZone,OWM Zona2,2024-01-24 00:00:00+01:00,248.0,2024-01-24
uniqueUserZone,OWM Zona1,2024-01-24 00:00:00+01:00,672.0,2024-01-24
uniqueUserZone,OWM Zona9,2024-01-23 00:00:00+01:00,212.0,2024-01-23
uniqueUserZone,OWM Zona8,2024-01-23 00:00:00+01:00,284.0,2024-01-23
uniqueUserZone,OWM Zona7,2024-01-23 00:00:00+01:00,121.0,2024-01-23
uniqueUserZone,OWM Zona6,2024-01-23 00:00:00+01:00,200.0,2024-01-23
uniqueUserZone,OWM Zona5,2024-01-23 00:00:00+01:00,175.0,2024-01-23
uniqueUserZone,OWM Zona4,2024-01-23 00:00:00+01:00,220.0,2024-01-23
uniqueUserZone,OWM Zona3,2024-01-23 00:00:00+01:00,470.0,2024-01-23
uniqueUserZone,OWM Zona2,2024-01-23 00:00:00+01:00,255.0,2024-01-23
uniqueUserZone,OWM Zona1,2024-01-23 00:00:00+01:00,664.0,2024-01-23
uniqueUserZone,OWM Zona9,2024-01-22 00:00:00+01:00,191.0,2024-01-22
uniqueUserZone,OWM Zona8,2024-01-22 00:00:00+01:00,253.0,2024-01-22
uniqueUserZone,OWM Zona7,2024-01-22 00:00:00+01:00,127.0,2024-01-22
uniqueUserZone,OWM Zona6,2024-01-22 00:00:00+01:00,171.0,2024-01-22
uniqueUserZone,OWM Zona5,2024-01-22 00:00:00+01:00,152.0,2024-01-22
uniqueUserZone,OWM Zona4,2024-01-22 00:00:00+01:00,197.0,2024-01-22
uniqueUserZone,OWM Zona3,2024-01-22 00:00:00+01:00,415.0,2024-01-22
uniqueUserZone,OWM Zona2,2024-01-22 00:00:00+01:00,227.0,2024-01-22
uniqueUserZone,OWM Zona1,2024-01-22 00:00:00+01:00,655.0,2024-01-22
uniqueUserZone,OWM Zona9,2024-01-21 00:00:00+01:00,148.0,2024-01-21
uniqueUserZone,OWM Zona8,2024-01-21 00:00:00+01:00,193.0,2024-01-21
uniqueUserZone,OWM Zona7,2024-01-21 00:00:00+01:00,89.0,2024-01-21
uniqueUserZone,OWM Zona6,2024-01-21 00:00:00+01:00,139.0,2024-01-21
uniqueUserZone,OWM Zona5,2024-01-21 00:00:00+01:00,104.0,2024-01-21
uniqueUserZone,OWM Zona4,2024-01-21 00:00:00+01:00,149.0,2024-01-21
uniqueUserZone,OWM Zona3,2024-01-21 00:00:00+01:00,327.0,2024-01-21
uniqueUserZone,OWM Zona2,2024-01-21 00:00:00+01:00,177.0,2024-01-21
uniqueUserZone,OWM Zona1,2024-01-21 00:00:00+01:00,601.0,2024-01-21
uniqueUserZone,OWM Zona9,2024-01-20 00:00:00+01:00,172.0,2024-01-20
uniqueUserZone,OWM Zona8,2024-01-20 00:00:00+01:00,237.0,2024-01-20
uniqueUserZone,OWM Zona7,2024-01-20 00:00:00+01:00,105.0,2024-01-20
uniqueUserZone,OWM Zona6,2024-01-20 00:00:00+01:00,168.0,2024-01-20
uniqueUserZone,OWM Zona5,2024-01-20 00:00:00+01:00,135.0,2024-01-20
uniqueUserZone,OWM Zona4,2024-01-20 00:00:00+01:00,167.0,2024-01-20
uniqueUserZone,OWM Zona3,2024-01-20 00:00:00+01:00,452.0,2024-01-20
uniqueUserZone,OWM Zona2,2024-01-20 00:00:00+01:00,202.0,2024-01-20
uniqueUserZone,OWM Zona1,2024-01-20 00:00:00+01:00,747.0,2024-01-20
uniqueUserZone,OWM Zona9,2024-01-19 00:00:00+01:00,219.0,2024-01-19
uniqueUserZone,OWM Zona8,2024-01-19 00:00:00+01:00,269.0,2024-01-19
uniqueUserZone,OWM Zona7,2024-01-19 00:00:00+01:00,132.0,2024-01-19
uniqueUserZone,OWM Zona6,2024-01-19 00:00:00+01:00,183.0,2024-01-19
uniqueUserZone,OWM Zona5,2024-01-19 00:00:00+01:00,156.0,2024-01-19
uniqueUserZone,OWM Zona4,2024-01-19 00:00:00+01:00,196.0,2024-01-19
uniqueUserZone,OWM Zona3,2024-01-19 00:00:00+01:00,439.0,2024-01-19
uniqueUserZone,OWM Zona2,2024-01-19 00:00:00+01:00,236.0,2024-01-19
uniqueUserZone,OWM Zona1,2024-01-19 00:00:00+01:00,641.0,2024-01-19
uniqueUserZone,OWM Zona9,2024-01-18 00:00:00+01:00,203.0,2024-01-18
uniqueUserZone,OWM Zona8,2024-01-18 00:00:00+01:00,267.0,2024-01-18
uniqueUserZone,OWM Zona7,2024-01-18 00:00:00+01:00,130.0,2024-01-18
uniqueUserZone,OWM Zona6,2024-01-18 00:00:00+01:00,181.0,2024-01-18
uniqueUserZone,OWM Zona5,2024-01-18 00:00:00+01:00,157.0,2024-01-18
uniqueUserZone,OWM Zona4,2024-01-18 00:00:00+01:00,164.0,2024-01-18
uniqueUserZone,OWM Zona3,2024-01-18 00:00:00+01:00,456.0,2024-01-18
uniqueUserZone,OWM Zona2,2024-01-18 00:00:00+01:00,236.0,2024-01-18
uniqueUserZone,OWM Zona1,2024-01-18 00:00:00+01:00,657.0,2024-01-18
uniqueUserZone,OWM Zona9,2024-01-17 00:00:00+01:00,195.0,2024-01-17
uniqueUserZone,OWM Zona8,2024-01-17 00:00:00+01:00,218.0,2024-01-17
uniqueUserZone,OWM Zona7,2024-01-17 00:00:00+01:00,121.0,2024-01-17
uniqueUserZone,OWM Zona6,2024-01-17 00:00:00+01:00,163.0,2024-01-17
uniqueUserZone,OWM Zona5,2024-01-17 00:00:00+01:00,160.0,2024-01-17
uniqueUserZone,OWM Zona4,2024-01-17 00:00:00+01:00,149.0,2024-01-17
uniqueUserZone,OWM Zona3,2024-01-17 00:00:00+01:00,358.0,2024-01-17
uniqueUserZone,OWM Zona2,2024-01-17 00:00:00+01:00,198.0,2024-01-17
uniqueUserZone,OWM Zona1,2024-01-17 00:00:00+01:00,500.0,2024-01-17
uniqueUserZone,OWM Zona9,2024-01-16 00:00:00+01:00,209.0,2024-01-16
uniqueUserZone,OWM Zona8,2024-01-16 00:00:00+01:00,268.0,2024-01-16
uniqueUserZone,OWM Zona7,2024-01-16 00:00:00+01:00,137.0,2024-01-16
uniqueUserZone,OWM Zona6,2024-01-16 00:00:00+01:00,179.0,2024-01-16
uniqueUserZone,OWM Zona5,2024-01-16 00:00:00+01:00,156.0,2024-01-16
uniqueUserZone,OWM Zona4,2024-01-16 00:00:00+01:00,167.0,2024-01-16
uniqueUserZone,OWM Zona3,2024-01-16 00:00:00+01:00,436.0,2024-01-16
uniqueUserZone,OWM Zona2,2024-01-16 00:00:00+01:00,205.0,2024-01-16
uniqueUserZone,OWM Zona1,2024-01-16 00:00:00+01:00,586.0,2024-01-16
uniqueUserZone,OWM Zona9,2024-01-15 00:00:00+01:00,213.0,2024-01-15
uniqueUserZone,OWM Zona8,2024-01-15 00:00:00+01:00,255.0,2024-01-15
uniqueUserZone,OWM Zona7,2024-01-15 00:00:00+01:00,132.0,2024-01-15
uniqueUserZone,OWM Zona6,2024-01-15 00:00:00+01:00,166.0,2024-01-15
uniqueUserZone,OWM Zona5,2024-01-15 00:00:00+01:00,160.0,2024-01-15
uniqueUserZone,OWM Zona4,2024-01-15 00:00:00+01:00,184.0,2024-01-15
uniqueUserZone,OWM Zona3,2024-01-15 00:00:00+01:00,395.0,2024-01-15
uniqueUserZone,OWM Zona2,2024-01-15 00:00:00+01:00,251.0,2024-01-15
uniqueUserZone,OWM Zona1,2024-01-15 00:00:00+01:00,657.0,2024-01-15
uniqueUserZone,OWM Zona9,2024-01-14 00:00:00+01:00,120.0,2024-01-14
uniqueUserZone,OWM Zona8,2024-01-14 00:00:00+01:00,184.0,2024-01-14
uniqueUserZone,OWM Zona7,2024-01-14 00:00:00+01:00,85.0,2024-01-14
uniqueUserZone,OWM Zona6,2024-01-14 00:00:00+01:00,121.0,2024-01-14
uniqueUserZone,OWM Zona5,2024-01-14 00:00:00+01:00,101.0,2024-01-14
uniqueUserZone,OWM Zona4,2024-01-14 00:00:00+01:00,131.0,2024-01-14
uniqueUserZone,OWM Zona3,2024-01-14 00:00:00+01:00,299.0,2024-01-14
uniqueUserZone,OWM Zona2,2024-01-14 00:00:00+01:00,154.0,2024-01-14
uniqueUserZone,OWM Zona1,2024-01-14 00:00:00+01:00,603.0,2024-01-14
uniqueUserZone,OWM Zona9,2024-01-13 00:00:00+01:00,167.0,2024-01-13
uniqueUserZone,OWM Zona8,2024-01-13 00:00:00+01:00,243.0,2024-01-13
uniqueUserZone,OWM Zona7,2024-01-13 00:00:00+01:00,102.0,2024-01-13
uniqueUserZone,OWM Zona6,2024-01-13 00:00:00+01:00,138.0,2024-01-13
uniqueUserZone,OWM Zona5,2024-01-13 00:00:00+01:00,116.0,2024-01-13
uniqueUserZone,OWM Zona4,2024-01-13 00:00:00+01:00,142.0,2024-01-13
uniqueUserZone,OWM Zona3,2024-01-13 00:00:00+01:00,436.0,2024-01-13
uniqueUserZone,OWM Zona2,2024-01-13 00:00:00+01:00,214.0,2024-01-13
uniqueUserZone,OWM Zona1,2024-01-13 00:00:00+01:00,738.0,2024-01-13
uniqueUserZone,OWM Zona9,2024-01-12 00:00:00+01:00,212.0,2024-01-12
uniqueUserZone,OWM Zona8,2024-01-12 00:00:00+01:00,269.0,2024-01-12
uniqueUserZone,OWM Zona7,2024-01-12 00:00:00+01:00,125.0,2024-01-12
uniqueUserZone,OWM Zona6,2024-01-12 00:00:00+01:00,181.0,2024-01-12
uniqueUserZone,OWM Zona5,2024-01-12 00:00:00+01:00,148.0,2024-01-12
uniqueUserZone,OWM Zona4,2024-01-12 00:00:00+01:00,184.0,2024-01-12
uniqueUserZone,OWM Zona3,2024-01-12 00:00:00+01:00,478.0,2024-01-12
uniqueUserZone,OWM Zona2,2024-01-12 00:00:00+01:00,232.0,2024-01-12
uniqueUserZone,OWM Zona1,2024-01-12 00:00:00+01:00,667.0,2024-01-12
uniqueUserZone,OWM Zona9,2024-01-11 00:00:00+01:00,220.0,2024-01-11
uniqueUserZone,OWM Zona8,2024-01-11 00:00:00+01:00,280.0,2024-01-11
uniqueUserZone,OWM Zona7,2024-01-11 00:00:00+01:00,105.0,2024-01-11
uniqueUserZone,OWM Zona6,2024-01-11 00:00:00+01:00,192.0,2024-01-11
uniqueUserZone,OWM Zona5,2024-01-11 00:00:00+01:00,149.0,2024-01-11
uniqueUserZone,OWM Zona4,2024-01-11 00:00:00+01:00,189.0,2024-01-11
uniqueUserZone,OWM Zona3,2024-01-11 00:00:00+01:00,422.0,2024-01-11
uniqueUserZone,OWM Zona2,2024-01-11 00:00:00+01:00,231.0,2024-01-11
uniqueUserZone,OWM Zona1,2024-01-11 00:00:00+01:00,571.0,2024-01-11
uniqueUserZone,OWM Zona9,2024-01-10 00:00:00+01:00,195.0,2024-01-10
uniqueUserZone,OWM Zona8,2024-01-10 00:00:00+01:00,261.0,2024-01-10
uniqueUserZone,OWM Zona7,2024-01-10 00:00:00+01:00,116.0,2024-01-10
uniqueUserZone,OWM Zona6,2024-01-10 00:00:00+01:00,178.0,2024-01-10
uniqueUserZone,OWM Zona5,2024-01-10 00:00:00+01:00,176.0,2024-01-10
uniqueUserZone,OWM Zona4,2024-01-10 00:00:00+01:00,176.0,2024-01-10
uniqueUserZone,OWM Zona3,2024-01-10 00:00:00+01:00,367.0,2024-01-10
uniqueUserZone,OWM Zona2,2024-01-10 00:00:00+01:00,212.0,2024-01-10
uniqueUserZone,OWM Zona1,2024-01-10 00:00:00+01:00,536.0,2024-01-10
uniqueUserZone,OWM Zona9,2024-01-09 00:00:00+01:00,205.0,2024-01-09
uniqueUserZone,OWM Zona8,2024-01-09 00:00:00+01:00,248.0,2024-01-09
uniqueUserZone,OWM Zona7,2024-01-09 00:00:00+01:00,81.0,2024-01-09
uniqueUserZone,OWM Zona6,2024-01-09 00:00:00+01:00,162.0,2024-01-09
uniqueUserZone,OWM Zona5,2024-01-09 00:00:00+01:00,164.0,2024-01-09
uniqueUserZone,OWM Zona4,2024-01-09 00:00:00+01:00,163.0,2024-01-09
uniqueUserZone,OWM Zona3,2024-01-09 00:00:00+01:00,370.0,2024-01-09
uniqueUserZone,OWM Zona2,2024-01-09 00:00:00+01:00,185.0,2024-01-09
uniqueUserZone,OWM Zona1,2024-01-09 00:00:00+01:00,506.0,2024-01-09
uniqueUserZone,OWM Zona9,2024-01-08 00:00:00+01:00,199.0,2024-01-08
uniqueUserZone,OWM Zona8,2024-01-08 00:00:00+01:00,259.0,2024-01-08
uniqueUserZone,OWM Zona7,2024-01-08 00:00:00+01:00,95.0,2024-01-08
uniqueUserZone,OWM Zona6,2024-01-08 00:00:00+01:00,183.0,2024-01-08
uniqueUserZone,OWM Zona5,2024-01-08 00:00:00+01:00,155.0,2024-01-08
uniqueUserZone,OWM Zona4,2024-01-08 00:00:00+01:00,153.0,2024-01-08
uniqueUserZone,OWM Zona3,2024-01-08 00:00:00+01:00,386.0,2024-01-08
uniqueUserZone,OWM Zona2,2024-01-08 00:00:00+01:00,198.0,2024-01-08
uniqueUserZone,OWM Zona1,2024-01-08 00:00:00+01:00,570.0,2024-01-08
uniqueUserZone,OWM Zona9,2024-01-07 00:00:00+01:00,124.0,2024-01-07
uniqueUserZone,OWM Zona8,2024-01-07 00:00:00+01:00,181.0,2024-01-07
uniqueUserZone,OWM Zona7,2024-01-07 00:00:00+01:00,88.0,2024-01-07
uniqueUserZone,OWM Zona6,2024-01-07 00:00:00+01:00,126.0,2024-01-07
uniqueUserZone,OWM Zona5,2024-01-07 00:00:00+01:00,118.0,2024-01-07
uniqueUserZone,OWM Zona4,2024-01-07 00:00:00+01:00,136.0,2024-01-07
uniqueUserZone,OWM Zona3,2024-01-07 00:00:00+01:00,322.0,2024-01-07
uniqueUserZone,OWM Zona2,2024-01-07 00:00:00+01:00,147.0,2024-01-07
uniqueUserZone,OWM Zona1,2024-01-07 00:00:00+01:00,543.0,2024-01-07
uniqueUserZone,OWM Zona9,2024-01-06 00:00:00+01:00,119.0,2024-01-06
uniqueUserZone,OWM Zona8,2024-01-06 00:00:00+01:00,166.0,2024-01-06
uniqueUserZone,OWM Zona7,2024-01-06 00:00:00+01:00,63.0,2024-01-06
uniqueUserZone,OWM Zona6,2024-01-06 00:00:00+01:00,126.0,2024-01-06
uniqueUserZone,OWM Zona5,2024-01-06 00:00:00+01:00,106.0,2024-01-06
uniqueUserZone,OWM Zona4,2024-01-06 00:00:00+01:00,106.0,2024-01-06
uniqueUserZone,OWM Zona3,2024-01-06 00:00:00+01:00,332.0,2024-01-06
uniqueUserZone,OWM Zona2,2024-01-06 00:00:00+01:00,165.0,2024-01-06
uniqueUserZone,OWM Zona1,2024-01-06 00:00:00+01:00,641.0,2024-01-06
uniqueUserZone,OWM Zona9,2024-01-05 00:00:00+01:00,119.0,2024-01-05
uniqueUserZone,OWM Zona8,2024-01-05 00:00:00+01:00,163.0,2024-01-05
uniqueUserZone,OWM Zona7,2024-01-05 00:00:00+01:00,67.0,2024-01-05
uniqueUserZone,OWM Zona6,2024-01-05 00:00:00+01:00,107.0,2024-01-05
uniqueUserZone,OWM Zona5,2024-01-05 00:00:00+01:00,104.0,2024-01-05
uniqueUserZone,OWM Zona4,2024-01-05 00:00:00+01:00,122.0,2024-01-05
uniqueUserZone,OWM Zona3,2024-01-05 00:00:00+01:00,263.0,2024-01-05
uniqueUserZone,OWM Zona2,2024-01-05 00:00:00+01:00,135.0,2024-01-05
uniqueUserZone,OWM Zona1,2024-01-05 00:00:00+01:00,458.0,2024-01-05
uniqueUserZone,OWM Zona9,2024-01-04 00:00:00+01:00,179.0,2024-01-04
uniqueUserZone,OWM Zona8,2024-01-04 00:00:00+01:00,215.0,2024-01-04
uniqueUserZone,OWM Zona7,2024-01-04 00:00:00+01:00,92.0,2024-01-04
uniqueUserZone,OWM Zona6,2024-01-04 00:00:00+01:00,149.0,2024-01-04
uniqueUserZone,OWM Zona5,2024-01-04 00:00:00+01:00,138.0,2024-01-04
uniqueUserZone,OWM Zona4,2024-01-04 00:00:00+01:00,124.0,2024-01-04
uniqueUserZone,OWM Zona2,2024-01-04 00:00:00+01:00,181.0,2024-01-04
uniqueUserZone,OWM Zona1,2024-01-04 00:00:00+01:00,886.0,2024-01-04
uniqueUserZone,OWM Zona9,2024-01-03 00:00:00+01:00,153.0,2024-01-03
uniqueUserZone,OWM Zona8,2024-01-03 00:00:00+01:00,225.0,2024-01-03
uniqueUserZone,OWM Zona7,2024-01-03 00:00:00+01:00,85.0,2024-01-03
uniqueUserZone,OWM Zona6,2024-01-03 00:00:00+01:00,136.0,2024-01-03
uniqueUserZone,OWM Zona5,2024-01-03 00:00:00+01:00,127.0,2024-01-03
uniqueUserZone,OWM Zona4,2024-01-03 00:00:00+01:00,125.0,2024-01-03
uniqueUserZone,OWM Zona3,2024-01-03 00:00:00+01:00,331.0,2024-01-03
uniqueUserZone,OWM Zona2,2024-01-03 00:00:00+01:00,179.0,2024-01-03
uniqueUserZone,OWM Zona1,2024-01-03 00:00:00+01:00,878.0,2024-01-03
uniqueUserZone,OWM Zona9,2024-01-02 00:00:00+01:00,146.0,2024-01-02
uniqueUserZone,OWM Zona8,2024-01-02 00:00:00+01:00,182.0,2024-01-02
uniqueUserZone,OWM Zona7,2024-01-02 00:00:00+01:00,81.0,2024-01-02
uniqueUserZone,OWM Zona6,2024-01-02 00:00:00+01:00,127.0,2024-01-02
uniqueUserZone,OWM Zona5,2024-01-02 00:00:00+01:00,100.0,2024-01-02
uniqueUserZone,OWM Zona4,2024-01-02 00:00:00+01:00,116.0,2024-01-02
uniqueUserZone,OWM Zona3,2024-01-02 00:00:00+01:00,301.0,2024-01-02
uniqueUserZone,OWM Zona2,2024-01-02 00:00:00+01:00,180.0,2024-01-02
uniqueUserZone,OWM Zona1,2024-01-02 00:00:00+01:00,801.0,2024-01-02
uniqueUserZone,OWM Zona9,2024-01-01 00:00:00+01:00,106.0,2024-01-01
uniqueUserZone,OWM Zona8,2024-01-01 00:00:00+01:00,122.0,2024-01-01
uniqueUserZone,OWM Zona7,2024-01-01 00:00:00+01:00,62.0,2024-01-01
uniqueUserZone,OWM Zona6,2024-01-01 00:00:00+01:00,92.0,2024-01-01
uniqueUserZone,OWM Zona5,2024-01-01 00:00:00+01:00,81.0,2024-01-01
uniqueUserZone,OWM Zona4,2024-01-01 00:00:00+01:00,92.0,2024-01-01
uniqueUserZone,OWM Zona3,2024-01-01 00:00:00+01:00,221.0,2024-01-01
uniqueUserZone,OWM Zona2,2024-01-01 00:00:00+01:00,145.0,2024-01-01
uniqueUserZone,OWM Zona1,2024-01-01 00:00:00+01:00,591.0,2024-01-01
uniqueUserZone,OWM Zona9,2023-12-31 00:00:00+01:00,108.0,2023-12-31
uniqueUserZone,OWM Zona8,2023-12-31 00:00:00+01:00,128.0,2023-12-31
uniqueUserZone,OWM Zona7,2023-12-31 00:00:00+01:00,54.0,2023-12-31
uniqueUserZone,OWM Zona6,2023-12-31 00:00:00+01:00,95.0,2023-12-31
uniqueUserZone,OWM Zona5,2023-12-31 00:00:00+01:00,88.0,2023-12-31
uniqueUserZone,OWM Zona4,2023-12-31 00:00:00+01:00,95.0,2023-12-31
uniqueUserZone,OWM Zona3,2023-12-31 00:00:00+01:00,255.0,2023-12-31
uniqueUserZone,OWM Zona2,2023-12-31 00:00:00+01:00,114.0,2023-12-31
uniqueUserZone,OWM Zona1,2023-12-31 00:00:00+01:00,826.0,2023-12-31
uniqueUserZone,OWM Zona9,2023-12-30 00:00:00+01:00,163.0,2023-12-30
uniqueUserZone,OWM Zona8,2023-12-30 00:00:00+01:00,204.0,2023-12-30
uniqueUserZone,OWM Zona7,2023-12-30 00:00:00+01:00,94.0,2023-12-30
uniqueUserZone,OWM Zona6,2023-12-30 00:00:00+01:00,141.0,2023-12-30
uniqueUserZone,OWM Zona5,2023-12-30 00:00:00+01:00,101.0,2023-12-30
uniqueUserZone,OWM Zona4,2023-12-30 00:00:00+01:00,106.0,2023-12-30
uniqueUserZone,OWM Zona3,2023-12-30 00:00:00+01:00,361.0,2023-12-30
uniqueUserZone,OWM Zona2,2023-12-30 00:00:00+01:00,177.0,2023-12-30
uniqueUserZone,OWM Zona1,2023-12-30 00:00:00+01:00,1262.0,2023-12-30
uniqueUserZone,OWM Zona9,2023-12-29 00:00:00+01:00,179.0,2023-12-29
uniqueUserZone,OWM Zona8,2023-12-29 00:00:00+01:00,217.0,2023-12-29
uniqueUserZone,OWM Zona7,2023-12-29 00:00:00+01:00,106.0,2023-12-29
uniqueUserZone,OWM Zona6,2023-12-29 00:00:00+01:00,128.0,2023-12-29
uniqueUserZone,OWM Zona5,2023-12-29 00:00:00+01:00,105.0,2023-12-29
uniqueUserZone,OWM Zona4,2023-12-29 00:00:00+01:00,128.0,2023-12-29
uniqueUserZone,OWM Zona3,2023-12-29 00:00:00+01:00,385.0,2023-12-29
uniqueUserZone,OWM Zona2,2023-12-29 00:00:00+01:00,196.0,2023-12-29
uniqueUserZone,OWM Zona1,2023-12-29 00:00:00+01:00,1083.0,2023-12-29
uniqueUserZone,OWM Zona9,2023-12-28 00:00:00+01:00,137.0,2023-12-28
uniqueUserZone,OWM Zona8,2023-12-28 00:00:00+01:00,196.0,2023-12-28
uniqueUserZone,OWM Zona7,2023-12-28 00:00:00+01:00,97.0,2023-12-28
uniqueUserZone,OWM Zona6,2023-12-28 00:00:00+01:00,142.0,2023-12-28
uniqueUserZone,OWM Zona5,2023-12-28 00:00:00+01:00,119.0,2023-12-28
uniqueUserZone,OWM Zona4,2023-12-28 00:00:00+01:00,133.0,2023-12-28
uniqueUserZone,OWM Zona3,2023-12-28 00:00:00+01:00,363.0,2023-12-28
uniqueUserZone,OWM Zona2,2023-12-28 00:00:00+01:00,169.0,2023-12-28
uniqueUserZone,OWM Zona1,2023-12-28 00:00:00+01:00,1001.0,2023-12-28
uniqueUserZone,OWM Zona9,2023-12-27 00:00:00+01:00,137.0,2023-12-27
uniqueUserZone,OWM Zona8,2023-12-27 00:00:00+01:00,208.0,2023-12-27
uniqueUserZone,OWM Zona7,2023-12-27 00:00:00+01:00,103.0,2023-12-27
uniqueUserZone,OWM Zona6,2023-12-27 00:00:00+01:00,165.0,2023-12-27
uniqueUserZone,OWM Zona5,2023-12-27 00:00:00+01:00,106.0,2023-12-27
uniqueUserZone,OWM Zona4,2023-12-27 00:00:00+01:00,118.0,2023-12-27
uniqueUserZone,OWM Zona3,2023-12-27 00:00:00+01:00,376.0,2023-12-27
uniqueUserZone,OWM Zona2,2023-12-27 00:00:00+01:00,178.0,2023-12-27
uniqueUserZone,OWM Zona1,2023-12-27 00:00:00+01:00,922.0,2023-12-27
uniqueUserZone,OWM Zona9,2023-12-26 00:00:00+01:00,122.0,2023-12-26
uniqueUserZone,OWM Zona8,2023-12-26 00:00:00+01:00,166.0,2023-12-26
uniqueUserZone,OWM Zona7,2023-12-26 00:00:00+01:00,65.0,2023-12-26
uniqueUserZone,OWM Zona6,2023-12-26 00:00:00+01:00,119.0,2023-12-26
uniqueUserZone,OWM Zona5,2023-12-26 00:00:00+01:00,75.0,2023-12-26
uniqueUserZone,OWM Zona4,2023-12-26 00:00:00+01:00,76.0,2023-12-26
uniqueUserZone,OWM Zona3,2023-12-26 00:00:00+01:00,230.0,2023-12-26
uniqueUserZone,OWM Zona2,2023-12-26 00:00:00+01:00,142.0,2023-12-26
uniqueUserZone,OWM Zona1,2023-12-26 00:00:00+01:00,502.0,2023-12-26
uniqueUserZone,OWM Zona9,2023-12-25 00:00:00+01:00,122.0,2023-12-25
uniqueUserZone,OWM Zona8,2023-12-25 00:00:00+01:00,153.0,2023-12-25
uniqueUserZone,OWM Zona7,2023-12-25 00:00:00+01:00,71.0,2023-12-25
uniqueUserZone,OWM Zona6,2023-12-25 00:00:00+01:00,110.0,2023-12-25
uniqueUserZone,OWM Zona5,2023-12-25 00:00:00+01:00,86.0,2023-12-25
uniqueUserZone,OWM Zona4,2023-12-25 00:00:00+01:00,77.0,2023-12-25
uniqueUserZone,OWM Zona3,2023-12-25 00:00:00+01:00,224.0,2023-12-25
uniqueUserZone,OWM Zona2,2023-12-25 00:00:00+01:00,113.0,2023-12-25
uniqueUserZone,OWM Zona1,2023-12-25 00:00:00+01:00,426.0,2023-12-25
uniqueUserZone,OWM Zona9,2023-12-24 00:00:00+01:00,146.0,2023-12-24
uniqueUserZone,OWM Zona8,2023-12-24 00:00:00+01:00,188.0,2023-12-24
uniqueUserZone,OWM Zona7,2023-12-24 00:00:00+01:00,80.0,2023-12-24
uniqueUserZone,OWM Zona6,2023-12-24 00:00:00+01:00,130.0,2023-12-24
uniqueUserZone,OWM Zona5,2023-12-24 00:00:00+01:00,94.0,2023-12-24
uniqueUserZone,OWM Zona4,2023-12-24 00:00:00+01:00,126.0,2023-12-24
uniqueUserZone,OWM Zona3,2023-12-24 00:00:00+01:00,284.0,2023-12-24
uniqueUserZone,OWM Zona2,2023-12-24 00:00:00+01:00,145.0,2023-12-24
uniqueUserZone,OWM Zona1,2023-12-24 00:00:00+01:00,576.0,2023-12-24
uniqueUserZone,OWM Zona9,2023-12-23 00:00:00+01:00,166.0,2023-12-23
uniqueUserZone,OWM Zona8,2023-12-23 00:00:00+01:00,235.0,2023-12-23
uniqueUserZone,OWM Zona7,2023-12-23 00:00:00+01:00,104.0,2023-12-23
uniqueUserZone,OWM Zona6,2023-12-23 00:00:00+01:00,168.0,2023-12-23
uniqueUserZone,OWM Zona5,2023-12-23 00:00:00+01:00,129.0,2023-12-23
uniqueUserZone,OWM Zona4,2023-12-23 00:00:00+01:00,134.0,2023-12-23
uniqueUserZone,OWM Zona3,2023-12-23 00:00:00+01:00,400.0,2023-12-23
uniqueUserZone,OWM Zona2,2023-12-23 00:00:00+01:00,212.0,2023-12-23
uniqueUserZone,OWM Zona1,2023-12-23 00:00:00+01:00,920.0,2023-12-23
uniqueUserZone,OWM Zona9,2023-12-22 00:00:00+01:00,216.0,2023-12-22
uniqueUserZone,OWM Zona8,2023-12-22 00:00:00+01:00,281.0,2023-12-22
uniqueUserZone,OWM Zona7,2023-12-22 00:00:00+01:00,108.0,2023-12-22
uniqueUserZone,OWM Zona6,2023-12-22 00:00:00+01:00,214.0,2023-12-22
uniqueUserZone,OWM Zona5,2023-12-22 00:00:00+01:00,146.0,2023-12-22
uniqueUserZone,OWM Zona4,2023-12-22 00:00:00+01:00,166.0,2023-12-22
uniqueUserZone,OWM Zona3,2023-12-22 00:00:00+01:00,420.0,2023-12-22
uniqueUserZone,OWM Zona2,2023-12-22 00:00:00+01:00,216.0,2023-12-22
uniqueUserZone,OWM Zona1,2023-12-22 00:00:00+01:00,771.0,2023-12-22
uniqueUserZone,OWM Zona9,2023-12-21 00:00:00+01:00,192.0,2023-12-21
uniqueUserZone,OWM Zona8,2023-12-21 00:00:00+01:00,272.0,2023-12-21
uniqueUserZone,OWM Zona7,2023-12-21 00:00:00+01:00,122.0,2023-12-21
uniqueUserZone,OWM Zona6,2023-12-21 00:00:00+01:00,225.0,2023-12-21
uniqueUserZone,OWM Zona5,2023-12-21 00:00:00+01:00,153.0,2023-12-21
uniqueUserZone,OWM Zona4,2023-12-21 00:00:00+01:00,173.0,2023-12-21
uniqueUserZone,OWM Zona3,2023-12-21 00:00:00+01:00,444.0,2023-12-21
uniqueUserZone,OWM Zona2,2023-12-21 00:00:00+01:00,229.0,2023-12-21
uniqueUserZone,OWM Zona1,2023-12-21 00:00:00+01:00,719.0,2023-12-21
uniqueUserZone,OWM Zona9,2023-12-20 00:00:00+01:00,207.0,2023-12-20
uniqueUserZone,OWM Zona8,2023-12-20 00:00:00+01:00,262.0,2023-12-20
uniqueUserZone,OWM Zona7,2023-12-20 00:00:00+01:00,120.0,2023-12-20
uniqueUserZone,OWM Zona6,2023-12-20 00:00:00+01:00,204.0,2023-12-20
uniqueUserZone,OWM Zona5,2023-12-20 00:00:00+01:00,162.0,2023-12-20
uniqueUserZone,OWM Zona4,2023-12-20 00:00:00+01:00,157.0,2023-12-20
uniqueUserZone,OWM Zona3,2023-12-20 00:00:00+01:00,437.0,2023-12-20
uniqueUserZone,OWM Zona2,2023-12-20 00:00:00+01:00,262.0,2023-12-20
uniqueUserZone,OWM Zona1,2023-12-20 00:00:00+01:00,743.0,2023-12-20
uniqueUserZone,OWM Zona9,2023-12-19 00:00:00+01:00,223.0,2023-12-19
uniqueUserZone,OWM Zona8,2023-12-19 00:00:00+01:00,280.0,2023-12-19
uniqueUserZone,OWM Zona7,2023-12-19 00:00:00+01:00,118.0,2023-12-19
uniqueUserZone,OWM Zona6,2023-12-19 00:00:00+01:00,213.0,2023-12-19
uniqueUserZone,OWM Zona5,2023-12-19 00:00:00+01:00,176.0,2023-12-19
uniqueUserZone,OWM Zona4,2023-12-19 00:00:00+01:00,167.0,2023-12-19
uniqueUserZone,OWM Zona3,2023-12-19 00:00:00+01:00,433.0,2023-12-19
uniqueUserZone,OWM Zona2,2023-12-19 00:00:00+01:00,259.0,2023-12-19
uniqueUserZone,OWM Zona1,2023-12-19 00:00:00+01:00,728.0,2023-12-19
uniqueUserZone,OWM Zona9,2023-12-18 00:00:00+01:00,223.0,2023-12-18
uniqueUserZone,OWM Zona8,2023-12-18 00:00:00+01:00,255.0,2023-12-18
uniqueUserZone,OWM Zona7,2023-12-18 00:00:00+01:00,124.0,2023-12-18
uniqueUserZone,OWM Zona6,2023-12-18 00:00:00+01:00,218.0,2023-12-18
uniqueUserZone,OWM Zona5,2023-12-18 00:00:00+01:00,170.0,2023-12-18
uniqueUserZone,OWM Zona4,2023-12-18 00:00:00+01:00,153.0,2023-12-18
uniqueUserZone,OWM Zona3,2023-12-18 00:00:00+01:00,429.0,2023-12-18
uniqueUserZone,OWM Zona2,2023-12-18 00:00:00+01:00,236.0,2023-12-18
uniqueUserZone,OWM Zona1,2023-12-18 00:00:00+01:00,751.0,2023-12-18
uniqueUserZone,OWM Zona9,2023-12-17 00:00:00+01:00,167.0,2023-12-17
uniqueUserZone,OWM Zona8,2023-12-17 00:00:00+01:00,189.0,2023-12-17
uniqueUserZone,OWM Zona7,2023-12-17 00:00:00+01:00,87.0,2023-12-17
uniqueUserZone,OWM Zona6,2023-12-17 00:00:00+01:00,166.0,2023-12-17
uniqueUserZone,OWM Zona5,2023-12-17 00:00:00+01:00,116.0,2023-12-17
uniqueUserZone,OWM Zona4,2023-12-17 00:00:00+01:00,157.0,2023-12-17
uniqueUserZone,OWM Zona3,2023-12-17 00:00:00+01:00,360.0,2023-12-17
uniqueUserZone,OWM Zona2,2023-12-17 00:00:00+01:00,188.0,2023-12-17
uniqueUserZone,OWM Zona1,2023-12-17 00:00:00+01:00,631.0,2023-12-17
uniqueUserZone,OWM Zona9,2023-12-16 00:00:00+01:00,196.0,2023-12-16
uniqueUserZone,OWM Zona8,2023-12-16 00:00:00+01:00,262.0,2023-12-16
uniqueUserZone,OWM Zona7,2023-12-16 00:00:00+01:00,136.0,2023-12-16
uniqueUserZone,OWM Zona6,2023-12-16 00:00:00+01:00,216.0,2023-12-16
uniqueUserZone,OWM Zona5,2023-12-16 00:00:00+01:00,143.0,2023-12-16
uniqueUserZone,OWM Zona4,2023-12-16 00:00:00+01:00,159.0,2023-12-16
uniqueUserZone,OWM Zona3,2023-12-16 00:00:00+01:00,413.0,2023-12-16
uniqueUserZone,OWM Zona2,2023-12-16 00:00:00+01:00,210.0,2023-12-16
uniqueUserZone,OWM Zona1,2023-12-16 00:00:00+01:00,877.0,2023-12-16
uniqueUserZone,OWM Zona9,2023-12-15 00:00:00+01:00,225.0,2023-12-15
uniqueUserZone,OWM Zona8,2023-12-15 00:00:00+01:00,266.0,2023-12-15
uniqueUserZone,OWM Zona7,2023-12-15 00:00:00+01:00,131.0,2023-12-15
uniqueUserZone,OWM Zona6,2023-12-15 00:00:00+01:00,245.0,2023-12-15
uniqueUserZone,OWM Zona5,2023-12-15 00:00:00+01:00,184.0,2023-12-15
uniqueUserZone,OWM Zona4,2023-12-15 00:00:00+01:00,177.0,2023-12-15
uniqueUserZone,OWM Zona3,2023-12-15 00:00:00+01:00,446.0,2023-12-15
uniqueUserZone,OWM Zona2,2023-12-15 00:00:00+01:00,220.0,2023-12-15
uniqueUserZone,OWM Zona1,2023-12-15 00:00:00+01:00,796.0,2023-12-15
uniqueUserZone,OWM Zona9,2023-12-14 00:00:00+01:00,223.0,2023-12-14
uniqueUserZone,OWM Zona8,2023-12-14 00:00:00+01:00,287.0,2023-12-14
uniqueUserZone,OWM Zona7,2023-12-14 00:00:00+01:00,129.0,2023-12-14
uniqueUserZone,OWM Zona6,2023-12-14 00:00:00+01:00,214.0,2023-12-14
uniqueUserZone,OWM Zona5,2023-12-14 00:00:00+01:00,163.0,2023-12-14
uniqueUserZone,OWM Zona4,2023-12-14 00:00:00+01:00,157.0,2023-12-14
uniqueUserZone,OWM Zona3,2023-12-14 00:00:00+01:00,440.0,2023-12-14
uniqueUserZone,OWM Zona2,2023-12-14 00:00:00+01:00,220.0,2023-12-14
uniqueUserZone,OWM Zona1,2023-12-14 00:00:00+01:00,719.0,2023-12-14
uniqueUserZone,OWM Zona9,2023-12-13 00:00:00+01:00,203.0,2023-12-13
uniqueUserZone,OWM Zona8,2023-12-13 00:00:00+01:00,271.0,2023-12-13
uniqueUserZone,OWM Zona7,2023-12-13 00:00:00+01:00,128.0,2023-12-13
uniqueUserZone,OWM Zona6,2023-12-13 00:00:00+01:00,207.0,2023-12-13
uniqueUserZone,OWM Zona5,2023-12-13 00:00:00+01:00,178.0,2023-12-13
uniqueUserZone,OWM Zona4,2023-12-13 00:00:00+01:00,172.0,2023-12-13
uniqueUserZone,OWM Zona3,2023-12-13 00:00:00+01:00,408.0,2023-12-13
uniqueUserZone,OWM Zona2,2023-12-13 00:00:00+01:00,215.0,2023-12-13
uniqueUserZone,OWM Zona1,2023-12-13 00:00:00+01:00,668.0,2023-12-13
uniqueUserZone,OWM Zona9,2023-12-12 00:00:00+01:00,230.0,2023-12-12
uniqueUserZone,OWM Zona8,2023-12-12 00:00:00+01:00,284.0,2023-12-12
uniqueUserZone,OWM Zona7,2023-12-12 00:00:00+01:00,131.0,2023-12-12
uniqueUserZone,OWM Zona6,2023-12-12 00:00:00+01:00,192.0,2023-12-12
uniqueUserZone,OWM Zona5,2023-12-12 00:00:00+01:00,198.0,2023-12-12
uniqueUserZone,OWM Zona4,2023-12-12 00:00:00+01:00,170.0,2023-12-12
uniqueUserZone,OWM Zona3,2023-12-12 00:00:00+01:00,455.0,2023-12-12
uniqueUserZone,OWM Zona2,2023-12-12 00:00:00+01:00,236.0,2023-12-12
uniqueUserZone,OWM Zona1,2023-12-12 00:00:00+01:00,652.0,2023-12-12
uniqueUserZone,OWM Zona9,2023-12-11 00:00:00+01:00,215.0,2023-12-11
uniqueUserZone,OWM Zona8,2023-12-11 00:00:00+01:00,265.0,2023-12-11
uniqueUserZone,OWM Zona7,2023-12-11 00:00:00+01:00,126.0,2023-12-11
uniqueUserZone,OWM Zona6,2023-12-11 00:00:00+01:00,182.0,2023-12-11
uniqueUserZone,OWM Zona5,2023-12-11 00:00:00+01:00,166.0,2023-12-11
uniqueUserZone,OWM Zona4,2023-12-11 00:00:00+01:00,171.0,2023-12-11
uniqueUserZone,OWM Zona3,2023-12-11 00:00:00+01:00,401.0,2023-12-11
uniqueUserZone,OWM Zona2,2023-12-11 00:00:00+01:00,223.0,2023-12-11
uniqueUserZone,OWM Zona1,2023-12-11 00:00:00+01:00,619.0,2023-12-11
uniqueUserZone,OWM Zona9,2023-12-10 00:00:00+01:00,163.0,2023-12-10
uniqueUserZone,OWM Zona8,2023-12-10 00:00:00+01:00,157.0,2023-12-10
uniqueUserZone,OWM Zona7,2023-12-10 00:00:00+01:00,70.0,2023-12-10
uniqueUserZone,OWM Zona6,2023-12-10 00:00:00+01:00,126.0,2023-12-10
uniqueUserZone,OWM Zona5,2023-12-10 00:00:00+01:00,114.0,2023-12-10
uniqueUserZone,OWM Zona4,2023-12-10 00:00:00+01:00,148.0,2023-12-10
uniqueUserZone,OWM Zona3,2023-12-10 00:00:00+01:00,291.0,2023-12-10
uniqueUserZone,OWM Zona2,2023-12-10 00:00:00+01:00,184.0,2023-12-10
uniqueUserZone,OWM Zona1,2023-12-10 00:00:00+01:00,613.0,2023-12-10
uniqueUserZone,OWM Zona9,2023-12-09 00:00:00+01:00,160.0,2023-12-09
uniqueUserZone,OWM Zona8,2023-12-09 00:00:00+01:00,200.0,2023-12-09
uniqueUserZone,OWM Zona7,2023-12-09 00:00:00+01:00,86.0,2023-12-09
uniqueUserZone,OWM Zona6,2023-12-09 00:00:00+01:00,140.0,2023-12-09
uniqueUserZone,OWM Zona5,2023-12-09 00:00:00+01:00,131.0,2023-12-09
uniqueUserZone,OWM Zona4,2023-12-09 00:00:00+01:00,138.0,2023-12-09
uniqueUserZone,OWM Zona3,2023-12-09 00:00:00+01:00,347.0,2023-12-09
uniqueUserZone,OWM Zona2,2023-12-09 00:00:00+01:00,179.0,2023-12-09
uniqueUserZone,OWM Zona1,2023-12-09 00:00:00+01:00,803.0,2023-12-09
uniqueUserZone,OWM Zona9,2023-12-08 00:00:00+01:00,123.0,2023-12-08
uniqueUserZone,OWM Zona8,2023-12-08 00:00:00+01:00,151.0,2023-12-08
uniqueUserZone,OWM Zona7,2023-12-08 00:00:00+01:00,76.0,2023-12-08
uniqueUserZone,OWM Zona6,2023-12-08 00:00:00+01:00,137.0,2023-12-08
uniqueUserZone,OWM Zona5,2023-12-08 00:00:00+01:00,122.0,2023-12-08
uniqueUserZone,OWM Zona4,2023-12-08 00:00:00+01:00,100.0,2023-12-08
uniqueUserZone,OWM Zona3,2023-12-08 00:00:00+01:00,269.0,2023-12-08
uniqueUserZone,OWM Zona2,2023-12-08 00:00:00+01:00,147.0,2023-12-08
uniqueUserZone,OWM Zona1,2023-12-08 00:00:00+01:00,596.0,2023-12-08
uniqueUserZone,OWM Zona9,2023-12-07 00:00:00+01:00,156.0,2023-12-07
uniqueUserZone,OWM Zona8,2023-12-07 00:00:00+01:00,195.0,2023-12-07
uniqueUserZone,OWM Zona7,2023-12-07 00:00:00+01:00,94.0,2023-12-07
uniqueUserZone,OWM Zona6,2023-12-07 00:00:00+01:00,145.0,2023-12-07
uniqueUserZone,OWM Zona5,2023-12-07 00:00:00+01:00,125.0,2023-12-07
uniqueUserZone,OWM Zona4,2023-12-07 00:00:00+01:00,127.0,2023-12-07
uniqueUserZone,OWM Zona3,2023-12-07 00:00:00+01:00,305.0,2023-12-07
uniqueUserZone,OWM Zona2,2023-12-07 00:00:00+01:00,174.0,2023-12-07
uniqueUserZone,OWM Zona1,2023-12-07 00:00:00+01:00,640.0,2023-12-07
uniqueUserZone,OWM Zona9,2023-12-06 00:00:00+01:00,205.0,2023-12-06
uniqueUserZone,OWM Zona8,2023-12-06 00:00:00+01:00,243.0,2023-12-06
uniqueUserZone,OWM Zona7,2023-12-06 00:00:00+01:00,125.0,2023-12-06
uniqueUserZone,OWM Zona6,2023-12-06 00:00:00+01:00,185.0,2023-12-06
uniqueUserZone,OWM Zona5,2023-12-06 00:00:00+01:00,189.0,2023-12-06
uniqueUserZone,OWM Zona4,2023-12-06 00:00:00+01:00,179.0,2023-12-06
uniqueUserZone,OWM Zona3,2023-12-06 00:00:00+01:00,433.0,2023-12-06
uniqueUserZone,OWM Zona2,2023-12-06 00:00:00+01:00,238.0,2023-12-06
uniqueUserZone,OWM Zona1,2023-12-06 00:00:00+01:00,664.0,2023-12-06
uniqueUserZone,OWM Zona9,2023-12-05 00:00:00+01:00,182.0,2023-12-05
uniqueUserZone,OWM Zona8,2023-12-05 00:00:00+01:00,276.0,2023-12-05
uniqueUserZone,OWM Zona7,2023-12-05 00:00:00+01:00,128.0,2023-12-05
uniqueUserZone,OWM Zona6,2023-12-05 00:00:00+01:00,171.0,2023-12-05
uniqueUserZone,OWM Zona5,2023-12-05 00:00:00+01:00,176.0,2023-12-05
uniqueUserZone,OWM Zona4,2023-12-05 00:00:00+01:00,191.0,2023-12-05
uniqueUserZone,OWM Zona3,2023-12-05 00:00:00+01:00,379.0,2023-12-05
uniqueUserZone,OWM Zona2,2023-12-05 00:00:00+01:00,226.0,2023-12-05
uniqueUserZone,OWM Zona1,2023-12-05 00:00:00+01:00,553.0,2023-12-05
uniqueUserZone,OWM Zona9,2023-12-04 00:00:00+01:00,180.0,2023-12-04
uniqueUserZone,OWM Zona8,2023-12-04 00:00:00+01:00,239.0,2023-12-04
uniqueUserZone,OWM Zona7,2023-12-04 00:00:00+01:00,111.0,2023-12-04
uniqueUserZone,OWM Zona6,2023-12-04 00:00:00+01:00,169.0,2023-12-04
uniqueUserZone,OWM Zona5,2023-12-04 00:00:00+01:00,142.0,2023-12-04
uniqueUserZone,OWM Zona4,2023-12-04 00:00:00+01:00,189.0,2023-12-04
uniqueUserZone,OWM Zona3,2023-12-04 00:00:00+01:00,376.0,2023-12-04
uniqueUserZone,OWM Zona2,2023-12-04 00:00:00+01:00,210.0,2023-12-04
uniqueUserZone,OWM Zona1,2023-12-04 00:00:00+01:00,574.0,2023-12-04
uniqueUserZone,OWM Zona9,2023-12-03 00:00:00+01:00,150.0,2023-12-03
uniqueUserZone,OWM Zona8,2023-12-03 00:00:00+01:00,184.0,2023-12-03
uniqueUserZone,OWM Zona7,2023-12-03 00:00:00+01:00,86.0,2023-12-03
uniqueUserZone,OWM Zona6,2023-12-03 00:00:00+01:00,154.0,2023-12-03
uniqueUserZone,OWM Zona5,2023-12-03 00:00:00+01:00,127.0,2023-12-03
uniqueUserZone,OWM Zona4,2023-12-03 00:00:00+01:00,164.0,2023-12-03
uniqueUserZone,OWM Zona3,2023-12-03 00:00:00+01:00,318.0,2023-12-03
uniqueUserZone,OWM Zona2,2023-12-03 00:00:00+01:00,176.0,2023-12-03
uniqueUserZone,OWM Zona1,2023-12-03 00:00:00+01:00,668.0,2023-12-03
uniqueUserZone,OWM Zona9,2023-12-02 00:00:00+01:00,164.0,2023-12-02
uniqueUserZone,OWM Zona8,2023-12-02 00:00:00+01:00,244.0,2023-12-02
uniqueUserZone,OWM Zona7,2023-12-02 00:00:00+01:00,104.0,2023-12-02
uniqueUserZone,OWM Zona6,2023-12-02 00:00:00+01:00,149.0,2023-12-02
uniqueUserZone,OWM Zona5,2023-12-02 00:00:00+01:00,137.0,2023-12-02
uniqueUserZone,OWM Zona4,2023-12-02 00:00:00+01:00,162.0,2023-12-02
uniqueUserZone,OWM Zona3,2023-12-02 00:00:00+01:00,405.0,2023-12-02
uniqueUserZone,OWM Zona2,2023-12-02 00:00:00+01:00,162.0,2023-12-02
uniqueUserZone,OWM Zona1,2023-12-02 00:00:00+01:00,742.0,2023-12-02
uniqueUserZone,OWM Zona9,2023-12-01 00:00:00+01:00,206.0,2023-12-01
uniqueUserZone,OWM Zona8,2023-12-01 00:00:00+01:00,250.0,2023-12-01
uniqueUserZone,OWM Zona7,2023-12-01 00:00:00+01:00,124.0,2023-12-01
uniqueUserZone,OWM Zona6,2023-12-01 00:00:00+01:00,175.0,2023-12-01
uniqueUserZone,OWM Zona5,2023-12-01 00:00:00+01:00,165.0,2023-12-01
uniqueUserZone,OWM Zona4,2023-12-01 00:00:00+01:00,184.0,2023-12-01
uniqueUserZone,OWM Zona3,2023-12-01 00:00:00+01:00,407.0,2023-12-01
uniqueUserZone,OWM Zona2,2023-12-01 00:00:00+01:00,200.0,2023-12-01
uniqueUserZone,OWM Zona1,2023-12-01 00:00:00+01:00,577.0,2023-12-01
uniqueUserZone,OWM Zona9,2023-11-30 00:00:00+01:00,188.0,2023-11-30
uniqueUserZone,OWM Zona8,2023-11-30 00:00:00+01:00,234.0,2023-11-30
uniqueUserZone,OWM Zona7,2023-11-30 00:00:00+01:00,109.0,2023-11-30
uniqueUserZone,OWM Zona6,2023-11-30 00:00:00+01:00,176.0,2023-11-30
uniqueUserZone,OWM Zona5,2023-11-30 00:00:00+01:00,160.0,2023-11-30
uniqueUserZone,OWM Zona4,2023-11-30 00:00:00+01:00,175.0,2023-11-30
uniqueUserZone,OWM Zona3,2023-11-30 00:00:00+01:00,433.0,2023-11-30
uniqueUserZone,OWM Zona2,2023-11-30 00:00:00+01:00,218.0,2023-11-30
uniqueUserZone,OWM Zona1,2023-11-30 00:00:00+01:00,573.0,2023-11-30
uniqueUserZone,OWM Zona9,2023-11-29 00:00:00+01:00,220.0,2023-11-29
uniqueUserZone,OWM Zona8,2023-11-29 00:00:00+01:00,270.0,2023-11-29
uniqueUserZone,OWM Zona7,2023-11-29 00:00:00+01:00,130.0,2023-11-29
uniqueUserZone,OWM Zona6,2023-11-29 00:00:00+01:00,196.0,2023-11-29
uniqueUserZone,OWM Zona5,2023-11-29 00:00:00+01:00,183.0,2023-11-29
uniqueUserZone,OWM Zona4,2023-11-29 00:00:00+01:00,188.0,2023-11-29
uniqueUserZone,OWM Zona3,2023-11-29 00:00:00+01:00,449.0,2023-11-29
uniqueUserZone,OWM Zona2,2023-11-29 00:00:00+01:00,250.0,2023-11-29
uniqueUserZone,OWM Zona1,2023-11-29 00:00:00+01:00,709.0,2023-11-29
uniqueUserZone,OWM Zona9,2023-11-28 00:00:00+01:00,229.0,2023-11-28
uniqueUserZone,OWM Zona8,2023-11-28 00:00:00+01:00,296.0,2023-11-28
uniqueUserZone,OWM Zona7,2023-11-28 00:00:00+01:00,140.0,2023-11-28
uniqueUserZone,OWM Zona6,2023-11-28 00:00:00+01:00,186.0,2023-11-28
uniqueUserZone,OWM Zona5,2023-11-28 00:00:00+01:00,203.0,2023-11-28
uniqueUserZone,OWM Zona4,2023-11-28 00:00:00+01:00,182.0,2023-11-28
uniqueUserZone,OWM Zona3,2023-11-28 00:00:00+01:00,512.0,2023-11-28
uniqueUserZone,OWM Zona2,2023-11-28 00:00:00+01:00,256.0,2023-11-28
uniqueUserZone,OWM Zona1,2023-11-28 00:00:00+01:00,740.0,2023-11-28
uniqueUserZone,OWM Zona9,2023-11-27 00:00:00+01:00,201.0,2023-11-27
uniqueUserZone,OWM Zona8,2023-11-27 00:00:00+01:00,214.0,2023-11-27
uniqueUserZone,OWM Zona7,2023-11-27 00:00:00+01:00,119.0,2023-11-27
uniqueUserZone,OWM Zona6,2023-11-27 00:00:00+01:00,181.0,2023-11-27
uniqueUserZone,OWM Zona5,2023-11-27 00:00:00+01:00,163.0,2023-11-27
uniqueUserZone,OWM Zona4,2023-11-27 00:00:00+01:00,154.0,2023-11-27
uniqueUserZone,OWM Zona3,2023-11-27 00:00:00+01:00,391.0,2023-11-27
uniqueUserZone,OWM Zona2,2023-11-27 00:00:00+01:00,211.0,2023-11-27
uniqueUserZone,OWM Zona1,2023-11-27 00:00:00+01:00,639.0,2023-11-27
uniqueUserZone,OWM Zona9,2023-11-26 00:00:00+01:00,151.0,2023-11-26
uniqueUserZone,OWM Zona8,2023-11-26 00:00:00+01:00,221.0,2023-11-26
uniqueUserZone,OWM Zona7,2023-11-26 00:00:00+01:00,85.0,2023-11-26
uniqueUserZone,OWM Zona6,2023-11-26 00:00:00+01:00,162.0,2023-11-26
uniqueUserZone,OWM Zona5,2023-11-26 00:00:00+01:00,108.0,2023-11-26
uniqueUserZone,OWM Zona4,2023-11-26 00:00:00+01:00,141.0,2023-11-26
uniqueUserZone,OWM Zona3,2023-11-26 00:00:00+01:00,364.0,2023-11-26
uniqueUserZone,OWM Zona2,2023-11-26 00:00:00+01:00,161.0,2023-11-26
uniqueUserZone,OWM Zona1,2023-11-26 00:00:00+01:00,759.0,2023-11-26
uniqueUserZone,OWM Zona9,2023-11-25 00:00:00+01:00,180.0,2023-11-25
uniqueUserZone,OWM Zona8,2023-11-25 00:00:00+01:00,237.0,2023-11-25
uniqueUserZone,OWM Zona7,2023-11-25 00:00:00+01:00,96.0,2023-11-25
uniqueUserZone,OWM Zona6,2023-11-25 00:00:00+01:00,204.0,2023-11-25
uniqueUserZone,OWM Zona5,2023-11-25 00:00:00+01:00,127.0,2023-11-25
uniqueUserZone,OWM Zona4,2023-11-25 00:00:00+01:00,141.0,2023-11-25
uniqueUserZone,OWM Zona3,2023-11-25 00:00:00+01:00,460.0,2023-11-25
uniqueUserZone,OWM Zona2,2023-11-25 00:00:00+01:00,182.0,2023-11-25
uniqueUserZone,OWM Zona1,2023-11-25 00:00:00+01:00,849.0,2023-11-25
uniqueUserZone,OWM Zona9,2023-11-24 00:00:00+01:00,222.0,2023-11-24
uniqueUserZone,OWM Zona8,2023-11-24 00:00:00+01:00,282.0,2023-11-24
uniqueUserZone,OWM Zona7,2023-11-24 00:00:00+01:00,105.0,2023-11-24
uniqueUserZone,OWM Zona6,2023-11-24 00:00:00+01:00,205.0,2023-11-24
uniqueUserZone,OWM Zona5,2023-11-24 00:00:00+01:00,175.0,2023-11-24
uniqueUserZone,OWM Zona4,2023-11-24 00:00:00+01:00,203.0,2023-11-24
uniqueUserZone,OWM Zona3,2023-11-24 00:00:00+01:00,523.0,2023-11-24
uniqueUserZone,OWM Zona2,2023-11-24 00:00:00+01:00,229.0,2023-11-24
uniqueUserZone,OWM Zona1,2023-11-24 00:00:00+01:00,971.0,2023-11-24
uniqueUserZone,OWM Zona9,2023-11-23 00:00:00+01:00,225.0,2023-11-23
uniqueUserZone,OWM Zona8,2023-11-23 00:00:00+01:00,295.0,2023-11-23
uniqueUserZone,OWM Zona7,2023-11-23 00:00:00+01:00,117.0,2023-11-23
uniqueUserZone,OWM Zona6,2023-11-23 00:00:00+01:00,228.0,2023-11-23
uniqueUserZone,OWM Zona5,2023-11-23 00:00:00+01:00,181.0,2023-11-23
uniqueUserZone,OWM Zona4,2023-11-23 00:00:00+01:00,201.0,2023-11-23
uniqueUserZone,OWM Zona3,2023-11-23 00:00:00+01:00,486.0,2023-11-23
uniqueUserZone,OWM Zona2,2023-11-23 00:00:00+01:00,250.0,2023-11-23
uniqueUserZone,OWM Zona1,2023-11-23 00:00:00+01:00,800.0,2023-11-23
uniqueUserZone,OWM Zona9,2023-11-22 00:00:00+01:00,208.0,2023-11-22
uniqueUserZone,OWM Zona8,2023-11-22 00:00:00+01:00,312.0,2023-11-22
uniqueUserZone,OWM Zona7,2023-11-22 00:00:00+01:00,112.0,2023-11-22
uniqueUserZone,OWM Zona6,2023-11-22 00:00:00+01:00,211.0,2023-11-22
uniqueUserZone,OWM Zona5,2023-11-22 00:00:00+01:00,190.0,2023-11-22
uniqueUserZone,OWM Zona4,2023-11-22 00:00:00+01:00,180.0,2023-11-22
uniqueUserZone,OWM Zona3,2023-11-22 00:00:00+01:00,483.0,2023-11-22
uniqueUserZone,OWM Zona2,2023-11-22 00:00:00+01:00,222.0,2023-11-22
uniqueUserZone,OWM Zona1,2023-11-22 00:00:00+01:00,731.0,2023-11-22
uniqueUserZone,OWM Zona9,2023-11-21 00:00:00+01:00,228.0,2023-11-21
uniqueUserZone,OWM Zona8,2023-11-21 00:00:00+01:00,277.0,2023-11-21
uniqueUserZone,OWM Zona7,2023-11-21 00:00:00+01:00,121.0,2023-11-21
uniqueUserZone,OWM Zona6,2023-11-21 00:00:00+01:00,206.0,2023-11-21
uniqueUserZone,OWM Zona5,2023-11-21 00:00:00+01:00,193.0,2023-11-21
uniqueUserZone,OWM Zona4,2023-11-21 00:00:00+01:00,199.0,2023-11-21
uniqueUserZone,OWM Zona3,2023-11-21 00:00:00+01:00,508.0,2023-11-21
uniqueUserZone,OWM Zona2,2023-11-21 00:00:00+01:00,231.0,2023-11-21
uniqueUserZone,OWM Zona1,2023-11-21 00:00:00+01:00,701.0,2023-11-21
uniqueUserZone,OWM Zona9,2023-11-20 00:00:00+01:00,215.0,2023-11-20
uniqueUserZone,OWM Zona8,2023-11-20 00:00:00+01:00,260.0,2023-11-20
uniqueUserZone,OWM Zona7,2023-11-20 00:00:00+01:00,118.0,2023-11-20
uniqueUserZone,OWM Zona6,2023-11-20 00:00:00+01:00,197.0,2023-11-20
uniqueUserZone,OWM Zona5,2023-11-20 00:00:00+01:00,162.0,2023-11-20
uniqueUserZone,OWM Zona4,2023-11-20 00:00:00+01:00,184.0,2023-11-20
uniqueUserZone,OWM Zona3,2023-11-20 00:00:00+01:00,439.0,2023-11-20
uniqueUserZone,OWM Zona2,2023-11-20 00:00:00+01:00,227.0,2023-11-20
uniqueUserZone,OWM Zona1,2023-11-20 00:00:00+01:00,651.0,2023-11-20
uniqueUserZone,OWM Zona9,2023-11-19 00:00:00+01:00,159.0,2023-11-19
uniqueUserZone,OWM Zona8,2023-11-19 00:00:00+01:00,201.0,2023-11-19
uniqueUserZone,OWM Zona7,2023-11-19 00:00:00+01:00,89.0,2023-11-19
uniqueUserZone,OWM Zona6,2023-11-19 00:00:00+01:00,147.0,2023-11-19
uniqueUserZone,OWM Zona5,2023-11-19 00:00:00+01:00,132.0,2023-11-19
uniqueUserZone,OWM Zona4,2023-11-19 00:00:00+01:00,151.0,2023-11-19
uniqueUserZone,OWM Zona3,2023-11-19 00:00:00+01:00,372.0,2023-11-19
uniqueUserZone,OWM Zona2,2023-11-19 00:00:00+01:00,168.0,2023-11-19
uniqueUserZone,OWM Zona1,2023-11-19 00:00:00+01:00,741.0,2023-11-19
uniqueUserZone,OWM Zona9,2023-11-18 00:00:00+01:00,208.0,2023-11-18
uniqueUserZone,OWM Zona8,2023-11-18 00:00:00+01:00,240.0,2023-11-18
uniqueUserZone,OWM Zona7,2023-11-18 00:00:00+01:00,128.0,2023-11-18
uniqueUserZone,OWM Zona6,2023-11-18 00:00:00+01:00,201.0,2023-11-18
uniqueUserZone,OWM Zona5,2023-11-18 00:00:00+01:00,162.0,2023-11-18
uniqueUserZone,OWM Zona4,2023-11-18 00:00:00+01:00,187.0,2023-11-18
uniqueUserZone,OWM Zona3,2023-11-18 00:00:00+01:00,463.0,2023-11-18
uniqueUserZone,OWM Zona2,2023-11-18 00:00:00+01:00,203.0,2023-11-18
uniqueUserZone,OWM Zona1,2023-11-18 00:00:00+01:00,964.0,2023-11-18
uniqueUserZone,OWM Zona9,2023-11-17 00:00:00+01:00,228.0,2023-11-17
uniqueUserZone,OWM Zona8,2023-11-17 00:00:00+01:00,286.0,2023-11-17
uniqueUserZone,OWM Zona7,2023-11-17 00:00:00+01:00,122.0,2023-11-17
uniqueUserZone,OWM Zona6,2023-11-17 00:00:00+01:00,202.0,2023-11-17
uniqueUserZone,OWM Zona5,2023-11-17 00:00:00+01:00,189.0,2023-11-17
uniqueUserZone,OWM Zona4,2023-11-17 00:00:00+01:00,208.0,2023-11-17
uniqueUserZone,OWM Zona3,2023-11-17 00:00:00+01:00,474.0,2023-11-17
uniqueUserZone,OWM Zona2,2023-11-17 00:00:00+01:00,233.0,2023-11-17
uniqueUserZone,OWM Zona1,2023-11-17 00:00:00+01:00,828.0,2023-11-17
uniqueUserZone,OWM Zona9,2023-11-16 00:00:00+01:00,216.0,2023-11-16
uniqueUserZone,OWM Zona8,2023-11-16 00:00:00+01:00,264.0,2023-11-16
uniqueUserZone,OWM Zona7,2023-11-16 00:00:00+01:00,126.0,2023-11-16
uniqueUserZone,OWM Zona6,2023-11-16 00:00:00+01:00,205.0,2023-11-16
uniqueUserZone,OWM Zona5,2023-11-16 00:00:00+01:00,187.0,2023-11-16
uniqueUserZone,OWM Zona4,2023-11-16 00:00:00+01:00,202.0,2023-11-16
uniqueUserZone,OWM Zona3,2023-11-16 00:00:00+01:00,487.0,2023-11-16
uniqueUserZone,OWM Zona2,2023-11-16 00:00:00+01:00,228.0,2023-11-16
uniqueUserZone,OWM Zona1,2023-11-16 00:00:00+01:00,786.0,2023-11-16
uniqueUserZone,OWM Zona9,2023-11-15 00:00:00+01:00,210.0,2023-11-15
uniqueUserZone,OWM Zona8,2023-11-15 00:00:00+01:00,279.0,2023-11-15
uniqueUserZone,OWM Zona7,2023-11-15 00:00:00+01:00,119.0,2023-11-15
uniqueUserZone,OWM Zona6,2023-11-15 00:00:00+01:00,180.0,2023-11-15
uniqueUserZone,OWM Zona5,2023-11-15 00:00:00+01:00,193.0,2023-11-15
uniqueUserZone,OWM Zona4,2023-11-15 00:00:00+01:00,196.0,2023-11-15
uniqueUserZone,OWM Zona3,2023-11-15 00:00:00+01:00,473.0,2023-11-15
uniqueUserZone,OWM Zona2,2023-11-15 00:00:00+01:00,237.0,2023-11-15
uniqueUserZone,OWM Zona1,2023-11-15 00:00:00+01:00,801.0,2023-11-15
uniqueUserZone,OWM Zona9,2023-11-14 00:00:00+01:00,193.0,2023-11-14
uniqueUserZone,OWM Zona8,2023-11-14 00:00:00+01:00,260.0,2023-11-14
uniqueUserZone,OWM Zona7,2023-11-14 00:00:00+01:00,128.0,2023-11-14
uniqueUserZone,OWM Zona6,2023-11-14 00:00:00+01:00,190.0,2023-11-14
uniqueUserZone,OWM Zona5,2023-11-14 00:00:00+01:00,164.0,2023-11-14
uniqueUserZone,OWM Zona4,2023-11-14 00:00:00+01:00,201.0,2023-11-14
uniqueUserZone,OWM Zona3,2023-11-14 00:00:00+01:00,451.0,2023-11-14
uniqueUserZone,OWM Zona2,2023-11-14 00:00:00+01:00,201.0,2023-11-14
uniqueUserZone,OWM Zona1,2023-11-14 00:00:00+01:00,680.0,2023-11-14
uniqueUserZone,OWM Zona9,2023-11-13 00:00:00+01:00,206.0,2023-11-13
uniqueUserZone,OWM Zona8,2023-11-13 00:00:00+01:00,269.0,2023-11-13
uniqueUserZone,OWM Zona7,2023-11-13 00:00:00+01:00,114.0,2023-11-13
uniqueUserZone,OWM Zona6,2023-11-13 00:00:00+01:00,189.0,2023-11-13
uniqueUserZone,OWM Zona5,2023-11-13 00:00:00+01:00,169.0,2023-11-13
uniqueUserZone,OWM Zona4,2023-11-13 00:00:00+01:00,173.0,2023-11-13
uniqueUserZone,OWM Zona3,2023-11-13 00:00:00+01:00,441.0,2023-11-13
uniqueUserZone,OWM Zona2,2023-11-13 00:00:00+01:00,214.0,2023-11-13
uniqueUserZone,OWM Zona1,2023-11-13 00:00:00+01:00,779.0,2023-11-13
uniqueUserZone,OWM Zona9,2023-11-12 00:00:00+01:00,150.0,2023-11-12
uniqueUserZone,OWM Zona8,2023-11-12 00:00:00+01:00,180.0,2023-11-12
uniqueUserZone,OWM Zona7,2023-11-12 00:00:00+01:00,81.0,2023-11-12
uniqueUserZone,OWM Zona6,2023-11-12 00:00:00+01:00,123.0,2023-11-12
uniqueUserZone,OWM Zona5,2023-11-12 00:00:00+01:00,130.0,2023-11-12
uniqueUserZone,OWM Zona4,2023-11-12 00:00:00+01:00,149.0,2023-11-12
uniqueUserZone,OWM Zona3,2023-11-12 00:00:00+01:00,363.0,2023-11-12
uniqueUserZone,OWM Zona2,2023-11-12 00:00:00+01:00,181.0,2023-11-12
uniqueUserZone,OWM Zona1,2023-11-12 00:00:00+01:00,713.0,2023-11-12
uniqueUserZone,OWM Zona9,2023-11-11 00:00:00+01:00,181.0,2023-11-11
uniqueUserZone,OWM Zona8,2023-11-11 00:00:00+01:00,253.0,2023-11-11
uniqueUserZone,OWM Zona7,2023-11-11 00:00:00+01:00,112.0,2023-11-11
uniqueUserZone,OWM Zona6,2023-11-11 00:00:00+01:00,169.0,2023-11-11
uniqueUserZone,OWM Zona5,2023-11-11 00:00:00+01:00,164.0,2023-11-11
uniqueUserZone,OWM Zona4,2023-11-11 00:00:00+01:00,155.0,2023-11-11
uniqueUserZone,OWM Zona3,2023-11-11 00:00:00+01:00,457.0,2023-11-11
uniqueUserZone,OWM Zona2,2023-11-11 00:00:00+01:00,200.0,2023-11-11
uniqueUserZone,OWM Zona1,2023-11-11 00:00:00+01:00,869.0,2023-11-11
uniqueUserZone,OWM Zona9,2023-11-10 00:00:00+01:00,214.0,2023-11-10
uniqueUserZone,OWM Zona8,2023-11-10 00:00:00+01:00,278.0,2023-11-10
uniqueUserZone,OWM Zona7,2023-11-10 00:00:00+01:00,136.0,2023-11-10
uniqueUserZone,OWM Zona6,2023-11-10 00:00:00+01:00,190.0,2023-11-10
uniqueUserZone,OWM Zona5,2023-11-10 00:00:00+01:00,188.0,2023-11-10
uniqueUserZone,OWM Zona4,2023-11-10 00:00:00+01:00,188.0,2023-11-10
uniqueUserZone,OWM Zona3,2023-11-10 00:00:00+01:00,512.0,2023-11-10
uniqueUserZone,OWM Zona2,2023-11-10 00:00:00+01:00,245.0,2023-11-10
uniqueUserZone,OWM Zona1,2023-11-10 00:00:00+01:00,758.0,2023-11-10
uniqueUserZone,OWM Zona9,2023-11-09 00:00:00+01:00,208.0,2023-11-09
uniqueUserZone,OWM Zona8,2023-11-09 00:00:00+01:00,266.0,2023-11-09
uniqueUserZone,OWM Zona7,2023-11-09 00:00:00+01:00,122.0,2023-11-09
uniqueUserZone,OWM Zona6,2023-11-09 00:00:00+01:00,158.0,2023-11-09
uniqueUserZone,OWM Zona5,2023-11-09 00:00:00+01:00,169.0,2023-11-09
uniqueUserZone,OWM Zona4,2023-11-09 00:00:00+01:00,154.0,2023-11-09
uniqueUserZone,OWM Zona3,2023-11-09 00:00:00+01:00,420.0,2023-11-09
uniqueUserZone,OWM Zona2,2023-11-09 00:00:00+01:00,219.0,2023-11-09
uniqueUserZone,OWM Zona1,2023-11-09 00:00:00+01:00,571.0,2023-11-09
uniqueUserZone,OWM Zona9,2023-11-08 00:00:00+01:00,225.0,2023-11-08
uniqueUserZone,OWM Zona8,2023-11-08 00:00:00+01:00,285.0,2023-11-08
uniqueUserZone,OWM Zona7,2023-11-08 00:00:00+01:00,126.0,2023-11-08
uniqueUserZone,OWM Zona6,2023-11-08 00:00:00+01:00,180.0,2023-11-08
uniqueUserZone,OWM Zona5,2023-11-08 00:00:00+01:00,176.0,2023-11-08
uniqueUserZone,OWM Zona4,2023-11-08 00:00:00+01:00,170.0,2023-11-08
uniqueUserZone,OWM Zona3,2023-11-08 00:00:00+01:00,499.0,2023-11-08
uniqueUserZone,OWM Zona2,2023-11-08 00:00:00+01:00,245.0,2023-11-08
uniqueUserZone,OWM Zona1,2023-11-08 00:00:00+01:00,769.0,2023-11-08
uniqueUserZone,OWM Zona9,2023-11-07 00:00:00+01:00,211.0,2023-11-07
uniqueUserZone,OWM Zona8,2023-11-07 00:00:00+01:00,278.0,2023-11-07
uniqueUserZone,OWM Zona7,2023-11-07 00:00:00+01:00,115.0,2023-11-07
uniqueUserZone,OWM Zona6,2023-11-07 00:00:00+01:00,205.0,2023-11-07
uniqueUserZone,OWM Zona5,2023-11-07 00:00:00+01:00,177.0,2023-11-07
uniqueUserZone,OWM Zona4,2023-11-07 00:00:00+01:00,189.0,2023-11-07
uniqueUserZone,OWM Zona3,2023-11-07 00:00:00+01:00,496.0,2023-11-07
uniqueUserZone,OWM Zona2,2023-11-07 00:00:00+01:00,238.0,2023-11-07
uniqueUserZone,OWM Zona1,2023-11-07 00:00:00+01:00,735.0,2023-11-07
uniqueUserZone,OWM Zona9,2023-11-06 00:00:00+01:00,212.0,2023-11-06
uniqueUserZone,OWM Zona8,2023-11-06 00:00:00+01:00,263.0,2023-11-06
uniqueUserZone,OWM Zona7,2023-11-06 00:00:00+01:00,130.0,2023-11-06
uniqueUserZone,OWM Zona6,2023-11-06 00:00:00+01:00,184.0,2023-11-06
uniqueUserZone,OWM Zona5,2023-11-06 00:00:00+01:00,159.0,2023-11-06
uniqueUserZone,OWM Zona4,2023-11-06 00:00:00+01:00,181.0,2023-11-06
uniqueUserZone,OWM Zona3,2023-11-06 00:00:00+01:00,498.0,2023-11-06
uniqueUserZone,OWM Zona2,2023-11-06 00:00:00+01:00,235.0,2023-11-06
uniqueUserZone,OWM Zona1,2023-11-06 00:00:00+01:00,762.0,2023-11-06
uniqueUserZone,OWM Zona9,2023-11-05 00:00:00+01:00,133.0,2023-11-05
uniqueUserZone,OWM Zona8,2023-11-05 00:00:00+01:00,213.0,2023-11-05
uniqueUserZone,OWM Zona7,2023-11-05 00:00:00+01:00,80.0,2023-11-05
uniqueUserZone,OWM Zona6,2023-11-05 00:00:00+01:00,155.0,2023-11-05
uniqueUserZone,OWM Zona5,2023-11-05 00:00:00+01:00,128.0,2023-11-05
uniqueUserZone,OWM Zona4,2023-11-05 00:00:00+01:00,138.0,2023-11-05
uniqueUserZone,OWM Zona3,2023-11-05 00:00:00+01:00,364.0,2023-11-05
uniqueUserZone,OWM Zona2,2023-11-05 00:00:00+01:00,182.0,2023-11-05
uniqueUserZone,OWM Zona1,2023-11-05 00:00:00+01:00,599.0,2023-11-05
uniqueUserZone,OWM Zona9,2023-11-04 00:00:00+01:00,151.0,2023-11-04
uniqueUserZone,OWM Zona8,2023-11-04 00:00:00+01:00,193.0,2023-11-04
uniqueUserZone,OWM Zona7,2023-11-04 00:00:00+01:00,98.0,2023-11-04
uniqueUserZone,OWM Zona6,2023-11-04 00:00:00+01:00,164.0,2023-11-04
uniqueUserZone,OWM Zona5,2023-11-04 00:00:00+01:00,143.0,2023-11-04
uniqueUserZone,OWM Zona4,2023-11-04 00:00:00+01:00,142.0,2023-11-04
uniqueUserZone,OWM Zona3,2023-11-04 00:00:00+01:00,447.0,2023-11-04
uniqueUserZone,OWM Zona2,2023-11-04 00:00:00+01:00,174.0,2023-11-04
uniqueUserZone,OWM Zona1,2023-11-04 00:00:00+01:00,721.0,2023-11-04
uniqueUserZone,OWM Zona9,2023-11-03 00:00:00+01:00,191.0,2023-11-03
uniqueUserZone,OWM Zona8,2023-11-03 00:00:00+01:00,264.0,2023-11-03
uniqueUserZone,OWM Zona7,2023-11-03 00:00:00+01:00,103.0,2023-11-03
uniqueUserZone,OWM Zona6,2023-11-03 00:00:00+01:00,187.0,2023-11-03
uniqueUserZone,OWM Zona5,2023-11-03 00:00:00+01:00,180.0,2023-11-03
uniqueUserZone,OWM Zona4,2023-11-03 00:00:00+01:00,190.0,2023-11-03
uniqueUserZone,OWM Zona3,2023-11-03 00:00:00+01:00,449.0,2023-11-03
uniqueUserZone,OWM Zona2,2023-11-03 00:00:00+01:00,227.0,2023-11-03
uniqueUserZone,OWM Zona1,2023-11-03 00:00:00+01:00,900.0,2023-11-03
uniqueUserZone,OWM Zona9,2023-11-02 00:00:00+01:00,143.0,2023-11-02
uniqueUserZone,OWM Zona8,2023-11-02 00:00:00+01:00,198.0,2023-11-02
uniqueUserZone,OWM Zona7,2023-11-02 00:00:00+01:00,90.0,2023-11-02
uniqueUserZone,OWM Zona6,2023-11-02 00:00:00+01:00,150.0,2023-11-02
uniqueUserZone,OWM Zona5,2023-11-02 00:00:00+01:00,150.0,2023-11-02
uniqueUserZone,OWM Zona4,2023-11-02 00:00:00+01:00,155.0,2023-11-02
uniqueUserZone,OWM Zona3,2023-11-02 00:00:00+01:00,361.0,2023-11-02
uniqueUserZone,OWM Zona2,2023-11-02 00:00:00+01:00,161.0,2023-11-02
uniqueUserZone,OWM Zona1,2023-11-02 00:00:00+01:00,504.0,2023-11-02
uniqueUserZone,OWM Zona9,2023-11-01 00:00:00+01:00,140.0,2023-11-01
uniqueUserZone,OWM Zona8,2023-11-01 00:00:00+01:00,214.0,2023-11-01
uniqueUserZone,OWM Zona7,2023-11-01 00:00:00+01:00,84.0,2023-11-01
uniqueUserZone,OWM Zona6,2023-11-01 00:00:00+01:00,145.0,2023-11-01
uniqueUserZone,OWM Zona5,2023-11-01 00:00:00+01:00,125.0,2023-11-01
uniqueUserZone,OWM Zona4,2023-11-01 00:00:00+01:00,142.0,2023-11-01
uniqueUserZone,OWM Zona3,2023-11-01 00:00:00+01:00,334.0,2023-11-01
uniqueUserZone,OWM Zona2,2023-11-01 00:00:00+01:00,187.0,2023-11-01
uniqueUserZone,OWM Zona1,2023-11-01 00:00:00+01:00,616.0,2023-11-01
uniqueUserZone,OWM Zona9,2023-10-31 00:00:00+01:00,187.0,2023-10-31
uniqueUserZone,OWM Zona8,2023-10-31 00:00:00+01:00,268.0,2023-10-31
uniqueUserZone,OWM Zona7,2023-10-31 00:00:00+01:00,111.0,2023-10-31
uniqueUserZone,OWM Zona6,2023-10-31 00:00:00+01:00,191.0,2023-10-31
uniqueUserZone,OWM Zona5,2023-10-31 00:00:00+01:00,201.0,2023-10-31
uniqueUserZone,OWM Zona4,2023-10-31 00:00:00+01:00,179.0,2023-10-31
uniqueUserZone,OWM Zona3,2023-10-31 00:00:00+01:00,460.0,2023-10-31
uniqueUserZone,OWM Zona2,2023-10-31 00:00:00+01:00,230.0,2023-10-31
uniqueUserZone,OWM Zona1,2023-10-31 00:00:00+01:00,848.0,2023-10-31
uniqueUserZone,OWM Zona9,2023-10-30 00:00:00+01:00,166.0,2023-10-30
uniqueUserZone,OWM Zona8,2023-10-30 00:00:00+01:00,217.0,2023-10-30
uniqueUserZone,OWM Zona7,2023-10-30 00:00:00+01:00,100.0,2023-10-30
uniqueUserZone,OWM Zona6,2023-10-30 00:00:00+01:00,172.0,2023-10-30
uniqueUserZone,OWM Zona5,2023-10-30 00:00:00+01:00,154.0,2023-10-30
uniqueUserZone,OWM Zona4,2023-10-30 00:00:00+01:00,156.0,2023-10-30
uniqueUserZone,OWM Zona3,2023-10-30 00:00:00+01:00,412.0,2023-10-30
uniqueUserZone,OWM Zona2,2023-10-30 00:00:00+01:00,173.0,2023-10-30
uniqueUserZone,OWM Zona1,2023-10-30 00:00:00+01:00,666.0,2023-10-30
uniqueUserZone,OWM Zona9,2023-10-29 00:00:00+02:00,135.0,2023-10-29
uniqueUserZone,OWM Zona8,2023-10-29 00:00:00+02:00,182.0,2023-10-29
uniqueUserZone,OWM Zona7,2023-10-29 00:00:00+02:00,86.0,2023-10-29
uniqueUserZone,OWM Zona6,2023-10-29 00:00:00+02:00,137.0,2023-10-29
uniqueUserZone,OWM Zona5,2023-10-29 00:00:00+02:00,123.0,2023-10-29
uniqueUserZone,OWM Zona4,2023-10-29 00:00:00+02:00,150.0,2023-10-29
uniqueUserZone,OWM Zona3,2023-10-29 00:00:00+02:00,329.0,2023-10-29
uniqueUserZone,OWM Zona2,2023-10-29 00:00:00+02:00,172.0,2023-10-29
uniqueUserZone,OWM Zona1,2023-10-29 00:00:00+02:00,806.0,2023-10-29
uniqueUserZone,OWM Zona9,2023-10-28 00:00:00+02:00,198.0,2023-10-28
uniqueUserZone,OWM Zona8,2023-10-28 00:00:00+02:00,241.0,2023-10-28
uniqueUserZone,OWM Zona7,2023-10-28 00:00:00+02:00,111.0,2023-10-28
uniqueUserZone,OWM Zona6,2023-10-28 00:00:00+02:00,191.0,2023-10-28
uniqueUserZone,OWM Zona5,2023-10-28 00:00:00+02:00,158.0,2023-10-28
uniqueUserZone,OWM Zona4,2023-10-28 00:00:00+02:00,161.0,2023-10-28
uniqueUserZone,OWM Zona3,2023-10-28 00:00:00+02:00,466.0,2023-10-28
uniqueUserZone,OWM Zona2,2023-10-28 00:00:00+02:00,231.0,2023-10-28
uniqueUserZone,OWM Zona1,2023-10-28 00:00:00+02:00,965.0,2023-10-28
uniqueUserZone,OWM Zona9,2023-10-27 00:00:00+02:00,244.0,2023-10-27
uniqueUserZone,OWM Zona8,2023-10-27 00:00:00+02:00,294.0,2023-10-27
uniqueUserZone,OWM Zona7,2023-10-27 00:00:00+02:00,113.0,2023-10-27
uniqueUserZone,OWM Zona6,2023-10-27 00:00:00+02:00,184.0,2023-10-27
uniqueUserZone,OWM Zona5,2023-10-27 00:00:00+02:00,184.0,2023-10-27
uniqueUserZone,OWM Zona4,2023-10-27 00:00:00+02:00,178.0,2023-10-27
uniqueUserZone,OWM Zona3,2023-10-27 00:00:00+02:00,490.0,2023-10-27
uniqueUserZone,OWM Zona2,2023-10-27 00:00:00+02:00,227.0,2023-10-27
uniqueUserZone,OWM Zona1,2023-10-27 00:00:00+02:00,987.0,2023-10-27
uniqueUserZone,OWM Zona9,2023-10-26 00:00:00+02:00,215.0,2023-10-26
uniqueUserZone,OWM Zona8,2023-10-26 00:00:00+02:00,248.0,2023-10-26
uniqueUserZone,OWM Zona7,2023-10-26 00:00:00+02:00,121.0,2023-10-26
uniqueUserZone,OWM Zona6,2023-10-26 00:00:00+02:00,197.0,2023-10-26
uniqueUserZone,OWM Zona5,2023-10-26 00:00:00+02:00,166.0,2023-10-26
uniqueUserZone,OWM Zona4,2023-10-26 00:00:00+02:00,199.0,2023-10-26
uniqueUserZone,OWM Zona3,2023-10-26 00:00:00+02:00,450.0,2023-10-26
uniqueUserZone,OWM Zona2,2023-10-26 00:00:00+02:00,214.0,2023-10-26
uniqueUserZone,OWM Zona1,2023-10-26 00:00:00+02:00,804.0,2023-10-26
uniqueUserZone,OWM Zona9,2023-10-25 00:00:00+02:00,217.0,2023-10-25
uniqueUserZone,OWM Zona8,2023-10-25 00:00:00+02:00,269.0,2023-10-25
uniqueUserZone,OWM Zona7,2023-10-25 00:00:00+02:00,146.0,2023-10-25
uniqueUserZone,OWM Zona6,2023-10-25 00:00:00+02:00,221.0,2023-10-25
uniqueUserZone,OWM Zona5,2023-10-25 00:00:00+02:00,194.0,2023-10-25
uniqueUserZone,OWM Zona4,2023-10-25 00:00:00+02:00,170.0,2023-10-25
uniqueUserZone,OWM Zona3,2023-10-25 00:00:00+02:00,514.0,2023-10-25
uniqueUserZone,OWM Zona2,2023-10-25 00:00:00+02:00,222.0,2023-10-25
uniqueUserZone,OWM Zona1,2023-10-25 00:00:00+02:00,907.0,2023-10-25
uniqueUserZone,OWM Zona9,2023-10-24 00:00:00+02:00,191.0,2023-10-24
uniqueUserZone,OWM Zona8,2023-10-24 00:00:00+02:00,222.0,2023-10-24
uniqueUserZone,OWM Zona7,2023-10-24 00:00:00+02:00,131.0,2023-10-24
uniqueUserZone,OWM Zona6,2023-10-24 00:00:00+02:00,177.0,2023-10-24
uniqueUserZone,OWM Zona5,2023-10-24 00:00:00+02:00,132.0,2023-10-24
uniqueUserZone,OWM Zona4,2023-10-24 00:00:00+02:00,160.0,2023-10-24
uniqueUserZone,OWM Zona3,2023-10-24 00:00:00+02:00,445.0,2023-10-24
uniqueUserZone,OWM Zona2,2023-10-24 00:00:00+02:00,200.0,2023-10-24
uniqueUserZone,OWM Zona1,2023-10-24 00:00:00+02:00,679.0,2023-10-24
uniqueUserZone,OWM Zona9,2023-10-23 00:00:00+02:00,210.0,2023-10-23
uniqueUserZone,OWM Zona8,2023-10-23 00:00:00+02:00,281.0,2023-10-23
uniqueUserZone,OWM Zona7,2023-10-23 00:00:00+02:00,147.0,2023-10-23
uniqueUserZone,OWM Zona6,2023-10-23 00:00:00+02:00,192.0,2023-10-23
uniqueUserZone,OWM Zona5,2023-10-23 00:00:00+02:00,155.0,2023-10-23
uniqueUserZone,OWM Zona4,2023-10-23 00:00:00+02:00,172.0,2023-10-23
uniqueUserZone,OWM Zona3,2023-10-23 00:00:00+02:00,461.0,2023-10-23
uniqueUserZone,OWM Zona2,2023-10-23 00:00:00+02:00,207.0,2023-10-23
uniqueUserZone,OWM Zona1,2023-10-23 00:00:00+02:00,868.0,2023-10-23
uniqueUserZone,OWM Zona9,2023-10-22 00:00:00+02:00,152.0,2023-10-22
uniqueUserZone,OWM Zona8,2023-10-22 00:00:00+02:00,201.0,2023-10-22
uniqueUserZone,OWM Zona7,2023-10-22 00:00:00+02:00,100.0,2023-10-22
uniqueUserZone,OWM Zona6,2023-10-22 00:00:00+02:00,152.0,2023-10-22
uniqueUserZone,OWM Zona5,2023-10-22 00:00:00+02:00,120.0,2023-10-22
uniqueUserZone,OWM Zona4,2023-10-22 00:00:00+02:00,125.0,2023-10-22
uniqueUserZone,OWM Zona3,2023-10-22 00:00:00+02:00,326.0,2023-10-22
uniqueUserZone,OWM Zona2,2023-10-22 00:00:00+02:00,205.0,2023-10-22
uniqueUserZone,OWM Zona1,2023-10-22 00:00:00+02:00,577.0,2023-10-22
uniqueUserZone,OWM Zona9,2023-10-21 00:00:00+02:00,152.0,2023-10-21
uniqueUserZone,OWM Zona8,2023-10-21 00:00:00+02:00,242.0,2023-10-21
uniqueUserZone,OWM Zona7,2023-10-21 00:00:00+02:00,132.0,2023-10-21
uniqueUserZone,OWM Zona6,2023-10-21 00:00:00+02:00,172.0,2023-10-21
uniqueUserZone,OWM Zona5,2023-10-21 00:00:00+02:00,138.0,2023-10-21
uniqueUserZone,OWM Zona4,2023-10-21 00:00:00+02:00,150.0,2023-10-21
uniqueUserZone,OWM Zona3,2023-10-21 00:00:00+02:00,445.0,2023-10-21
uniqueUserZone,OWM Zona2,2023-10-21 00:00:00+02:00,202.0,2023-10-21
uniqueUserZone,OWM Zona1,2023-10-21 00:00:00+02:00,605.0,2023-10-21
uniqueUserZone,OWM Zona9,2023-10-20 00:00:00+02:00,213.0,2023-10-20
uniqueUserZone,OWM Zona8,2023-10-20 00:00:00+02:00,229.0,2023-10-20
uniqueUserZone,OWM Zona7,2023-10-20 00:00:00+02:00,132.0,2023-10-20
uniqueUserZone,OWM Zona6,2023-10-20 00:00:00+02:00,191.0,2023-10-20
uniqueUserZone,OWM Zona5,2023-10-20 00:00:00+02:00,169.0,2023-10-20
uniqueUserZone,OWM Zona4,2023-10-20 00:00:00+02:00,170.0,2023-10-20
uniqueUserZone,OWM Zona3,2023-10-20 00:00:00+02:00,444.0,2023-10-20
uniqueUserZone,OWM Zona2,2023-10-20 00:00:00+02:00,221.0,2023-10-20
uniqueUserZone,OWM Zona1,2023-10-20 00:00:00+02:00,812.0,2023-10-20
uniqueUserZone,OWM Zona9,2023-10-19 00:00:00+02:00,212.0,2023-10-19
uniqueUserZone,OWM Zona8,2023-10-19 00:00:00+02:00,275.0,2023-10-19
uniqueUserZone,OWM Zona7,2023-10-19 00:00:00+02:00,123.0,2023-10-19
uniqueUserZone,OWM Zona6,2023-10-19 00:00:00+02:00,180.0,2023-10-19
uniqueUserZone,OWM Zona5,2023-10-19 00:00:00+02:00,154.0,2023-10-19
uniqueUserZone,OWM Zona4,2023-10-19 00:00:00+02:00,158.0,2023-10-19
uniqueUserZone,OWM Zona3,2023-10-19 00:00:00+02:00,420.0,2023-10-19
uniqueUserZone,OWM Zona2,2023-10-19 00:00:00+02:00,188.0,2023-10-19
uniqueUserZone,OWM Zona1,2023-10-19 00:00:00+02:00,712.0,2023-10-19
uniqueUserZone,OWM Zona9,2023-10-18 00:00:00+02:00,204.0,2023-10-18
uniqueUserZone,OWM Zona8,2023-10-18 00:00:00+02:00,275.0,2023-10-18
uniqueUserZone,OWM Zona7,2023-10-18 00:00:00+02:00,152.0,2023-10-18
uniqueUserZone,OWM Zona6,2023-10-18 00:00:00+02:00,202.0,2023-10-18
uniqueUserZone,OWM Zona5,2023-10-18 00:00:00+02:00,165.0,2023-10-18
uniqueUserZone,OWM Zona4,2023-10-18 00:00:00+02:00,185.0,2023-10-18
uniqueUserZone,OWM Zona3,2023-10-18 00:00:00+02:00,512.0,2023-10-18
uniqueUserZone,OWM Zona2,2023-10-18 00:00:00+02:00,214.0,2023-10-18
uniqueUserZone,OWM Zona1,2023-10-18 00:00:00+02:00,774.0,2023-10-18
uniqueUserZone,OWM Zona9,2023-10-17 00:00:00+02:00,206.0,2023-10-17
uniqueUserZone,OWM Zona8,2023-10-17 00:00:00+02:00,279.0,2023-10-17
uniqueUserZone,OWM Zona7,2023-10-17 00:00:00+02:00,144.0,2023-10-17
uniqueUserZone,OWM Zona6,2023-10-17 00:00:00+02:00,202.0,2023-10-17
uniqueUserZone,OWM Zona5,2023-10-17 00:00:00+02:00,172.0,2023-10-17
uniqueUserZone,OWM Zona4,2023-10-17 00:00:00+02:00,187.0,2023-10-17
uniqueUserZone,OWM Zona3,2023-10-17 00:00:00+02:00,534.0,2023-10-17
uniqueUserZone,OWM Zona2,2023-10-17 00:00:00+02:00,237.0,2023-10-17
uniqueUserZone,OWM Zona1,2023-10-17 00:00:00+02:00,923.0,2023-10-17
uniqueUserZone,OWM Zona9,2023-10-16 00:00:00+02:00,214.0,2023-10-16
uniqueUserZone,OWM Zona8,2023-10-16 00:00:00+02:00,265.0,2023-10-16
uniqueUserZone,OWM Zona7,2023-10-16 00:00:00+02:00,175.0,2023-10-16
uniqueUserZone,OWM Zona6,2023-10-16 00:00:00+02:00,189.0,2023-10-16
uniqueUserZone,OWM Zona5,2023-10-16 00:00:00+02:00,154.0,2023-10-16
uniqueUserZone,OWM Zona4,2023-10-16 00:00:00+02:00,181.0,2023-10-16
uniqueUserZone,OWM Zona3,2023-10-16 00:00:00+02:00,489.0,2023-10-16
uniqueUserZone,OWM Zona2,2023-10-16 00:00:00+02:00,231.0,2023-10-16
uniqueUserZone,OWM Zona1,2023-10-16 00:00:00+02:00,887.0,2023-10-16
uniqueUserZone,OWM Zona9,2023-10-15 00:00:00+02:00,133.0,2023-10-15
uniqueUserZone,OWM Zona8,2023-10-15 00:00:00+02:00,221.0,2023-10-15
uniqueUserZone,OWM Zona7,2023-10-15 00:00:00+02:00,99.0,2023-10-15
uniqueUserZone,OWM Zona6,2023-10-15 00:00:00+02:00,174.0,2023-10-15
uniqueUserZone,OWM Zona5,2023-10-15 00:00:00+02:00,124.0,2023-10-15
uniqueUserZone,OWM Zona4,2023-10-15 00:00:00+02:00,160.0,2023-10-15
uniqueUserZone,OWM Zona3,2023-10-15 00:00:00+02:00,453.0,2023-10-15
uniqueUserZone,OWM Zona2,2023-10-15 00:00:00+02:00,165.0,2023-10-15
uniqueUserZone,OWM Zona1,2023-10-15 00:00:00+02:00,879.0,2023-10-15
uniqueUserZone,OWM Zona9,2023-10-14 00:00:00+02:00,188.0,2023-10-14
uniqueUserZone,OWM Zona8,2023-10-14 00:00:00+02:00,267.0,2023-10-14
uniqueUserZone,OWM Zona7,2023-10-14 00:00:00+02:00,126.0,2023-10-14
uniqueUserZone,OWM Zona6,2023-10-14 00:00:00+02:00,203.0,2023-10-14
uniqueUserZone,OWM Zona5,2023-10-14 00:00:00+02:00,142.0,2023-10-14
uniqueUserZone,OWM Zona4,2023-10-14 00:00:00+02:00,176.0,2023-10-14
uniqueUserZone,OWM Zona3,2023-10-14 00:00:00+02:00,511.0,2023-10-14
uniqueUserZone,OWM Zona2,2023-10-14 00:00:00+02:00,206.0,2023-10-14
uniqueUserZone,OWM Zona1,2023-10-14 00:00:00+02:00,1091.0,2023-10-14
uniqueUserZone,OWM Zona9,2023-10-13 00:00:00+02:00,224.0,2023-10-13
uniqueUserZone,OWM Zona8,2023-10-13 00:00:00+02:00,281.0,2023-10-13
uniqueUserZone,OWM Zona7,2023-10-13 00:00:00+02:00,147.0,2023-10-13
uniqueUserZone,OWM Zona6,2023-10-13 00:00:00+02:00,221.0,2023-10-13
uniqueUserZone,OWM Zona5,2023-10-13 00:00:00+02:00,197.0,2023-10-13
uniqueUserZone,OWM Zona4,2023-10-13 00:00:00+02:00,182.0,2023-10-13
uniqueUserZone,OWM Zona3,2023-10-13 00:00:00+02:00,529.0,2023-10-13
uniqueUserZone,OWM Zona2,2023-10-13 00:00:00+02:00,229.0,2023-10-13
uniqueUserZone,OWM Zona1,2023-10-13 00:00:00+02:00,1024.0,2023-10-13
uniqueUserZone,OWM Zona9,2023-10-12 00:00:00+02:00,205.0,2023-10-12
uniqueUserZone,OWM Zona8,2023-10-12 00:00:00+02:00,302.0,2023-10-12
uniqueUserZone,OWM Zona7,2023-10-12 00:00:00+02:00,140.0,2023-10-12
uniqueUserZone,OWM Zona6,2023-10-12 00:00:00+02:00,226.0,2023-10-12
uniqueUserZone,OWM Zona5,2023-10-12 00:00:00+02:00,183.0,2023-10-12
uniqueUserZone,OWM Zona4,2023-10-12 00:00:00+02:00,176.0,2023-10-12
uniqueUserZone,OWM Zona3,2023-10-12 00:00:00+02:00,527.0,2023-10-12
uniqueUserZone,OWM Zona2,2023-10-12 00:00:00+02:00,231.0,2023-10-12
uniqueUserZone,OWM Zona1,2023-10-12 00:00:00+02:00,1060.0,2023-10-12
uniqueUserZone,OWM Zona9,2023-10-11 00:00:00+02:00,224.0,2023-10-11
uniqueUserZone,OWM Zona8,2023-10-11 00:00:00+02:00,283.0,2023-10-11
uniqueUserZone,OWM Zona7,2023-10-11 00:00:00+02:00,149.0,2023-10-11
uniqueUserZone,OWM Zona6,2023-10-11 00:00:00+02:00,269.0,2023-10-11
uniqueUserZone,OWM Zona5,2023-10-11 00:00:00+02:00,181.0,2023-10-11
uniqueUserZone,OWM Zona4,2023-10-11 00:00:00+02:00,178.0,2023-10-11
uniqueUserZone,OWM Zona3,2023-10-11 00:00:00+02:00,534.0,2023-10-11
uniqueUserZone,OWM Zona2,2023-10-11 00:00:00+02:00,221.0,2023-10-11
uniqueUserZone,OWM Zona1,2023-10-11 00:00:00+02:00,964.0,2023-10-11
uniqueUserZone,OWM Zona9,2023-10-10 00:00:00+02:00,243.0,2023-10-10
uniqueUserZone,OWM Zona8,2023-10-10 00:00:00+02:00,307.0,2023-10-10
uniqueUserZone,OWM Zona7,2023-10-10 00:00:00+02:00,138.0,2023-10-10
uniqueUserZone,OWM Zona6,2023-10-10 00:00:00+02:00,304.0,2023-10-10
uniqueUserZone,OWM Zona5,2023-10-10 00:00:00+02:00,190.0,2023-10-10
uniqueUserZone,OWM Zona4,2023-10-10 00:00:00+02:00,196.0,2023-10-10
uniqueUserZone,OWM Zona3,2023-10-10 00:00:00+02:00,520.0,2023-10-10
uniqueUserZone,OWM Zona2,2023-10-10 00:00:00+02:00,203.0,2023-10-10
uniqueUserZone,OWM Zona1,2023-10-10 00:00:00+02:00,949.0,2023-10-10
uniqueUserZone,OWM Zona9,2023-10-09 00:00:00+02:00,211.0,2023-10-09
uniqueUserZone,OWM Zona8,2023-10-09 00:00:00+02:00,271.0,2023-10-09
uniqueUserZone,OWM Zona7,2023-10-09 00:00:00+02:00,149.0,2023-10-09
uniqueUserZone,OWM Zona6,2023-10-09 00:00:00+02:00,296.0,2023-10-09
uniqueUserZone,OWM Zona5,2023-10-09 00:00:00+02:00,157.0,2023-10-09
uniqueUserZone,OWM Zona4,2023-10-09 00:00:00+02:00,161.0,2023-10-09
uniqueUserZone,OWM Zona3,2023-10-09 00:00:00+02:00,489.0,2023-10-09
uniqueUserZone,OWM Zona2,2023-10-09 00:00:00+02:00,250.0,2023-10-09
uniqueUserZone,OWM Zona1,2023-10-09 00:00:00+02:00,968.0,2023-10-09
uniqueUserZone,OWM Zona9,2023-10-08 00:00:00+02:00,158.0,2023-10-08
uniqueUserZone,OWM Zona8,2023-10-08 00:00:00+02:00,225.0,2023-10-08
uniqueUserZone,OWM Zona7,2023-10-08 00:00:00+02:00,109.0,2023-10-08
uniqueUserZone,OWM Zona6,2023-10-08 00:00:00+02:00,304.0,2023-10-08
uniqueUserZone,OWM Zona5,2023-10-08 00:00:00+02:00,147.0,2023-10-08
uniqueUserZone,OWM Zona4,2023-10-08 00:00:00+02:00,137.0,2023-10-08
uniqueUserZone,OWM Zona3,2023-10-08 00:00:00+02:00,375.0,2023-10-08
uniqueUserZone,OWM Zona2,2023-10-08 00:00:00+02:00,173.0,2023-10-08
uniqueUserZone,OWM Zona1,2023-10-08 00:00:00+02:00,975.0,2023-10-08
uniqueUserZone,OWM Zona9,2023-10-07 00:00:00+02:00,202.0,2023-10-07
uniqueUserZone,OWM Zona8,2023-10-07 00:00:00+02:00,251.0,2023-10-07
uniqueUserZone,OWM Zona7,2023-10-07 00:00:00+02:00,114.0,2023-10-07
uniqueUserZone,OWM Zona6,2023-10-07 00:00:00+02:00,352.0,2023-10-07
uniqueUserZone,OWM Zona5,2023-10-07 00:00:00+02:00,150.0,2023-10-07
uniqueUserZone,OWM Zona4,2023-10-07 00:00:00+02:00,147.0,2023-10-07
uniqueUserZone,OWM Zona3,2023-10-07 00:00:00+02:00,504.0,2023-10-07
uniqueUserZone,OWM Zona2,2023-10-07 00:00:00+02:00,211.0,2023-10-07
uniqueUserZone,OWM Zona1,2023-10-07 00:00:00+02:00,1165.0,2023-10-07
uniqueUserZone,OWM Zona9,2023-10-06 00:00:00+02:00,206.0,2023-10-06
uniqueUserZone,OWM Zona8,2023-10-06 00:00:00+02:00,286.0,2023-10-06
uniqueUserZone,OWM Zona7,2023-10-06 00:00:00+02:00,134.0,2023-10-06
uniqueUserZone,OWM Zona6,2023-10-06 00:00:00+02:00,364.0,2023-10-06
uniqueUserZone,OWM Zona5,2023-10-06 00:00:00+02:00,181.0,2023-10-06
uniqueUserZone,OWM Zona4,2023-10-06 00:00:00+02:00,186.0,2023-10-06
uniqueUserZone,OWM Zona3,2023-10-06 00:00:00+02:00,482.0,2023-10-06
uniqueUserZone,OWM Zona2,2023-10-06 00:00:00+02:00,229.0,2023-10-06
uniqueUserZone,OWM Zona1,2023-10-06 00:00:00+02:00,1119.0,2023-10-06
uniqueUserZone,OWM Zona9,2023-10-05 00:00:00+02:00,197.0,2023-10-05
uniqueUserZone,OWM Zona8,2023-10-05 00:00:00+02:00,276.0,2023-10-05
uniqueUserZone,OWM Zona7,2023-10-05 00:00:00+02:00,128.0,2023-10-05
uniqueUserZone,OWM Zona6,2023-10-05 00:00:00+02:00,337.0,2023-10-05
uniqueUserZone,OWM Zona5,2023-10-05 00:00:00+02:00,167.0,2023-10-05
uniqueUserZone,OWM Zona4,2023-10-05 00:00:00+02:00,175.0,2023-10-05
uniqueUserZone,OWM Zona3,2023-10-05 00:00:00+02:00,489.0,2023-10-05
uniqueUserZone,OWM Zona2,2023-10-05 00:00:00+02:00,247.0,2023-10-05
uniqueUserZone,OWM Zona1,2023-10-05 00:00:00+02:00,1037.0,2023-10-05
uniqueUserZone,OWM Zona9,2023-10-04 00:00:00+02:00,203.0,2023-10-04
uniqueUserZone,OWM Zona8,2023-10-04 00:00:00+02:00,256.0,2023-10-04
uniqueUserZone,OWM Zona7,2023-10-04 00:00:00+02:00,131.0,2023-10-04
uniqueUserZone,OWM Zona6,2023-10-04 00:00:00+02:00,318.0,2023-10-04
uniqueUserZone,OWM Zona5,2023-10-04 00:00:00+02:00,189.0,2023-10-04
uniqueUserZone,OWM Zona4,2023-10-04 00:00:00+02:00,181.0,2023-10-04
uniqueUserZone,OWM Zona3,2023-10-04 00:00:00+02:00,484.0,2023-10-04
uniqueUserZone,OWM Zona2,2023-10-04 00:00:00+02:00,211.0,2023-10-04
uniqueUserZone,OWM Zona1,2023-10-04 00:00:00+02:00,988.0,2023-10-04
uniqueUserZone,OWM Zona9,2023-10-03 00:00:00+02:00,183.0,2023-10-03
uniqueUserZone,OWM Zona8,2023-10-03 00:00:00+02:00,253.0,2023-10-03
uniqueUserZone,OWM Zona7,2023-10-03 00:00:00+02:00,121.0,2023-10-03
uniqueUserZone,OWM Zona6,2023-10-03 00:00:00+02:00,328.0,2023-10-03
uniqueUserZone,OWM Zona5,2023-10-03 00:00:00+02:00,167.0,2023-10-03
uniqueUserZone,OWM Zona4,2023-10-03 00:00:00+02:00,167.0,2023-10-03
uniqueUserZone,OWM Zona3,2023-10-03 00:00:00+02:00,478.0,2023-10-03
uniqueUserZone,OWM Zona2,2023-10-03 00:00:00+02:00,222.0,2023-10-03
uniqueUserZone,OWM Zona1,2023-10-03 00:00:00+02:00,952.0,2023-10-03
uniqueUserZone,OWM Zona9,2023-10-02 00:00:00+02:00,192.0,2023-10-02
uniqueUserZone,OWM Zona8,2023-10-02 00:00:00+02:00,256.0,2023-10-02
uniqueUserZone,OWM Zona7,2023-10-02 00:00:00+02:00,122.0,2023-10-02
uniqueUserZone,OWM Zona6,2023-10-02 00:00:00+02:00,324.0,2023-10-02
uniqueUserZone,OWM Zona5,2023-10-02 00:00:00+02:00,170.0,2023-10-02
uniqueUserZone,OWM Zona4,2023-10-02 00:00:00+02:00,165.0,2023-10-02
uniqueUserZone,OWM Zona3,2023-10-02 00:00:00+02:00,478.0,2023-10-02
uniqueUserZone,OWM Zona2,2023-10-02 00:00:00+02:00,217.0,2023-10-02
uniqueUserZone,OWM Zona1,2023-10-02 00:00:00+02:00,971.0,2023-10-02
uniqueUserZone,OWM Zona9,2023-10-01 00:00:00+02:00,141.0,2023-10-01
uniqueUserZone,OWM Zona8,2023-10-01 00:00:00+02:00,194.0,2023-10-01
uniqueUserZone,OWM Zona7,2023-10-01 00:00:00+02:00,95.0,2023-10-01
uniqueUserZone,OWM Zona6,2023-10-01 00:00:00+02:00,339.0,2023-10-01
uniqueUserZone,OWM Zona5,2023-10-01 00:00:00+02:00,120.0,2023-10-01
uniqueUserZone,OWM Zona4,2023-10-01 00:00:00+02:00,136.0,2023-10-01
uniqueUserZone,OWM Zona3,2023-10-01 00:00:00+02:00,352.0,2023-10-01
uniqueUserZone,OWM Zona2,2023-10-01 00:00:00+02:00,196.0,2023-10-01
uniqueUserZone,OWM Zona1,2023-10-01 00:00:00+02:00,999.0,2023-10-01
uniqueUserZone,OWM Zona9,2023-09-30 00:00:00+02:00,197.0,2023-09-30
uniqueUserZone,OWM Zona8,2023-09-30 00:00:00+02:00,226.0,2023-09-30
uniqueUserZone,OWM Zona7,2023-09-30 00:00:00+02:00,113.0,2023-09-30
uniqueUserZone,OWM Zona6,2023-09-30 00:00:00+02:00,325.0,2023-09-30
uniqueUserZone,OWM Zona5,2023-09-30 00:00:00+02:00,149.0,2023-09-30
uniqueUserZone,OWM Zona4,2023-09-30 00:00:00+02:00,166.0,2023-09-30
uniqueUserZone,OWM Zona3,2023-09-30 00:00:00+02:00,435.0,2023-09-30
uniqueUserZone,OWM Zona2,2023-09-30 00:00:00+02:00,231.0,2023-09-30
uniqueUserZone,OWM Zona1,2023-09-30 00:00:00+02:00,1104.0,2023-09-30
uniqueUserZone,OWM Zona9,2023-09-29 00:00:00+02:00,206.0,2023-09-29
uniqueUserZone,OWM Zona8,2023-09-29 00:00:00+02:00,266.0,2023-09-29
uniqueUserZone,OWM Zona7,2023-09-29 00:00:00+02:00,138.0,2023-09-29
uniqueUserZone,OWM Zona6,2023-09-29 00:00:00+02:00,325.0,2023-09-29
uniqueUserZone,OWM Zona5,2023-09-29 00:00:00+02:00,171.0,2023-09-29
uniqueUserZone,OWM Zona4,2023-09-29 00:00:00+02:00,171.0,2023-09-29
uniqueUserZone,OWM Zona3,2023-09-29 00:00:00+02:00,466.0,2023-09-29
uniqueUserZone,OWM Zona2,2023-09-29 00:00:00+02:00,224.0,2023-09-29
uniqueUserZone,OWM Zona1,2023-09-29 00:00:00+02:00,1098.0,2023-09-29
uniqueUserZone,OWM Zona9,2023-09-28 00:00:00+02:00,203.0,2023-09-28
uniqueUserZone,OWM Zona8,2023-09-28 00:00:00+02:00,230.0,2023-09-28
uniqueUserZone,OWM Zona7,2023-09-28 00:00:00+02:00,139.0,2023-09-28
uniqueUserZone,OWM Zona6,2023-09-28 00:00:00+02:00,327.0,2023-09-28
uniqueUserZone,OWM Zona5,2023-09-28 00:00:00+02:00,155.0,2023-09-28
uniqueUserZone,OWM Zona4,2023-09-28 00:00:00+02:00,166.0,2023-09-28
uniqueUserZone,OWM Zona3,2023-09-28 00:00:00+02:00,456.0,2023-09-28
uniqueUserZone,OWM Zona2,2023-09-28 00:00:00+02:00,211.0,2023-09-28
uniqueUserZone,OWM Zona1,2023-09-28 00:00:00+02:00,896.0,2023-09-28
uniqueUserZone,OWM Zona9,2023-09-27 00:00:00+02:00,232.0,2023-09-27
uniqueUserZone,OWM Zona1,2023-09-13 00:00:00+02:00,831.0,2023-09-13
uniqueUserZone,OWM Zona5,2023-08-31 00:00:00+02:00,128.0,2023-08-31
uniqueUserZone,OWM Zona5,2023-08-28 00:00:00+02:00,103.0,2023-08-28
uniqueUserZone,OWM Zona4,2023-08-28 00:00:00+02:00,118.0,2023-08-28
uniqueUserZone,OWM Zona3,2023-08-28 00:00:00+02:00,294.0,2023-08-28
uniqueUserZone,OWM Zona3,2023-08-25 00:00:00+02:00,306.0,2023-08-25
uniqueUserZone,OWM Zona2,2023-08-18 00:00:00+02:00,130.0,2023-08-18
uniqueUserZone,OWM Zona1,2023-08-18 00:00:00+02:00,846.0,2023-08-18
uniqueUserZone,OWM Zona9,2023-08-17 00:00:00+02:00,143.0,2023-08-17
uniqueUserZone,OWM Zona8,2023-08-17 00:00:00+02:00,145.0,2023-08-17
uniqueUserZone,OWM Zona7,2023-08-17 00:00:00+02:00,94.0,2023-08-17
uniqueUserZone,OWM Zona6,2023-08-17 00:00:00+02:00,182.0,2023-08-17
uniqueUserZone,OWM Zona5,2023-08-17 00:00:00+02:00,92.0,2023-08-17
uniqueUserZone,OWM Zona4,2023-08-17 00:00:00+02:00,94.0,2023-08-17
uniqueUserZone,OWM Zona3,2023-08-17 00:00:00+02:00,291.0,2023-08-17
uniqueUserZone,OWM Zona2,2023-08-17 00:00:00+02:00,142.0,2023-08-17
uniqueUserZone,OWM Zona1,2023-08-17 00:00:00+02:00,893.0,2023-08-17
uniqueUserZone,OWM Zona9,2023-08-16 00:00:00+02:00,133.0,2023-08-16
uniqueUserZone,OWM Zona8,2023-08-16 00:00:00+02:00,129.0,2023-08-16
uniqueUserZone,OWM Zona7,2023-08-16 00:00:00+02:00,88.0,2023-08-16
uniqueUserZone,OWM Zona1,2023-08-15 00:00:00+02:00,876.0,2023-08-15
uniqueUserZone,OWM Zona9,2023-08-14 00:00:00+02:00,117.0,2023-08-14
uniqueUserZone,OWM Zona8,2023-08-14 00:00:00+02:00,146.0,2023-08-14
uniqueUserZone,OWM Zona7,2023-08-14 00:00:00+02:00,79.0,2023-08-14
uniqueUserZone,OWM Zona6,2023-08-14 00:00:00+02:00,189.0,2023-08-14
uniqueUserZone,OWM Zona5,2023-08-14 00:00:00+02:00,81.0,2023-08-14
uniqueUserZone,OWM Zona4,2023-08-14 00:00:00+02:00,79.0,2023-08-14
uniqueUserZone,OWM Zona3,2023-08-14 00:00:00+02:00,318.0,2023-08-14
uniqueUserZone,OWM Zona4,2023-08-13 00:00:00+02:00,75.0,2023-08-13
uniqueUserZone,OWM Zona3,2023-08-13 00:00:00+02:00,268.0,2023-08-13
uniqueUserZone,OWM Zona2,2023-08-13 00:00:00+02:00,142.0,2023-08-13
uniqueUserZone,OWM Zona1,2023-08-13 00:00:00+02:00,867.0,2023-08-13
uniqueUserZone,OWM Zona9,2023-08-12 00:00:00+02:00,135.0,2023-08-12
uniqueUserZone,OWM Zona8,2023-08-12 00:00:00+02:00,120.0,2023-08-12
uniqueUserZone,OWM Zona7,2023-08-12 00:00:00+02:00,78.0,2023-08-12
uniqueUserZone,OWM Zona6,2023-08-12 00:00:00+02:00,237.0,2023-08-12
uniqueUserZone,OWM Zona7,2023-08-11 00:00:00+02:00,93.0,2023-08-11
uniqueUserZone,OWM Zona6,2023-08-11 00:00:00+02:00,215.0,2023-08-11
uniqueUserZone,OWM Zona5,2023-08-11 00:00:00+02:00,91.0,2023-08-11
uniqueUserZone,OWM Zona4,2023-08-11 00:00:00+02:00,106.0,2023-08-11
uniqueUserZone,OWM Zona3,2023-08-11 00:00:00+02:00,369.0,2023-08-11
uniqueUserZone,OWM Zona2,2023-08-11 00:00:00+02:00,140.0,2023-08-11
uniqueUserZone,OWM Zona8,2023-08-04 00:00:00+02:00,160.0,2023-08-04
uniqueUserZone,OWM Zona7,2023-08-04 00:00:00+02:00,96.0,2023-08-04
uniqueUserZone,OWM Zona6,2023-08-04 00:00:00+02:00,215.0,2023-08-04
uniqueUserZone,OWM Zona4,2023-08-01 00:00:00+02:00,121.0,2023-08-01
uniqueUserZone,OWM Zona3,2023-08-01 00:00:00+02:00,417.0,2023-08-01
uniqueUserZone,OWM Zona4,2023-07-31 00:00:00+02:00,122.0,2023-07-31
uniqueUserZone,OWM Zona5,2023-07-30 00:00:00+02:00,83.0,2023-07-30
uniqueUserZone,OWM Zona4,2023-07-30 00:00:00+02:00,122.0,2023-07-30
uniqueUserZone,OWM Zona4,2023-07-29 00:00:00+02:00,140.0,2023-07-29
uniqueUserZone,OWM Zona3,2023-07-29 00:00:00+02:00,442.0,2023-07-29
uniqueUserZone,OWM Zona2,2023-07-29 00:00:00+02:00,163.0,2023-07-29
uniqueUserZone,OWM Zona1,2023-07-29 00:00:00+02:00,1078.0,2023-07-29
uniqueUserZone,OWM Zona9,2023-07-28 00:00:00+02:00,182.0,2023-07-28
uniqueUserZone,OWM Zona8,2023-07-28 00:00:00+02:00,209.0,2023-07-28
uniqueUserZone,OWM Zona7,2023-07-28 00:00:00+02:00,111.0,2023-07-28
uniqueUserZone,OWM Zona6,2023-07-28 00:00:00+02:00,296.0,2023-07-28
uniqueUserZone,OWM Zona7,2023-07-27 00:00:00+02:00,103.0,2023-07-27
uniqueUserZone,OWM Zona6,2023-07-27 00:00:00+02:00,280.0,2023-07-27
uniqueUserZone,OWM Zona5,2023-07-27 00:00:00+02:00,134.0,2023-07-27
uniqueUserZone,OWM Zona4,2023-07-27 00:00:00+02:00,136.0,2023-07-27
uniqueUserZone,OWM Zona3,2023-07-27 00:00:00+02:00,408.0,2023-07-27
uniqueUserZone,OWM Zona2,2023-07-27 00:00:00+02:00,204.0,2023-07-27
uniqueUserZone,OWM Zona1,2023-07-27 00:00:00+02:00,1015.0,2023-07-27
uniqueUserZone,OWM Zona9,2023-07-26 00:00:00+02:00,205.0,2023-07-26
uniqueUserZone,OWM Zona8,2023-07-26 00:00:00+02:00,239.0,2023-07-26
uniqueUserZone,OWM Zona7,2023-07-26 00:00:00+02:00,98.0,2023-07-26
uniqueUserZone,OWM Zona6,2023-07-26 00:00:00+02:00,307.0,2023-07-26
uniqueUserZone,OWM Zona5,2023-07-26 00:00:00+02:00,117.0,2023-07-26
uniqueUserZone,OWM Zona4,2023-07-26 00:00:00+02:00,136.0,2023-07-26
uniqueUserZone,OWM Zona3,2023-07-26 00:00:00+02:00,393.0,2023-07-26
uniqueUserZone,OWM Zona2,2023-07-26 00:00:00+02:00,220.0,2023-07-26
uniqueUserZone,OWM Zona1,2023-07-26 00:00:00+02:00,1224.0,2023-07-26
uniqueUserZone,OWM Zona9,2023-07-25 00:00:00+02:00,168.0,2023-07-25
uniqueUserZone,OWM Zona8,2023-07-25 00:00:00+02:00,201.0,2023-07-25
uniqueUserZone,OWM Zona7,2023-07-25 00:00:00+02:00,109.0,2023-07-25
uniqueUserZone,OWM Zona6,2023-07-25 00:00:00+02:00,306.0,2023-07-25
uniqueUserZone,OWM Zona5,2023-07-25 00:00:00+02:00,116.0,2023-07-25
uniqueUserZone,OWM Zona4,2023-07-25 00:00:00+02:00,134.0,2023-07-25
uniqueUserZone,OWM Zona3,2023-07-25 00:00:00+02:00,398.0,2023-07-25
uniqueUserZone,OWM Zona2,2023-07-25 00:00:00+02:00,211.0,2023-07-25
uniqueUserZone,OWM Zona1,2023-07-25 00:00:00+02:00,1208.0,2023-07-25
uniqueUserZone,OWM Zona9,2023-07-24 00:00:00+02:00,125.0,2023-07-24
uniqueUserZone,OWM Zona8,2023-07-24 00:00:00+02:00,155.0,2023-07-24
uniqueUserZone,OWM Zona7,2023-07-24 00:00:00+02:00,78.0,2023-07-24
uniqueUserZone,OWM Zona6,2023-07-24 00:00:00+02:00,212.0,2023-07-24
uniqueUserZone,OWM Zona5,2023-07-24 00:00:00+02:00,98.0,2023-07-24
uniqueUserZone,OWM Zona4,2023-07-24 00:00:00+02:00,107.0,2023-07-24
uniqueUserZone,OWM Zona3,2023-07-24 00:00:00+02:00,333.0,2023-07-24
uniqueUserZone,OWM Zona2,2023-07-24 00:00:00+02:00,157.0,2023-07-24
uniqueUserZone,OWM Zona1,2023-07-24 00:00:00+02:00,1068.0,2023-07-24
uniqueUserZone,OWM Zona9,2023-07-23 00:00:00+02:00,0.0,2023-07-23
uniqueUserZone,OWM Zona8,2023-07-23 00:00:00+02:00,0.0,2023-07-23
uniqueUserZone,OWM Zona7,2023-07-23 00:00:00+02:00,0.0,2023-07-23
uniqueUserZone,OWM Zona6,2023-07-23 00:00:00+02:00,0.0,2023-07-23
uniqueUserZone,OWM Zona5,2023-07-23 00:00:00+02:00,0.0,2023-07-23
uniqueUserZone,OWM Zona4,2023-07-23 00:00:00+02:00,0.0,2023-07-23
uniqueUserZone,OWM Zona3,2023-07-23 00:00:00+02:00,0.0,2023-07-23
uniqueUserZone,OWM Zona2,2023-07-23 00:00:00+02:00,0.0,2023-07-23
uniqueUserZone,OWM Zona1,2023-07-23 00:00:00+02:00,0.0,2023-07-23
uniqueUserZone,OWM Zona9,2023-07-22 00:00:00+02:00,1.0,2023-07-22
uniqueUserZone,OWM Zona8,2023-07-22 00:00:00+02:00,0.0,2023-07-22
uniqueUserZone,OWM Zona7,2023-07-22 00:00:00+02:00,0.0,2023-07-22
uniqueUserZone,OWM Zona6,2023-07-22 00:00:00+02:00,1.0,2023-07-22
uniqueUserZone,OWM Zona5,2023-07-22 00:00:00+02:00,0.0,2023-07-22
uniqueUserZone,OWM Zona4,2023-07-22 00:00:00+02:00,0.0,2023-07-22
uniqueUserZone,OWM Zona3,2023-07-22 00:00:00+02:00,1.0,2023-07-22
uniqueUserZone,OWM Zona2,2023-07-22 00:00:00+02:00,0.0,2023-07-22
uniqueUserZone,OWM Zona1,2023-07-22 00:00:00+02:00,0.0,2023-07-22
uniqueUserZone,OWM Zona9,2023-07-21 00:00:00+02:00,66.0,2023-07-21
uniqueUserZone,OWM Zona8,2023-07-21 00:00:00+02:00,70.0,2023-07-21
uniqueUserZone,OWM Zona7,2023-07-21 00:00:00+02:00,49.0,2023-07-21
uniqueUserZone,OWM Zona6,2023-07-21 00:00:00+02:00,89.0,2023-07-21
uniqueUserZone,OWM Zona5,2023-07-21 00:00:00+02:00,56.0,2023-07-21
uniqueUserZone,OWM Zona4,2023-07-21 00:00:00+02:00,51.0,2023-07-21
uniqueUserZone,OWM Zona3,2023-07-21 00:00:00+02:00,157.0,2023-07-21
uniqueUserZone,OWM Zona2,2023-07-21 00:00:00+02:00,81.0,2023-07-21
uniqueUserZone,OWM Zona1,2023-07-21 00:00:00+02:00,285.0,2023-07-21
uniqueUserZone,OWM Zona9,2023-07-20 00:00:00+02:00,197.0,2023-07-20
uniqueUserZone,OWM Zona8,2023-07-20 00:00:00+02:00,207.0,2023-07-20
uniqueUserZone,OWM Zona7,2023-07-20 00:00:00+02:00,136.0,2023-07-20
uniqueUserZone,OWM Zona6,2023-07-20 00:00:00+02:00,273.0,2023-07-20
uniqueUserZone,OWM Zona5,2023-07-20 00:00:00+02:00,123.0,2023-07-20
uniqueUserZone,OWM Zona4,2023-07-20 00:00:00+02:00,122.0,2023-07-20
uniqueUserZone,OWM Zona3,2023-07-20 00:00:00+02:00,448.0,2023-07-20
uniqueUserZone,OWM Zona2,2023-07-20 00:00:00+02:00,200.0,2023-07-20
uniqueUserZone,OWM Zona1,2023-07-20 00:00:00+02:00,1066.0,2023-07-20
uniqueUserZone,OWM Zona9,2023-07-19 00:00:00+02:00,175.0,2023-07-19
uniqueUserZone,OWM Zona8,2023-07-19 00:00:00+02:00,201.0,2023-07-19
uniqueUserZone,OWM Zona7,2023-07-19 00:00:00+02:00,121.0,2023-07-19
uniqueUserZone,OWM Zona6,2023-07-19 00:00:00+02:00,258.0,2023-07-19
uniqueUserZone,OWM Zona5,2023-07-19 00:00:00+02:00,142.0,2023-07-19
uniqueUserZone,OWM Zona4,2023-07-19 00:00:00+02:00,132.0,2023-07-19
uniqueUserZone,OWM Zona3,2023-07-19 00:00:00+02:00,495.0,2023-07-19
uniqueUserZone,OWM Zona2,2023-07-19 00:00:00+02:00,218.0,2023-07-19
uniqueUserZone,OWM Zona1,2023-07-19 00:00:00+02:00,1048.0,2023-07-19
uniqueUserZone,OWM Zona9,2023-07-18 00:00:00+02:00,189.0,2023-07-18
uniqueUserZone,OWM Zona8,2023-07-18 00:00:00+02:00,229.0,2023-07-18
uniqueUserZone,OWM Zona7,2023-07-18 00:00:00+02:00,114.0,2023-07-18
uniqueUserZone,OWM Zona6,2023-07-18 00:00:00+02:00,261.0,2023-07-18
uniqueUserZone,OWM Zona5,2023-07-18 00:00:00+02:00,128.0,2023-07-18
uniqueUserZone,OWM Zona4,2023-07-18 00:00:00+02:00,126.0,2023-07-18
uniqueUserZone,OWM Zona3,2023-07-18 00:00:00+02:00,479.0,2023-07-18
uniqueUserZone,OWM Zona2,2023-07-18 00:00:00+02:00,210.0,2023-07-18
uniqueUserZone,OWM Zona1,2023-07-18 00:00:00+02:00,1133.0,2023-07-18
uniqueUserZone,OWM Zona9,2023-07-17 00:00:00+02:00,139.0,2023-07-17
uniqueUserZone,OWM Zona8,2023-07-17 00:00:00+02:00,142.0,2023-07-17
uniqueUserZone,OWM Zona7,2023-07-17 00:00:00+02:00,93.0,2023-07-17
uniqueUserZone,OWM Zona6,2023-07-17 00:00:00+02:00,203.0,2023-07-17
uniqueUserZone,OWM Zona5,2023-07-17 00:00:00+02:00,80.0,2023-07-17
uniqueUserZone,OWM Zona4,2023-07-17 00:00:00+02:00,85.0,2023-07-17
uniqueUserZone,OWM Zona3,2023-07-17 00:00:00+02:00,329.0,2023-07-17
uniqueUserZone,OWM Zona2,2023-07-17 00:00:00+02:00,137.0,2023-07-17
uniqueUserZone,OWM Zona1,2023-07-17 00:00:00+02:00,847.0,2023-07-17
uniqueUserZone,OWM Zona9,2023-07-16 00:00:00+02:00,1.0,2023-07-16
uniqueUserZone,OWM Zona8,2023-07-16 00:00:00+02:00,0.0,2023-07-16
uniqueUserZone,OWM Zona7,2023-07-16 00:00:00+02:00,0.0,2023-07-16
uniqueUserZone,OWM Zona6,2023-07-16 00:00:00+02:00,0.0,2023-07-16
uniqueUserZone,OWM Zona5,2023-07-16 00:00:00+02:00,0.0,2023-07-16
uniqueUserZone,OWM Zona4,2023-07-16 00:00:00+02:00,0.0,2023-07-16
uniqueUserZone,OWM Zona3,2023-07-16 00:00:00+02:00,0.0,2023-07-16
uniqueUserZone,OWM Zona2,2023-07-16 00:00:00+02:00,0.0,2023-07-16
uniqueUserZone,OWM Zona1,2023-07-16 00:00:00+02:00,0.0,2023-07-16
uniqueUserZone,OWM Zona9,2023-07-15 00:00:00+02:00,0.0,2023-07-15
uniqueUserZone,OWM Zona8,2023-07-15 00:00:00+02:00,0.0,2023-07-15
uniqueUserZone,OWM Zona7,2023-07-15 00:00:00+02:00,0.0,2023-07-15
uniqueUserZone,OWM Zona6,2023-07-15 00:00:00+02:00,0.0,2023-07-15
uniqueUserZone,OWM Zona5,2023-07-15 00:00:00+02:00,0.0,2023-07-15
uniqueUserZone,OWM Zona4,2023-07-15 00:00:00+02:00,0.0,2023-07-15
uniqueUserZone,OWM Zona3,2023-07-15 00:00:00+02:00,0.0,2023-07-15
uniqueUserZone,OWM Zona2,2023-07-15 00:00:00+02:00,1.0,2023-07-15
uniqueUserZone,OWM Zona1,2023-07-15 00:00:00+02:00,0.0,2023-07-15
uniqueUserZone,OWM Zona9,2023-07-14 00:00:00+02:00,136.0,2023-07-14
uniqueUserZone,OWM Zona8,2023-07-14 00:00:00+02:00,106.0,2023-07-14
uniqueUserZone,OWM Zona7,2023-07-14 00:00:00+02:00,79.0,2023-07-14
uniqueUserZone,OWM Zona6,2023-07-14 00:00:00+02:00,138.0,2023-07-14
uniqueUserZone,OWM Zona5,2023-07-14 00:00:00+02:00,91.0,2023-07-14
uniqueUserZone,OWM Zona4,2023-07-14 00:00:00+02:00,83.0,2023-07-14
uniqueUserZone,OWM Zona3,2023-07-14 00:00:00+02:00,272.0,2023-07-14
uniqueUserZone,OWM Zona2,2023-07-14 00:00:00+02:00,135.0,2023-07-14
uniqueUserZone,OWM Zona1,2023-07-14 00:00:00+02:00,560.0,2023-07-14
uniqueUserZone,OWM Zona9,2023-07-13 00:00:00+02:00,248.0,2023-07-13
uniqueUserZone,OWM Zona8,2023-07-13 00:00:00+02:00,243.0,2023-07-13
uniqueUserZone,OWM Zona7,2023-07-13 00:00:00+02:00,137.0,2023-07-13
uniqueUserZone,OWM Zona6,2023-07-13 00:00:00+02:00,294.0,2023-07-13
uniqueUserZone,OWM Zona5,2023-07-13 00:00:00+02:00,150.0,2023-07-13
uniqueUserZone,OWM Zona4,2023-07-13 00:00:00+02:00,161.0,2023-07-13
uniqueUserZone,OWM Zona3,2023-07-13 00:00:00+02:00,485.0,2023-07-13
uniqueUserZone,OWM Zona2,2023-07-13 00:00:00+02:00,213.0,2023-07-13
uniqueUserZone,OWM Zona1,2023-07-13 00:00:00+02:00,1172.0,2023-07-13
uniqueUserZone,OWM Zona9,2023-07-12 00:00:00+02:00,241.0,2023-07-12
uniqueUserZone,OWM Zona8,2023-07-12 00:00:00+02:00,242.0,2023-07-12
uniqueUserZone,OWM Zona7,2023-07-12 00:00:00+02:00,135.0,2023-07-12
uniqueUserZone,OWM Zona6,2023-07-12 00:00:00+02:00,276.0,2023-07-12
uniqueUserZone,OWM Zona5,2023-07-12 00:00:00+02:00,175.0,2023-07-12
uniqueUserZone,OWM Zona4,2023-07-12 00:00:00+02:00,145.0,2023-07-12
uniqueUserZone,OWM Zona3,2023-07-12 00:00:00+02:00,471.0,2023-07-12
uniqueUserZone,OWM Zona2,2023-07-12 00:00:00+02:00,252.0,2023-07-12
uniqueUserZone,OWM Zona1,2023-07-12 00:00:00+02:00,1166.0,2023-07-12
uniqueUserZone,OWM Zona9,2023-07-11 00:00:00+02:00,211.0,2023-07-11
uniqueUserZone,OWM Zona8,2023-07-11 00:00:00+02:00,224.0,2023-07-11
uniqueUserZone,OWM Zona7,2023-07-11 00:00:00+02:00,130.0,2023-07-11
uniqueUserZone,OWM Zona6,2023-07-11 00:00:00+02:00,285.0,2023-07-11
uniqueUserZone,OWM Zona5,2023-07-11 00:00:00+02:00,165.0,2023-07-11
uniqueUserZone,OWM Zona4,2023-07-11 00:00:00+02:00,133.0,2023-07-11
uniqueUserZone,OWM Zona3,2023-07-11 00:00:00+02:00,441.0,2023-07-11
uniqueUserZone,OWM Zona2,2023-07-11 00:00:00+02:00,229.0,2023-07-11
uniqueUserZone,OWM Zona1,2023-07-11 00:00:00+02:00,1047.0,2023-07-11
uniqueUserZone,OWM Zona9,2023-07-10 00:00:00+02:00,225.0,2023-07-10
uniqueUserZone,OWM Zona8,2023-07-10 00:00:00+02:00,215.0,2023-07-10
uniqueUserZone,OWM Zona7,2023-07-10 00:00:00+02:00,129.0,2023-07-10
uniqueUserZone,OWM Zona6,2023-07-10 00:00:00+02:00,258.0,2023-07-10
uniqueUserZone,OWM Zona5,2023-07-10 00:00:00+02:00,153.0,2023-07-10
uniqueUserZone,OWM Zona4,2023-07-10 00:00:00+02:00,134.0,2023-07-10
uniqueUserZone,OWM Zona3,2023-07-10 00:00:00+02:00,444.0,2023-07-10
uniqueUserZone,OWM Zona2,2023-07-10 00:00:00+02:00,236.0,2023-07-10
uniqueUserZone,OWM Zona1,2023-07-10 00:00:00+02:00,1058.0,2023-07-10
uniqueUserZone,OWM Zona9,2023-07-09 00:00:00+02:00,168.0,2023-07-09
uniqueUserZone,OWM Zona8,2023-07-09 00:00:00+02:00,174.0,2023-07-09
uniqueUserZone,OWM Zona7,2023-07-09 00:00:00+02:00,104.0,2023-07-09
uniqueUserZone,OWM Zona6,2023-07-09 00:00:00+02:00,265.0,2023-07-09
uniqueUserZone,OWM Zona5,2023-07-09 00:00:00+02:00,94.0,2023-07-09
uniqueUserZone,OWM Zona4,2023-07-09 00:00:00+02:00,103.0,2023-07-09
uniqueUserZone,OWM Zona3,2023-07-09 00:00:00+02:00,397.0,2023-07-09
uniqueUserZone,OWM Zona2,2023-07-09 00:00:00+02:00,181.0,2023-07-09
uniqueUserZone,OWM Zona1,2023-07-09 00:00:00+02:00,1158.0,2023-07-09
uniqueUserZone,OWM Zona9,2023-07-08 00:00:00+02:00,213.0,2023-07-08
uniqueUserZone,OWM Zona8,2023-07-08 00:00:00+02:00,212.0,2023-07-08
uniqueUserZone,OWM Zona7,2023-07-08 00:00:00+02:00,134.0,2023-07-08
uniqueUserZone,OWM Zona6,2023-07-08 00:00:00+02:00,298.0,2023-07-08
uniqueUserZone,OWM Zona5,2023-07-08 00:00:00+02:00,117.0,2023-07-08
uniqueUserZone,OWM Zona4,2023-07-08 00:00:00+02:00,133.0,2023-07-08
uniqueUserZone,OWM Zona3,2023-07-08 00:00:00+02:00,481.0,2023-07-08
uniqueUserZone,OWM Zona2,2023-07-08 00:00:00+02:00,200.0,2023-07-08
uniqueUserZone,OWM Zona1,2023-07-08 00:00:00+02:00,1269.0,2023-07-08
uniqueUserZone,OWM Zona9,2023-07-07 00:00:00+02:00,234.0,2023-07-07
uniqueUserZone,OWM Zona8,2023-07-07 00:00:00+02:00,206.0,2023-07-07
uniqueUserZone,OWM Zona7,2023-07-07 00:00:00+02:00,130.0,2023-07-07
uniqueUserZone,OWM Zona6,2023-07-07 00:00:00+02:00,348.0,2023-07-07
uniqueUserZone,OWM Zona5,2023-07-07 00:00:00+02:00,167.0,2023-07-07
uniqueUserZone,OWM Zona4,2023-07-07 00:00:00+02:00,172.0,2023-07-07
uniqueUserZone,OWM Zona3,2023-07-07 00:00:00+02:00,536.0,2023-07-07
uniqueUserZone,OWM Zona2,2023-07-07 00:00:00+02:00,243.0,2023-07-07
uniqueUserZone,OWM Zona1,2023-07-07 00:00:00+02:00,1202.0,2023-07-07
uniqueUserZone,OWM Zona9,2023-07-06 00:00:00+02:00,227.0,2023-07-06
uniqueUserZone,OWM Zona8,2023-07-06 00:00:00+02:00,244.0,2023-07-06
uniqueUserZone,OWM Zona7,2023-07-06 00:00:00+02:00,129.0,2023-07-06
uniqueUserZone,OWM Zona6,2023-07-06 00:00:00+02:00,290.0,2023-07-06
uniqueUserZone,OWM Zona5,2023-07-06 00:00:00+02:00,157.0,2023-07-06
uniqueUserZone,OWM Zona4,2023-07-06 00:00:00+02:00,147.0,2023-07-06
uniqueUserZone,OWM Zona3,2023-07-06 00:00:00+02:00,531.0,2023-07-06
uniqueUserZone,OWM Zona2,2023-07-06 00:00:00+02:00,227.0,2023-07-06
uniqueUserZone,OWM Zona1,2023-07-06 00:00:00+02:00,1168.0,2023-07-06
uniqueUserZone,OWM Zona9,2023-07-05 00:00:00+02:00,238.0,2023-07-05
uniqueUserZone,OWM Zona8,2023-07-05 00:00:00+02:00,235.0,2023-07-05
uniqueUserZone,OWM Zona7,2023-07-05 00:00:00+02:00,130.0,2023-07-05
uniqueUserZone,OWM Zona6,2023-07-05 00:00:00+02:00,323.0,2023-07-05
uniqueUserZone,OWM Zona5,2023-07-05 00:00:00+02:00,160.0,2023-07-05
uniqueUserZone,OWM Zona4,2023-07-05 00:00:00+02:00,160.0,2023-07-05
uniqueUserZone,OWM Zona3,2023-07-05 00:00:00+02:00,498.0,2023-07-05
uniqueUserZone,OWM Zona2,2023-07-05 00:00:00+02:00,227.0,2023-07-05
uniqueUserZone,OWM Zona1,2023-07-05 00:00:00+02:00,1161.0,2023-07-05
uniqueUserZone,OWM Zona9,2023-07-04 00:00:00+02:00,229.0,2023-07-04
uniqueUserZone,OWM Zona8,2023-07-04 00:00:00+02:00,269.0,2023-07-04
uniqueUserZone,OWM Zona7,2023-07-04 00:00:00+02:00,128.0,2023-07-04
uniqueUserZone,OWM Zona6,2023-07-04 00:00:00+02:00,314.0,2023-07-04
uniqueUserZone,OWM Zona5,2023-07-04 00:00:00+02:00,161.0,2023-07-04
uniqueUserZone,OWM Zona4,2023-07-04 00:00:00+02:00,147.0,2023-07-04
uniqueUserZone,OWM Zona3,2023-07-04 00:00:00+02:00,535.0,2023-07-04
uniqueUserZone,OWM Zona2,2023-07-04 00:00:00+02:00,227.0,2023-07-04
uniqueUserZone,OWM Zona1,2023-07-04 00:00:00+02:00,1201.0,2023-07-04
uniqueUserZone,OWM Zona9,2023-07-03 00:00:00+02:00,229.0,2023-07-03
uniqueUserZone,OWM Zona8,2023-07-03 00:00:00+02:00,259.0,2023-07-03
uniqueUserZone,OWM Zona7,2023-07-03 00:00:00+02:00,138.0,2023-07-03
uniqueUserZone,OWM Zona6,2023-07-03 00:00:00+02:00,290.0,2023-07-03
uniqueUserZone,OWM Zona5,2023-07-03 00:00:00+02:00,137.0,2023-07-03
uniqueUserZone,OWM Zona4,2023-07-03 00:00:00+02:00,150.0,2023-07-03
uniqueUserZone,OWM Zona3,2023-07-03 00:00:00+02:00,467.0,2023-07-03
uniqueUserZone,OWM Zona2,2023-07-03 00:00:00+02:00,193.0,2023-07-03
uniqueUserZone,OWM Zona1,2023-07-03 00:00:00+02:00,1153.0,2023-07-03
uniqueUserZone,OWM Zona9,2023-07-02 00:00:00+02:00,182.0,2023-07-02
uniqueUserZone,OWM Zona8,2023-07-02 00:00:00+02:00,200.0,2023-07-02
uniqueUserZone,OWM Zona7,2023-07-02 00:00:00+02:00,106.0,2023-07-02
uniqueUserZone,OWM Zona6,2023-07-02 00:00:00+02:00,290.0,2023-07-02
uniqueUserZone,OWM Zona5,2023-07-02 00:00:00+02:00,116.0,2023-07-02
uniqueUserZone,OWM Zona4,2023-07-02 00:00:00+02:00,121.0,2023-07-02
uniqueUserZone,OWM Zona3,2023-07-02 00:00:00+02:00,444.0,2023-07-02
uniqueUserZone,OWM Zona2,2023-07-02 00:00:00+02:00,180.0,2023-07-02
uniqueUserZone,OWM Zona1,2023-07-02 00:00:00+02:00,1159.0,2023-07-02
uniqueUserZone,OWM Zona9,2023-07-01 00:00:00+02:00,203.0,2023-07-01
uniqueUserZone,OWM Zona8,2023-07-01 00:00:00+02:00,202.0,2023-07-01
uniqueUserZone,OWM Zona7,2023-07-01 00:00:00+02:00,123.0,2023-07-01
uniqueUserZone,OWM Zona6,2023-07-01 00:00:00+02:00,330.0,2023-07-01
uniqueUserZone,OWM Zona5,2023-07-01 00:00:00+02:00,141.0,2023-07-01
uniqueUserZone,OWM Zona4,2023-07-01 00:00:00+02:00,143.0,2023-07-01
uniqueUserZone,OWM Zona3,2023-07-01 00:00:00+02:00,466.0,2023-07-01
uniqueUserZone,OWM Zona2,2023-07-01 00:00:00+02:00,197.0,2023-07-01
uniqueUserZone,OWM Zona1,2023-07-01 00:00:00+02:00,1268.0,2023-07-01
uniqueUserZone,OWM Zona9,2023-06-30 00:00:00+02:00,210.0,2023-06-30
uniqueUserZone,OWM Zona8,2023-06-30 00:00:00+02:00,210.0,2023-06-30
uniqueUserZone,OWM Zona7,2023-06-30 00:00:00+02:00,93.0,2023-06-30
uniqueUserZone,OWM Zona6,2023-06-30 00:00:00+02:00,248.0,2023-06-30
uniqueUserZone,OWM Zona5,2023-06-30 00:00:00+02:00,138.0,2023-06-30
uniqueUserZone,OWM Zona4,2023-06-30 00:00:00+02:00,122.0,2023-06-30
uniqueUserZone,OWM Zona3,2023-06-30 00:00:00+02:00,463.0,2023-06-30
uniqueUserZone,OWM Zona2,2023-06-30 00:00:00+02:00,168.0,2023-06-30
uniqueUserZone,OWM Zona1,2023-06-30 00:00:00+02:00,1009.0,2023-06-30
uniqueUserZone,OWM Zona9,2023-06-29 00:00:00+02:00,223.0,2023-06-29
uniqueUserZone,OWM Zona8,2023-06-29 00:00:00+02:00,271.0,2023-06-29
uniqueUserZone,OWM Zona7,2023-06-29 00:00:00+02:00,149.0,2023-06-29
uniqueUserZone,OWM Zona6,2023-06-29 00:00:00+02:00,315.0,2023-06-29
uniqueUserZone,OWM Zona5,2023-06-29 00:00:00+02:00,172.0,2023-06-29
uniqueUserZone,OWM Zona4,2023-06-29 00:00:00+02:00,175.0,2023-06-29
uniqueUserZone,OWM Zona3,2023-06-29 00:00:00+02:00,514.0,2023-06-29
uniqueUserZone,OWM Zona2,2023-06-29 00:00:00+02:00,217.0,2023-06-29
uniqueUserZone,OWM Zona1,2023-06-29 00:00:00+02:00,1263.0,2023-06-29
uniqueUserZone,OWM Zona9,2023-06-28 00:00:00+02:00,269.0,2023-06-28
uniqueUserZone,OWM Zona8,2023-06-28 00:00:00+02:00,269.0,2023-06-28
uniqueUserZone,OWM Zona7,2023-06-28 00:00:00+02:00,133.0,2023-06-28
uniqueUserZone,OWM Zona6,2023-06-28 00:00:00+02:00,317.0,2023-06-28
uniqueUserZone,OWM Zona5,2023-06-28 00:00:00+02:00,166.0,2023-06-28
uniqueUserZone,OWM Zona4,2023-06-28 00:00:00+02:00,156.0,2023-06-28
uniqueUserZone,OWM Zona3,2023-06-28 00:00:00+02:00,556.0,2023-06-28
uniqueUserZone,OWM Zona2,2023-06-28 00:00:00+02:00,226.0,2023-06-28
uniqueUserZone,OWM Zona1,2023-06-28 00:00:00+02:00,1301.0,2023-06-28
uniqueUserZone,OWM Zona9,2023-06-27 00:00:00+02:00,225.0,2023-06-27
uniqueUserZone,OWM Zona8,2023-06-27 00:00:00+02:00,214.0,2023-06-27
uniqueUserZone,OWM Zona7,2023-06-27 00:00:00+02:00,130.0,2023-06-27
uniqueUserZone,OWM Zona6,2023-06-27 00:00:00+02:00,318.0,2023-06-27
uniqueUserZone,OWM Zona5,2023-06-27 00:00:00+02:00,145.0,2023-06-27
uniqueUserZone,OWM Zona4,2023-06-27 00:00:00+02:00,137.0,2023-06-27
uniqueUserZone,OWM Zona3,2023-06-27 00:00:00+02:00,438.0,2023-06-27
uniqueUserZone,OWM Zona2,2023-06-27 00:00:00+02:00,212.0,2023-06-27
uniqueUserZone,OWM Zona1,2023-06-27 00:00:00+02:00,1061.0,2023-06-27
uniqueUserZone,OWM Zona9,2023-06-26 00:00:00+02:00,229.0,2023-06-26
uniqueUserZone,OWM Zona8,2023-06-26 00:00:00+02:00,252.0,2023-06-26
uniqueUserZone,OWM Zona7,2023-06-26 00:00:00+02:00,146.0,2023-06-26
uniqueUserZone,OWM Zona6,2023-06-26 00:00:00+02:00,314.0,2023-06-26
uniqueUserZone,OWM Zona5,2023-06-26 00:00:00+02:00,149.0,2023-06-26
uniqueUserZone,OWM Zona4,2023-06-26 00:00:00+02:00,139.0,2023-06-26
uniqueUserZone,OWM Zona3,2023-06-26 00:00:00+02:00,487.0,2023-06-26
uniqueUserZone,OWM Zona2,2023-06-26 00:00:00+02:00,206.0,2023-06-26
uniqueUserZone,OWM Zona1,2023-06-26 00:00:00+02:00,1174.0,2023-06-26
uniqueUserZone,OWM Zona9,2023-06-25 00:00:00+02:00,185.0,2023-06-25
uniqueUserZone,OWM Zona8,2023-06-25 00:00:00+02:00,228.0,2023-06-25
uniqueUserZone,OWM Zona7,2023-06-25 00:00:00+02:00,116.0,2023-06-25
uniqueUserZone,OWM Zona6,2023-06-25 00:00:00+02:00,309.0,2023-06-25
uniqueUserZone,OWM Zona5,2023-06-25 00:00:00+02:00,69.0,2023-06-25
uniqueUserZone,OWM Zona4,2023-06-25 00:00:00+02:00,121.0,2023-06-25
uniqueUserZone,OWM Zona3,2023-06-25 00:00:00+02:00,437.0,2023-06-25
uniqueUserZone,OWM Zona2,2023-06-25 00:00:00+02:00,186.0,2023-06-25
uniqueUserZone,OWM Zona1,2023-06-25 00:00:00+02:00,1170.0,2023-06-25
uniqueUserZone,OWM Zona9,2023-06-24 00:00:00+02:00,246.0,2023-06-24
uniqueUserZone,OWM Zona8,2023-06-24 00:00:00+02:00,242.0,2023-06-24
uniqueUserZone,OWM Zona7,2023-06-24 00:00:00+02:00,128.0,2023-06-24
uniqueUserZone,OWM Zona6,2023-06-24 00:00:00+02:00,333.0,2023-06-24
uniqueUserZone,OWM Zona5,2023-06-24 00:00:00+02:00,88.0,2023-06-24
uniqueUserZone,OWM Zona4,2023-06-24 00:00:00+02:00,145.0,2023-06-24
uniqueUserZone,OWM Zona3,2023-06-24 00:00:00+02:00,590.0,2023-06-24
uniqueUserZone,OWM Zona2,2023-06-24 00:00:00+02:00,171.0,2023-06-24
uniqueUserZone,OWM Zona1,2023-06-24 00:00:00+02:00,1230.0,2023-06-24
uniqueUserZone,OWM Zona9,2023-06-23 00:00:00+02:00,238.0,2023-06-23
uniqueUserZone,OWM Zona8,2023-06-23 00:00:00+02:00,247.0,2023-06-23
uniqueUserZone,OWM Zona7,2023-06-23 00:00:00+02:00,132.0,2023-06-23
uniqueUserZone,OWM Zona6,2023-06-23 00:00:00+02:00,355.0,2023-06-23
uniqueUserZone,OWM Zona5,2023-06-23 00:00:00+02:00,157.0,2023-06-23
uniqueUserZone,OWM Zona4,2023-06-23 00:00:00+02:00,157.0,2023-06-23
uniqueUserZone,OWM Zona3,2023-06-23 00:00:00+02:00,569.0,2023-06-23
uniqueUserZone,OWM Zona2,2023-06-23 00:00:00+02:00,223.0,2023-06-23
uniqueUserZone,OWM Zona1,2023-06-23 00:00:00+02:00,1093.0,2023-06-23
uniqueUserZone,OWM Zona9,2023-06-22 00:00:00+02:00,273.0,2023-06-22
uniqueUserZone,OWM Zona8,2023-06-22 00:00:00+02:00,254.0,2023-06-22
uniqueUserZone,OWM Zona7,2023-06-22 00:00:00+02:00,143.0,2023-06-22
uniqueUserZone,OWM Zona6,2023-06-22 00:00:00+02:00,330.0,2023-06-22
uniqueUserZone,OWM Zona5,2023-06-22 00:00:00+02:00,163.0,2023-06-22
uniqueUserZone,OWM Zona4,2023-06-22 00:00:00+02:00,158.0,2023-06-22
uniqueUserZone,OWM Zona3,2023-06-22 00:00:00+02:00,522.0,2023-06-22
uniqueUserZone,OWM Zona2,2023-06-22 00:00:00+02:00,225.0,2023-06-22
uniqueUserZone,OWM Zona1,2023-06-22 00:00:00+02:00,1093.0,2023-06-22
uniqueUserZone,OWM Zona9,2023-06-21 00:00:00+02:00,255.0,2023-06-21
uniqueUserZone,OWM Zona8,2023-06-21 00:00:00+02:00,260.0,2023-06-21
uniqueUserZone,OWM Zona7,2023-06-21 00:00:00+02:00,138.0,2023-06-21
uniqueUserZone,OWM Zona6,2023-06-21 00:00:00+02:00,318.0,2023-06-21
uniqueUserZone,OWM Zona5,2023-06-21 00:00:00+02:00,174.0,2023-06-21
uniqueUserZone,OWM Zona4,2023-06-21 00:00:00+02:00,148.0,2023-06-21
uniqueUserZone,OWM Zona3,2023-06-21 00:00:00+02:00,535.0,2023-06-21
uniqueUserZone,OWM Zona2,2023-06-21 00:00:00+02:00,235.0,2023-06-21
uniqueUserZone,OWM Zona1,2023-06-21 00:00:00+02:00,991.0,2023-06-21
uniqueUserZone,OWM Zona9,2023-06-20 00:00:00+02:00,220.0,2023-06-20
uniqueUserZone,OWM Zona8,2023-06-20 00:00:00+02:00,250.0,2023-06-20
uniqueUserZone,OWM Zona7,2023-06-20 00:00:00+02:00,127.0,2023-06-20
uniqueUserZone,OWM Zona6,2023-06-20 00:00:00+02:00,317.0,2023-06-20
uniqueUserZone,OWM Zona5,2023-06-20 00:00:00+02:00,147.0,2023-06-20
uniqueUserZone,OWM Zona4,2023-06-20 00:00:00+02:00,153.0,2023-06-20
uniqueUserZone,OWM Zona3,2023-06-20 00:00:00+02:00,523.0,2023-06-20
uniqueUserZone,OWM Zona2,2023-06-20 00:00:00+02:00,220.0,2023-06-20
uniqueUserZone,OWM Zona1,2023-06-20 00:00:00+02:00,1047.0,2023-06-20
uniqueUserZone,OWM Zona9,2023-06-19 00:00:00+02:00,270.0,2023-06-19
uniqueUserZone,OWM Zona8,2023-06-19 00:00:00+02:00,251.0,2023-06-19
uniqueUserZone,OWM Zona7,2023-06-19 00:00:00+02:00,151.0,2023-06-19
uniqueUserZone,OWM Zona6,2023-06-19 00:00:00+02:00,335.0,2023-06-19
uniqueUserZone,OWM Zona5,2023-06-19 00:00:00+02:00,140.0,2023-06-19
uniqueUserZone,OWM Zona4,2023-06-19 00:00:00+02:00,135.0,2023-06-19
uniqueUserZone,OWM Zona3,2023-06-19 00:00:00+02:00,493.0,2023-06-19
uniqueUserZone,OWM Zona2,2023-06-19 00:00:00+02:00,224.0,2023-06-19
uniqueUserZone,OWM Zona1,2023-06-19 00:00:00+02:00,1081.0,2023-06-19
uniqueUserZone,OWM Zona9,2023-06-18 00:00:00+02:00,220.0,2023-06-18
uniqueUserZone,OWM Zona8,2023-06-18 00:00:00+02:00,212.0,2023-06-18
uniqueUserZone,OWM Zona7,2023-06-18 00:00:00+02:00,113.0,2023-06-18
uniqueUserZone,OWM Zona6,2023-06-18 00:00:00+02:00,337.0,2023-06-18
uniqueUserZone,OWM Zona5,2023-06-18 00:00:00+02:00,115.0,2023-06-18
uniqueUserZone,OWM Zona4,2023-06-18 00:00:00+02:00,123.0,2023-06-18
uniqueUserZone,OWM Zona3,2023-06-18 00:00:00+02:00,410.0,2023-06-18
uniqueUserZone,OWM Zona2,2023-06-18 00:00:00+02:00,190.0,2023-06-18
uniqueUserZone,OWM Zona1,2023-06-18 00:00:00+02:00,1100.0,2023-06-18
uniqueUserZone,OWM Zona9,2023-06-17 00:00:00+02:00,246.0,2023-06-17
uniqueUserZone,OWM Zona8,2023-06-17 00:00:00+02:00,270.0,2023-06-17
uniqueUserZone,OWM Zona7,2023-06-17 00:00:00+02:00,122.0,2023-06-17
uniqueUserZone,OWM Zona6,2023-06-17 00:00:00+02:00,350.0,2023-06-17
uniqueUserZone,OWM Zona5,2023-06-17 00:00:00+02:00,143.0,2023-06-17
uniqueUserZone,OWM Zona4,2023-06-17 00:00:00+02:00,123.0,2023-06-17
uniqueUserZone,OWM Zona3,2023-06-17 00:00:00+02:00,472.0,2023-06-17
uniqueUserZone,OWM Zona2,2023-06-17 00:00:00+02:00,207.0,2023-06-17
uniqueUserZone,OWM Zona1,2023-06-17 00:00:00+02:00,1180.0,2023-06-17
uniqueUserZone,OWM Zona9,2023-06-16 00:00:00+02:00,254.0,2023-06-16
uniqueUserZone,OWM Zona8,2023-06-16 00:00:00+02:00,303.0,2023-06-16
uniqueUserZone,OWM Zona7,2023-06-16 00:00:00+02:00,153.0,2023-06-16
uniqueUserZone,OWM Zona6,2023-06-16 00:00:00+02:00,358.0,2023-06-16
uniqueUserZone,OWM Zona5,2023-06-16 00:00:00+02:00,163.0,2023-06-16
uniqueUserZone,OWM Zona4,2023-06-16 00:00:00+02:00,142.0,2023-06-16
uniqueUserZone,OWM Zona3,2023-06-16 00:00:00+02:00,479.0,2023-06-16
uniqueUserZone,OWM Zona2,2023-06-16 00:00:00+02:00,246.0,2023-06-16
uniqueUserZone,OWM Zona1,2023-06-16 00:00:00+02:00,1181.0,2023-06-16
uniqueUserZone,OWM Zona9,2023-06-15 00:00:00+02:00,274.0,2023-06-15
uniqueUserZone,OWM Zona8,2023-06-15 00:00:00+02:00,296.0,2023-06-15
uniqueUserZone,OWM Zona7,2023-06-15 00:00:00+02:00,141.0,2023-06-15
uniqueUserZone,OWM Zona6,2023-06-15 00:00:00+02:00,369.0,2023-06-15
uniqueUserZone,OWM Zona5,2023-06-15 00:00:00+02:00,169.0,2023-06-15
uniqueUserZone,OWM Zona4,2023-06-15 00:00:00+02:00,140.0,2023-06-15
uniqueUserZone,OWM Zona3,2023-06-15 00:00:00+02:00,464.0,2023-06-15
uniqueUserZone,OWM Zona2,2023-06-15 00:00:00+02:00,226.0,2023-06-15
uniqueUserZone,OWM Zona1,2023-06-15 00:00:00+02:00,1197.0,2023-06-15
uniqueUserZone,OWM Zona9,2023-06-14 00:00:00+02:00,285.0,2023-06-14
uniqueUserZone,OWM Zona8,2023-06-14 00:00:00+02:00,272.0,2023-06-14
uniqueUserZone,OWM Zona7,2023-06-14 00:00:00+02:00,145.0,2023-06-14
uniqueUserZone,OWM Zona6,2023-06-14 00:00:00+02:00,370.0,2023-06-14
uniqueUserZone,OWM Zona5,2023-06-14 00:00:00+02:00,140.0,2023-06-14
uniqueUserZone,OWM Zona4,2023-06-14 00:00:00+02:00,170.0,2023-06-14
uniqueUserZone,OWM Zona3,2023-06-14 00:00:00+02:00,509.0,2023-06-14
uniqueUserZone,OWM Zona2,2023-06-14 00:00:00+02:00,222.0,2023-06-14
uniqueUserZone,OWM Zona1,2023-06-14 00:00:00+02:00,1119.0,2023-06-14
uniqueUserZone,OWM Zona9,2023-06-13 00:00:00+02:00,258.0,2023-06-13
uniqueUserZone,OWM Zona8,2023-06-13 00:00:00+02:00,266.0,2023-06-13
uniqueUserZone,OWM Zona7,2023-06-13 00:00:00+02:00,152.0,2023-06-13
uniqueUserZone,OWM Zona6,2023-06-13 00:00:00+02:00,362.0,2023-06-13
uniqueUserZone,OWM Zona5,2023-06-13 00:00:00+02:00,158.0,2023-06-13
uniqueUserZone,OWM Zona4,2023-06-13 00:00:00+02:00,168.0,2023-06-13
uniqueUserZone,OWM Zona3,2023-06-13 00:00:00+02:00,442.0,2023-06-13
uniqueUserZone,OWM Zona2,2023-06-13 00:00:00+02:00,254.0,2023-06-13
uniqueUserZone,OWM Zona1,2023-06-13 00:00:00+02:00,1197.0,2023-06-13
uniqueUserZone,OWM Zona9,2023-06-12 00:00:00+02:00,244.0,2023-06-12
uniqueUserZone,OWM Zona8,2023-06-12 00:00:00+02:00,272.0,2023-06-12
uniqueUserZone,OWM Zona7,2023-06-12 00:00:00+02:00,167.0,2023-06-12
uniqueUserZone,OWM Zona6,2023-06-12 00:00:00+02:00,354.0,2023-06-12
uniqueUserZone,OWM Zona5,2023-06-12 00:00:00+02:00,137.0,2023-06-12
uniqueUserZone,OWM Zona4,2023-06-12 00:00:00+02:00,164.0,2023-06-12
uniqueUserZone,OWM Zona3,2023-06-12 00:00:00+02:00,488.0,2023-06-12
uniqueUserZone,OWM Zona2,2023-06-12 00:00:00+02:00,227.0,2023-06-12
uniqueUserZone,OWM Zona1,2023-06-12 00:00:00+02:00,1150.0,2023-06-12
uniqueUserZone,OWM Zona9,2023-06-11 00:00:00+02:00,209.0,2023-06-11
uniqueUserZone,OWM Zona8,2023-06-11 00:00:00+02:00,203.0,2023-06-11
uniqueUserZone,OWM Zona7,2023-06-11 00:00:00+02:00,113.0,2023-06-11
uniqueUserZone,OWM Zona6,2023-06-11 00:00:00+02:00,320.0,2023-06-11
uniqueUserZone,OWM Zona5,2023-06-11 00:00:00+02:00,105.0,2023-06-11
uniqueUserZone,OWM Zona4,2023-06-11 00:00:00+02:00,133.0,2023-06-11
uniqueUserZone,OWM Zona3,2023-06-11 00:00:00+02:00,425.0,2023-06-11
uniqueUserZone,OWM Zona2,2023-06-11 00:00:00+02:00,177.0,2023-06-11
uniqueUserZone,OWM Zona1,2023-06-11 00:00:00+02:00,1158.0,2023-06-11
uniqueUserZone,OWM Zona9,2023-06-10 00:00:00+02:00,253.0,2023-06-10
uniqueUserZone,OWM Zona8,2023-06-10 00:00:00+02:00,241.0,2023-06-10
uniqueUserZone,OWM Zona7,2023-06-10 00:00:00+02:00,144.0,2023-06-10
uniqueUserZone,OWM Zona6,2023-06-10 00:00:00+02:00,355.0,2023-06-10
uniqueUserZone,OWM Zona5,2023-06-10 00:00:00+02:00,146.0,2023-06-10
uniqueUserZone,OWM Zona4,2023-06-10 00:00:00+02:00,163.0,2023-06-10
uniqueUserZone,OWM Zona3,2023-06-10 00:00:00+02:00,478.0,2023-06-10
uniqueUserZone,OWM Zona2,2023-06-10 00:00:00+02:00,213.0,2023-06-10
uniqueUserZone,OWM Zona1,2023-06-10 00:00:00+02:00,1467.0,2023-06-10
uniqueUserZone,OWM Zona9,2023-06-09 00:00:00+02:00,257.0,2023-06-09
uniqueUserZone,OWM Zona8,2023-06-09 00:00:00+02:00,258.0,2023-06-09
uniqueUserZone,OWM Zona7,2023-06-09 00:00:00+02:00,140.0,2023-06-09
uniqueUserZone,OWM Zona6,2023-06-09 00:00:00+02:00,400.0,2023-06-09
uniqueUserZone,OWM Zona5,2023-06-09 00:00:00+02:00,168.0,2023-06-09
uniqueUserZone,OWM Zona4,2023-06-09 00:00:00+02:00,189.0,2023-06-09
uniqueUserZone,OWM Zona3,2023-06-09 00:00:00+02:00,505.0,2023-06-09
uniqueUserZone,OWM Zona2,2023-06-09 00:00:00+02:00,231.0,2023-06-09
uniqueUserZone,OWM Zona1,2023-06-09 00:00:00+02:00,1287.0,2023-06-09
uniqueUserZone,OWM Zona9,2023-06-08 00:00:00+02:00,269.0,2023-06-08
uniqueUserZone,OWM Zona8,2023-06-08 00:00:00+02:00,261.0,2023-06-08
uniqueUserZone,OWM Zona7,2023-06-08 00:00:00+02:00,171.0,2023-06-08
uniqueUserZone,OWM Zona6,2023-06-08 00:00:00+02:00,342.0,2023-06-08
uniqueUserZone,OWM Zona5,2023-06-08 00:00:00+02:00,156.0,2023-06-08
uniqueUserZone,OWM Zona4,2023-06-08 00:00:00+02:00,170.0,2023-06-08
uniqueUserZone,OWM Zona3,2023-06-08 00:00:00+02:00,510.0,2023-06-08
uniqueUserZone,OWM Zona2,2023-06-08 00:00:00+02:00,258.0,2023-06-08
uniqueUserZone,OWM Zona1,2023-06-08 00:00:00+02:00,1195.0,2023-06-08
uniqueUserZone,OWM Zona9,2023-06-07 00:00:00+02:00,310.0,2023-06-07
uniqueUserZone,OWM Zona8,2023-06-07 00:00:00+02:00,257.0,2023-06-07
uniqueUserZone,OWM Zona7,2023-06-07 00:00:00+02:00,142.0,2023-06-07
uniqueUserZone,OWM Zona6,2023-06-07 00:00:00+02:00,353.0,2023-06-07
uniqueUserZone,OWM Zona5,2023-06-07 00:00:00+02:00,177.0,2023-06-07
uniqueUserZone,OWM Zona4,2023-06-07 00:00:00+02:00,164.0,2023-06-07
uniqueUserZone,OWM Zona3,2023-06-07 00:00:00+02:00,437.0,2023-06-07
uniqueUserZone,OWM Zona2,2023-06-07 00:00:00+02:00,221.0,2023-06-07
uniqueUserZone,OWM Zona1,2023-06-07 00:00:00+02:00,1142.0,2023-06-07
uniqueUserZone,OWM Zona9,2023-06-06 00:00:00+02:00,278.0,2023-06-06
uniqueUserZone,OWM Zona8,2023-06-06 00:00:00+02:00,267.0,2023-06-06
uniqueUserZone,OWM Zona7,2023-06-06 00:00:00+02:00,138.0,2023-06-06
uniqueUserZone,OWM Zona6,2023-06-06 00:00:00+02:00,320.0,2023-06-06
uniqueUserZone,OWM Zona5,2023-06-06 00:00:00+02:00,162.0,2023-06-06
uniqueUserZone,OWM Zona4,2023-06-06 00:00:00+02:00,176.0,2023-06-06
uniqueUserZone,OWM Zona3,2023-06-06 00:00:00+02:00,462.0,2023-06-06
uniqueUserZone,OWM Zona2,2023-06-06 00:00:00+02:00,226.0,2023-06-06
uniqueUserZone,OWM Zona1,2023-06-06 00:00:00+02:00,907.0,2023-06-06
uniqueUserZone,OWM Zona9,2023-06-05 00:00:00+02:00,262.0,2023-06-05
uniqueUserZone,OWM Zona8,2023-06-05 00:00:00+02:00,294.0,2023-06-05
uniqueUserZone,OWM Zona7,2023-06-05 00:00:00+02:00,133.0,2023-06-05
uniqueUserZone,OWM Zona6,2023-06-05 00:00:00+02:00,317.0,2023-06-05
uniqueUserZone,OWM Zona5,2023-06-05 00:00:00+02:00,155.0,2023-06-05
uniqueUserZone,OWM Zona4,2023-06-05 00:00:00+02:00,176.0,2023-06-05
uniqueUserZone,OWM Zona3,2023-06-05 00:00:00+02:00,444.0,2023-06-05
uniqueUserZone,OWM Zona2,2023-06-05 00:00:00+02:00,211.0,2023-06-05
uniqueUserZone,OWM Zona1,2023-06-05 00:00:00+02:00,1020.0,2023-06-05
uniqueUserZone,OWM Zona9,2023-06-04 00:00:00+02:00,181.0,2023-06-04
uniqueUserZone,OWM Zona8,2023-06-04 00:00:00+02:00,197.0,2023-06-04
uniqueUserZone,OWM Zona7,2023-06-04 00:00:00+02:00,102.0,2023-06-04
uniqueUserZone,OWM Zona6,2023-06-04 00:00:00+02:00,287.0,2023-06-04
uniqueUserZone,OWM Zona5,2023-06-04 00:00:00+02:00,97.0,2023-06-04
uniqueUserZone,OWM Zona4,2023-06-04 00:00:00+02:00,112.0,2023-06-04
uniqueUserZone,OWM Zona3,2023-06-04 00:00:00+02:00,331.0,2023-06-04
uniqueUserZone,OWM Zona2,2023-06-04 00:00:00+02:00,154.0,2023-06-04
uniqueUserZone,OWM Zona1,2023-06-04 00:00:00+02:00,923.0,2023-06-04
uniqueUserZone,OWM Zona9,2023-06-03 00:00:00+02:00,210.0,2023-06-03
uniqueUserZone,OWM Zona8,2023-06-03 00:00:00+02:00,247.0,2023-06-03
uniqueUserZone,OWM Zona7,2023-06-03 00:00:00+02:00,122.0,2023-06-03
uniqueUserZone,OWM Zona6,2023-06-03 00:00:00+02:00,350.0,2023-06-03
uniqueUserZone,OWM Zona5,2023-06-03 00:00:00+02:00,105.0,2023-06-03
uniqueUserZone,OWM Zona4,2023-06-03 00:00:00+02:00,146.0,2023-06-03
uniqueUserZone,OWM Zona3,2023-06-03 00:00:00+02:00,422.0,2023-06-03
uniqueUserZone,OWM Zona2,2023-06-03 00:00:00+02:00,171.0,2023-06-03
uniqueUserZone,OWM Zona1,2023-06-03 00:00:00+02:00,1159.0,2023-06-03
uniqueUserZone,OWM Zona9,2023-06-02 00:00:00+02:00,204.0,2023-06-02
uniqueUserZone,OWM Zona8,2023-06-02 00:00:00+02:00,234.0,2023-06-02
uniqueUserZone,OWM Zona7,2023-06-02 00:00:00+02:00,111.0,2023-06-02
uniqueUserZone,OWM Zona6,2023-06-02 00:00:00+02:00,293.0,2023-06-02
uniqueUserZone,OWM Zona5,2023-06-02 00:00:00+02:00,105.0,2023-06-02
uniqueUserZone,OWM Zona4,2023-06-02 00:00:00+02:00,118.0,2023-06-02
uniqueUserZone,OWM Zona3,2023-06-02 00:00:00+02:00,356.0,2023-06-02
uniqueUserZone,OWM Zona2,2023-06-02 00:00:00+02:00,146.0,2023-06-02
uniqueUserZone,OWM Zona1,2023-06-02 00:00:00+02:00,1055.0,2023-06-02
uniqueUserZone,OWM Zona9,2023-06-01 00:00:00+02:00,240.0,2023-06-01
uniqueUserZone,OWM Zona8,2023-06-01 00:00:00+02:00,348.0,2023-06-01
uniqueUserZone,OWM Zona7,2023-06-01 00:00:00+02:00,169.0,2023-06-01
uniqueUserZone,OWM Zona6,2023-06-01 00:00:00+02:00,356.0,2023-06-01
uniqueUserZone,OWM Zona5,2023-06-01 00:00:00+02:00,150.0,2023-06-01
uniqueUserZone,OWM Zona4,2023-06-01 00:00:00+02:00,142.0,2023-06-01
uniqueUserZone,OWM Zona3,2023-06-01 00:00:00+02:00,468.0,2023-06-01
uniqueUserZone,OWM Zona2,2023-06-01 00:00:00+02:00,228.0,2023-06-01
uniqueUserZone,OWM Zona1,2023-06-01 00:00:00+02:00,1113.0,2023-06-01
uniqueUserZone,OWM Zona9,2023-05-31 00:00:00+02:00,247.0,2023-05-31
uniqueUserZone,OWM Zona8,2023-05-31 00:00:00+02:00,319.0,2023-05-31
uniqueUserZone,OWM Zona7,2023-05-31 00:00:00+02:00,147.0,2023-05-31
uniqueUserZone,OWM Zona6,2023-05-31 00:00:00+02:00,347.0,2023-05-31
uniqueUserZone,OWM Zona5,2023-05-31 00:00:00+02:00,175.0,2023-05-31
uniqueUserZone,OWM Zona4,2023-05-31 00:00:00+02:00,168.0,2023-05-31
uniqueUserZone,OWM Zona3,2023-05-31 00:00:00+02:00,437.0,2023-05-31
uniqueUserZone,OWM Zona2,2023-05-31 00:00:00+02:00,228.0,2023-05-31
uniqueUserZone,OWM Zona1,2023-05-31 00:00:00+02:00,1155.0,2023-05-31
uniqueUserZone,OWM Zona9,2023-05-30 00:00:00+02:00,243.0,2023-05-30
uniqueUserZone,OWM Zona8,2023-05-30 00:00:00+02:00,255.0,2023-05-30
uniqueUserZone,OWM Zona7,2023-05-30 00:00:00+02:00,133.0,2023-05-30
uniqueUserZone,OWM Zona6,2023-05-30 00:00:00+02:00,315.0,2023-05-30
uniqueUserZone,OWM Zona5,2023-05-30 00:00:00+02:00,166.0,2023-05-30
uniqueUserZone,OWM Zona4,2023-05-30 00:00:00+02:00,172.0,2023-05-30
uniqueUserZone,OWM Zona3,2023-05-30 00:00:00+02:00,449.0,2023-05-30
uniqueUserZone,OWM Zona2,2023-05-30 00:00:00+02:00,223.0,2023-05-30
uniqueUserZone,OWM Zona1,2023-05-30 00:00:00+02:00,993.0,2023-05-30
uniqueUserZone,OWM Zona9,2023-05-29 00:00:00+02:00,217.0,2023-05-29
uniqueUserZone,OWM Zona8,2023-05-29 00:00:00+02:00,228.0,2023-05-29
uniqueUserZone,OWM Zona7,2023-05-29 00:00:00+02:00,125.0,2023-05-29
uniqueUserZone,OWM Zona6,2023-05-29 00:00:00+02:00,298.0,2023-05-29
uniqueUserZone,OWM Zona5,2023-05-29 00:00:00+02:00,128.0,2023-05-29
uniqueUserZone,OWM Zona4,2023-05-29 00:00:00+02:00,135.0,2023-05-29
uniqueUserZone,OWM Zona3,2023-05-29 00:00:00+02:00,392.0,2023-05-29
uniqueUserZone,OWM Zona2,2023-05-29 00:00:00+02:00,191.0,2023-05-29
uniqueUserZone,OWM Zona1,2023-05-29 00:00:00+02:00,1145.0,2023-05-29
uniqueUserZone,OWM Zona9,2023-05-28 00:00:00+02:00,196.0,2023-05-28
uniqueUserZone,OWM Zona8,2023-05-28 00:00:00+02:00,206.0,2023-05-28
uniqueUserZone,OWM Zona7,2023-05-28 00:00:00+02:00,108.0,2023-05-28
uniqueUserZone,OWM Zona6,2023-05-28 00:00:00+02:00,341.0,2023-05-28
uniqueUserZone,OWM Zona5,2023-05-28 00:00:00+02:00,110.0,2023-05-28
uniqueUserZone,OWM Zona4,2023-05-28 00:00:00+02:00,116.0,2023-05-28
uniqueUserZone,OWM Zona3,2023-05-28 00:00:00+02:00,412.0,2023-05-28
uniqueUserZone,OWM Zona2,2023-05-28 00:00:00+02:00,174.0,2023-05-28
uniqueUserZone,OWM Zona1,2023-05-28 00:00:00+02:00,1202.0,2023-05-28
uniqueUserZone,OWM Zona9,2023-05-27 00:00:00+02:00,198.0,2023-05-27
uniqueUserZone,OWM Zona8,2023-05-27 00:00:00+02:00,252.0,2023-05-27
uniqueUserZone,OWM Zona7,2023-05-27 00:00:00+02:00,133.0,2023-05-27
uniqueUserZone,OWM Zona6,2023-05-27 00:00:00+02:00,358.0,2023-05-27
uniqueUserZone,OWM Zona5,2023-05-27 00:00:00+02:00,141.0,2023-05-27
uniqueUserZone,OWM Zona4,2023-05-27 00:00:00+02:00,147.0,2023-05-27
uniqueUserZone,OWM Zona3,2023-05-27 00:00:00+02:00,444.0,2023-05-27
uniqueUserZone,OWM Zona2,2023-05-27 00:00:00+02:00,216.0,2023-05-27
uniqueUserZone,OWM Zona1,2023-05-27 00:00:00+02:00,1190.0,2023-05-27
uniqueUserZone,OWM Zona9,2023-05-26 00:00:00+02:00,256.0,2023-05-26
uniqueUserZone,OWM Zona8,2023-05-26 00:00:00+02:00,276.0,2023-05-26
uniqueUserZone,OWM Zona7,2023-05-26 00:00:00+02:00,156.0,2023-05-26
uniqueUserZone,OWM Zona6,2023-05-26 00:00:00+02:00,330.0,2023-05-26
uniqueUserZone,OWM Zona5,2023-05-26 00:00:00+02:00,159.0,2023-05-26
uniqueUserZone,OWM Zona4,2023-05-26 00:00:00+02:00,159.0,2023-05-26
uniqueUserZone,OWM Zona3,2023-05-26 00:00:00+02:00,458.0,2023-05-26
uniqueUserZone,OWM Zona2,2023-05-26 00:00:00+02:00,219.0,2023-05-26
uniqueUserZone,OWM Zona1,2023-05-26 00:00:00+02:00,1123.0,2023-05-26
uniqueUserZone,OWM Zona9,2023-05-25 00:00:00+02:00,257.0,2023-05-25
uniqueUserZone,OWM Zona8,2023-05-25 00:00:00+02:00,271.0,2023-05-25
uniqueUserZone,OWM Zona7,2023-05-25 00:00:00+02:00,162.0,2023-05-25
uniqueUserZone,OWM Zona6,2023-05-25 00:00:00+02:00,339.0,2023-05-25
uniqueUserZone,OWM Zona5,2023-05-25 00:00:00+02:00,162.0,2023-05-25
uniqueUserZone,OWM Zona4,2023-05-25 00:00:00+02:00,182.0,2023-05-25
uniqueUserZone,OWM Zona3,2023-05-25 00:00:00+02:00,486.0,2023-05-25
uniqueUserZone,OWM Zona2,2023-05-25 00:00:00+02:00,222.0,2023-05-25
uniqueUserZone,OWM Zona1,2023-05-25 00:00:00+02:00,1134.0,2023-05-25
uniqueUserZone,OWM Zona9,2023-05-24 00:00:00+02:00,229.0,2023-05-24
uniqueUserZone,OWM Zona8,2023-05-24 00:00:00+02:00,253.0,2023-05-24
uniqueUserZone,OWM Zona7,2023-05-24 00:00:00+02:00,131.0,2023-05-24
uniqueUserZone,OWM Zona6,2023-05-24 00:00:00+02:00,279.0,2023-05-24
uniqueUserZone,OWM Zona5,2023-05-24 00:00:00+02:00,147.0,2023-05-24
uniqueUserZone,OWM Zona4,2023-05-24 00:00:00+02:00,178.0,2023-05-24
uniqueUserZone,OWM Zona3,2023-05-24 00:00:00+02:00,417.0,2023-05-24
uniqueUserZone,OWM Zona2,2023-05-24 00:00:00+02:00,204.0,2023-05-24
uniqueUserZone,OWM Zona1,2023-05-24 00:00:00+02:00,952.0,2023-05-24
uniqueUserZone,OWM Zona9,2023-05-23 00:00:00+02:00,247.0,2023-05-23
uniqueUserZone,OWM Zona8,2023-05-23 00:00:00+02:00,247.0,2023-05-23
uniqueUserZone,OWM Zona7,2023-05-23 00:00:00+02:00,151.0,2023-05-23
uniqueUserZone,OWM Zona6,2023-05-23 00:00:00+02:00,319.0,2023-05-23
uniqueUserZone,OWM Zona5,2023-05-23 00:00:00+02:00,146.0,2023-05-23
uniqueUserZone,OWM Zona4,2023-05-23 00:00:00+02:00,157.0,2023-05-23
uniqueUserZone,OWM Zona3,2023-05-23 00:00:00+02:00,439.0,2023-05-23
uniqueUserZone,OWM Zona2,2023-05-23 00:00:00+02:00,235.0,2023-05-23
uniqueUserZone,OWM Zona1,2023-05-23 00:00:00+02:00,964.0,2023-05-23
uniqueUserZone,OWM Zona9,2023-05-22 00:00:00+02:00,204.0,2023-05-22
uniqueUserZone,OWM Zona8,2023-05-22 00:00:00+02:00,191.0,2023-05-22
uniqueUserZone,OWM Zona7,2023-05-22 00:00:00+02:00,121.0,2023-05-22
uniqueUserZone,OWM Zona6,2023-05-22 00:00:00+02:00,251.0,2023-05-22
uniqueUserZone,OWM Zona5,2023-05-22 00:00:00+02:00,123.0,2023-05-22
uniqueUserZone,OWM Zona4,2023-05-22 00:00:00+02:00,142.0,2023-05-22
uniqueUserZone,OWM Zona3,2023-05-22 00:00:00+02:00,389.0,2023-05-22
uniqueUserZone,OWM Zona2,2023-05-22 00:00:00+02:00,163.0,2023-05-22
uniqueUserZone,OWM Zona1,2023-05-22 00:00:00+02:00,947.0,2023-05-22
uniqueUserZone,OWM Zona9,2023-05-21 00:00:00+02:00,0.0,2023-05-21
uniqueUserZone,OWM Zona8,2023-05-21 00:00:00+02:00,0.0,2023-05-21
uniqueUserZone,OWM Zona7,2023-05-21 00:00:00+02:00,0.0,2023-05-21
uniqueUserZone,OWM Zona6,2023-05-21 00:00:00+02:00,0.0,2023-05-21
uniqueUserZone,OWM Zona5,2023-05-21 00:00:00+02:00,0.0,2023-05-21
uniqueUserZone,OWM Zona4,2023-05-21 00:00:00+02:00,0.0,2023-05-21
uniqueUserZone,OWM Zona3,2023-05-21 00:00:00+02:00,0.0,2023-05-21
uniqueUserZone,OWM Zona2,2023-05-21 00:00:00+02:00,0.0,2023-05-21
uniqueUserZone,OWM Zona1,2023-05-21 00:00:00+02:00,0.0,2023-05-21
uniqueUserZone,OWM Zona9,2023-05-20 00:00:00+02:00,147.0,2023-05-20
uniqueUserZone,OWM Zona8,2023-05-20 00:00:00+02:00,180.0,2023-05-20
uniqueUserZone,OWM Zona7,2023-05-20 00:00:00+02:00,101.0,2023-05-20
uniqueUserZone,OWM Zona6,2023-05-20 00:00:00+02:00,218.0,2023-05-20
uniqueUserZone,OWM Zona5,2023-05-20 00:00:00+02:00,105.0,2023-05-20
uniqueUserZone,OWM Zona4,2023-05-20 00:00:00+02:00,123.0,2023-05-20
uniqueUserZone,OWM Zona3,2023-05-20 00:00:00+02:00,317.0,2023-05-20
uniqueUserZone,OWM Zona2,2023-05-20 00:00:00+02:00,159.0,2023-05-20
uniqueUserZone,OWM Zona1,2023-05-20 00:00:00+02:00,850.0,2023-05-20
uniqueUserZone,OWM Zona9,2023-05-19 00:00:00+02:00,222.0,2023-05-19
uniqueUserZone,OWM Zona8,2023-05-19 00:00:00+02:00,212.0,2023-05-19
uniqueUserZone,OWM Zona7,2023-05-19 00:00:00+02:00,124.0,2023-05-19
uniqueUserZone,OWM Zona6,2023-05-19 00:00:00+02:00,293.0,2023-05-19
uniqueUserZone,OWM Zona5,2023-05-19 00:00:00+02:00,139.0,2023-05-19
uniqueUserZone,OWM Zona4,2023-05-19 00:00:00+02:00,161.0,2023-05-19
uniqueUserZone,OWM Zona3,2023-05-19 00:00:00+02:00,456.0,2023-05-19
uniqueUserZone,OWM Zona2,2023-05-19 00:00:00+02:00,227.0,2023-05-19
uniqueUserZone,OWM Zona1,2023-05-19 00:00:00+02:00,1166.0,2023-05-19
uniqueUserZone,OWM Zona9,2023-05-18 00:00:00+02:00,178.0,2023-05-18
uniqueUserZone,OWM Zona8,2023-05-18 00:00:00+02:00,217.0,2023-05-18
uniqueUserZone,OWM Zona7,2023-05-18 00:00:00+02:00,106.0,2023-05-18
uniqueUserZone,OWM Zona6,2023-05-18 00:00:00+02:00,276.0,2023-05-18
uniqueUserZone,OWM Zona5,2023-05-18 00:00:00+02:00,128.0,2023-05-18
uniqueUserZone,OWM Zona4,2023-05-18 00:00:00+02:00,128.0,2023-05-18
uniqueUserZone,OWM Zona3,2023-05-18 00:00:00+02:00,387.0,2023-05-18
uniqueUserZone,OWM Zona2,2023-05-18 00:00:00+02:00,200.0,2023-05-18
uniqueUserZone,OWM Zona1,2023-05-18 00:00:00+02:00,998.0,2023-05-18
uniqueUserZone,OWM Zona9,2023-05-17 00:00:00+02:00,192.0,2023-05-17
uniqueUserZone,OWM Zona8,2023-05-17 00:00:00+02:00,189.0,2023-05-17
uniqueUserZone,OWM Zona7,2023-05-17 00:00:00+02:00,113.0,2023-05-17
uniqueUserZone,OWM Zona6,2023-05-17 00:00:00+02:00,205.0,2023-05-17
uniqueUserZone,OWM Zona5,2023-05-17 00:00:00+02:00,118.0,2023-05-17
uniqueUserZone,OWM Zona4,2023-05-17 00:00:00+02:00,118.0,2023-05-17
uniqueUserZone,OWM Zona3,2023-05-17 00:00:00+02:00,328.0,2023-05-17
uniqueUserZone,OWM Zona2,2023-05-17 00:00:00+02:00,179.0,2023-05-17
uniqueUserZone,OWM Zona1,2023-05-17 00:00:00+02:00,735.0,2023-05-17
uniqueUserZone,OWM Zona9,2023-05-16 00:00:00+02:00,244.0,2023-05-16
uniqueUserZone,OWM Zona8,2023-05-16 00:00:00+02:00,249.0,2023-05-16
uniqueUserZone,OWM Zona7,2023-05-16 00:00:00+02:00,151.0,2023-05-16
uniqueUserZone,OWM Zona6,2023-05-16 00:00:00+02:00,312.0,2023-05-16
uniqueUserZone,OWM Zona5,2023-05-16 00:00:00+02:00,160.0,2023-05-16
uniqueUserZone,OWM Zona4,2023-05-16 00:00:00+02:00,137.0,2023-05-16
uniqueUserZone,OWM Zona3,2023-05-16 00:00:00+02:00,435.0,2023-05-16
uniqueUserZone,OWM Zona2,2023-05-16 00:00:00+02:00,224.0,2023-05-16
uniqueUserZone,OWM Zona1,2023-05-16 00:00:00+02:00,1028.0,2023-05-16
uniqueUserZone,OWM Zona9,2023-05-15 00:00:00+02:00,251.0,2023-05-15
uniqueUserZone,OWM Zona8,2023-05-15 00:00:00+02:00,260.0,2023-05-15
uniqueUserZone,OWM Zona7,2023-05-15 00:00:00+02:00,172.0,2023-05-15
uniqueUserZone,OWM Zona6,2023-05-15 00:00:00+02:00,325.0,2023-05-15
uniqueUserZone,OWM Zona5,2023-05-15 00:00:00+02:00,146.0,2023-05-15
uniqueUserZone,OWM Zona4,2023-05-15 00:00:00+02:00,179.0,2023-05-15
uniqueUserZone,OWM Zona3,2023-05-15 00:00:00+02:00,421.0,2023-05-15
uniqueUserZone,OWM Zona2,2023-05-15 00:00:00+02:00,213.0,2023-05-15
uniqueUserZone,OWM Zona1,2023-05-15 00:00:00+02:00,1017.0,2023-05-15
uniqueUserZone,OWM Zona9,2023-05-14 00:00:00+02:00,167.0,2023-05-14
uniqueUserZone,OWM Zona8,2023-05-14 00:00:00+02:00,199.0,2023-05-14
uniqueUserZone,OWM Zona7,2023-05-14 00:00:00+02:00,103.0,2023-05-14
uniqueUserZone,OWM Zona6,2023-05-14 00:00:00+02:00,268.0,2023-05-14
uniqueUserZone,OWM Zona5,2023-05-14 00:00:00+02:00,109.0,2023-05-14
uniqueUserZone,OWM Zona4,2023-05-14 00:00:00+02:00,129.0,2023-05-14
uniqueUserZone,OWM Zona3,2023-05-14 00:00:00+02:00,318.0,2023-05-14
uniqueUserZone,OWM Zona2,2023-05-14 00:00:00+02:00,151.0,2023-05-14
uniqueUserZone,OWM Zona1,2023-05-14 00:00:00+02:00,862.0,2023-05-14
uniqueUserZone,OWM Zona9,2023-05-13 00:00:00+02:00,206.0,2023-05-13
uniqueUserZone,OWM Zona8,2023-05-13 00:00:00+02:00,242.0,2023-05-13
uniqueUserZone,OWM Zona7,2023-05-13 00:00:00+02:00,131.0,2023-05-13
uniqueUserZone,OWM Zona6,2023-05-13 00:00:00+02:00,301.0,2023-05-13
uniqueUserZone,OWM Zona5,2023-05-13 00:00:00+02:00,135.0,2023-05-13
uniqueUserZone,OWM Zona4,2023-05-13 00:00:00+02:00,146.0,2023-05-13
uniqueUserZone,OWM Zona3,2023-05-13 00:00:00+02:00,418.0,2023-05-13
uniqueUserZone,OWM Zona2,2023-05-13 00:00:00+02:00,202.0,2023-05-13
uniqueUserZone,OWM Zona1,2023-05-13 00:00:00+02:00,1003.0,2023-05-13
uniqueUserZone,OWM Zona9,2023-05-12 00:00:00+02:00,203.0,2023-05-12
uniqueUserZone,OWM Zona8,2023-05-12 00:00:00+02:00,218.0,2023-05-12
uniqueUserZone,OWM Zona7,2023-05-12 00:00:00+02:00,131.0,2023-05-12
uniqueUserZone,OWM Zona6,2023-05-12 00:00:00+02:00,266.0,2023-05-12
uniqueUserZone,OWM Zona5,2023-05-12 00:00:00+02:00,130.0,2023-05-12
uniqueUserZone,OWM Zona4,2023-05-12 00:00:00+02:00,137.0,2023-05-12
uniqueUserZone,OWM Zona3,2023-05-12 00:00:00+02:00,373.0,2023-05-12
uniqueUserZone,OWM Zona2,2023-05-12 00:00:00+02:00,177.0,2023-05-12
uniqueUserZone,OWM Zona1,2023-05-12 00:00:00+02:00,858.0,2023-05-12
uniqueUserZone,OWM Zona9,2023-05-11 00:00:00+02:00,233.0,2023-05-11
uniqueUserZone,OWM Zona8,2023-05-11 00:00:00+02:00,232.0,2023-05-11
uniqueUserZone,OWM Zona7,2023-05-11 00:00:00+02:00,136.0,2023-05-11
uniqueUserZone,OWM Zona6,2023-05-11 00:00:00+02:00,264.0,2023-05-11
uniqueUserZone,OWM Zona5,2023-05-11 00:00:00+02:00,151.0,2023-05-11
uniqueUserZone,OWM Zona4,2023-05-11 00:00:00+02:00,156.0,2023-05-11
uniqueUserZone,OWM Zona3,2023-05-11 00:00:00+02:00,401.0,2023-05-11
uniqueUserZone,OWM Zona2,2023-05-11 00:00:00+02:00,204.0,2023-05-11
uniqueUserZone,OWM Zona1,2023-05-11 00:00:00+02:00,905.0,2023-05-11
uniqueUserZone,OWM Zona9,2023-05-10 00:00:00+02:00,218.0,2023-05-10
uniqueUserZone,OWM Zona8,2023-05-10 00:00:00+02:00,242.0,2023-05-10
uniqueUserZone,OWM Zona7,2023-05-10 00:00:00+02:00,135.0,2023-05-10
uniqueUserZone,OWM Zona6,2023-05-10 00:00:00+02:00,252.0,2023-05-10
uniqueUserZone,OWM Zona5,2023-05-10 00:00:00+02:00,135.0,2023-05-10
uniqueUserZone,OWM Zona4,2023-05-10 00:00:00+02:00,158.0,2023-05-10
uniqueUserZone,OWM Zona3,2023-05-10 00:00:00+02:00,426.0,2023-05-10
uniqueUserZone,OWM Zona2,2023-05-10 00:00:00+02:00,205.0,2023-05-10
uniqueUserZone,OWM Zona1,2023-05-10 00:00:00+02:00,976.0,2023-05-10
uniqueUserZone,OWM Zona9,2023-05-09 00:00:00+02:00,226.0,2023-05-09
uniqueUserZone,OWM Zona8,2023-05-09 00:00:00+02:00,232.0,2023-05-09
uniqueUserZone,OWM Zona7,2023-05-09 00:00:00+02:00,134.0,2023-05-09
uniqueUserZone,OWM Zona6,2023-05-09 00:00:00+02:00,262.0,2023-05-09
uniqueUserZone,OWM Zona5,2023-05-09 00:00:00+02:00,140.0,2023-05-09
uniqueUserZone,OWM Zona4,2023-05-09 00:00:00+02:00,173.0,2023-05-09
uniqueUserZone,OWM Zona3,2023-05-09 00:00:00+02:00,452.0,2023-05-09
uniqueUserZone,OWM Zona2,2023-05-09 00:00:00+02:00,237.0,2023-05-09
uniqueUserZone,OWM Zona1,2023-05-09 00:00:00+02:00,886.0,2023-05-09
uniqueUserZone,OWM Zona9,2023-05-08 00:00:00+02:00,246.0,2023-05-08
uniqueUserZone,OWM Zona8,2023-05-08 00:00:00+02:00,227.0,2023-05-08
uniqueUserZone,OWM Zona7,2023-05-08 00:00:00+02:00,146.0,2023-05-08
uniqueUserZone,OWM Zona6,2023-05-08 00:00:00+02:00,276.0,2023-05-08
uniqueUserZone,OWM Zona5,2023-05-08 00:00:00+02:00,135.0,2023-05-08
uniqueUserZone,OWM Zona4,2023-05-08 00:00:00+02:00,167.0,2023-05-08
uniqueUserZone,OWM Zona3,2023-05-08 00:00:00+02:00,445.0,2023-05-08
uniqueUserZone,OWM Zona2,2023-05-08 00:00:00+02:00,214.0,2023-05-08
uniqueUserZone,OWM Zona1,2023-05-08 00:00:00+02:00,957.0,2023-05-08
uniqueUserZone,OWM Zona9,2023-05-07 00:00:00+02:00,189.0,2023-05-07
uniqueUserZone,OWM Zona8,2023-05-07 00:00:00+02:00,229.0,2023-05-07
uniqueUserZone,OWM Zona5,2023-05-07 00:00:00+02:00,124.0,2023-05-07
uniqueUserZone,OWM Zona4,2023-05-07 00:00:00+02:00,133.0,2023-05-07
uniqueUserZone,OWM Zona3,2023-05-07 00:00:00+02:00,362.0,2023-05-07
uniqueUserZone,OWM Zona2,2023-05-07 00:00:00+02:00,173.0,2023-05-07
uniqueUserZone,OWM Zona1,2023-05-07 00:00:00+02:00,1027.0,2023-05-07
uniqueUserZone,OWM Zona9,2023-05-06 00:00:00+02:00,236.0,2023-05-06
uniqueUserZone,OWM Zona8,2023-05-06 00:00:00+02:00,233.0,2023-05-06
uniqueUserZone,OWM Zona7,2023-05-06 00:00:00+02:00,171.0,2023-05-06
uniqueUserZone,OWM Zona6,2023-05-06 00:00:00+02:00,339.0,2023-05-06
uniqueUserZone,OWM Zona5,2023-05-06 00:00:00+02:00,136.0,2023-05-06
uniqueUserZone,OWM Zona4,2023-05-06 00:00:00+02:00,159.0,2023-05-06
uniqueUserZone,OWM Zona3,2023-05-06 00:00:00+02:00,415.0,2023-05-06
uniqueUserZone,OWM Zona2,2023-05-06 00:00:00+02:00,209.0,2023-05-06
uniqueUserZone,OWM Zona1,2023-05-06 00:00:00+02:00,1086.0,2023-05-06
uniqueUserZone,OWM Zona9,2023-05-05 00:00:00+02:00,249.0,2023-05-05
uniqueUserZone,OWM Zona8,2023-05-05 00:00:00+02:00,256.0,2023-05-05
uniqueUserZone,OWM Zona7,2023-05-05 00:00:00+02:00,154.0,2023-05-05
uniqueUserZone,OWM Zona6,2023-05-05 00:00:00+02:00,354.0,2023-05-05
uniqueUserZone,OWM Zona5,2023-05-05 00:00:00+02:00,160.0,2023-05-05
uniqueUserZone,OWM Zona2,2023-05-05 00:00:00+02:00,246.0,2023-05-05
uniqueUserZone,OWM Zona1,2023-05-05 00:00:00+02:00,1079.0,2023-05-05
uniqueUserZone,OWM Zona9,2023-05-04 00:00:00+02:00,234.0,2023-05-04
uniqueUserZone,OWM Zona8,2023-05-04 00:00:00+02:00,253.0,2023-05-04
uniqueUserZone,OWM Zona7,2023-05-04 00:00:00+02:00,156.0,2023-05-04
uniqueUserZone,OWM Zona6,2023-05-04 00:00:00+02:00,284.0,2023-05-04
uniqueUserZone,OWM Zona5,2023-05-04 00:00:00+02:00,172.0,2023-05-04
uniqueUserZone,OWM Zona4,2023-05-04 00:00:00+02:00,155.0,2023-05-04
uniqueUserZone,OWM Zona3,2023-05-04 00:00:00+02:00,439.0,2023-05-04
uniqueUserZone,OWM Zona2,2023-05-04 00:00:00+02:00,247.0,2023-05-04
uniqueUserZone,OWM Zona1,2023-05-04 00:00:00+02:00,947.0,2023-05-04
uniqueUserZone,OWM Zona9,2023-05-03 00:00:00+02:00,227.0,2023-05-03
uniqueUserZone,OWM Zona8,2023-05-03 00:00:00+02:00,290.0,2023-05-03
uniqueUserZone,OWM Zona7,2023-05-03 00:00:00+02:00,176.0,2023-05-03
uniqueUserZone,OWM Zona6,2023-05-03 00:00:00+02:00,291.0,2023-05-03
uniqueUserZone,OWM Zona5,2023-05-03 00:00:00+02:00,155.0,2023-05-03
uniqueUserZone,OWM Zona4,2023-05-03 00:00:00+02:00,177.0,2023-05-03
uniqueUserZone,OWM Zona3,2023-05-03 00:00:00+02:00,398.0,2023-05-03
uniqueUserZone,OWM Zona2,2023-05-03 00:00:00+02:00,230.0,2023-05-03
uniqueUserZone,OWM Zona1,2023-05-03 00:00:00+02:00,896.0,2023-05-03
uniqueUserZone,OWM Zona9,2023-05-02 00:00:00+02:00,236.0,2023-05-02
uniqueUserZone,OWM Zona8,2023-05-02 00:00:00+02:00,237.0,2023-05-02
uniqueUserZone,OWM Zona7,2023-05-02 00:00:00+02:00,148.0,2023-05-02
uniqueUserZone,OWM Zona6,2023-05-02 00:00:00+02:00,271.0,2023-05-02
uniqueUserZone,OWM Zona5,2023-05-02 00:00:00+02:00,150.0,2023-05-02
uniqueUserZone,OWM Zona4,2023-05-02 00:00:00+02:00,156.0,2023-05-02
uniqueUserZone,OWM Zona3,2023-05-02 00:00:00+02:00,403.0,2023-05-02
uniqueUserZone,OWM Zona2,2023-05-02 00:00:00+02:00,215.0,2023-05-02
uniqueUserZone,OWM Zona1,2023-05-02 00:00:00+02:00,961.0,2023-05-02
uniqueUserZone,OWM Zona9,2023-05-01 00:00:00+02:00,147.0,2023-05-01
uniqueUserZone,OWM Zona8,2023-05-01 00:00:00+02:00,158.0,2023-05-01
uniqueUserZone,OWM Zona7,2023-05-01 00:00:00+02:00,102.0,2023-05-01
uniqueUserZone,OWM Zona6,2023-05-01 00:00:00+02:00,231.0,2023-05-01
uniqueUserZone,OWM Zona5,2023-05-01 00:00:00+02:00,102.0,2023-05-01
uniqueUserZone,OWM Zona4,2023-05-01 00:00:00+02:00,109.0,2023-05-01
uniqueUserZone,OWM Zona3,2023-05-01 00:00:00+02:00,337.0,2023-05-01
uniqueUserZone,OWM Zona2,2023-05-01 00:00:00+02:00,145.0,2023-05-01
uniqueUserZone,OWM Zona1,2023-05-01 00:00:00+02:00,949.0,2023-05-01
uniqueUserZone,OWM Zona9,2023-04-30 00:00:00+02:00,164.0,2023-04-30
uniqueUserZone,OWM Zona8,2023-04-30 00:00:00+02:00,235.0,2023-04-30
uniqueUserZone,OWM Zona7,2023-04-30 00:00:00+02:00,101.0,2023-04-30
uniqueUserZone,OWM Zona6,2023-04-30 00:00:00+02:00,293.0,2023-04-30
uniqueUserZone,OWM Zona5,2023-04-30 00:00:00+02:00,98.0,2023-04-30
uniqueUserZone,OWM Zona4,2023-04-30 00:00:00+02:00,123.0,2023-04-30
uniqueUserZone,OWM Zona3,2023-04-30 00:00:00+02:00,391.0,2023-04-30
uniqueUserZone,OWM Zona2,2023-04-30 00:00:00+02:00,158.0,2023-04-30
uniqueUserZone,OWM Zona1,2023-04-30 00:00:00+02:00,1295.0,2023-04-30
uniqueUserZone,OWM Zona9,2023-04-29 00:00:00+02:00,191.0,2023-04-29
uniqueUserZone,OWM Zona8,2023-04-29 00:00:00+02:00,213.0,2023-04-29
uniqueUserZone,OWM Zona7,2023-04-29 00:00:00+02:00,118.0,2023-04-29
uniqueUserZone,OWM Zona6,2023-04-29 00:00:00+02:00,311.0,2023-04-29
uniqueUserZone,OWM Zona5,2023-04-29 00:00:00+02:00,125.0,2023-04-29
uniqueUserZone,OWM Zona4,2023-04-29 00:00:00+02:00,129.0,2023-04-29
uniqueUserZone,OWM Zona3,2023-04-29 00:00:00+02:00,416.0,2023-04-29
uniqueUserZone,OWM Zona2,2023-04-29 00:00:00+02:00,172.0,2023-04-29
uniqueUserZone,OWM Zona1,2023-04-29 00:00:00+02:00,1388.0,2023-04-29
uniqueUserZone,OWM Zona9,2023-04-28 00:00:00+02:00,221.0,2023-04-28
uniqueUserZone,OWM Zona8,2023-04-28 00:00:00+02:00,263.0,2023-04-28
uniqueUserZone,OWM Zona7,2023-04-28 00:00:00+02:00,130.0,2023-04-28
uniqueUserZone,OWM Zona6,2023-04-28 00:00:00+02:00,323.0,2023-04-28
uniqueUserZone,OWM Zona5,2023-04-28 00:00:00+02:00,155.0,2023-04-28
uniqueUserZone,OWM Zona4,2023-04-28 00:00:00+02:00,167.0,2023-04-28
uniqueUserZone,OWM Zona3,2023-04-28 00:00:00+02:00,427.0,2023-04-28
uniqueUserZone,OWM Zona2,2023-04-28 00:00:00+02:00,177.0,2023-04-28
uniqueUserZone,OWM Zona1,2023-04-28 00:00:00+02:00,1147.0,2023-04-28
uniqueUserZone,OWM Zona9,2023-04-27 00:00:00+02:00,210.0,2023-04-27
uniqueUserZone,OWM Zona8,2023-04-27 00:00:00+02:00,245.0,2023-04-27
uniqueUserZone,OWM Zona7,2023-04-27 00:00:00+02:00,145.0,2023-04-27
uniqueUserZone,OWM Zona6,2023-04-27 00:00:00+02:00,279.0,2023-04-27
uniqueUserZone,OWM Zona5,2023-04-27 00:00:00+02:00,154.0,2023-04-27
uniqueUserZone,OWM Zona4,2023-04-27 00:00:00+02:00,153.0,2023-04-27
uniqueUserZone,OWM Zona3,2023-04-27 00:00:00+02:00,425.0,2023-04-27
uniqueUserZone,OWM Zona2,2023-04-27 00:00:00+02:00,183.0,2023-04-27
uniqueUserZone,OWM Zona1,2023-04-27 00:00:00+02:00,941.0,2023-04-27
uniqueUserZone,OWM Zona9,2023-04-26 00:00:00+02:00,204.0,2023-04-26
uniqueUserZone,OWM Zona8,2023-04-26 00:00:00+02:00,233.0,2023-04-26
uniqueUserZone,OWM Zona7,2023-04-26 00:00:00+02:00,141.0,2023-04-26
uniqueUserZone,OWM Zona6,2023-04-26 00:00:00+02:00,263.0,2023-04-26
uniqueUserZone,OWM Zona5,2023-04-26 00:00:00+02:00,148.0,2023-04-26
uniqueUserZone,OWM Zona4,2023-04-26 00:00:00+02:00,145.0,2023-04-26
uniqueUserZone,OWM Zona3,2023-04-26 00:00:00+02:00,413.0,2023-04-26
uniqueUserZone,OWM Zona2,2023-04-26 00:00:00+02:00,216.0,2023-04-26
uniqueUserZone,OWM Zona1,2023-04-26 00:00:00+02:00,919.0,2023-04-26
uniqueUserZone,OWM Zona9,2023-04-25 00:00:00+02:00,134.0,2023-04-25
uniqueUserZone,OWM Zona8,2023-04-25 00:00:00+02:00,191.0,2023-04-25
uniqueUserZone,OWM Zona7,2023-04-25 00:00:00+02:00,93.0,2023-04-25
uniqueUserZone,OWM Zona6,2023-04-25 00:00:00+02:00,207.0,2023-04-25
uniqueUserZone,OWM Zona5,2023-04-25 00:00:00+02:00,122.0,2023-04-25
uniqueUserZone,OWM Zona4,2023-04-25 00:00:00+02:00,106.0,2023-04-25
uniqueUserZone,OWM Zona3,2023-04-25 00:00:00+02:00,328.0,2023-04-25
uniqueUserZone,OWM Zona2,2023-04-25 00:00:00+02:00,148.0,2023-04-25
uniqueUserZone,OWM Zona1,2023-04-25 00:00:00+02:00,958.0,2023-04-25
uniqueUserZone,OWM Zona9,2023-04-24 00:00:00+02:00,196.0,2023-04-24
uniqueUserZone,OWM Zona8,2023-04-24 00:00:00+02:00,198.0,2023-04-24
uniqueUserZone,OWM Zona7,2023-04-24 00:00:00+02:00,109.0,2023-04-24
uniqueUserZone,OWM Zona6,2023-04-24 00:00:00+02:00,269.0,2023-04-24
uniqueUserZone,OWM Zona5,2023-04-24 00:00:00+02:00,131.0,2023-04-24
uniqueUserZone,OWM Zona4,2023-04-24 00:00:00+02:00,124.0,2023-04-24
uniqueUserZone,OWM Zona3,2023-04-24 00:00:00+02:00,359.0,2023-04-24
uniqueUserZone,OWM Zona2,2023-04-24 00:00:00+02:00,160.0,2023-04-24
uniqueUserZone,OWM Zona1,2023-04-24 00:00:00+02:00,1073.0,2023-04-24
uniqueUserZone,OWM Zona9,2023-04-23 00:00:00+02:00,153.0,2023-04-23
uniqueUserZone,OWM Zona8,2023-04-23 00:00:00+02:00,178.0,2023-04-23
uniqueUserZone,OWM Zona7,2023-04-23 00:00:00+02:00,102.0,2023-04-23
uniqueUserZone,OWM Zona6,2023-04-23 00:00:00+02:00,261.0,2023-04-23
uniqueUserZone,OWM Zona5,2023-04-23 00:00:00+02:00,104.0,2023-04-23
uniqueUserZone,OWM Zona4,2023-04-23 00:00:00+02:00,110.0,2023-04-23
uniqueUserZone,OWM Zona3,2023-04-23 00:00:00+02:00,323.0,2023-04-23
uniqueUserZone,OWM Zona2,2023-04-23 00:00:00+02:00,138.0,2023-04-23
uniqueUserZone,OWM Zona1,2023-04-23 00:00:00+02:00,1060.0,2023-04-23
uniqueUserZone,OWM Zona9,2023-04-22 00:00:00+02:00,155.0,2023-04-22
uniqueUserZone,OWM Zona8,2023-04-22 00:00:00+02:00,183.0,2023-04-22
uniqueUserZone,OWM Zona7,2023-04-22 00:00:00+02:00,97.0,2023-04-22
uniqueUserZone,OWM Zona6,2023-04-22 00:00:00+02:00,293.0,2023-04-22
uniqueUserZone,OWM Zona5,2023-04-22 00:00:00+02:00,121.0,2023-04-22
uniqueUserZone,OWM Zona4,2023-04-22 00:00:00+02:00,137.0,2023-04-22
uniqueUserZone,OWM Zona3,2023-04-22 00:00:00+02:00,371.0,2023-04-22
uniqueUserZone,OWM Zona2,2023-04-22 00:00:00+02:00,167.0,2023-04-22
uniqueUserZone,OWM Zona1,2023-04-22 00:00:00+02:00,1161.0,2023-04-22
uniqueUserZone,OWM Zona9,2023-04-21 00:00:00+02:00,196.0,2023-04-21
uniqueUserZone,OWM Zona8,2023-04-21 00:00:00+02:00,183.0,2023-04-21
uniqueUserZone,OWM Zona7,2023-04-21 00:00:00+02:00,122.0,2023-04-21
uniqueUserZone,OWM Zona6,2023-04-21 00:00:00+02:00,290.0,2023-04-21
uniqueUserZone,OWM Zona5,2023-04-21 00:00:00+02:00,145.0,2023-04-21
uniqueUserZone,OWM Zona4,2023-04-21 00:00:00+02:00,150.0,2023-04-21
uniqueUserZone,OWM Zona3,2023-04-21 00:00:00+02:00,397.0,2023-04-21
uniqueUserZone,OWM Zona2,2023-04-21 00:00:00+02:00,177.0,2023-04-21
uniqueUserZone,OWM Zona1,2023-04-21 00:00:00+02:00,1036.0,2023-04-21
uniqueUserZone,OWM Zona9,2023-04-20 00:00:00+02:00,165.0,2023-04-20
uniqueUserZone,OWM Zona8,2023-04-20 00:00:00+02:00,181.0,2023-04-20
uniqueUserZone,OWM Zona7,2023-04-20 00:00:00+02:00,114.0,2023-04-20
uniqueUserZone,OWM Zona6,2023-04-20 00:00:00+02:00,187.0,2023-04-20
uniqueUserZone,OWM Zona5,2023-04-20 00:00:00+02:00,135.0,2023-04-20
uniqueUserZone,OWM Zona4,2023-04-20 00:00:00+02:00,106.0,2023-04-20
uniqueUserZone,OWM Zona3,2023-04-20 00:00:00+02:00,284.0,2023-04-20
uniqueUserZone,OWM Zona2,2023-04-20 00:00:00+02:00,153.0,2023-04-20
uniqueUserZone,OWM Zona1,2023-04-20 00:00:00+02:00,629.0,2023-04-20
uniqueUserZone,OWM Zona9,2023-04-19 00:00:00+02:00,157.0,2023-04-19
uniqueUserZone,OWM Zona8,2023-04-19 00:00:00+02:00,187.0,2023-04-19
uniqueUserZone,OWM Zona7,2023-04-19 00:00:00+02:00,110.0,2023-04-19
uniqueUserZone,OWM Zona6,2023-04-19 00:00:00+02:00,236.0,2023-04-19
uniqueUserZone,OWM Zona5,2023-04-19 00:00:00+02:00,121.0,2023-04-19
uniqueUserZone,OWM Zona4,2023-04-19 00:00:00+02:00,129.0,2023-04-19
uniqueUserZone,OWM Zona3,2023-04-19 00:00:00+02:00,350.0,2023-04-19
uniqueUserZone,OWM Zona2,2023-04-19 00:00:00+02:00,151.0,2023-04-19
uniqueUserZone,OWM Zona1,2023-04-19 00:00:00+02:00,909.0,2023-04-19
uniqueUserZone,OWM Zona9,2023-04-18 02:00:00+02:00,136.0,2023-04-18
uniqueUserZone,OWM Zona8,2023-04-18 02:00:00+02:00,159.0,2023-04-18
uniqueUserZone,OWM Zona7,2023-04-18 02:00:00+02:00,83.0,2023-04-18
uniqueUserZone,OWM Zona6,2023-04-18 02:00:00+02:00,166.0,2023-04-18
uniqueUserZone,OWM Zona5,2023-04-18 02:00:00+02:00,116.0,2023-04-18
uniqueUserZone,OWM Zona4,2023-04-18 02:00:00+02:00,99.0,2023-04-18
uniqueUserZone,OWM Zona3,2023-04-18 02:00:00+02:00,273.0,2023-04-18
uniqueUserZone,OWM Zona2,2023-04-18 02:00:00+02:00,143.0,2023-04-18
uniqueUserZone,OWM Zona1,2023-04-18 02:00:00+02:00,544.0,2023-04-18
uniqueUserZone,OWM Zona9,2023-04-17 04:00:00+02:00,185.0,2023-04-17
uniqueUserZone,OWM Zona8,2023-04-17 04:00:00+02:00,192.0,2023-04-17
uniqueUserZone,OWM Zona7,2023-04-17 04:00:00+02:00,123.0,2023-04-17
uniqueUserZone,OWM Zona6,2023-04-17 04:00:00+02:00,233.0,2023-04-17
uniqueUserZone,OWM Zona5,2023-04-17 04:00:00+02:00,127.0,2023-04-17
uniqueUserZone,OWM Zona4,2023-04-17 04:00:00+02:00,135.0,2023-04-17
uniqueUserZone,OWM Zona3,2023-04-17 04:00:00+02:00,389.0,2023-04-17
uniqueUserZone,OWM Zona2,2023-04-17 04:00:00+02:00,173.0,2023-04-17
uniqueUserZone,OWM Zona1,2023-04-17 04:00:00+02:00,924.0,2023-04-17
uniqueUserZone,OWM Zona9,2023-04-16 06:00:00+02:00,107.0,2023-04-16
uniqueUserZone,OWM Zona8,2023-04-16 06:00:00+02:00,148.0,2023-04-16
uniqueUserZone,OWM Zona7,2023-04-16 06:00:00+02:00,76.0,2023-04-16
uniqueUserZone,OWM Zona6,2023-04-16 06:00:00+02:00,155.0,2023-04-16
uniqueUserZone,OWM Zona5,2023-04-16 06:00:00+02:00,81.0,2023-04-16
uniqueUserZone,OWM Zona4,2023-04-16 06:00:00+02:00,87.0,2023-04-16
uniqueUserZone,OWM Zona3,2023-04-16 06:00:00+02:00,214.0,2023-04-16
uniqueUserZone,OWM Zona2,2023-04-16 06:00:00+02:00,83.0,2023-04-16
uniqueUserZone,OWM Zona1,2023-04-16 06:00:00+02:00,595.0,2023-04-16
uniqueUserZone,OWM Zona9,2023-04-15 08:00:00+02:00,134.0,2023-04-15
uniqueUserZone,OWM Zona8,2023-04-15 08:00:00+02:00,204.0,2023-04-15
uniqueUserZone,OWM Zona7,2023-04-15 08:00:00+02:00,115.0,2023-04-15
uniqueUserZone,OWM Zona6,2023-04-15 08:00:00+02:00,280.0,2023-04-15
uniqueUserZone,OWM Zona5,2023-04-15 08:00:00+02:00,123.0,2023-04-15
uniqueUserZone,OWM Zona4,2023-04-15 08:00:00+02:00,101.0,2023-04-15
uniqueUserZone,OWM Zona3,2023-04-15 08:00:00+02:00,392.0,2023-04-15
uniqueUserZone,OWM Zona2,2023-04-15 08:00:00+02:00,147.0,2023-04-15
uniqueUserZone,OWM Zona1,2023-04-15 08:00:00+02:00,1042.0,2023-04-15
uniqueUserZone,OWM Zona9,2023-04-14 10:00:00+02:00,186.0,2023-04-14
uniqueUserZone,OWM Zona8,2023-04-14 10:00:00+02:00,219.0,2023-04-14
uniqueUserZone,OWM Zona7,2023-04-14 10:00:00+02:00,113.0,2023-04-14
uniqueUserZone,OWM Zona6,2023-04-14 10:00:00+02:00,265.0,2023-04-14
uniqueUserZone,OWM Zona5,2023-04-14 10:00:00+02:00,129.0,2023-04-14
uniqueUserZone,OWM Zona4,2023-04-14 10:00:00+02:00,147.0,2023-04-14
uniqueUserZone,OWM Zona3,2023-04-14 10:00:00+02:00,395.0,2023-04-14
uniqueUserZone,OWM Zona2,2023-04-14 10:00:00+02:00,183.0,2023-04-14
uniqueUserZone,OWM Zona1,2023-04-14 10:00:00+02:00,1019.0,2023-04-14
uniqueUserZone,OWM Zona9,2023-04-13 12:00:00+02:00,165.0,2023-04-13
uniqueUserZone,OWM Zona8,2023-04-13 12:00:00+02:00,187.0,2023-04-13
uniqueUserZone,OWM Zona7,2023-04-13 12:00:00+02:00,108.0,2023-04-13
uniqueUserZone,OWM Zona6,2023-04-13 12:00:00+02:00,242.0,2023-04-13
uniqueUserZone,OWM Zona5,2023-04-13 12:00:00+02:00,131.0,2023-04-13
uniqueUserZone,OWM Zona4,2023-04-13 12:00:00+02:00,123.0,2023-04-13
uniqueUserZone,OWM Zona3,2023-04-13 12:00:00+02:00,351.0,2023-04-13
uniqueUserZone,OWM Zona2,2023-04-13 12:00:00+02:00,161.0,2023-04-13
uniqueUserZone,OWM Zona1,2023-04-13 12:00:00+02:00,748.0,2023-04-13
uniqueUserZone,OWM Zona9,2023-04-12 14:00:00+02:00,174.0,2023-04-12
uniqueUserZone,OWM Zona8,2023-04-12 14:00:00+02:00,204.0,2023-04-12
uniqueUserZone,OWM Zona7,2023-04-12 14:00:00+02:00,125.0,2023-04-12
uniqueUserZone,OWM Zona6,2023-04-12 14:00:00+02:00,248.0,2023-04-12
uniqueUserZone,OWM Zona5,2023-04-12 14:00:00+02:00,127.0,2023-04-12
uniqueUserZone,OWM Zona4,2023-04-12 14:00:00+02:00,146.0,2023-04-12
uniqueUserZone,OWM Zona3,2023-04-12 14:00:00+02:00,405.0,2023-04-12
uniqueUserZone,OWM Zona2,2023-04-12 14:00:00+02:00,146.0,2023-04-12
uniqueUserZone,OWM Zona1,2023-04-12 14:00:00+02:00,919.0,2023-04-12
uniqueUserZone,OWM Zona9,2023-04-11 16:00:00+02:00,166.0,2023-04-11
uniqueUserZone,OWM Zona8,2023-04-11 16:00:00+02:00,203.0,2023-04-11
uniqueUserZone,OWM Zona7,2023-04-11 16:00:00+02:00,116.0,2023-04-11
uniqueUserZone,OWM Zona6,2023-04-11 16:00:00+02:00,266.0,2023-04-11
uniqueUserZone,OWM Zona5,2023-04-11 16:00:00+02:00,100.0,2023-04-11
uniqueUserZone,OWM Zona4,2023-04-11 16:00:00+02:00,153.0,2023-04-11
uniqueUserZone,OWM Zona3,2023-04-11 16:00:00+02:00,369.0,2023-04-11
uniqueUserZone,OWM Zona2,2023-04-11 16:00:00+02:00,146.0,2023-04-11
uniqueUserZone,OWM Zona1,2023-04-11 16:00:00+02:00,951.0,2023-04-11
uniqueUserZone,OWM Zona9,2023-04-10 18:00:00+02:00,124.0,2023-04-10
uniqueUserZone,OWM Zona8,2023-04-10 18:00:00+02:00,171.0,2023-04-10
uniqueUserZone,OWM Zona7,2023-04-10 18:00:00+02:00,77.0,2023-04-10
uniqueUserZone,OWM Zona6,2023-04-10 18:00:00+02:00,223.0,2023-04-10
uniqueUserZone,OWM Zona5,2023-04-10 18:00:00+02:00,98.0,2023-04-10
uniqueUserZone,OWM Zona4,2023-04-10 18:00:00+02:00,114.0,2023-04-10
uniqueUserZone,OWM Zona3,2023-04-10 18:00:00+02:00,318.0,2023-04-10
uniqueUserZone,OWM Zona2,2023-04-10 18:00:00+02:00,130.0,2023-04-10
uniqueUserZone,OWM Zona1,2023-04-10 18:00:00+02:00,992.0,2023-04-10
uniqueUserZone,OWM Zona9,2023-04-09 20:00:00+02:00,114.0,2023-04-09
uniqueUserZone,OWM Zona8,2023-04-09 20:00:00+02:00,152.0,2023-04-09
uniqueUserZone,OWM Zona7,2023-04-09 20:00:00+02:00,70.0,2023-04-09
uniqueUserZone,OWM Zona6,2023-04-09 20:00:00+02:00,271.0,2023-04-09
uniqueUserZone,OWM Zona5,2023-04-09 20:00:00+02:00,80.0,2023-04-09
uniqueUserZone,OWM Zona4,2023-04-09 20:00:00+02:00,101.0,2023-04-09
uniqueUserZone,OWM Zona3,2023-04-09 20:00:00+02:00,301.0,2023-04-09
uniqueUserZone,OWM Zona2,2023-04-09 20:00:00+02:00,104.0,2023-04-09
uniqueUserZone,OWM Zona1,2023-04-09 20:00:00+02:00,1167.0,2023-04-09
uniqueUserZone,OWM Zona9,2023-04-08 22:00:00+02:00,157.0,2023-04-08
uniqueUserZone,OWM Zona8,2023-04-08 22:00:00+02:00,181.0,2023-04-08
uniqueUserZone,OWM Zona7,2023-04-08 22:00:00+02:00,90.0,2023-04-08
uniqueUserZone,OWM Zona6,2023-04-08 22:00:00+02:00,309.0,2023-04-08
uniqueUserZone,OWM Zona5,2023-04-08 22:00:00+02:00,103.0,2023-04-08
uniqueUserZone,OWM Zona4,2023-04-08 22:00:00+02:00,128.0,2023-04-08
uniqueUserZone,OWM Zona3,2023-04-08 22:00:00+02:00,364.0,2023-04-08
uniqueUserZone,OWM Zona2,2023-04-08 22:00:00+02:00,152.0,2023-04-08
uniqueUserZone,OWM Zona1,2023-04-08 22:00:00+02:00,1347.0,2023-04-08
uniqueUserZone,OWM Zona9,2023-04-08 00:00:00+02:00,152.0,2023-04-08
uniqueUserZone,OWM Zona8,2023-04-08 00:00:00+02:00,175.0,2023-04-08
uniqueUserZone,OWM Zona7,2023-04-08 00:00:00+02:00,110.0,2023-04-08
uniqueUserZone,OWM Zona6,2023-04-08 00:00:00+02:00,262.0,2023-04-08
uniqueUserZone,OWM Zona5,2023-04-08 00:00:00+02:00,111.0,2023-04-08
uniqueUserZone,OWM Zona4,2023-04-08 00:00:00+02:00,155.0,2023-04-08
uniqueUserZone,OWM Zona3,2023-04-08 00:00:00+02:00,388.0,2023-04-08
uniqueUserZone,OWM Zona2,2023-04-08 00:00:00+02:00,143.0,2023-04-08
uniqueUserZone,OWM Zona1,2023-04-08 00:00:00+02:00,1131.0,2023-04-08
uniqueUserZone,OWM Zona9,2023-04-07 02:00:00+02:00,140.0,2023-04-07
uniqueUserZone,OWM Zona8,2023-04-07 02:00:00+02:00,162.0,2023-04-07
uniqueUserZone,OWM Zona7,2023-04-07 02:00:00+02:00,116.0,2023-04-07
uniqueUserZone,OWM Zona6,2023-04-07 02:00:00+02:00,219.0,2023-04-07
uniqueUserZone,OWM Zona5,2023-04-07 02:00:00+02:00,116.0,2023-04-07
uniqueUserZone,OWM Zona4,2023-04-07 02:00:00+02:00,132.0,2023-04-07
uniqueUserZone,OWM Zona3,2023-04-07 02:00:00+02:00,336.0,2023-04-07
uniqueUserZone,OWM Zona2,2023-04-07 02:00:00+02:00,164.0,2023-04-07
uniqueUserZone,OWM Zona1,2023-04-07 02:00:00+02:00,769.0,2023-04-07
uniqueUserZone,OWM Zona9,2023-04-06 04:00:00+02:00,145.0,2023-04-06
uniqueUserZone,OWM Zona8,2023-04-06 04:00:00+02:00,157.0,2023-04-06
uniqueUserZone,OWM Zona7,2023-04-06 04:00:00+02:00,113.0,2023-04-06
uniqueUserZone,OWM Zona6,2023-04-06 04:00:00+02:00,188.0,2023-04-06
uniqueUserZone,OWM Zona5,2023-04-06 04:00:00+02:00,105.0,2023-04-06
uniqueUserZone,OWM Zona4,2023-04-06 04:00:00+02:00,115.0,2023-04-06
uniqueUserZone,OWM Zona3,2023-04-06 04:00:00+02:00,326.0,2023-04-06
uniqueUserZone,OWM Zona2,2023-04-06 04:00:00+02:00,124.0,2023-04-06
uniqueUserZone,OWM Zona1,2023-04-06 04:00:00+02:00,697.0,2023-04-06
uniqueUserZone,OWM Zona9,2023-04-05 06:00:00+02:00,118.0,2023-04-05
uniqueUserZone,OWM Zona8,2023-04-05 06:00:00+02:00,138.0,2023-04-05
uniqueUserZone,OWM Zona7,2023-04-05 06:00:00+02:00,106.0,2023-04-05
uniqueUserZone,OWM Zona6,2023-04-05 06:00:00+02:00,177.0,2023-04-05
uniqueUserZone,OWM Zona5,2023-04-05 06:00:00+02:00,107.0,2023-04-05
uniqueUserZone,OWM Zona4,2023-04-05 06:00:00+02:00,121.0,2023-04-05
uniqueUserZone,OWM Zona3,2023-04-05 06:00:00+02:00,279.0,2023-04-05
uniqueUserZone,OWM Zona2,2023-04-05 06:00:00+02:00,124.0,2023-04-05
uniqueUserZone,OWM Zona1,2023-04-05 06:00:00+02:00,648.0,2023-04-05
uniqueUserZone,OWM Zona9,2023-04-04 08:00:00+02:00,145.0,2023-04-04
uniqueUserZone,OWM Zona8,2023-04-04 08:00:00+02:00,184.0,2023-04-04
uniqueUserZone,OWM Zona7,2023-04-04 08:00:00+02:00,137.0,2023-04-04
uniqueUserZone,OWM Zona6,2023-04-04 08:00:00+02:00,230.0,2023-04-04
uniqueUserZone,OWM Zona5,2023-04-04 08:00:00+02:00,112.0,2023-04-04
uniqueUserZone,OWM Zona4,2023-04-04 08:00:00+02:00,137.0,2023-04-04
uniqueUserZone,OWM Zona3,2023-04-04 08:00:00+02:00,402.0,2023-04-04
uniqueUserZone,OWM Zona2,2023-04-04 08:00:00+02:00,159.0,2023-04-04
uniqueUserZone,OWM Zona1,2023-04-04 08:00:00+02:00,805.0,2023-04-04
uniqueUserZone,OWM Zona9,2023-04-03 10:00:00+02:00,118.0,2023-04-03
uniqueUserZone,OWM Zona8,2023-04-03 10:00:00+02:00,168.0,2023-04-03
uniqueUserZone,OWM Zona7,2023-04-03 10:00:00+02:00,72.0,2023-04-03
uniqueUserZone,OWM Zona6,2023-04-03 10:00:00+02:00,215.0,2023-04-03
uniqueUserZone,OWM Zona5,2023-04-03 10:00:00+02:00,96.0,2023-04-03
uniqueUserZone,OWM Zona4,2023-04-03 10:00:00+02:00,129.0,2023-04-03
uniqueUserZone,OWM Zona3,2023-04-03 10:00:00+02:00,304.0,2023-04-03
uniqueUserZone,OWM Zona2,2023-04-03 10:00:00+02:00,120.0,2023-04-03
uniqueUserZone,OWM Zona1,2023-04-03 10:00:00+02:00,824.0,2023-04-03
uniqueUserZone,OWM Zona9,2023-04-02 12:00:00+02:00,154.0,2023-04-02
uniqueUserZone,OWM Zona8,2023-04-02 12:00:00+02:00,190.0,2023-04-02
uniqueUserZone,OWM Zona7,2023-04-02 12:00:00+02:00,111.0,2023-04-02
uniqueUserZone,OWM Zona6,2023-04-02 12:00:00+02:00,248.0,2023-04-02
uniqueUserZone,OWM Zona5,2023-04-02 12:00:00+02:00,107.0,2023-04-02
uniqueUserZone,OWM Zona4,2023-04-02 12:00:00+02:00,130.0,2023-04-02
uniqueUserZone,OWM Zona3,2023-04-02 12:00:00+02:00,390.0,2023-04-02
uniqueUserZone,OWM Zona2,2023-04-02 12:00:00+02:00,112.0,2023-04-02
uniqueUserZone,OWM Zona1,2023-04-02 12:00:00+02:00,859.0,2023-04-02
uniqueUserZone,OWM Zona9,2023-04-01 14:00:00+02:00,141.0,2023-04-01
uniqueUserZone,OWM Zona8,2023-04-01 14:00:00+02:00,177.0,2023-04-01
uniqueUserZone,OWM Zona7,2023-04-01 14:00:00+02:00,98.0,2023-04-01
uniqueUserZone,OWM Zona6,2023-04-01 14:00:00+02:00,215.0,2023-04-01
uniqueUserZone,OWM Zona5,2023-04-01 14:00:00+02:00,103.0,2023-04-01
uniqueUserZone,OWM Zona4,2023-04-01 14:00:00+02:00,130.0,2023-04-01
uniqueUserZone,OWM Zona3,2023-04-01 14:00:00+02:00,382.0,2023-04-01
uniqueUserZone,OWM Zona2,2023-04-01 14:00:00+02:00,142.0,2023-04-01
uniqueUserZone,OWM Zona1,2023-04-01 14:00:00+02:00,804.0,2023-04-01
uniqueUserZone,OWM Zona9,2023-03-31 16:00:00+02:00,106.0,2023-03-31
uniqueUserZone,OWM Zona8,2023-03-31 16:00:00+02:00,105.0,2023-03-31
uniqueUserZone,OWM Zona7,2023-03-31 16:00:00+02:00,103.0,2023-03-31
uniqueUserZone,OWM Zona6,2023-03-31 16:00:00+02:00,160.0,2023-03-31
uniqueUserZone,OWM Zona5,2023-03-31 16:00:00+02:00,101.0,2023-03-31
uniqueUserZone,OWM Zona4,2023-03-31 16:00:00+02:00,121.0,2023-03-31
uniqueUserZone,OWM Zona3,2023-03-31 16:00:00+02:00,279.0,2023-03-31
uniqueUserZone,OWM Zona2,2023-03-31 16:00:00+02:00,114.0,2023-03-31
uniqueUserZone,OWM Zona1,2023-03-31 16:00:00+02:00,562.0,2023-03-31
uniqueUserZone,OWM Zona9,2023-03-30 18:00:00+02:00,138.0,2023-03-30
uniqueUserZone,OWM Zona8,2023-03-30 18:00:00+02:00,178.0,2023-03-30
uniqueUserZone,OWM Zona7,2023-03-30 18:00:00+02:00,109.0,2023-03-30
uniqueUserZone,OWM Zona6,2023-03-30 18:00:00+02:00,232.0,2023-03-30
uniqueUserZone,OWM Zona5,2023-03-30 18:00:00+02:00,104.0,2023-03-30
uniqueUserZone,OWM Zona4,2023-03-30 18:00:00+02:00,141.0,2023-03-30
uniqueUserZone,OWM Zona3,2023-03-30 18:00:00+02:00,355.0,2023-03-30
uniqueUserZone,OWM Zona2,2023-03-30 18:00:00+02:00,158.0,2023-03-30
uniqueUserZone,OWM Zona1,2023-03-30 18:00:00+02:00,683.0,2023-03-30
uniqueUserZone,OWM Zona9,2023-03-29 20:00:00+02:00,138.0,2023-03-29
uniqueUserZone,OWM Zona8,2023-03-29 20:00:00+02:00,142.0,2023-03-29
uniqueUserZone,OWM Zona7,2023-03-29 20:00:00+02:00,117.0,2023-03-29
uniqueUserZone,OWM Zona6,2023-03-29 20:00:00+02:00,189.0,2023-03-29
uniqueUserZone,OWM Zona5,2023-03-29 20:00:00+02:00,104.0,2023-03-29
uniqueUserZone,OWM Zona4,2023-03-29 20:00:00+02:00,115.0,2023-03-29
uniqueUserZone,OWM Zona3,2023-03-29 20:00:00+02:00,279.0,2023-03-29
uniqueUserZone,OWM Zona2,2023-03-29 20:00:00+02:00,143.0,2023-03-29
uniqueUserZone,OWM Zona1,2023-03-29 20:00:00+02:00,415.0,2023-03-29
uniqueUserZone,OWM Zona9,2023-03-28 22:00:00+02:00,118.0,2023-03-28
uniqueUserZone,OWM Zona8,2023-03-28 22:00:00+02:00,114.0,2023-03-28
uniqueUserZone,OWM Zona7,2023-03-28 22:00:00+02:00,115.0,2023-03-28
uniqueUserZone,OWM Zona6,2023-03-28 22:00:00+02:00,200.0,2023-03-28
uniqueUserZone,OWM Zona5,2023-03-28 22:00:00+02:00,89.0,2023-03-28
uniqueUserZone,OWM Zona4,2023-03-28 22:00:00+02:00,119.0,2023-03-28
uniqueUserZone,OWM Zona3,2023-03-28 22:00:00+02:00,221.0,2023-03-28
uniqueUserZone,OWM Zona2,2023-03-28 22:00:00+02:00,108.0,2023-03-28
uniqueUserZone,OWM Zona1,2023-03-28 22:00:00+02:00,193.0,2023-03-28
uniqueUserZone,OWM Zona9,2023-03-27 23:00:00+02:00,75.0,2023-03-27
uniqueUserZone,OWM Zona8,2023-03-27 23:00:00+02:00,98.0,2023-03-27
uniqueUserZone,OWM Zona7,2023-03-27 23:00:00+02:00,70.0,2023-03-27
uniqueUserZone,OWM Zona6,2023-03-27 23:00:00+02:00,136.0,2023-03-27
uniqueUserZone,OWM Zona5,2023-03-27 23:00:00+02:00,42.0,2023-03-27
uniqueUserZone,OWM Zona4,2023-03-27 23:00:00+02:00,83.0,2023-03-27
uniqueUserZone,OWM Zona3,2023-03-27 23:00:00+02:00,140.0,2023-03-27
uniqueUserZone,OWM Zona2,2023-03-27 23:00:00+02:00,75.0,2023-03-27
uniqueUserZone,OWM Zona1,2023-03-27 23:00:00+02:00,116.0,2023-03-27
uniqueUserZone,OWM Zona9,2023-03-26 01:00:00+01:00,107.0,2023-03-26
uniqueUserZone,OWM Zona8,2023-03-26 01:00:00+01:00,101.0,2023-03-26
uniqueUserZone,OWM Zona7,2023-03-26 01:00:00+01:00,100.0,2023-03-26
uniqueUserZone,OWM Zona6,2023-03-26 01:00:00+01:00,194.0,2023-03-26
uniqueUserZone,OWM Zona5,2023-03-26 01:00:00+01:00,68.0,2023-03-26
uniqueUserZone,OWM Zona4,2023-03-26 01:00:00+01:00,100.0,2023-03-26
uniqueUserZone,OWM Zona3,2023-03-26 01:00:00+01:00,194.0,2023-03-26
uniqueUserZone,OWM Zona2,2023-03-26 01:00:00+01:00,88.0,2023-03-26
uniqueUserZone,OWM Zona1,2023-03-26 01:00:00+01:00,162.0,2023-03-26
uniqueUserZone,OWM Zona9,2023-03-25 02:00:00+01:00,81.0,2023-03-25
uniqueUserZone,OWM Zona8,2023-03-25 02:00:00+01:00,105.0,2023-03-25
uniqueUserZone,OWM Zona7,2023-03-25 02:00:00+01:00,83.0,2023-03-25
uniqueUserZone,OWM Zona6,2023-03-25 02:00:00+01:00,164.0,2023-03-25
uniqueUserZone,OWM Zona5,2023-03-25 02:00:00+01:00,66.0,2023-03-25
uniqueUserZone,OWM Zona4,2023-03-25 02:00:00+01:00,85.0,2023-03-25
uniqueUserZone,OWM Zona3,2023-03-25 02:00:00+01:00,191.0,2023-03-25
uniqueUserZone,OWM Zona2,2023-03-25 02:00:00+01:00,93.0,2023-03-25
uniqueUserZone,OWM Zona1,2023-03-25 02:00:00+01:00,151.0,2023-03-25
uniqueUserZone,OWM Zona9,2023-03-24 03:00:00+01:00,50.0,2023-03-24
uniqueUserZone,OWM Zona8,2023-03-24 03:00:00+01:00,42.0,2023-03-24
uniqueUserZone,OWM Zona7,2023-03-24 03:00:00+01:00,53.0,2023-03-24
uniqueUserZone,OWM Zona6,2023-03-24 03:00:00+01:00,72.0,2023-03-24
uniqueUserZone,OWM Zona5,2023-03-24 03:00:00+01:00,43.0,2023-03-24
uniqueUserZone,OWM Zona4,2023-03-24 03:00:00+01:00,52.0,2023-03-24
uniqueUserZone,OWM Zona3,2023-03-24 03:00:00+01:00,98.0,2023-03-24
uniqueUserZone,OWM Zona2,2023-03-24 03:00:00+01:00,52.0,2023-03-24
uniqueUserZone,OWM Zona1,2023-03-24 03:00:00+01:00,85.0,2023-03-24
uniqueUserZone,OWM Zona9,2023-03-23 04:00:00+01:00,127.0,2023-03-23
uniqueUserZone,OWM Zona8,2023-03-23 04:00:00+01:00,126.0,2023-03-23
uniqueUserZone,OWM Zona7,2023-03-23 04:00:00+01:00,103.0,2023-03-23
uniqueUserZone,OWM Zona6,2023-03-23 04:00:00+01:00,210.0,2023-03-23
uniqueUserZone,OWM Zona5,2023-03-23 04:00:00+01:00,108.0,2023-03-23
uniqueUserZone,OWM Zona4,2023-03-23 04:00:00+01:00,135.0,2023-03-23
uniqueUserZone,OWM Zona3,2023-03-23 04:00:00+01:00,250.0,2023-03-23
uniqueUserZone,OWM Zona2,2023-03-23 04:00:00+01:00,139.0,2023-03-23
uniqueUserZone,OWM Zona1,2023-03-23 04:00:00+01:00,220.0,2023-03-23
uniqueUserZone,OWM Zona9,2023-03-22 05:00:00+01:00,139.0,2023-03-22
uniqueUserZone,OWM Zona8,2023-03-22 05:00:00+01:00,128.0,2023-03-22
uniqueUserZone,OWM Zona7,2023-03-22 05:00:00+01:00,108.0,2023-03-22
uniqueUserZone,OWM Zona6,2023-03-22 05:00:00+01:00,202.0,2023-03-22
uniqueUserZone,OWM Zona5,2023-03-22 05:00:00+01:00,107.0,2023-03-22
uniqueUserZone,OWM Zona4,2023-03-22 05:00:00+01:00,120.0,2023-03-22
uniqueUserZone,OWM Zona3,2023-03-22 05:00:00+01:00,258.0,2023-03-22
uniqueUserZone,OWM Zona2,2023-03-22 05:00:00+01:00,114.0,2023-03-22
uniqueUserZone,OWM Zona1,2023-03-22 05:00:00+01:00,248.0,2023-03-22
uniqueUserZone,OWM Zona9,2023-03-21 06:00:00+01:00,118.0,2023-03-21
uniqueUserZone,OWM Zona8,2023-03-21 06:00:00+01:00,111.0,2023-03-21
uniqueUserZone,OWM Zona7,2023-03-21 06:00:00+01:00,104.0,2023-03-21
uniqueUserZone,OWM Zona6,2023-03-21 06:00:00+01:00,196.0,2023-03-21
uniqueUserZone,OWM Zona5,2023-03-21 06:00:00+01:00,92.0,2023-03-21
uniqueUserZone,OWM Zona4,2023-03-21 06:00:00+01:00,124.0,2023-03-21
uniqueUserZone,OWM Zona3,2023-03-21 06:00:00+01:00,248.0,2023-03-21
uniqueUserZone,OWM Zona2,2023-03-21 06:00:00+01:00,113.0,2023-03-21
uniqueUserZone,OWM Zona1,2023-03-21 06:00:00+01:00,209.0,2023-03-21
uniqueUserZone,OWM Zona9,2023-03-20 07:00:00+01:00,89.0,2023-03-20
uniqueUserZone,OWM Zona8,2023-03-20 07:00:00+01:00,106.0,2023-03-20
uniqueUserZone,OWM Zona7,2023-03-20 07:00:00+01:00,76.0,2023-03-20
uniqueUserZone,OWM Zona6,2023-03-20 07:00:00+01:00,179.0,2023-03-20
uniqueUserZone,OWM Zona5,2023-03-20 07:00:00+01:00,72.0,2023-03-20
uniqueUserZone,OWM Zona4,2023-03-20 07:00:00+01:00,99.0,2023-03-20
uniqueUserZone,OWM Zona3,2023-03-20 07:00:00+01:00,197.0,2023-03-20
uniqueUserZone,OWM Zona2,2023-03-20 07:00:00+01:00,91.0,2023-03-20
uniqueUserZone,OWM Zona1,2023-03-20 07:00:00+01:00,150.0,2023-03-20
uniqueUserZone,OWM Zona9,2023-03-19 08:00:00+01:00,109.0,2023-03-19
uniqueUserZone,OWM Zona8,2023-03-19 08:00:00+01:00,125.0,2023-03-19
uniqueUserZone,OWM Zona7,2023-03-19 08:00:00+01:00,95.0,2023-03-19
uniqueUserZone,OWM Zona6,2023-03-19 08:00:00+01:00,188.0,2023-03-19
uniqueUserZone,OWM Zona5,2023-03-19 08:00:00+01:00,82.0,2023-03-19
uniqueUserZone,OWM Zona4,2023-03-19 08:00:00+01:00,91.0,2023-03-19
uniqueUserZone,OWM Zona3,2023-03-19 08:00:00+01:00,240.0,2023-03-19
uniqueUserZone,OWM Zona2,2023-03-19 08:00:00+01:00,114.0,2023-03-19
uniqueUserZone,OWM Zona1,2023-03-19 08:00:00+01:00,198.0,2023-03-19
uniqueUserZone,OWM Zona9,2023-03-18 09:00:00+01:00,137.0,2023-03-18
uniqueUserZone,OWM Zona8,2023-03-18 09:00:00+01:00,137.0,2023-03-18
uniqueUserZone,OWM Zona7,2023-03-18 09:00:00+01:00,107.0,2023-03-18
uniqueUserZone,OWM Zona6,2023-03-18 09:00:00+01:00,199.0,2023-03-18
uniqueUserZone,OWM Zona5,2023-03-18 09:00:00+01:00,103.0,2023-03-18
uniqueUserZone,OWM Zona4,2023-03-18 09:00:00+01:00,122.0,2023-03-18
uniqueUserZone,OWM Zona3,2023-03-18 09:00:00+01:00,259.0,2023-03-18
uniqueUserZone,OWM Zona2,2023-03-18 09:00:00+01:00,147.0,2023-03-18
uniqueUserZone,OWM Zona1,2023-03-18 09:00:00+01:00,211.0,2023-03-18
uniqueUserZone,OWM Zona9,2023-03-17 10:00:00+01:00,129.0,2023-03-17
uniqueUserZone,OWM Zona8,2023-03-17 10:00:00+01:00,129.0,2023-03-17
uniqueUserZone,OWM Zona7,2023-03-17 10:00:00+01:00,116.0,2023-03-17
uniqueUserZone,OWM Zona6,2023-03-17 10:00:00+01:00,224.0,2023-03-17
uniqueUserZone,OWM Zona5,2023-03-17 10:00:00+01:00,107.0,2023-03-17
uniqueUserZone,OWM Zona4,2023-03-17 10:00:00+01:00,127.0,2023-03-17
uniqueUserZone,OWM Zona3,2023-03-17 10:00:00+01:00,275.0,2023-03-17
uniqueUserZone,OWM Zona2,2023-03-17 10:00:00+01:00,147.0,2023-03-17
uniqueUserZone,OWM Zona1,2023-03-17 10:00:00+01:00,217.0,2023-03-17
uniqueUserZone,OWM Zona9,2023-03-16 11:00:00+01:00,113.0,2023-03-16
uniqueUserZone,OWM Zona8,2023-03-16 11:00:00+01:00,119.0,2023-03-16
uniqueUserZone,OWM Zona7,2023-03-16 11:00:00+01:00,116.0,2023-03-16
uniqueUserZone,OWM Zona6,2023-03-16 11:00:00+01:00,187.0,2023-03-16
uniqueUserZone,OWM Zona5,2023-03-16 11:00:00+01:00,104.0,2023-03-16
uniqueUserZone,OWM Zona4,2023-03-16 11:00:00+01:00,137.0,2023-03-16
uniqueUserZone,OWM Zona3,2023-03-16 11:00:00+01:00,245.0,2023-03-16
uniqueUserZone,OWM Zona2,2023-03-16 11:00:00+01:00,121.0,2023-03-16
uniqueUserZone,OWM Zona1,2023-03-16 11:00:00+01:00,240.0,2023-03-16
uniqueUserZone,OWM Zona9,2023-03-15 12:00:00+01:00,122.0,2023-03-15
uniqueUserZone,OWM Zona8,2023-03-15 12:00:00+01:00,122.0,2023-03-15
uniqueUserZone,OWM Zona7,2023-03-15 12:00:00+01:00,105.0,2023-03-15
uniqueUserZone,OWM Zona6,2023-03-15 12:00:00+01:00,150.0,2023-03-15
uniqueUserZone,OWM Zona5,2023-03-15 12:00:00+01:00,93.0,2023-03-15
uniqueUserZone,OWM Zona4,2023-03-15 12:00:00+01:00,114.0,2023-03-15
uniqueUserZone,OWM Zona3,2023-03-15 12:00:00+01:00,251.0,2023-03-15
uniqueUserZone,OWM Zona2,2023-03-15 12:00:00+01:00,126.0,2023-03-15
uniqueUserZone,OWM Zona1,2023-03-15 12:00:00+01:00,198.0,2023-03-15
uniqueUserZone,OWM Zona9,2023-03-14 13:00:00+01:00,127.0,2023-03-14
uniqueUserZone,OWM Zona8,2023-03-14 13:00:00+01:00,125.0,2023-03-14
uniqueUserZone,OWM Zona7,2023-03-14 13:00:00+01:00,127.0,2023-03-14
uniqueUserZone,OWM Zona6,2023-03-14 13:00:00+01:00,159.0,2023-03-14
uniqueUserZone,OWM Zona5,2023-03-14 13:00:00+01:00,93.0,2023-03-14
uniqueUserZone,OWM Zona4,2023-03-14 13:00:00+01:00,120.0,2023-03-14
uniqueUserZone,OWM Zona3,2023-03-14 13:00:00+01:00,265.0,2023-03-14
uniqueUserZone,OWM Zona2,2023-03-14 13:00:00+01:00,114.0,2023-03-14
uniqueUserZone,OWM Zona1,2023-03-14 13:00:00+01:00,191.0,2023-03-14
uniqueUserZone,OWM Zona9,2023-03-13 14:00:00+01:00,74.0,2023-03-13
uniqueUserZone,OWM Zona8,2023-03-13 14:00:00+01:00,92.0,2023-03-13
uniqueUserZone,OWM Zona7,2023-03-13 14:00:00+01:00,78.0,2023-03-13
uniqueUserZone,OWM Zona6,2023-03-13 14:00:00+01:00,128.0,2023-03-13
uniqueUserZone,OWM Zona5,2023-03-13 14:00:00+01:00,67.0,2023-03-13
uniqueUserZone,OWM Zona4,2023-03-13 14:00:00+01:00,91.0,2023-03-13
uniqueUserZone,OWM Zona3,2023-03-13 14:00:00+01:00,182.0,2023-03-13
uniqueUserZone,OWM Zona2,2023-03-13 14:00:00+01:00,86.0,2023-03-13
uniqueUserZone,OWM Zona1,2023-03-13 14:00:00+01:00,138.0,2023-03-13
uniqueUserZone,OWM Zona9,2023-03-12 14:00:00+01:00,112.0,2023-03-12
uniqueUserZone,OWM Zona8,2023-03-12 14:00:00+01:00,123.0,2023-03-12
uniqueUserZone,OWM Zona7,2023-03-12 14:00:00+01:00,98.0,2023-03-12
uniqueUserZone,OWM Zona6,2023-03-12 14:00:00+01:00,129.0,2023-03-12
uniqueUserZone,OWM Zona5,2023-03-12 14:00:00+01:00,94.0,2023-03-12
uniqueUserZone,OWM Zona4,2023-03-12 14:00:00+01:00,109.0,2023-03-12
uniqueUserZone,OWM Zona3,2023-03-12 14:00:00+01:00,243.0,2023-03-12
uniqueUserZone,OWM Zona2,2023-03-12 14:00:00+01:00,100.0,2023-03-12
uniqueUserZone,OWM Zona1,2023-03-12 14:00:00+01:00,162.0,2023-03-12
uniqueUserZone,OWM Zona9,2023-03-11 14:00:00+01:00,131.0,2023-03-11
uniqueUserZone,OWM Zona8,2023-03-11 14:00:00+01:00,147.0,2023-03-11
uniqueUserZone,OWM Zona7,2023-03-11 14:00:00+01:00,105.0,2023-03-11
uniqueUserZone,OWM Zona6,2023-03-11 14:00:00+01:00,169.0,2023-03-11
uniqueUserZone,OWM Zona5,2023-03-11 14:00:00+01:00,99.0,2023-03-11
uniqueUserZone,OWM Zona4,2023-03-11 14:00:00+01:00,115.0,2023-03-11
uniqueUserZone,OWM Zona3,2023-03-11 14:00:00+01:00,269.0,2023-03-11
uniqueUserZone,OWM Zona2,2023-03-11 14:00:00+01:00,106.0,2023-03-11
uniqueUserZone,OWM Zona1,2023-03-11 14:00:00+01:00,204.0,2023-03-11
uniqueUserZone,OWM Zona9,2023-03-10 15:00:00+01:00,108.0,2023-03-10
uniqueUserZone,OWM Zona8,2023-03-10 15:00:00+01:00,140.0,2023-03-10
uniqueUserZone,OWM Zona7,2023-03-10 15:00:00+01:00,117.0,2023-03-10
uniqueUserZone,OWM Zona6,2023-03-10 15:00:00+01:00,210.0,2023-03-10
uniqueUserZone,OWM Zona5,2023-03-10 15:00:00+01:00,104.0,2023-03-10
uniqueUserZone,OWM Zona4,2023-03-10 15:00:00+01:00,127.0,2023-03-10
uniqueUserZone,OWM Zona3,2023-03-10 15:00:00+01:00,257.0,2023-03-10
uniqueUserZone,OWM Zona2,2023-03-10 15:00:00+01:00,134.0,2023-03-10
uniqueUserZone,OWM Zona1,2023-03-10 15:00:00+01:00,234.0,2023-03-10
uniqueUserZone,OWM Zona9,2023-03-09 16:00:00+01:00,123.0,2023-03-09
uniqueUserZone,OWM Zona8,2023-03-09 16:00:00+01:00,111.0,2023-03-09
uniqueUserZone,OWM Zona7,2023-03-09 16:00:00+01:00,108.0,2023-03-09
uniqueUserZone,OWM Zona6,2023-03-09 16:00:00+01:00,208.0,2023-03-09
uniqueUserZone,OWM Zona5,2023-03-09 16:00:00+01:00,101.0,2023-03-09
uniqueUserZone,OWM Zona4,2023-03-09 16:00:00+01:00,136.0,2023-03-09
uniqueUserZone,OWM Zona3,2023-03-09 16:00:00+01:00,259.0,2023-03-09
uniqueUserZone,OWM Zona2,2023-03-09 16:00:00+01:00,127.0,2023-03-09
uniqueUserZone,OWM Zona1,2023-03-09 16:00:00+01:00,218.0,2023-03-09
uniqueUserZone,OWM Zona9,2023-03-08 17:00:00+01:00,128.0,2023-03-08
uniqueUserZone,OWM Zona8,2023-03-08 17:00:00+01:00,126.0,2023-03-08
uniqueUserZone,OWM Zona7,2023-03-08 17:00:00+01:00,107.0,2023-03-08
uniqueUserZone,OWM Zona6,2023-03-08 17:00:00+01:00,191.0,2023-03-08
uniqueUserZone,OWM Zona5,2023-03-08 17:00:00+01:00,111.0,2023-03-08
uniqueUserZone,OWM Zona4,2023-03-08 17:00:00+01:00,133.0,2023-03-08
uniqueUserZone,OWM Zona3,2023-03-08 17:00:00+01:00,308.0,2023-03-08
uniqueUserZone,OWM Zona2,2023-03-08 17:00:00+01:00,147.0,2023-03-08
uniqueUserZone,OWM Zona1,2023-03-08 17:00:00+01:00,222.0,2023-03-08
uniqueUserZone,OWM Zona9,2023-03-07 18:00:00+01:00,116.0,2023-03-07
uniqueUserZone,OWM Zona8,2023-03-07 18:00:00+01:00,115.0,2023-03-07
uniqueUserZone,OWM Zona7,2023-03-07 18:00:00+01:00,117.0,2023-03-07
uniqueUserZone,OWM Zona6,2023-03-07 18:00:00+01:00,184.0,2023-03-07
uniqueUserZone,OWM Zona5,2023-03-07 18:00:00+01:00,93.0,2023-03-07
uniqueUserZone,OWM Zona4,2023-03-07 18:00:00+01:00,125.0,2023-03-07
uniqueUserZone,OWM Zona3,2023-03-07 18:00:00+01:00,278.0,2023-03-07
uniqueUserZone,OWM Zona2,2023-03-07 18:00:00+01:00,131.0,2023-03-07
uniqueUserZone,OWM Zona1,2023-03-07 18:00:00+01:00,214.0,2023-03-07
uniqueUserZone,OWM Zona9,2023-03-06 19:00:00+01:00,83.0,2023-03-06
uniqueUserZone,OWM Zona8,2023-03-06 19:00:00+01:00,84.0,2023-03-06
uniqueUserZone,OWM Zona7,2023-03-06 19:00:00+01:00,63.0,2023-03-06
uniqueUserZone,OWM Zona6,2023-03-06 19:00:00+01:00,152.0,2023-03-06
uniqueUserZone,OWM Zona5,2023-03-06 19:00:00+01:00,76.0,2023-03-06
uniqueUserZone,OWM Zona4,2023-03-06 19:00:00+01:00,98.0,2023-03-06
uniqueUserZone,OWM Zona3,2023-03-06 19:00:00+01:00,197.0,2023-03-06
uniqueUserZone,OWM Zona2,2023-03-06 19:00:00+01:00,90.0,2023-03-06
uniqueUserZone,OWM Zona1,2023-03-06 19:00:00+01:00,169.0,2023-03-06
uniqueUserZone,OWM Zona9,2023-03-05 20:00:00+01:00,112.0,2023-03-05
uniqueUserZone,OWM Zona8,2023-03-05 20:00:00+01:00,109.0,2023-03-05
uniqueUserZone,OWM Zona7,2023-03-05 20:00:00+01:00,102.0,2023-03-05
uniqueUserZone,OWM Zona6,2023-03-05 20:00:00+01:00,193.0,2023-03-05
uniqueUserZone,OWM Zona5,2023-03-05 20:00:00+01:00,93.0,2023-03-05
uniqueUserZone,OWM Zona4,2023-03-05 20:00:00+01:00,128.0,2023-03-05
uniqueUserZone,OWM Zona3,2023-03-05 20:00:00+01:00,248.0,2023-03-05
uniqueUserZone,OWM Zona2,2023-03-05 20:00:00+01:00,111.0,2023-03-05
uniqueUserZone,OWM Zona1,2023-03-05 20:00:00+01:00,210.0,2023-03-05
uniqueUserZone,OWM Zona9,2023-03-04 21:00:00+01:00,127.0,2023-03-04
uniqueUserZone,OWM Zona8,2023-03-04 21:00:00+01:00,124.0,2023-03-04
uniqueUserZone,OWM Zona7,2023-03-04 21:00:00+01:00,114.0,2023-03-04
uniqueUserZone,OWM Zona6,2023-03-04 21:00:00+01:00,201.0,2023-03-04
uniqueUserZone,OWM Zona5,2023-03-04 21:00:00+01:00,95.0,2023-03-04
uniqueUserZone,OWM Zona4,2023-03-04 21:00:00+01:00,145.0,2023-03-04
uniqueUserZone,OWM Zona3,2023-03-04 21:00:00+01:00,296.0,2023-03-04
uniqueUserZone,OWM Zona2,2023-03-04 21:00:00+01:00,141.0,2023-03-04
uniqueUserZone,OWM Zona1,2023-03-04 21:00:00+01:00,236.0,2023-03-04
uniqueUserZone,OWM Zona9,2023-03-03 22:00:00+01:00,108.0,2023-03-03
uniqueUserZone,OWM Zona8,2023-03-03 22:00:00+01:00,129.0,2023-03-03
uniqueUserZone,OWM Zona7,2023-03-03 22:00:00+01:00,97.0,2023-03-03
uniqueUserZone,OWM Zona6,2023-03-03 22:00:00+01:00,193.0,2023-03-03
uniqueUserZone,OWM Zona5,2023-03-03 22:00:00+01:00,110.0,2023-03-03
uniqueUserZone,OWM Zona4,2023-03-03 22:00:00+01:00,135.0,2023-03-03
uniqueUserZone,OWM Zona3,2023-03-03 22:00:00+01:00,269.0,2023-03-03
uniqueUserZone,OWM Zona2,2023-03-03 22:00:00+01:00,126.0,2023-03-03
uniqueUserZone,OWM Zona1,2023-03-03 22:00:00+01:00,221.0,2023-03-03
uniqueUserZone,OWM Zona9,2023-03-02 23:00:00+01:00,126.0,2023-03-02
uniqueUserZone,OWM Zona8,2023-03-02 23:00:00+01:00,115.0,2023-03-02
uniqueUserZone,OWM Zona7,2023-03-02 23:00:00+01:00,104.0,2023-03-02
uniqueUserZone,OWM Zona6,2023-03-02 23:00:00+01:00,163.0,2023-03-02
uniqueUserZone,OWM Zona5,2023-03-02 23:00:00+01:00,117.0,2023-03-02
uniqueUserZone,OWM Zona4,2023-03-02 23:00:00+01:00,126.0,2023-03-02
uniqueUserZone,OWM Zona3,2023-03-02 23:00:00+01:00,268.0,2023-03-02
uniqueUserZone,OWM Zona2,2023-03-02 23:00:00+01:00,124.0,2023-03-02
uniqueUserZone,OWM Zona1,2023-03-02 23:00:00+01:00,193.0,2023-03-02
uniqueUserZone,OWM Zona9,2023-03-02 00:00:00+01:00,126.0,2023-03-02
uniqueUserZone,OWM Zona8,2023-03-02 00:00:00+01:00,136.0,2023-03-02
uniqueUserZone,OWM Zona7,2023-03-02 00:00:00+01:00,105.0,2023-03-02
uniqueUserZone,OWM Zona6,2023-03-02 00:00:00+01:00,187.0,2023-03-02
uniqueUserZone,OWM Zona5,2023-03-02 00:00:00+01:00,109.0,2023-03-02
uniqueUserZone,OWM Zona4,2023-03-02 00:00:00+01:00,147.0,2023-03-02
uniqueUserZone,OWM Zona3,2023-03-02 00:00:00+01:00,283.0,2023-03-02
uniqueUserZone,OWM Zona2,2023-03-02 00:00:00+01:00,137.0,2023-03-02
uniqueUserZone,OWM Zona1,2023-03-02 00:00:00+01:00,234.0,2023-03-02
uniqueUserZone,OWM Zona9,2023-03-01 01:00:00+01:00,119.0,2023-03-01
uniqueUserZone,OWM Zona8,2023-03-01 01:00:00+01:00,108.0,2023-03-01
uniqueUserZone,OWM Zona7,2023-03-01 01:00:00+01:00,115.0,2023-03-01
uniqueUserZone,OWM Zona6,2023-03-01 01:00:00+01:00,152.0,2023-03-01
uniqueUserZone,OWM Zona5,2023-03-01 01:00:00+01:00,96.0,2023-03-01
uniqueUserZone,OWM Zona4,2023-03-01 01:00:00+01:00,131.0,2023-03-01
uniqueUserZone,OWM Zona3,2023-03-01 01:00:00+01:00,227.0,2023-03-01
uniqueUserZone,OWM Zona2,2023-03-01 01:00:00+01:00,129.0,2023-03-01
uniqueUserZone,OWM Zona1,2023-03-01 01:00:00+01:00,186.0,2023-03-01
uniqueUserZone,OWM Zona9,2023-02-28 02:00:00+01:00,73.0,2023-02-28
uniqueUserZone,OWM Zona8,2023-02-28 02:00:00+01:00,72.0,2023-02-28
uniqueUserZone,OWM Zona7,2023-02-28 02:00:00+01:00,73.0,2023-02-28
uniqueUserZone,OWM Zona6,2023-02-28 02:00:00+01:00,129.0,2023-02-28
uniqueUserZone,OWM Zona5,2023-02-28 02:00:00+01:00,69.0,2023-02-28
uniqueUserZone,OWM Zona4,2023-02-28 02:00:00+01:00,93.0,2023-02-28
uniqueUserZone,OWM Zona3,2023-02-28 02:00:00+01:00,153.0,2023-02-28
uniqueUserZone,OWM Zona2,2023-02-28 02:00:00+01:00,85.0,2023-02-28
uniqueUserZone,OWM Zona1,2023-02-28 02:00:00+01:00,125.0,2023-02-28
uniqueUserZone,OWM Zona9,2023-02-27 03:00:00+01:00,126.0,2023-02-27
uniqueUserZone,OWM Zona8,2023-02-27 03:00:00+01:00,128.0,2023-02-27
uniqueUserZone,OWM Zona7,2023-02-27 03:00:00+01:00,81.0,2023-02-27
uniqueUserZone,OWM Zona6,2023-02-27 03:00:00+01:00,216.0,2023-02-27
uniqueUserZone,OWM Zona5,2023-02-27 03:00:00+01:00,87.0,2023-02-27
uniqueUserZone,OWM Zona4,2023-02-27 03:00:00+01:00,106.0,2023-02-27
uniqueUserZone,OWM Zona3,2023-02-27 03:00:00+01:00,242.0,2023-02-27
uniqueUserZone,OWM Zona2,2023-02-27 03:00:00+01:00,118.0,2023-02-27
uniqueUserZone,OWM Zona1,2023-02-27 03:00:00+01:00,218.0,2023-02-27
uniqueUserZone,OWM Zona9,2023-02-26 04:00:00+01:00,120.0,2023-02-26
uniqueUserZone,OWM Zona8,2023-02-26 04:00:00+01:00,111.0,2023-02-26
uniqueUserZone,OWM Zona7,2023-02-26 04:00:00+01:00,94.0,2023-02-26
uniqueUserZone,OWM Zona6,2023-02-26 04:00:00+01:00,201.0,2023-02-26
uniqueUserZone,OWM Zona5,2023-02-26 04:00:00+01:00,93.0,2023-02-26
uniqueUserZone,OWM Zona4,2023-02-26 04:00:00+01:00,132.0,2023-02-26
uniqueUserZone,OWM Zona3,2023-02-26 04:00:00+01:00,227.0,2023-02-26
uniqueUserZone,OWM Zona2,2023-02-26 04:00:00+01:00,114.0,2023-02-26
uniqueUserZone,OWM Zona1,2023-02-26 04:00:00+01:00,196.0,2023-02-26
uniqueUserZone,OWM Zona9,2023-02-25 05:00:00+01:00,119.0,2023-02-25
uniqueUserZone,OWM Zona8,2023-02-25 05:00:00+01:00,143.0,2023-02-25
uniqueUserZone,OWM Zona7,2023-02-25 05:00:00+01:00,96.0,2023-02-25
uniqueUserZone,OWM Zona6,2023-02-25 05:00:00+01:00,198.0,2023-02-25
uniqueUserZone,OWM Zona5,2023-02-25 05:00:00+01:00,96.0,2023-02-25
uniqueUserZone,OWM Zona4,2023-02-25 05:00:00+01:00,131.0,2023-02-25
uniqueUserZone,OWM Zona3,2023-02-25 05:00:00+01:00,243.0,2023-02-25
uniqueUserZone,OWM Zona2,2023-02-25 05:00:00+01:00,119.0,2023-02-25
uniqueUserZone,OWM Zona1,2023-02-25 05:00:00+01:00,219.0,2023-02-25
uniqueUserZone,OWM Zona9,2023-02-24 06:00:00+01:00,122.0,2023-02-24
uniqueUserZone,OWM Zona8,2023-02-24 06:00:00+01:00,125.0,2023-02-24
uniqueUserZone,OWM Zona7,2023-02-24 06:00:00+01:00,101.0,2023-02-24
uniqueUserZone,OWM Zona6,2023-02-24 06:00:00+01:00,192.0,2023-02-24
uniqueUserZone,OWM Zona5,2023-02-24 06:00:00+01:00,93.0,2023-02-24
uniqueUserZone,OWM Zona4,2023-02-24 06:00:00+01:00,131.0,2023-02-24
uniqueUserZone,OWM Zona3,2023-02-24 06:00:00+01:00,273.0,2023-02-24
uniqueUserZone,OWM Zona2,2023-02-24 06:00:00+01:00,125.0,2023-02-24
uniqueUserZone,OWM Zona1,2023-02-24 06:00:00+01:00,220.0,2023-02-24
uniqueUserZone,OWM Zona9,2023-02-23 07:00:00+01:00,132.0,2023-02-23
uniqueUserZone,OWM Zona8,2023-02-23 07:00:00+01:00,123.0,2023-02-23
uniqueUserZone,OWM Zona7,2023-02-23 07:00:00+01:00,93.0,2023-02-23
uniqueUserZone,OWM Zona6,2023-02-23 07:00:00+01:00,204.0,2023-02-23
uniqueUserZone,OWM Zona5,2023-02-23 07:00:00+01:00,106.0,2023-02-23
uniqueUserZone,OWM Zona4,2023-02-23 07:00:00+01:00,140.0,2023-02-23
uniqueUserZone,OWM Zona3,2023-02-23 07:00:00+01:00,264.0,2023-02-23
uniqueUserZone,OWM Zona2,2023-02-23 07:00:00+01:00,119.0,2023-02-23
uniqueUserZone,OWM Zona1,2023-02-23 07:00:00+01:00,229.0,2023-02-23
uniqueUserZone,OWM Zona9,2023-02-22 08:00:00+01:00,116.0,2023-02-22
uniqueUserZone,OWM Zona8,2023-02-22 08:00:00+01:00,135.0,2023-02-22
uniqueUserZone,OWM Zona7,2023-02-22 08:00:00+01:00,116.0,2023-02-22
uniqueUserZone,OWM Zona6,2023-02-22 08:00:00+01:00,192.0,2023-02-22
uniqueUserZone,OWM Zona5,2023-02-22 08:00:00+01:00,94.0,2023-02-22
uniqueUserZone,OWM Zona4,2023-02-22 08:00:00+01:00,121.0,2023-02-22
uniqueUserZone,OWM Zona3,2023-02-22 08:00:00+01:00,256.0,2023-02-22
uniqueUserZone,OWM Zona2,2023-02-22 08:00:00+01:00,125.0,2023-02-22
uniqueUserZone,OWM Zona1,2023-02-22 08:00:00+01:00,209.0,2023-02-22
uniqueUserZone,OWM Zona9,2023-02-21 09:00:00+01:00,90.0,2023-02-21
uniqueUserZone,OWM Zona8,2023-02-21 09:00:00+01:00,104.0,2023-02-21
uniqueUserZone,OWM Zona7,2023-02-21 09:00:00+01:00,80.0,2023-02-21
uniqueUserZone,OWM Zona6,2023-02-21 09:00:00+01:00,173.0,2023-02-21
uniqueUserZone,OWM Zona5,2023-02-21 09:00:00+01:00,79.0,2023-02-21
uniqueUserZone,OWM Zona4,2023-02-21 09:00:00+01:00,111.0,2023-02-21
uniqueUserZone,OWM Zona3,2023-02-21 09:00:00+01:00,188.0,2023-02-21
uniqueUserZone,OWM Zona2,2023-02-21 09:00:00+01:00,100.0,2023-02-21
uniqueUserZone,OWM Zona1,2023-02-21 09:00:00+01:00,153.0,2023-02-21
uniqueUserZone,OWM Zona9,2023-02-20 10:00:00+01:00,125.0,2023-02-20
uniqueUserZone,OWM Zona8,2023-02-20 10:00:00+01:00,121.0,2023-02-20
uniqueUserZone,OWM Zona7,2023-02-20 10:00:00+01:00,91.0,2023-02-20
uniqueUserZone,OWM Zona6,2023-02-20 10:00:00+01:00,196.0,2023-02-20
uniqueUserZone,OWM Zona5,2023-02-20 10:00:00+01:00,83.0,2023-02-20
uniqueUserZone,OWM Zona4,2023-02-20 10:00:00+01:00,109.0,2023-02-20
uniqueUserZone,OWM Zona3,2023-02-20 10:00:00+01:00,226.0,2023-02-20
uniqueUserZone,OWM Zona2,2023-02-20 10:00:00+01:00,117.0,2023-02-20
uniqueUserZone,OWM Zona1,2023-02-20 10:00:00+01:00,182.0,2023-02-20
uniqueUserZone,OWM Zona9,2023-02-19 11:00:00+01:00,131.0,2023-02-19
uniqueUserZone,OWM Zona8,2023-02-19 11:00:00+01:00,141.0,2023-02-19
uniqueUserZone,OWM Zona7,2023-02-19 11:00:00+01:00,115.0,2023-02-19
uniqueUserZone,OWM Zona6,2023-02-19 11:00:00+01:00,200.0,2023-02-19
uniqueUserZone,OWM Zona5,2023-02-19 11:00:00+01:00,99.0,2023-02-19
uniqueUserZone,OWM Zona4,2023-02-19 11:00:00+01:00,144.0,2023-02-19
uniqueUserZone,OWM Zona3,2023-02-19 11:00:00+01:00,260.0,2023-02-19
uniqueUserZone,OWM Zona2,2023-02-19 11:00:00+01:00,147.0,2023-02-19
uniqueUserZone,OWM Zona1,2023-02-19 11:00:00+01:00,223.0,2023-02-19
uniqueUserZone,OWM Zona9,2023-02-18 12:00:00+01:00,124.0,2023-02-18
uniqueUserZone,OWM Zona8,2023-02-18 12:00:00+01:00,142.0,2023-02-18
uniqueUserZone,OWM Zona7,2023-02-18 12:00:00+01:00,126.0,2023-02-18
uniqueUserZone,OWM Zona6,2023-02-18 12:00:00+01:00,197.0,2023-02-18
uniqueUserZone,OWM Zona5,2023-02-18 12:00:00+01:00,100.0,2023-02-18
uniqueUserZone,OWM Zona4,2023-02-18 12:00:00+01:00,132.0,2023-02-18
uniqueUserZone,OWM Zona3,2023-02-18 12:00:00+01:00,253.0,2023-02-18
uniqueUserZone,OWM Zona2,2023-02-18 12:00:00+01:00,152.0,2023-02-18
uniqueUserZone,OWM Zona1,2023-02-18 12:00:00+01:00,237.0,2023-02-18
uniqueUserZone,OWM Zona9,2023-02-17 13:00:00+01:00,124.0,2023-02-17
uniqueUserZone,OWM Zona8,2023-02-17 13:00:00+01:00,136.0,2023-02-17
uniqueUserZone,OWM Zona7,2023-02-17 13:00:00+01:00,123.0,2023-02-17
uniqueUserZone,OWM Zona6,2023-02-17 13:00:00+01:00,212.0,2023-02-17
uniqueUserZone,OWM Zona5,2023-02-17 13:00:00+01:00,122.0,2023-02-17
uniqueUserZone,OWM Zona4,2023-02-17 13:00:00+01:00,136.0,2023-02-17
uniqueUserZone,OWM Zona3,2023-02-17 13:00:00+01:00,269.0,2023-02-17
uniqueUserZone,OWM Zona2,2023-02-17 13:00:00+01:00,126.0,2023-02-17
uniqueUserZone,OWM Zona1,2023-02-17 13:00:00+01:00,214.0,2023-02-17
uniqueUserZone,OWM Zona9,2023-02-16 14:00:00+01:00,126.0,2023-02-16
uniqueUserZone,OWM Zona8,2023-02-16 14:00:00+01:00,124.0,2023-02-16
uniqueUserZone,OWM Zona7,2023-02-16 14:00:00+01:00,114.0,2023-02-16
uniqueUserZone,OWM Zona6,2023-02-16 14:00:00+01:00,207.0,2023-02-16
uniqueUserZone,OWM Zona5,2023-02-16 14:00:00+01:00,107.0,2023-02-16
uniqueUserZone,OWM Zona4,2023-02-16 14:00:00+01:00,147.0,2023-02-16
uniqueUserZone,OWM Zona3,2023-02-16 14:00:00+01:00,269.0,2023-02-16
uniqueUserZone,OWM Zona2,2023-02-16 14:00:00+01:00,126.0,2023-02-16
uniqueUserZone,OWM Zona1,2023-02-16 14:00:00+01:00,214.0,2023-02-16
uniqueUserZone,OWM Zona9,2023-02-15 15:00:00+01:00,119.0,2023-02-15
uniqueUserZone,OWM Zona8,2023-02-15 15:00:00+01:00,125.0,2023-02-15
uniqueUserZone,OWM Zona7,2023-02-15 15:00:00+01:00,115.0,2023-02-15
uniqueUserZone,OWM Zona6,2023-02-15 15:00:00+01:00,164.0,2023-02-15
uniqueUserZone,OWM Zona5,2023-02-15 15:00:00+01:00,96.0,2023-02-15
uniqueUserZone,OWM Zona4,2023-02-15 15:00:00+01:00,132.0,2023-02-15
uniqueUserZone,OWM Zona3,2023-02-15 15:00:00+01:00,249.0,2023-02-15
uniqueUserZone,OWM Zona2,2023-02-15 15:00:00+01:00,109.0,2023-02-15
uniqueUserZone,OWM Zona1,2023-02-15 15:00:00+01:00,178.0,2023-02-15
uniqueUserZone,OWM Zona9,2023-02-14 16:00:00+01:00,100.0,2023-02-14
uniqueUserZone,OWM Zona8,2023-02-14 16:00:00+01:00,98.0,2023-02-14
uniqueUserZone,OWM Zona7,2023-02-14 16:00:00+01:00,88.0,2023-02-14
uniqueUserZone,OWM Zona6,2023-02-14 16:00:00+01:00,158.0,2023-02-14
uniqueUserZone,OWM Zona5,2023-02-14 16:00:00+01:00,59.0,2023-02-14
uniqueUserZone,OWM Zona4,2023-02-14 16:00:00+01:00,104.0,2023-02-14
uniqueUserZone,OWM Zona3,2023-02-14 16:00:00+01:00,177.0,2023-02-14
uniqueUserZone,OWM Zona2,2023-02-14 16:00:00+01:00,82.0,2023-02-14
uniqueUserZone,OWM Zona1,2023-02-14 16:00:00+01:00,141.0,2023-02-14
uniqueUserZone,OWM Zona9,2023-02-13 17:00:00+01:00,95.0,2023-02-13
uniqueUserZone,OWM Zona8,2023-02-13 17:00:00+01:00,131.0,2023-02-13
uniqueUserZone,OWM Zona7,2023-02-13 17:00:00+01:00,101.0,2023-02-13
uniqueUserZone,OWM Zona6,2023-02-13 17:00:00+01:00,162.0,2023-02-13
uniqueUserZone,OWM Zona5,2023-02-13 17:00:00+01:00,78.0,2023-02-13
uniqueUserZone,OWM Zona4,2023-02-13 17:00:00+01:00,110.0,2023-02-13
uniqueUserZone,OWM Zona3,2023-02-13 17:00:00+01:00,221.0,2023-02-13
uniqueUserZone,OWM Zona2,2023-02-13 17:00:00+01:00,108.0,2023-02-13
uniqueUserZone,OWM Zona1,2023-02-13 17:00:00+01:00,162.0,2023-02-13
uniqueUserZone,OWM Zona9,2023-02-12 18:00:00+01:00,107.0,2023-02-12
uniqueUserZone,OWM Zona8,2023-02-12 18:00:00+01:00,113.0,2023-02-12
uniqueUserZone,OWM Zona7,2023-02-12 18:00:00+01:00,117.0,2023-02-12
uniqueUserZone,OWM Zona6,2023-02-12 18:00:00+01:00,163.0,2023-02-12
uniqueUserZone,OWM Zona5,2023-02-12 18:00:00+01:00,108.0,2023-02-12
uniqueUserZone,OWM Zona4,2023-02-12 18:00:00+01:00,140.0,2023-02-12
uniqueUserZone,OWM Zona3,2023-02-12 18:00:00+01:00,240.0,2023-02-12
uniqueUserZone,OWM Zona2,2023-02-12 18:00:00+01:00,122.0,2023-02-12
uniqueUserZone,OWM Zona1,2023-02-12 18:00:00+01:00,162.0,2023-02-12
uniqueUserZone,OWM Zona9,2023-02-11 19:00:00+01:00,101.0,2023-02-11
uniqueUserZone,OWM Zona8,2023-02-11 19:00:00+01:00,131.0,2023-02-11
uniqueUserZone,OWM Zona7,2023-02-11 19:00:00+01:00,132.0,2023-02-11
uniqueUserZone,OWM Zona6,2023-02-11 19:00:00+01:00,168.0,2023-02-11
uniqueUserZone,OWM Zona5,2023-02-11 19:00:00+01:00,108.0,2023-02-11
uniqueUserZone,OWM Zona4,2023-02-11 19:00:00+01:00,120.0,2023-02-11
uniqueUserZone,OWM Zona3,2023-02-11 19:00:00+01:00,248.0,2023-02-11
uniqueUserZone,OWM Zona2,2023-02-11 19:00:00+01:00,126.0,2023-02-11
uniqueUserZone,OWM Zona1,2023-02-11 19:00:00+01:00,203.0,2023-02-11
uniqueUserZone,OWM Zona9,2023-02-10 20:00:00+01:00,99.0,2023-02-10
uniqueUserZone,OWM Zona8,2023-02-10 20:00:00+01:00,118.0,2023-02-10
uniqueUserZone,OWM Zona7,2023-02-10 20:00:00+01:00,97.0,2023-02-10
uniqueUserZone,OWM Zona6,2023-02-10 20:00:00+01:00,111.0,2023-02-10
uniqueUserZone,OWM Zona5,2023-02-10 20:00:00+01:00,97.0,2023-02-10
uniqueUserZone,OWM Zona4,2023-02-10 20:00:00+01:00,93.0,2023-02-10
uniqueUserZone,OWM Zona3,2023-02-10 20:00:00+01:00,180.0,2023-02-10
uniqueUserZone,OWM Zona2,2023-02-10 20:00:00+01:00,99.0,2023-02-10
uniqueUserZone,OWM Zona1,2023-02-10 20:00:00+01:00,163.0,2023-02-10
uniqueUserZone,OWM Zona9,2023-02-09 21:00:00+01:00,123.0,2023-02-09
uniqueUserZone,OWM Zona8,2023-02-09 21:00:00+01:00,137.0,2023-02-09
uniqueUserZone,OWM Zona7,2023-02-09 21:00:00+01:00,121.0,2023-02-09
uniqueUserZone,OWM Zona6,2023-02-09 21:00:00+01:00,198.0,2023-02-09
uniqueUserZone,OWM Zona5,2023-02-09 21:00:00+01:00,117.0,2023-02-09
uniqueUserZone,OWM Zona4,2023-02-09 21:00:00+01:00,124.0,2023-02-09
uniqueUserZone,OWM Zona3,2023-02-09 21:00:00+01:00,266.0,2023-02-09
uniqueUserZone,OWM Zona2,2023-02-09 21:00:00+01:00,128.0,2023-02-09
uniqueUserZone,OWM Zona1,2023-02-09 21:00:00+01:00,202.0,2023-02-09
uniqueUserZone,OWM Zona9,2023-02-08 22:00:00+01:00,119.0,2023-02-08
uniqueUserZone,OWM Zona8,2023-02-08 22:00:00+01:00,122.0,2023-02-08
uniqueUserZone,OWM Zona7,2023-02-08 22:00:00+01:00,115.0,2023-02-08
uniqueUserZone,OWM Zona6,2023-02-08 22:00:00+01:00,157.0,2023-02-08
uniqueUserZone,OWM Zona5,2023-02-08 22:00:00+01:00,91.0,2023-02-08
uniqueUserZone,OWM Zona4,2023-02-08 22:00:00+01:00,112.0,2023-02-08
uniqueUserZone,OWM Zona3,2023-02-08 22:00:00+01:00,241.0,2023-02-08
uniqueUserZone,OWM Zona2,2023-02-08 22:00:00+01:00,126.0,2023-02-08
uniqueUserZone,OWM Zona1,2023-02-08 22:00:00+01:00,190.0,2023-02-08
uniqueUserZone,OWM Zona9,2023-02-07 23:00:00+01:00,91.0,2023-02-07
uniqueUserZone,OWM Zona8,2023-02-07 23:00:00+01:00,99.0,2023-02-07
uniqueUserZone,OWM Zona7,2023-02-07 23:00:00+01:00,89.0,2023-02-07
uniqueUserZone,OWM Zona6,2023-02-07 23:00:00+01:00,148.0,2023-02-07
uniqueUserZone,OWM Zona5,2023-02-07 23:00:00+01:00,66.0,2023-02-07
uniqueUserZone,OWM Zona4,2023-02-07 23:00:00+01:00,90.0,2023-02-07
uniqueUserZone,OWM Zona3,2023-02-07 23:00:00+01:00,198.0,2023-02-07
uniqueUserZone,OWM Zona2,2023-02-07 23:00:00+01:00,93.0,2023-02-07
uniqueUserZone,OWM Zona1,2023-02-07 23:00:00+01:00,155.0,2023-02-07
uniqueUserZone,OWM Zona9,2023-02-07 00:00:00+01:00,120.0,2023-02-07
uniqueUserZone,OWM Zona8,2023-02-07 00:00:00+01:00,132.0,2023-02-07
uniqueUserZone,OWM Zona7,2023-02-07 00:00:00+01:00,99.0,2023-02-07
uniqueUserZone,OWM Zona6,2023-02-07 00:00:00+01:00,188.0,2023-02-07
uniqueUserZone,OWM Zona5,2023-02-07 00:00:00+01:00,90.0,2023-02-07
uniqueUserZone,OWM Zona4,2023-02-07 00:00:00+01:00,129.0,2023-02-07
uniqueUserZone,OWM Zona3,2023-02-07 00:00:00+01:00,256.0,2023-02-07
uniqueUserZone,OWM Zona2,2023-02-07 00:00:00+01:00,142.0,2023-02-07
uniqueUserZone,OWM Zona1,2023-02-07 00:00:00+01:00,184.0,2023-02-07
uniqueUserZone,OWM Zona9,2023-02-06 01:00:00+01:00,121.0,2023-02-06
uniqueUserZone,OWM Zona8,2023-02-06 01:00:00+01:00,149.0,2023-02-06
uniqueUserZone,OWM Zona7,2023-02-06 01:00:00+01:00,113.0,2023-02-06
uniqueUserZone,OWM Zona6,2023-02-06 01:00:00+01:00,217.0,2023-02-06
uniqueUserZone,OWM Zona5,2023-02-06 01:00:00+01:00,100.0,2023-02-06
uniqueUserZone,OWM Zona4,2023-02-06 01:00:00+01:00,133.0,2023-02-06
uniqueUserZone,OWM Zona3,2023-02-06 01:00:00+01:00,277.0,2023-02-06
uniqueUserZone,OWM Zona2,2023-02-06 01:00:00+01:00,149.0,2023-02-06
uniqueUserZone,OWM Zona1,2023-02-06 01:00:00+01:00,218.0,2023-02-06
uniqueUserZone,OWM Zona9,2023-02-05 02:00:00+01:00,136.0,2023-02-05
uniqueUserZone,OWM Zona8,2023-02-05 02:00:00+01:00,132.0,2023-02-05
uniqueUserZone,OWM Zona7,2023-02-05 02:00:00+01:00,129.0,2023-02-05
uniqueUserZone,OWM Zona6,2023-02-05 02:00:00+01:00,201.0,2023-02-05
uniqueUserZone,OWM Zona5,2023-02-05 02:00:00+01:00,113.0,2023-02-05
uniqueUserZone,OWM Zona4,2023-02-05 02:00:00+01:00,139.0,2023-02-05
uniqueUserZone,OWM Zona3,2023-02-05 02:00:00+01:00,276.0,2023-02-05
uniqueUserZone,OWM Zona2,2023-02-05 02:00:00+01:00,129.0,2023-02-05
uniqueUserZone,OWM Zona1,2023-02-05 02:00:00+01:00,229.0,2023-02-05
uniqueUserZone,OWM Zona9,2023-02-04 03:00:00+01:00,129.0,2023-02-04
uniqueUserZone,OWM Zona8,2023-02-04 03:00:00+01:00,126.0,2023-02-04
uniqueUserZone,OWM Zona7,2023-02-04 03:00:00+01:00,122.0,2023-02-04
uniqueUserZone,OWM Zona6,2023-02-04 03:00:00+01:00,187.0,2023-02-04
uniqueUserZone,OWM Zona5,2023-02-04 03:00:00+01:00,90.0,2023-02-04
uniqueUserZone,OWM Zona4,2023-02-04 03:00:00+01:00,131.0,2023-02-04
uniqueUserZone,OWM Zona3,2023-02-04 03:00:00+01:00,242.0,2023-02-04
uniqueUserZone,OWM Zona2,2023-02-04 03:00:00+01:00,145.0,2023-02-04
uniqueUserZone,OWM Zona1,2023-02-04 03:00:00+01:00,194.0,2023-02-04
uniqueUserZone,OWM Zona9,2023-02-03 04:00:00+01:00,131.0,2023-02-03
uniqueUserZone,OWM Zona8,2023-02-03 04:00:00+01:00,121.0,2023-02-03
uniqueUserZone,OWM Zona7,2023-02-03 04:00:00+01:00,117.0,2023-02-03
uniqueUserZone,OWM Zona6,2023-02-03 04:00:00+01:00,157.0,2023-02-03
uniqueUserZone,OWM Zona5,2023-02-03 04:00:00+01:00,89.0,2023-02-03
uniqueUserZone,OWM Zona4,2023-02-03 04:00:00+01:00,141.0,2023-02-03
uniqueUserZone,OWM Zona3,2023-02-03 04:00:00+01:00,262.0,2023-02-03
uniqueUserZone,OWM Zona2,2023-02-03 04:00:00+01:00,137.0,2023-02-03
uniqueUserZone,OWM Zona1,2023-02-03 04:00:00+01:00,219.0,2023-02-03
uniqueUserZone,OWM Zona9,2023-02-02 05:00:00+01:00,130.0,2023-02-02
uniqueUserZone,OWM Zona8,2023-02-02 05:00:00+01:00,130.0,2023-02-02
uniqueUserZone,OWM Zona7,2023-02-02 05:00:00+01:00,115.0,2023-02-02
uniqueUserZone,OWM Zona6,2023-02-02 05:00:00+01:00,158.0,2023-02-02
uniqueUserZone,OWM Zona5,2023-02-02 05:00:00+01:00,81.0,2023-02-02
uniqueUserZone,OWM Zona4,2023-02-02 05:00:00+01:00,130.0,2023-02-02
uniqueUserZone,OWM Zona3,2023-02-02 05:00:00+01:00,221.0,2023-02-02
uniqueUserZone,OWM Zona2,2023-02-02 05:00:00+01:00,123.0,2023-02-02
uniqueUserZone,OWM Zona1,2023-02-02 05:00:00+01:00,220.0,2023-02-02
uniqueUserZone,OWM Zona9,2023-02-01 06:00:00+01:00,82.0,2023-02-01
uniqueUserZone,OWM Zona8,2023-02-01 06:00:00+01:00,90.0,2023-02-01
uniqueUserZone,OWM Zona7,2023-02-01 06:00:00+01:00,76.0,2023-02-01
uniqueUserZone,OWM Zona6,2023-02-01 06:00:00+01:00,155.0,2023-02-01
uniqueUserZone,OWM Zona5,2023-02-01 06:00:00+01:00,51.0,2023-02-01
uniqueUserZone,OWM Zona4,2023-02-01 06:00:00+01:00,94.0,2023-02-01
uniqueUserZone,OWM Zona3,2023-02-01 06:00:00+01:00,162.0,2023-02-01
uniqueUserZone,OWM Zona2,2023-02-01 06:00:00+01:00,79.0,2023-02-01
uniqueUserZone,OWM Zona1,2023-02-01 06:00:00+01:00,120.0,2023-02-01
uniqueUserZone,OWM Zona9,2023-01-31 07:00:00+01:00,102.0,2023-01-31
uniqueUserZone,OWM Zona8,2023-01-31 07:00:00+01:00,127.0,2023-01-31
uniqueUserZone,OWM Zona7,2023-01-31 07:00:00+01:00,89.0,2023-01-31
uniqueUserZone,OWM Zona6,2023-01-31 07:00:00+01:00,174.0,2023-01-31
uniqueUserZone,OWM Zona5,2023-01-31 07:00:00+01:00,85.0,2023-01-31
uniqueUserZone,OWM Zona4,2023-01-31 07:00:00+01:00,114.0,2023-01-31
uniqueUserZone,OWM Zona3,2023-01-31 07:00:00+01:00,234.0,2023-01-31
uniqueUserZone,OWM Zona2,2023-01-31 07:00:00+01:00,104.0,2023-01-31
uniqueUserZone,OWM Zona1,2023-01-31 07:00:00+01:00,168.0,2023-01-31
uniqueUserZone,OWM Zona9,2023-01-30 08:00:00+01:00,115.0,2023-01-30
uniqueUserZone,OWM Zona8,2023-01-30 08:00:00+01:00,119.0,2023-01-30
uniqueUserZone,OWM Zona7,2023-01-30 08:00:00+01:00,107.0,2023-01-30
uniqueUserZone,OWM Zona6,2023-01-30 08:00:00+01:00,170.0,2023-01-30
uniqueUserZone,OWM Zona5,2023-01-30 08:00:00+01:00,95.0,2023-01-30
uniqueUserZone,OWM Zona4,2023-01-30 08:00:00+01:00,131.0,2023-01-30
uniqueUserZone,OWM Zona3,2023-01-30 08:00:00+01:00,255.0,2023-01-30
uniqueUserZone,OWM Zona2,2023-01-30 08:00:00+01:00,146.0,2023-01-30
uniqueUserZone,OWM Zona1,2023-01-30 08:00:00+01:00,172.0,2023-01-30
uniqueUserZone,OWM Zona9,2023-01-29 09:00:00+01:00,115.0,2023-01-29
uniqueUserZone,OWM Zona8,2023-01-29 09:00:00+01:00,126.0,2023-01-29
uniqueUserZone,OWM Zona7,2023-01-29 09:00:00+01:00,99.0,2023-01-29
uniqueUserZone,OWM Zona6,2023-01-29 09:00:00+01:00,163.0,2023-01-29
uniqueUserZone,OWM Zona5,2023-01-29 09:00:00+01:00,106.0,2023-01-29
uniqueUserZone,OWM Zona4,2023-01-29 09:00:00+01:00,126.0,2023-01-29
uniqueUserZone,OWM Zona3,2023-01-29 09:00:00+01:00,260.0,2023-01-29
uniqueUserZone,OWM Zona2,2023-01-29 09:00:00+01:00,127.0,2023-01-29
uniqueUserZone,OWM Zona1,2023-01-29 09:00:00+01:00,215.0,2023-01-29
uniqueUserZone,OWM Zona9,2023-01-28 10:00:00+01:00,114.0,2023-01-28
uniqueUserZone,OWM Zona8,2023-01-28 10:00:00+01:00,145.0,2023-01-28
uniqueUserZone,OWM Zona9,2023-01-27 11:00:00+01:00,134.0,2023-01-27
uniqueUserZone,OWM Zona8,2023-01-27 11:00:00+01:00,135.0,2023-01-27
uniqueUserZone,OWM Zona7,2023-01-27 11:00:00+01:00,100.0,2023-01-27
uniqueUserZone,OWM Zona6,2023-01-27 11:00:00+01:00,164.0,2023-01-27
uniqueUserZone,OWM Zona5,2023-01-27 11:00:00+01:00,106.0,2023-01-27
uniqueUserZone,OWM Zona4,2023-01-27 11:00:00+01:00,136.0,2023-01-27
uniqueUserZone,OWM Zona3,2023-01-27 11:00:00+01:00,271.0,2023-01-27
uniqueUserZone,OWM Zona2,2023-01-27 11:00:00+01:00,140.0,2023-01-27
uniqueUserZone,OWM Zona1,2023-01-27 11:00:00+01:00,201.0,2023-01-27
uniqueUserZone,OWM Zona9,2023-01-26 12:00:00+01:00,105.0,2023-01-26
uniqueUserZone,OWM Zona8,2023-01-26 12:00:00+01:00,104.0,2023-01-26
uniqueUserZone,OWM Zona7,2023-01-26 12:00:00+01:00,102.0,2023-01-26
uniqueUserZone,OWM Zona6,2023-01-26 12:00:00+01:00,133.0,2023-01-26
uniqueUserZone,OWM Zona5,2023-01-26 12:00:00+01:00,97.0,2023-01-26
uniqueUserZone,OWM Zona4,2023-01-26 12:00:00+01:00,132.0,2023-01-26
uniqueUserZone,OWM Zona3,2023-01-26 12:00:00+01:00,243.0,2023-01-26
uniqueUserZone,OWM Zona2,2023-01-26 12:00:00+01:00,126.0,2023-01-26
uniqueUserZone,OWM Zona1,2023-01-26 12:00:00+01:00,208.0,2023-01-26
uniqueUserZone,OWM Zona9,2023-01-25 13:00:00+01:00,72.0,2023-01-25
uniqueUserZone,OWM Zona8,2023-01-25 13:00:00+01:00,88.0,2023-01-25
uniqueUserZone,OWM Zona7,2023-01-25 13:00:00+01:00,69.0,2023-01-25
uniqueUserZone,OWM Zona6,2023-01-25 13:00:00+01:00,136.0,2023-01-25
uniqueUserZone,OWM Zona5,2023-01-25 13:00:00+01:00,68.0,2023-01-25
uniqueUserZone,OWM Zona4,2023-01-25 13:00:00+01:00,100.0,2023-01-25
uniqueUserZone,OWM Zona3,2023-01-25 13:00:00+01:00,174.0,2023-01-25
uniqueUserZone,OWM Zona2,2023-01-25 13:00:00+01:00,84.0,2023-01-25
uniqueUserZone,OWM Zona1,2023-01-25 13:00:00+01:00,142.0,2023-01-25
uniqueUserZone,OWM Zona9,2023-01-24 14:00:00+01:00,106.0,2023-01-24
uniqueUserZone,OWM Zona8,2023-01-24 14:00:00+01:00,125.0,2023-01-24
uniqueUserZone,OWM Zona7,2023-01-24 14:00:00+01:00,77.0,2023-01-24
uniqueUserZone,OWM Zona6,2023-01-24 14:00:00+01:00,156.0,2023-01-24
uniqueUserZone,OWM Zona5,2023-01-24 14:00:00+01:00,81.0,2023-01-24
uniqueUserZone,OWM Zona4,2023-01-24 14:00:00+01:00,123.0,2023-01-24
uniqueUserZone,OWM Zona3,2023-01-24 14:00:00+01:00,235.0,2023-01-24
uniqueUserZone,OWM Zona2,2023-01-24 14:00:00+01:00,114.0,2023-01-24
uniqueUserZone,OWM Zona1,2023-01-24 14:00:00+01:00,180.0,2023-01-24
uniqueUserZone,OWM Zona9,2023-01-23 15:00:00+01:00,124.0,2023-01-23
uniqueUserZone,OWM Zona8,2023-01-23 15:00:00+01:00,130.0,2023-01-23
uniqueUserZone,OWM Zona7,2023-01-23 15:00:00+01:00,112.0,2023-01-23
uniqueUserZone,OWM Zona6,2023-01-23 15:00:00+01:00,198.0,2023-01-23
uniqueUserZone,OWM Zona5,2023-01-23 15:00:00+01:00,95.0,2023-01-23
uniqueUserZone,OWM Zona4,2023-01-23 15:00:00+01:00,128.0,2023-01-23
uniqueUserZone,OWM Zona3,2023-01-23 15:00:00+01:00,264.0,2023-01-23
uniqueUserZone,OWM Zona2,2023-01-23 15:00:00+01:00,124.0,2023-01-23
uniqueUserZone,OWM Zona1,2023-01-23 15:00:00+01:00,175.0,2023-01-23
uniqueUserZone,OWM Zona9,2023-01-22 16:00:00+01:00,111.0,2023-01-22
uniqueUserZone,OWM Zona8,2023-01-22 16:00:00+01:00,122.0,2023-01-22
uniqueUserZone,OWM Zona7,2023-01-22 16:00:00+01:00,94.0,2023-01-22
uniqueUserZone,OWM Zona6,2023-01-22 16:00:00+01:00,152.0,2023-01-22
uniqueUserZone,OWM Zona5,2023-01-22 16:00:00+01:00,93.0,2023-01-22
uniqueUserZone,OWM Zona4,2023-01-22 16:00:00+01:00,128.0,2023-01-22
uniqueUserZone,OWM Zona3,2023-01-22 16:00:00+01:00,241.0,2023-01-22
uniqueUserZone,OWM Zona2,2023-01-22 16:00:00+01:00,125.0,2023-01-22
uniqueUserZone,OWM Zona1,2023-01-22 16:00:00+01:00,176.0,2023-01-22
uniqueUserZone,OWM Zona9,2023-01-21 17:00:00+01:00,135.0,2023-01-21
uniqueUserZone,OWM Zona8,2023-01-21 17:00:00+01:00,127.0,2023-01-21
uniqueUserZone,OWM Zona7,2023-01-21 17:00:00+01:00,102.0,2023-01-21
uniqueUserZone,OWM Zona6,2023-01-21 17:00:00+01:00,169.0,2023-01-21
uniqueUserZone,OWM Zona5,2023-01-21 17:00:00+01:00,101.0,2023-01-21
uniqueUserZone,OWM Zona4,2023-01-21 17:00:00+01:00,142.0,2023-01-21
uniqueUserZone,OWM Zona3,2023-01-21 17:00:00+01:00,254.0,2023-01-21
uniqueUserZone,OWM Zona2,2023-01-21 17:00:00+01:00,128.0,2023-01-21
uniqueUserZone,OWM Zona1,2023-01-21 17:00:00+01:00,194.0,2023-01-21
uniqueUserZone,OWM Zona9,2023-01-20 18:00:00+01:00,117.0,2023-01-20
uniqueUserZone,OWM Zona8,2023-01-20 18:00:00+01:00,126.0,2023-01-20
uniqueUserZone,OWM Zona7,2023-01-20 18:00:00+01:00,115.0,2023-01-20
uniqueUserZone,OWM Zona6,2023-01-20 18:00:00+01:00,171.0,2023-01-20
uniqueUserZone,OWM Zona5,2023-01-20 18:00:00+01:00,94.0,2023-01-20
uniqueUserZone,OWM Zona4,2023-01-20 18:00:00+01:00,124.0,2023-01-20
uniqueUserZone,OWM Zona3,2023-01-20 18:00:00+01:00,246.0,2023-01-20
uniqueUserZone,OWM Zona2,2023-01-20 18:00:00+01:00,132.0,2023-01-20
uniqueUserZone,OWM Zona1,2023-01-20 18:00:00+01:00,168.0,2023-01-20
uniqueUserZone,OWM Zona9,2023-01-19 19:00:00+01:00,98.0,2023-01-19
uniqueUserZone,OWM Zona8,2023-01-19 19:00:00+01:00,111.0,2023-01-19
uniqueUserZone,OWM Zona7,2023-01-19 19:00:00+01:00,109.0,2023-01-19
uniqueUserZone,OWM Zona6,2023-01-19 19:00:00+01:00,156.0,2023-01-19
uniqueUserZone,OWM Zona5,2023-01-19 19:00:00+01:00,69.0,2023-01-19
uniqueUserZone,OWM Zona4,2023-01-19 19:00:00+01:00,135.0,2023-01-19
uniqueUserZone,OWM Zona3,2023-01-19 19:00:00+01:00,246.0,2023-01-19
uniqueUserZone,OWM Zona2,2023-01-19 19:00:00+01:00,116.0,2023-01-19
uniqueUserZone,OWM Zona1,2023-01-19 19:00:00+01:00,168.0,2023-01-19
uniqueUserZone,OWM Zona9,2023-01-18 20:00:00+01:00,69.0,2023-01-18
uniqueUserZone,OWM Zona8,2023-01-18 20:00:00+01:00,85.0,2023-01-18
uniqueUserZone,OWM Zona7,2023-01-18 20:00:00+01:00,68.0,2023-01-18
uniqueUserZone,OWM Zona6,2023-01-18 20:00:00+01:00,145.0,2023-01-18
uniqueUserZone,OWM Zona5,2023-01-18 20:00:00+01:00,52.0,2023-01-18
uniqueUserZone,OWM Zona4,2023-01-18 20:00:00+01:00,90.0,2023-01-18
uniqueUserZone,OWM Zona3,2023-01-18 20:00:00+01:00,148.0,2023-01-18
uniqueUserZone,OWM Zona2,2023-01-18 20:00:00+01:00,91.0,2023-01-18
uniqueUserZone,OWM Zona1,2023-01-18 20:00:00+01:00,115.0,2023-01-18
uniqueUserZone,OWM Zona9,2023-01-17 21:00:00+01:00,110.0,2023-01-17
uniqueUserZone,OWM Zona8,2023-01-17 21:00:00+01:00,119.0,2023-01-17
uniqueUserZone,OWM Zona7,2023-01-17 21:00:00+01:00,92.0,2023-01-17
uniqueUserZone,OWM Zona6,2023-01-17 21:00:00+01:00,174.0,2023-01-17
uniqueUserZone,OWM Zona5,2023-01-17 21:00:00+01:00,79.0,2023-01-17
uniqueUserZone,OWM Zona4,2023-01-17 21:00:00+01:00,93.0,2023-01-17
uniqueUserZone,OWM Zona3,2023-01-17 21:00:00+01:00,249.0,2023-01-17
uniqueUserZone,OWM Zona2,2023-01-17 21:00:00+01:00,112.0,2023-01-17
uniqueUserZone,OWM Zona1,2023-01-17 21:00:00+01:00,169.0,2023-01-17
uniqueUserZone,OWM Zona9,2023-01-16 22:00:00+01:00,113.0,2023-01-16
uniqueUserZone,OWM Zona8,2023-01-16 22:00:00+01:00,129.0,2023-01-16
uniqueUserZone,OWM Zona7,2023-01-16 22:00:00+01:00,102.0,2023-01-16
uniqueUserZone,OWM Zona6,2023-01-16 22:00:00+01:00,194.0,2023-01-16
uniqueUserZone,OWM Zona5,2023-01-16 22:00:00+01:00,78.0,2023-01-16
uniqueUserZone,OWM Zona4,2023-01-16 22:00:00+01:00,120.0,2023-01-16
uniqueUserZone,OWM Zona3,2023-01-16 22:00:00+01:00,276.0,2023-01-16
uniqueUserZone,OWM Zona2,2023-01-16 22:00:00+01:00,128.0,2023-01-16
uniqueUserZone,OWM Zona1,2023-01-16 22:00:00+01:00,185.0,2023-01-16
uniqueUserZone,OWM Zona9,2023-01-15 23:00:00+01:00,116.0,2023-01-15
uniqueUserZone,OWM Zona8,2023-01-15 23:00:00+01:00,122.0,2023-01-15
uniqueUserZone,OWM Zona7,2023-01-15 23:00:00+01:00,120.0,2023-01-15
uniqueUserZone,OWM Zona6,2023-01-15 23:00:00+01:00,167.0,2023-01-15
uniqueUserZone,OWM Zona5,2023-01-15 23:00:00+01:00,102.0,2023-01-15
uniqueUserZone,OWM Zona4,2023-01-15 23:00:00+01:00,134.0,2023-01-15
uniqueUserZone,OWM Zona3,2023-01-15 23:00:00+01:00,258.0,2023-01-15
uniqueUserZone,OWM Zona2,2023-01-15 23:00:00+01:00,136.0,2023-01-15
uniqueUserZone,OWM Zona1,2023-01-15 23:00:00+01:00,213.0,2023-01-15
uniqueUserZone,OWM Zona9,2023-01-15 00:00:00+01:00,84.0,2023-01-15
uniqueUserZone,OWM Zona8,2023-01-15 00:00:00+01:00,107.0,2023-01-15
uniqueUserZone,OWM Zona7,2023-01-15 00:00:00+01:00,88.0,2023-01-15
uniqueUserZone,OWM Zona6,2023-01-15 00:00:00+01:00,159.0,2023-01-15
uniqueUserZone,OWM Zona5,2023-01-15 00:00:00+01:00,76.0,2023-01-15
uniqueUserZone,OWM Zona4,2023-01-15 00:00:00+01:00,121.0,2023-01-15
uniqueUserZone,OWM Zona3,2023-01-15 00:00:00+01:00,226.0,2023-01-15
uniqueUserZone,OWM Zona2,2023-01-15 00:00:00+01:00,119.0,2023-01-15
uniqueUserZone,OWM Zona1,2023-01-15 00:00:00+01:00,167.0,2023-01-15
uniqueUserZone,OWM Zona9,2023-01-14 01:00:00+01:00,130.0,2023-01-14
uniqueUserZone,OWM Zona8,2023-01-14 01:00:00+01:00,134.0,2023-01-14
uniqueUserZone,OWM Zona7,2023-01-14 01:00:00+01:00,113.0,2023-01-14
uniqueUserZone,OWM Zona6,2023-01-14 01:00:00+01:00,205.0,2023-01-14
uniqueUserZone,OWM Zona5,2023-01-14 01:00:00+01:00,112.0,2023-01-14
uniqueUserZone,OWM Zona4,2023-01-14 01:00:00+01:00,126.0,2023-01-14
uniqueUserZone,OWM Zona3,2023-01-14 01:00:00+01:00,249.0,2023-01-14
uniqueUserZone,OWM Zona2,2023-01-14 01:00:00+01:00,140.0,2023-01-14
uniqueUserZone,OWM Zona1,2023-01-14 01:00:00+01:00,231.0,2023-01-14
uniqueUserZone,OWM Zona9,2023-01-13 02:00:00+01:00,108.0,2023-01-13
uniqueUserZone,OWM Zona8,2023-01-13 02:00:00+01:00,133.0,2023-01-13
uniqueUserZone,OWM Zona7,2023-01-13 02:00:00+01:00,122.0,2023-01-13
uniqueUserZone,OWM Zona6,2023-01-13 02:00:00+01:00,161.0,2023-01-13
uniqueUserZone,OWM Zona5,2023-01-13 02:00:00+01:00,88.0,2023-01-13
uniqueUserZone,OWM Zona4,2023-01-13 02:00:00+01:00,127.0,2023-01-13
uniqueUserZone,OWM Zona3,2023-01-13 02:00:00+01:00,249.0,2023-01-13
uniqueUserZone,OWM Zona2,2023-01-13 02:00:00+01:00,129.0,2023-01-13
uniqueUserZone,OWM Zona1,2023-01-13 02:00:00+01:00,206.0,2023-01-13
uniqueUserZone,OWM Zona9,2023-01-12 03:00:00+01:00,61.0,2023-01-12
uniqueUserZone,OWM Zona8,2023-01-12 03:00:00+01:00,58.0,2023-01-12
uniqueUserZone,OWM Zona7,2023-01-12 03:00:00+01:00,61.0,2023-01-12
uniqueUserZone,OWM Zona6,2023-01-12 03:00:00+01:00,89.0,2023-01-12
uniqueUserZone,OWM Zona5,2023-01-12 03:00:00+01:00,61.0,2023-01-12
uniqueUserZone,OWM Zona4,2023-01-12 03:00:00+01:00,73.0,2023-01-12
uniqueUserZone,OWM Zona3,2023-01-12 03:00:00+01:00,121.0,2023-01-12
uniqueUserZone,OWM Zona2,2023-01-12 03:00:00+01:00,56.0,2023-01-12
uniqueUserZone,OWM Zona1,2023-01-12 03:00:00+01:00,101.0,2023-01-12
uniqueUserZone,OWM Zona9,2023-01-11 04:00:00+01:00,83.0,2023-01-11
uniqueUserZone,OWM Zona8,2023-01-11 04:00:00+01:00,89.0,2023-01-11
uniqueUserZone,OWM Zona7,2023-01-11 04:00:00+01:00,80.0,2023-01-11
uniqueUserZone,OWM Zona6,2023-01-11 04:00:00+01:00,125.0,2023-01-11
uniqueUserZone,OWM Zona5,2023-01-11 04:00:00+01:00,78.0,2023-01-11
uniqueUserZone,OWM Zona4,2023-01-11 04:00:00+01:00,89.0,2023-01-11
uniqueUserZone,OWM Zona3,2023-01-11 04:00:00+01:00,199.0,2023-01-11
uniqueUserZone,OWM Zona2,2023-01-11 04:00:00+01:00,98.0,2023-01-11
uniqueUserZone,OWM Zona1,2023-01-11 04:00:00+01:00,142.0,2023-01-11
uniqueUserZone,OWM Zona9,2023-01-10 05:00:00+01:00,81.0,2023-01-10
uniqueUserZone,OWM Zona8,2023-01-10 05:00:00+01:00,101.0,2023-01-10
uniqueUserZone,OWM Zona7,2023-01-10 05:00:00+01:00,65.0,2023-01-10
uniqueUserZone,OWM Zona6,2023-01-10 05:00:00+01:00,110.0,2023-01-10
uniqueUserZone,OWM Zona5,2023-01-10 05:00:00+01:00,62.0,2023-01-10
uniqueUserZone,OWM Zona4,2023-01-10 05:00:00+01:00,92.0,2023-01-10
uniqueUserZone,OWM Zona3,2023-01-10 05:00:00+01:00,160.0,2023-01-10
uniqueUserZone,OWM Zona2,2023-01-10 05:00:00+01:00,68.0,2023-01-10
uniqueUserZone,OWM Zona1,2023-01-10 05:00:00+01:00,138.0,2023-01-10
uniqueUserZone,OWM Zona9,2023-01-09 06:00:00+01:00,98.0,2023-01-09
uniqueUserZone,OWM Zona8,2023-01-09 06:00:00+01:00,105.0,2023-01-09
uniqueUserZone,OWM Zona7,2023-01-09 06:00:00+01:00,87.0,2023-01-09
uniqueUserZone,OWM Zona6,2023-01-09 06:00:00+01:00,159.0,2023-01-09
uniqueUserZone,OWM Zona5,2023-01-09 06:00:00+01:00,86.0,2023-01-09
uniqueUserZone,OWM Zona4,2023-01-09 06:00:00+01:00,106.0,2023-01-09
uniqueUserZone,OWM Zona3,2023-01-09 06:00:00+01:00,225.0,2023-01-09
uniqueUserZone,OWM Zona2,2023-01-09 06:00:00+01:00,93.0,2023-01-09
uniqueUserZone,OWM Zona1,2023-01-09 06:00:00+01:00,191.0,2023-01-09
uniqueUserZone,OWM Zona9,2023-01-08 07:00:00+01:00,104.0,2023-01-08
uniqueUserZone,OWM Zona8,2023-01-08 07:00:00+01:00,107.0,2023-01-08
uniqueUserZone,OWM Zona7,2023-01-08 07:00:00+01:00,77.0,2023-01-08
uniqueUserZone,OWM Zona6,2023-01-08 07:00:00+01:00,153.0,2023-01-08
uniqueUserZone,OWM Zona5,2023-01-08 07:00:00+01:00,87.0,2023-01-08
uniqueUserZone,OWM Zona4,2023-01-08 07:00:00+01:00,103.0,2023-01-08
uniqueUserZone,OWM Zona3,2023-01-08 07:00:00+01:00,198.0,2023-01-08
uniqueUserZone,OWM Zona2,2023-01-08 07:00:00+01:00,98.0,2023-01-08
uniqueUserZone,OWM Zona1,2023-01-08 07:00:00+01:00,154.0,2023-01-08
uniqueUserZone,OWM Zona9,2023-01-07 08:00:00+01:00,96.0,2023-01-07
uniqueUserZone,OWM Zona8,2023-01-07 08:00:00+01:00,88.0,2023-01-07
uniqueUserZone,OWM Zona7,2023-01-07 08:00:00+01:00,74.0,2023-01-07
uniqueUserZone,OWM Zona6,2023-01-07 08:00:00+01:00,127.0,2023-01-07
uniqueUserZone,OWM Zona5,2023-01-07 08:00:00+01:00,72.0,2023-01-07
uniqueUserZone,OWM Zona4,2023-01-07 08:00:00+01:00,86.0,2023-01-07
uniqueUserZone,OWM Zona3,2023-01-07 08:00:00+01:00,192.0,2023-01-07
uniqueUserZone,OWM Zona2,2023-01-07 08:00:00+01:00,89.0,2023-01-07
uniqueUserZone,OWM Zona1,2023-01-07 08:00:00+01:00,151.0,2023-01-07
uniqueUserZone,OWM Zona9,2023-01-06 09:00:00+01:00,77.0,2023-01-06
uniqueUserZone,OWM Zona8,2023-01-06 09:00:00+01:00,89.0,2023-01-06
uniqueUserZone,OWM Zona7,2023-01-06 09:00:00+01:00,75.0,2023-01-06
uniqueUserZone,OWM Zona6,2023-01-06 09:00:00+01:00,125.0,2023-01-06
uniqueUserZone,OWM Zona5,2023-01-06 09:00:00+01:00,67.0,2023-01-06
uniqueUserZone,OWM Zona4,2023-01-06 09:00:00+01:00,87.0,2023-01-06
uniqueUserZone,OWM Zona3,2023-01-06 09:00:00+01:00,143.0,2023-01-06
uniqueUserZone,OWM Zona2,2023-01-06 09:00:00+01:00,80.0,2023-01-06
uniqueUserZone,OWM Zona1,2023-01-06 09:00:00+01:00,133.0,2023-01-06
uniqueUserZone,OWM Zona9,2023-01-05 10:00:00+01:00,49.0,2023-01-05
uniqueUserZone,OWM Zona8,2023-01-05 10:00:00+01:00,60.0,2023-01-05
uniqueUserZone,OWM Zona7,2023-01-05 10:00:00+01:00,46.0,2023-01-05
uniqueUserZone,OWM Zona6,2023-01-05 10:00:00+01:00,110.0,2023-01-05
uniqueUserZone,OWM Zona5,2023-01-05 10:00:00+01:00,48.0,2023-01-05
uniqueUserZone,OWM Zona4,2023-01-05 10:00:00+01:00,54.0,2023-01-05
uniqueUserZone,OWM Zona3,2023-01-05 10:00:00+01:00,106.0,2023-01-05
uniqueUserZone,OWM Zona2,2023-01-05 10:00:00+01:00,57.0,2023-01-05
uniqueUserZone,OWM Zona1,2023-01-05 10:00:00+01:00,124.0,2023-01-05
uniqueUserZone,OWM Zona9,2023-01-04 11:00:00+01:00,96.0,2023-01-04
uniqueUserZone,OWM Zona8,2023-01-04 11:00:00+01:00,84.0,2023-01-04
uniqueUserZone,OWM Zona7,2023-01-04 11:00:00+01:00,82.0,2023-01-04
uniqueUserZone,OWM Zona6,2023-01-04 11:00:00+01:00,153.0,2023-01-04
uniqueUserZone,OWM Zona5,2023-01-04 11:00:00+01:00,64.0,2023-01-04
uniqueUserZone,OWM Zona4,2023-01-04 11:00:00+01:00,70.0,2023-01-04
uniqueUserZone,OWM Zona3,2023-01-04 11:00:00+01:00,179.0,2023-01-04
uniqueUserZone,OWM Zona2,2023-01-04 11:00:00+01:00,97.0,2023-01-04
uniqueUserZone,OWM Zona1,2023-01-04 11:00:00+01:00,143.0,2023-01-04
uniqueUserZone,OWM Zona9,2023-01-03 12:00:00+01:00,86.0,2023-01-03
uniqueUserZone,OWM Zona8,2023-01-03 12:00:00+01:00,102.0,2023-01-03
uniqueUserZone,OWM Zona7,2023-01-03 12:00:00+01:00,84.0,2023-01-03
uniqueUserZone,OWM Zona6,2023-01-03 12:00:00+01:00,173.0,2023-01-03
uniqueUserZone,OWM Zona5,2023-01-03 12:00:00+01:00,69.0,2023-01-03
uniqueUserZone,OWM Zona4,2023-01-03 12:00:00+01:00,76.0,2023-01-03
uniqueUserZone,OWM Zona3,2023-01-03 12:00:00+01:00,204.0,2023-01-03
uniqueUserZone,OWM Zona2,2023-01-03 12:00:00+01:00,93.0,2023-01-03
uniqueUserZone,OWM Zona1,2023-01-03 12:00:00+01:00,155.0,2023-01-03
uniqueUserZone,OWM Zona9,2023-01-02 13:00:00+01:00,94.0,2023-01-02
uniqueUserZone,OWM Zona8,2023-01-02 13:00:00+01:00,105.0,2023-01-02
uniqueUserZone,OWM Zona7,2023-01-02 13:00:00+01:00,78.0,2023-01-02
uniqueUserZone,OWM Zona6,2023-01-02 13:00:00+01:00,166.0,2023-01-02
uniqueUserZone,OWM Zona5,2023-01-02 13:00:00+01:00,73.0,2023-01-02
uniqueUserZone,OWM Zona4,2023-01-02 13:00:00+01:00,75.0,2023-01-02
uniqueUserZone,OWM Zona3,2023-01-02 13:00:00+01:00,196.0,2023-01-02
uniqueUserZone,OWM Zona2,2023-01-02 13:00:00+01:00,93.0,2023-01-02
uniqueUserZone,OWM Zona1,2023-01-02 13:00:00+01:00,167.0,2023-01-02
uniqueUserZone,OWM Zona9,2023-01-01 14:00:00+01:00,92.0,2023-01-01
uniqueUserZone,OWM Zona8,2023-01-01 14:00:00+01:00,97.0,2023-01-01
uniqueUserZone,OWM Zona7,2023-01-01 14:00:00+01:00,96.0,2023-01-01
uniqueUserZone,OWM Zona6,2023-01-01 14:00:00+01:00,164.0,2023-01-01
uniqueUserZone,OWM Zona5,2023-01-01 14:00:00+01:00,70.0,2023-01-01
uniqueUserZone,OWM Zona4,2023-01-01 14:00:00+01:00,93.0,2023-01-01
uniqueUserZone,OWM Zona3,2023-01-01 14:00:00+01:00,200.0,2023-01-01
uniqueUserZone,OWM Zona2,2023-01-01 14:00:00+01:00,103.0,2023-01-01
uniqueUserZone,OWM Zona1,2023-01-01 14:00:00+01:00,159.0,2023-01-01
uniqueUserZone,OWM Zona9,2022-12-31 15:00:00+01:00,94.0,2022-12-31
uniqueUserZone,OWM Zona8,2022-12-31 15:00:00+01:00,119.0,2022-12-31
uniqueUserZone,OWM Zona7,2022-12-31 15:00:00+01:00,83.0,2022-12-31
uniqueUserZone,OWM Zona6,2022-12-31 15:00:00+01:00,160.0,2022-12-31
uniqueUserZone,OWM Zona5,2022-12-31 15:00:00+01:00,75.0,2022-12-31
uniqueUserZone,OWM Zona4,2022-12-31 15:00:00+01:00,86.0,2022-12-31
uniqueUserZone,OWM Zona3,2022-12-31 15:00:00+01:00,200.0,2022-12-31
uniqueUserZone,OWM Zona2,2022-12-31 15:00:00+01:00,111.0,2022-12-31
uniqueUserZone,OWM Zona1,2022-12-31 15:00:00+01:00,181.0,2022-12-31
uniqueUserZone,OWM Zona9,2022-12-30 16:00:00+01:00,65.0,2022-12-30
uniqueUserZone,OWM Zona8,2022-12-30 16:00:00+01:00,83.0,2022-12-30
uniqueUserZone,OWM Zona7,2022-12-30 16:00:00+01:00,64.0,2022-12-30
uniqueUserZone,OWM Zona6,2022-12-30 16:00:00+01:00,107.0,2022-12-30
uniqueUserZone,OWM Zona5,2022-12-30 16:00:00+01:00,43.0,2022-12-30
uniqueUserZone,OWM Zona4,2022-12-30 16:00:00+01:00,59.0,2022-12-30
uniqueUserZone,OWM Zona3,2022-12-30 16:00:00+01:00,129.0,2022-12-30
uniqueUserZone,OWM Zona2,2022-12-30 16:00:00+01:00,60.0,2022-12-30
uniqueUserZone,OWM Zona1,2022-12-30 16:00:00+01:00,126.0,2022-12-30
uniqueUserZone,OWM Zona9,2022-12-29 17:00:00+01:00,53.0,2022-12-29
uniqueUserZone,OWM Zona8,2022-12-29 17:00:00+01:00,76.0,2022-12-29
uniqueUserZone,OWM Zona7,2022-12-29 17:00:00+01:00,66.0,2022-12-29
uniqueUserZone,OWM Zona6,2022-12-29 17:00:00+01:00,101.0,2022-12-29
uniqueUserZone,OWM Zona5,2022-12-29 17:00:00+01:00,40.0,2022-12-29
uniqueUserZone,OWM Zona4,2022-12-29 17:00:00+01:00,60.0,2022-12-29
uniqueUserZone,OWM Zona3,2022-12-29 17:00:00+01:00,120.0,2022-12-29
uniqueUserZone,OWM Zona2,2022-12-29 17:00:00+01:00,69.0,2022-12-29
uniqueUserZone,OWM Zona1,2022-12-29 17:00:00+01:00,94.0,2022-12-29
uniqueUserZone,OWM Zona9,2022-12-28 18:00:00+01:00,89.0,2022-12-28
uniqueUserZone,OWM Zona8,2022-12-28 18:00:00+01:00,88.0,2022-12-28
uniqueUserZone,OWM Zona7,2022-12-28 18:00:00+01:00,101.0,2022-12-28
uniqueUserZone,OWM Zona6,2022-12-28 18:00:00+01:00,128.0,2022-12-28
uniqueUserZone,OWM Zona5,2022-12-28 18:00:00+01:00,66.0,2022-12-28
uniqueUserZone,OWM Zona4,2022-12-28 18:00:00+01:00,85.0,2022-12-28
uniqueUserZone,OWM Zona3,2022-12-28 18:00:00+01:00,191.0,2022-12-28
uniqueUserZone,OWM Zona2,2022-12-28 18:00:00+01:00,99.0,2022-12-28
uniqueUserZone,OWM Zona1,2022-12-28 18:00:00+01:00,132.0,2022-12-28
uniqueUserZone,OWM Zona9,2022-12-27 19:00:00+01:00,94.0,2022-12-27
uniqueUserZone,OWM Zona8,2022-12-27 19:00:00+01:00,130.0,2022-12-27
uniqueUserZone,OWM Zona7,2022-12-27 19:00:00+01:00,102.0,2022-12-27
uniqueUserZone,OWM Zona6,2022-12-27 19:00:00+01:00,164.0,2022-12-27
uniqueUserZone,OWM Zona5,2022-12-27 19:00:00+01:00,91.0,2022-12-27
uniqueUserZone,OWM Zona4,2022-12-27 19:00:00+01:00,95.0,2022-12-27
uniqueUserZone,OWM Zona3,2022-12-27 19:00:00+01:00,238.0,2022-12-27
uniqueUserZone,OWM Zona2,2022-12-27 19:00:00+01:00,127.0,2022-12-27
uniqueUserZone,OWM Zona1,2022-12-27 19:00:00+01:00,208.0,2022-12-27
uniqueUserZone,OWM Zona9,2022-12-26 20:00:00+01:00,120.0,2022-12-26
uniqueUserZone,OWM Zona8,2022-12-26 20:00:00+01:00,133.0,2022-12-26
uniqueUserZone,OWM Zona7,2022-12-26 20:00:00+01:00,114.0,2022-12-26
uniqueUserZone,OWM Zona6,2022-12-26 20:00:00+01:00,182.0,2022-12-26
uniqueUserZone,OWM Zona5,2022-12-26 20:00:00+01:00,102.0,2022-12-26
uniqueUserZone,OWM Zona4,2022-12-26 20:00:00+01:00,126.0,2022-12-26
uniqueUserZone,OWM Zona3,2022-12-26 20:00:00+01:00,257.0,2022-12-26
uniqueUserZone,OWM Zona2,2022-12-26 20:00:00+01:00,133.0,2022-12-26
uniqueUserZone,OWM Zona1,2022-12-26 20:00:00+01:00,239.0,2022-12-26
uniqueUserZone,OWM Zona9,2022-12-25 21:00:00+01:00,118.0,2022-12-25
uniqueUserZone,OWM Zona8,2022-12-25 21:00:00+01:00,142.0,2022-12-25
uniqueUserZone,OWM Zona7,2022-12-25 21:00:00+01:00,116.0,2022-12-25
uniqueUserZone,OWM Zona6,2022-12-25 21:00:00+01:00,192.0,2022-12-25
uniqueUserZone,OWM Zona5,2022-12-25 21:00:00+01:00,104.0,2022-12-25
uniqueUserZone,OWM Zona4,2022-12-25 21:00:00+01:00,121.0,2022-12-25
uniqueUserZone,OWM Zona3,2022-12-25 21:00:00+01:00,298.0,2022-12-25
uniqueUserZone,OWM Zona2,2022-12-25 21:00:00+01:00,128.0,2022-12-25
uniqueUserZone,OWM Zona1,2022-12-25 21:00:00+01:00,254.0,2022-12-25
uniqueUserZone,OWM Zona9,2022-12-24 22:00:00+01:00,137.0,2022-12-24
uniqueUserZone,OWM Zona8,2022-12-24 22:00:00+01:00,148.0,2022-12-24
uniqueUserZone,OWM Zona7,2022-12-24 22:00:00+01:00,102.0,2022-12-24
uniqueUserZone,OWM Zona6,2022-12-24 22:00:00+01:00,187.0,2022-12-24
uniqueUserZone,OWM Zona5,2022-12-24 22:00:00+01:00,123.0,2022-12-24
uniqueUserZone,OWM Zona4,2022-12-24 22:00:00+01:00,140.0,2022-12-24
uniqueUserZone,OWM Zona3,2022-12-24 22:00:00+01:00,293.0,2022-12-24
uniqueUserZone,OWM Zona2,2022-12-24 22:00:00+01:00,128.0,2022-12-24
uniqueUserZone,OWM Zona1,2022-12-24 22:00:00+01:00,253.0,2022-12-24
uniqueUserZone,OWM Zona9,2022-12-23 23:00:00+01:00,126.0,2022-12-23
uniqueUserZone,OWM Zona8,2022-12-23 23:00:00+01:00,132.0,2022-12-23
uniqueUserZone,OWM Zona7,2022-12-23 23:00:00+01:00,97.0,2022-12-23
uniqueUserZone,OWM Zona6,2022-12-23 23:00:00+01:00,181.0,2022-12-23
uniqueUserZone,OWM Zona5,2022-12-23 23:00:00+01:00,105.0,2022-12-23
uniqueUserZone,OWM Zona4,2022-12-23 23:00:00+01:00,128.0,2022-12-23
uniqueUserZone,OWM Zona3,2022-12-23 23:00:00+01:00,296.0,2022-12-23
uniqueUserZone,OWM Zona2,2022-12-23 23:00:00+01:00,129.0,2022-12-23
uniqueUserZone,OWM Zona1,2022-12-23 23:00:00+01:00,236.0,2022-12-23
uniqueUserZone,OWM Zona9,2022-12-23 00:00:00+01:00,89.0,2022-12-23
uniqueUserZone,OWM Zona8,2022-12-23 00:00:00+01:00,97.0,2022-12-23
uniqueUserZone,OWM Zona7,2022-12-23 00:00:00+01:00,70.0,2022-12-23
uniqueUserZone,OWM Zona6,2022-12-23 00:00:00+01:00,162.0,2022-12-23
uniqueUserZone,OWM Zona5,2022-12-23 00:00:00+01:00,91.0,2022-12-23
uniqueUserZone,OWM Zona4,2022-12-23 00:00:00+01:00,86.0,2022-12-23
uniqueUserZone,OWM Zona3,2022-12-23 00:00:00+01:00,215.0,2022-12-23
uniqueUserZone,OWM Zona2,2022-12-23 00:00:00+01:00,90.0,2022-12-23
uniqueUserZone,OWM Zona1,2022-12-23 00:00:00+01:00,183.0,2022-12-23
uniqueUserZone,OWM Zona9,2022-12-22 01:00:00+01:00,98.0,2022-12-22
uniqueUserZone,OWM Zona8,2022-12-22 01:00:00+01:00,121.0,2022-12-22
uniqueUserZone,OWM Zona7,2022-12-22 01:00:00+01:00,88.0,2022-12-22
uniqueUserZone,OWM Zona6,2022-12-22 01:00:00+01:00,165.0,2022-12-22
uniqueUserZone,OWM Zona5,2022-12-22 01:00:00+01:00,97.0,2022-12-22
uniqueUserZone,OWM Zona4,2022-12-22 01:00:00+01:00,124.0,2022-12-22
uniqueUserZone,OWM Zona3,2022-12-22 01:00:00+01:00,222.0,2022-12-22
uniqueUserZone,OWM Zona2,2022-12-22 01:00:00+01:00,118.0,2022-12-22
uniqueUserZone,OWM Zona1,2022-12-22 01:00:00+01:00,216.0,2022-12-22
uniqueUserZone,OWM Zona9,2022-12-21 02:00:00+01:00,128.0,2022-12-21
uniqueUserZone,OWM Zona8,2022-12-21 02:00:00+01:00,143.0,2022-12-21
uniqueUserZone,OWM Zona7,2022-12-21 02:00:00+01:00,94.0,2022-12-21
uniqueUserZone,OWM Zona6,2022-12-21 02:00:00+01:00,199.0,2022-12-21
uniqueUserZone,OWM Zona5,2022-12-21 02:00:00+01:00,115.0,2022-12-21
uniqueUserZone,OWM Zona4,2022-12-21 02:00:00+01:00,133.0,2022-12-21
uniqueUserZone,OWM Zona3,2022-12-21 02:00:00+01:00,281.0,2022-12-21
uniqueUserZone,OWM Zona2,2022-12-21 02:00:00+01:00,127.0,2022-12-21
uniqueUserZone,OWM Zona1,2022-12-21 02:00:00+01:00,226.0,2022-12-21
uniqueUserZone,OWM Zona9,2022-12-20 03:00:00+01:00,100.0,2022-12-20
uniqueUserZone,OWM Zona8,2022-12-20 03:00:00+01:00,132.0,2022-12-20
uniqueUserZone,OWM Zona7,2022-12-20 03:00:00+01:00,102.0,2022-12-20
uniqueUserZone,OWM Zona6,2022-12-20 03:00:00+01:00,187.0,2022-12-20
uniqueUserZone,OWM Zona5,2022-12-20 03:00:00+01:00,116.0,2022-12-20
uniqueUserZone,OWM Zona4,2022-12-20 03:00:00+01:00,118.0,2022-12-20
uniqueUserZone,OWM Zona3,2022-12-20 03:00:00+01:00,261.0,2022-12-20
uniqueUserZone,OWM Zona2,2022-12-20 03:00:00+01:00,133.0,2022-12-20
uniqueUserZone,OWM Zona1,2022-12-20 03:00:00+01:00,214.0,2022-12-20
uniqueUserZone,OWM Zona9,2022-12-19 04:00:00+01:00,132.0,2022-12-19
uniqueUserZone,OWM Zona8,2022-12-19 04:00:00+01:00,157.0,2022-12-19
uniqueUserZone,OWM Zona7,2022-12-19 04:00:00+01:00,101.0,2022-12-19
uniqueUserZone,OWM Zona6,2022-12-19 04:00:00+01:00,181.0,2022-12-19
uniqueUserZone,OWM Zona5,2022-12-19 04:00:00+01:00,122.0,2022-12-19
uniqueUserZone,OWM Zona4,2022-12-19 04:00:00+01:00,126.0,2022-12-19
uniqueUserZone,OWM Zona3,2022-12-19 04:00:00+01:00,282.0,2022-12-19
uniqueUserZone,OWM Zona2,2022-12-19 04:00:00+01:00,141.0,2022-12-19
uniqueUserZone,OWM Zona1,2022-12-19 04:00:00+01:00,224.0,2022-12-19
uniqueUserZone,OWM Zona9,2022-12-18 05:00:00+01:00,134.0,2022-12-18
uniqueUserZone,OWM Zona8,2022-12-18 05:00:00+01:00,132.0,2022-12-18
uniqueUserZone,OWM Zona7,2022-12-18 05:00:00+01:00,98.0,2022-12-18
uniqueUserZone,OWM Zona6,2022-12-18 05:00:00+01:00,195.0,2022-12-18
uniqueUserZone,OWM Zona5,2022-12-18 05:00:00+01:00,114.0,2022-12-18
uniqueUserZone,OWM Zona4,2022-12-18 05:00:00+01:00,129.0,2022-12-18
uniqueUserZone,OWM Zona3,2022-12-18 05:00:00+01:00,286.0,2022-12-18
uniqueUserZone,OWM Zona2,2022-12-18 05:00:00+01:00,150.0,2022-12-18
uniqueUserZone,OWM Zona1,2022-12-18 05:00:00+01:00,212.0,2022-12-18
uniqueUserZone,OWM Zona9,2022-12-17 06:00:00+01:00,130.0,2022-12-17
uniqueUserZone,OWM Zona8,2022-12-17 06:00:00+01:00,149.0,2022-12-17
uniqueUserZone,OWM Zona7,2022-12-17 06:00:00+01:00,103.0,2022-12-17
uniqueUserZone,OWM Zona6,2022-12-17 06:00:00+01:00,206.0,2022-12-17
uniqueUserZone,OWM Zona5,2022-12-17 06:00:00+01:00,100.0,2022-12-17
uniqueUserZone,OWM Zona4,2022-12-17 06:00:00+01:00,118.0,2022-12-17
uniqueUserZone,OWM Zona3,2022-12-17 06:00:00+01:00,276.0,2022-12-17
uniqueUserZone,OWM Zona2,2022-12-17 06:00:00+01:00,131.0,2022-12-17
uniqueUserZone,OWM Zona1,2022-12-17 06:00:00+01:00,217.0,2022-12-17
uniqueUserZone,OWM Zona9,2022-12-16 07:00:00+01:00,85.0,2022-12-16
uniqueUserZone,OWM Zona8,2022-12-16 07:00:00+01:00,99.0,2022-12-16
uniqueUserZone,OWM Zona7,2022-12-16 07:00:00+01:00,67.0,2022-12-16
uniqueUserZone,OWM Zona6,2022-12-16 07:00:00+01:00,139.0,2022-12-16
uniqueUserZone,OWM Zona5,2022-12-16 07:00:00+01:00,68.0,2022-12-16
uniqueUserZone,OWM Zona4,2022-12-16 07:00:00+01:00,84.0,2022-12-16
uniqueUserZone,OWM Zona3,2022-12-16 07:00:00+01:00,178.0,2022-12-16
uniqueUserZone,OWM Zona2,2022-12-16 07:00:00+01:00,76.0,2022-12-16
uniqueUserZone,OWM Zona1,2022-12-16 07:00:00+01:00,135.0,2022-12-16
uniqueUserZone,OWM Zona9,2022-12-15 08:00:00+01:00,107.0,2022-12-15
uniqueUserZone,OWM Zona8,2022-12-15 08:00:00+01:00,111.0,2022-12-15
uniqueUserZone,OWM Zona7,2022-12-15 08:00:00+01:00,83.0,2022-12-15
uniqueUserZone,OWM Zona6,2022-12-15 08:00:00+01:00,173.0,2022-12-15
uniqueUserZone,OWM Zona5,2022-12-15 08:00:00+01:00,78.0,2022-12-15
uniqueUserZone,OWM Zona4,2022-12-15 08:00:00+01:00,91.0,2022-12-15
uniqueUserZone,OWM Zona3,2022-12-15 08:00:00+01:00,206.0,2022-12-15
uniqueUserZone,OWM Zona2,2022-12-15 08:00:00+01:00,95.0,2022-12-15
uniqueUserZone,OWM Zona1,2022-12-15 08:00:00+01:00,165.0,2022-12-15
uniqueUserZone,OWM Zona9,2022-12-14 09:00:00+01:00,75.0,2022-12-14
uniqueUserZone,OWM Zona8,2022-12-14 09:00:00+01:00,115.0,2022-12-14
uniqueUserZone,OWM Zona7,2022-12-14 09:00:00+01:00,81.0,2022-12-14
uniqueUserZone,OWM Zona6,2022-12-14 09:00:00+01:00,188.0,2022-12-14
uniqueUserZone,OWM Zona5,2022-12-14 09:00:00+01:00,75.0,2022-12-14
uniqueUserZone,OWM Zona4,2022-12-14 09:00:00+01:00,98.0,2022-12-14
uniqueUserZone,OWM Zona3,2022-12-14 09:00:00+01:00,205.0,2022-12-14
uniqueUserZone,OWM Zona2,2022-12-14 09:00:00+01:00,108.0,2022-12-14
uniqueUserZone,OWM Zona1,2022-12-14 09:00:00+01:00,160.0,2022-12-14
uniqueUserZone,OWM Zona9,2022-12-13 10:00:00+01:00,85.0,2022-12-13
uniqueUserZone,OWM Zona8,2022-12-13 10:00:00+01:00,87.0,2022-12-13
uniqueUserZone,OWM Zona7,2022-12-13 10:00:00+01:00,65.0,2022-12-13
uniqueUserZone,OWM Zona6,2022-12-13 10:00:00+01:00,135.0,2022-12-13
uniqueUserZone,OWM Zona5,2022-12-13 10:00:00+01:00,68.0,2022-12-13
uniqueUserZone,OWM Zona4,2022-12-13 10:00:00+01:00,81.0,2022-12-13
uniqueUserZone,OWM Zona3,2022-12-13 10:00:00+01:00,196.0,2022-12-13
uniqueUserZone,OWM Zona2,2022-12-13 10:00:00+01:00,93.0,2022-12-13
uniqueUserZone,OWM Zona1,2022-12-13 10:00:00+01:00,182.0,2022-12-13
uniqueUserZone,OWM Zona9,2022-12-12 11:00:00+01:00,88.0,2022-12-12
uniqueUserZone,OWM Zona8,2022-12-12 11:00:00+01:00,98.0,2022-12-12
uniqueUserZone,OWM Zona7,2022-12-12 11:00:00+01:00,79.0,2022-12-12
uniqueUserZone,OWM Zona6,2022-12-12 11:00:00+01:00,149.0,2022-12-12
uniqueUserZone,OWM Zona5,2022-12-12 11:00:00+01:00,77.0,2022-12-12
uniqueUserZone,OWM Zona4,2022-12-12 11:00:00+01:00,92.0,2022-12-12
uniqueUserZone,OWM Zona3,2022-12-12 11:00:00+01:00,222.0,2022-12-12
uniqueUserZone,OWM Zona2,2022-12-12 11:00:00+01:00,67.0,2022-12-12
uniqueUserZone,OWM Zona1,2022-12-12 11:00:00+01:00,215.0,2022-12-12
uniqueUserZone,OWM Zona9,2022-12-11 12:00:00+01:00,133.0,2022-12-11
uniqueUserZone,OWM Zona8,2022-12-11 12:00:00+01:00,151.0,2022-12-11
uniqueUserZone,OWM Zona7,2022-12-11 12:00:00+01:00,114.0,2022-12-11
uniqueUserZone,OWM Zona6,2022-12-11 12:00:00+01:00,222.0,2022-12-11
uniqueUserZone,OWM Zona5,2022-12-11 12:00:00+01:00,108.0,2022-12-11
uniqueUserZone,OWM Zona4,2022-12-11 12:00:00+01:00,127.0,2022-12-11
uniqueUserZone,OWM Zona3,2022-12-11 12:00:00+01:00,314.0,2022-12-11
uniqueUserZone,OWM Zona2,2022-12-11 12:00:00+01:00,157.0,2022-12-11
uniqueUserZone,OWM Zona1,2022-12-11 12:00:00+01:00,274.0,2022-12-11
uniqueUserZone,OWM Zona9,2022-12-10 13:00:00+01:00,110.0,2022-12-10
uniqueUserZone,OWM Zona8,2022-12-10 13:00:00+01:00,139.0,2022-12-10
uniqueUserZone,OWM Zona7,2022-12-10 13:00:00+01:00,98.0,2022-12-10
uniqueUserZone,OWM Zona6,2022-12-10 13:00:00+01:00,243.0,2022-12-10
uniqueUserZone,OWM Zona5,2022-12-10 13:00:00+01:00,109.0,2022-12-10
uniqueUserZone,OWM Zona4,2022-12-10 13:00:00+01:00,125.0,2022-12-10
uniqueUserZone,OWM Zona3,2022-12-10 13:00:00+01:00,294.0,2022-12-10
uniqueUserZone,OWM Zona2,2022-12-10 13:00:00+01:00,141.0,2022-12-10
uniqueUserZone,OWM Zona1,2022-12-10 13:00:00+01:00,215.0,2022-12-10
uniqueUserZone,OWM Zona9,2022-12-09 14:00:00+01:00,67.0,2022-12-09
uniqueUserZone,OWM Zona8,2022-12-09 14:00:00+01:00,82.0,2022-12-09
uniqueUserZone,OWM Zona7,2022-12-09 14:00:00+01:00,55.0,2022-12-09
uniqueUserZone,OWM Zona6,2022-12-09 14:00:00+01:00,158.0,2022-12-09
uniqueUserZone,OWM Zona5,2022-12-09 14:00:00+01:00,51.0,2022-12-09
uniqueUserZone,OWM Zona4,2022-12-09 14:00:00+01:00,86.0,2022-12-09
uniqueUserZone,OWM Zona3,2022-12-09 14:00:00+01:00,176.0,2022-12-09
uniqueUserZone,OWM Zona2,2022-12-09 14:00:00+01:00,76.0,2022-12-09
uniqueUserZone,OWM Zona1,2022-12-09 14:00:00+01:00,154.0,2022-12-09
uniqueUserZone,OWM Zona9,2022-12-08 15:00:00+01:00,107.0,2022-12-08
uniqueUserZone,OWM Zona8,2022-12-08 15:00:00+01:00,120.0,2022-12-08
uniqueUserZone,OWM Zona7,2022-12-08 15:00:00+01:00,89.0,2022-12-08
uniqueUserZone,OWM Zona6,2022-12-08 15:00:00+01:00,172.0,2022-12-08
uniqueUserZone,OWM Zona5,2022-12-08 15:00:00+01:00,98.0,2022-12-08
uniqueUserZone,OWM Zona4,2022-12-08 15:00:00+01:00,92.0,2022-12-08
uniqueUserZone,OWM Zona3,2022-12-08 15:00:00+01:00,200.0,2022-12-08
uniqueUserZone,OWM Zona2,2022-12-08 15:00:00+01:00,106.0,2022-12-08
uniqueUserZone,OWM Zona1,2022-12-08 15:00:00+01:00,150.0,2022-12-08
uniqueUserZone,OWM Zona9,2022-12-07 16:00:00+01:00,132.0,2022-12-07
uniqueUserZone,OWM Zona8,2022-12-07 16:00:00+01:00,139.0,2022-12-07
uniqueUserZone,OWM Zona7,2022-12-07 16:00:00+01:00,110.0,2022-12-07
uniqueUserZone,OWM Zona6,2022-12-07 16:00:00+01:00,232.0,2022-12-07
uniqueUserZone,OWM Zona5,2022-12-07 16:00:00+01:00,106.0,2022-12-07
uniqueUserZone,OWM Zona4,2022-12-07 16:00:00+01:00,132.0,2022-12-07
uniqueUserZone,OWM Zona3,2022-12-07 16:00:00+01:00,315.0,2022-12-07
uniqueUserZone,OWM Zona2,2022-12-07 16:00:00+01:00,152.0,2022-12-07
uniqueUserZone,OWM Zona1,2022-12-07 16:00:00+01:00,237.0,2022-12-07
uniqueUserZone,OWM Zona9,2022-12-06 17:00:00+01:00,135.0,2022-12-06
uniqueUserZone,OWM Zona8,2022-12-06 17:00:00+01:00,149.0,2022-12-06
uniqueUserZone,OWM Zona7,2022-12-06 17:00:00+01:00,121.0,2022-12-06
uniqueUserZone,OWM Zona6,2022-12-06 17:00:00+01:00,231.0,2022-12-06
uniqueUserZone,OWM Zona5,2022-12-06 17:00:00+01:00,125.0,2022-12-06
uniqueUserZone,OWM Zona4,2022-12-06 17:00:00+01:00,123.0,2022-12-06
uniqueUserZone,OWM Zona3,2022-12-06 17:00:00+01:00,306.0,2022-12-06
uniqueUserZone,OWM Zona2,2022-12-06 17:00:00+01:00,137.0,2022-12-06
uniqueUserZone,OWM Zona1,2022-12-06 17:00:00+01:00,273.0,2022-12-06
uniqueUserZone,OWM Zona9,2022-12-05 18:00:00+01:00,129.0,2022-12-05
uniqueUserZone,OWM Zona8,2022-12-05 18:00:00+01:00,156.0,2022-12-05
uniqueUserZone,OWM Zona7,2022-12-05 18:00:00+01:00,111.0,2022-12-05
uniqueUserZone,OWM Zona6,2022-12-05 18:00:00+01:00,234.0,2022-12-05
uniqueUserZone,OWM Zona5,2022-12-05 18:00:00+01:00,114.0,2022-12-05
uniqueUserZone,OWM Zona4,2022-12-05 18:00:00+01:00,129.0,2022-12-05
uniqueUserZone,OWM Zona3,2022-12-05 18:00:00+01:00,297.0,2022-12-05
uniqueUserZone,OWM Zona2,2022-12-05 18:00:00+01:00,143.0,2022-12-05
uniqueUserZone,OWM Zona1,2022-12-05 18:00:00+01:00,257.0,2022-12-05
uniqueUserZone,OWM Zona9,2022-12-04 19:00:00+01:00,141.0,2022-12-04
uniqueUserZone,OWM Zona8,2022-12-04 19:00:00+01:00,145.0,2022-12-04
uniqueUserZone,OWM Zona7,2022-12-04 19:00:00+01:00,114.0,2022-12-04
uniqueUserZone,OWM Zona6,2022-12-04 19:00:00+01:00,226.0,2022-12-04
uniqueUserZone,OWM Zona5,2022-12-04 19:00:00+01:00,129.0,2022-12-04
uniqueUserZone,OWM Zona4,2022-12-04 19:00:00+01:00,143.0,2022-12-04
uniqueUserZone,OWM Zona3,2022-12-04 19:00:00+01:00,283.0,2022-12-04
uniqueUserZone,OWM Zona2,2022-12-04 19:00:00+01:00,138.0,2022-12-04
uniqueUserZone,OWM Zona1,2022-12-04 19:00:00+01:00,253.0,2022-12-04
uniqueUserZone,OWM Zona9,2022-12-03 20:00:00+01:00,131.0,2022-12-03
uniqueUserZone,OWM Zona8,2022-12-03 20:00:00+01:00,154.0,2022-12-03
uniqueUserZone,OWM Zona7,2022-12-03 20:00:00+01:00,119.0,2022-12-03
uniqueUserZone,OWM Zona6,2022-12-03 20:00:00+01:00,246.0,2022-12-03
uniqueUserZone,OWM Zona5,2022-12-03 20:00:00+01:00,112.0,2022-12-03
uniqueUserZone,OWM Zona4,2022-12-03 20:00:00+01:00,122.0,2022-12-03
uniqueUserZone,OWM Zona3,2022-12-03 20:00:00+01:00,275.0,2022-12-03
uniqueUserZone,OWM Zona2,2022-12-03 20:00:00+01:00,120.0,2022-12-03
uniqueUserZone,OWM Zona1,2022-12-03 20:00:00+01:00,247.0,2022-12-03
uniqueUserZone,OWM Zona9,2022-12-02 21:00:00+01:00,89.0,2022-12-02
uniqueUserZone,OWM Zona8,2022-12-02 21:00:00+01:00,111.0,2022-12-02
uniqueUserZone,OWM Zona7,2022-12-02 21:00:00+01:00,71.0,2022-12-02
uniqueUserZone,OWM Zona6,2022-12-02 21:00:00+01:00,187.0,2022-12-02
uniqueUserZone,OWM Zona5,2022-12-02 21:00:00+01:00,65.0,2022-12-02
uniqueUserZone,OWM Zona4,2022-12-02 21:00:00+01:00,99.0,2022-12-02
uniqueUserZone,OWM Zona3,2022-12-02 21:00:00+01:00,210.0,2022-12-02
uniqueUserZone,OWM Zona2,2022-12-02 21:00:00+01:00,101.0,2022-12-02
uniqueUserZone,OWM Zona1,2022-12-02 21:00:00+01:00,183.0,2022-12-02
uniqueUserZone,OWM Zona9,2022-12-01 22:00:00+01:00,116.0,2022-12-01
uniqueUserZone,OWM Zona8,2022-12-01 22:00:00+01:00,150.0,2022-12-01
uniqueUserZone,OWM Zona7,2022-12-01 22:00:00+01:00,106.0,2022-12-01
uniqueUserZone,OWM Zona6,2022-12-01 22:00:00+01:00,251.0,2022-12-01
uniqueUserZone,OWM Zona5,2022-12-01 22:00:00+01:00,94.0,2022-12-01
uniqueUserZone,OWM Zona4,2022-12-01 22:00:00+01:00,121.0,2022-12-01
uniqueUserZone,OWM Zona3,2022-12-01 22:00:00+01:00,260.0,2022-12-01
uniqueUserZone,OWM Zona2,2022-12-01 22:00:00+01:00,112.0,2022-12-01
uniqueUserZone,OWM Zona1,2022-12-01 22:00:00+01:00,219.0,2022-12-01
uniqueUserZone,OWM Zona9,2022-11-30 23:00:00+01:00,128.0,2022-11-30
uniqueUserZone,OWM Zona8,2022-11-30 23:00:00+01:00,150.0,2022-11-30
uniqueUserZone,OWM Zona7,2022-11-30 23:00:00+01:00,133.0,2022-11-30
uniqueUserZone,OWM Zona6,2022-11-30 23:00:00+01:00,252.0,2022-11-30
uniqueUserZone,OWM Zona5,2022-11-30 23:00:00+01:00,128.0,2022-11-30
uniqueUserZone,OWM Zona4,2022-11-30 23:00:00+01:00,144.0,2022-11-30
uniqueUserZone,OWM Zona3,2022-11-30 23:00:00+01:00,306.0,2022-11-30
uniqueUserZone,OWM Zona2,2022-11-30 23:00:00+01:00,152.0,2022-11-30
uniqueUserZone,OWM Zona1,2022-11-30 23:00:00+01:00,270.0,2022-11-30
uniqueUserZone,OWM Zona9,2022-11-30 00:00:00+01:00,117.0,2022-11-30
uniqueUserZone,OWM Zona8,2022-11-30 00:00:00+01:00,154.0,2022-11-30
uniqueUserZone,OWM Zona7,2022-11-30 00:00:00+01:00,108.0,2022-11-30
uniqueUserZone,OWM Zona6,2022-11-30 00:00:00+01:00,237.0,2022-11-30
uniqueUserZone,OWM Zona5,2022-11-30 00:00:00+01:00,111.0,2022-11-30
uniqueUserZone,OWM Zona4,2022-11-30 00:00:00+01:00,123.0,2022-11-30
uniqueUserZone,OWM Zona3,2022-11-30 00:00:00+01:00,296.0,2022-11-30
uniqueUserZone,OWM Zona2,2022-11-30 00:00:00+01:00,138.0,2022-11-30
uniqueUserZone,OWM Zona1,2022-11-30 00:00:00+01:00,282.0,2022-11-30
uniqueUserZone,OWM Zona9,2022-11-29 01:00:00+01:00,122.0,2022-11-29
uniqueUserZone,OWM Zona8,2022-11-29 01:00:00+01:00,160.0,2022-11-29
uniqueUserZone,OWM Zona7,2022-11-29 01:00:00+01:00,96.0,2022-11-29
uniqueUserZone,OWM Zona6,2022-11-29 01:00:00+01:00,240.0,2022-11-29
uniqueUserZone,OWM Zona5,2022-11-29 01:00:00+01:00,119.0,2022-11-29
uniqueUserZone,OWM Zona4,2022-11-29 01:00:00+01:00,130.0,2022-11-29
uniqueUserZone,OWM Zona3,2022-11-29 01:00:00+01:00,276.0,2022-11-29
uniqueUserZone,OWM Zona2,2022-11-29 01:00:00+01:00,132.0,2022-11-29
uniqueUserZone,OWM Zona1,2022-11-29 01:00:00+01:00,252.0,2022-11-29
uniqueUserZone,OWM Zona9,2022-11-28 02:00:00+01:00,115.0,2022-11-28
uniqueUserZone,OWM Zona8,2022-11-28 02:00:00+01:00,142.0,2022-11-28
uniqueUserZone,OWM Zona7,2022-11-28 02:00:00+01:00,84.0,2022-11-28
uniqueUserZone,OWM Zona6,2022-11-28 02:00:00+01:00,211.0,2022-11-28
uniqueUserZone,OWM Zona5,2022-11-28 02:00:00+01:00,113.0,2022-11-28
uniqueUserZone,OWM Zona4,2022-11-28 02:00:00+01:00,123.0,2022-11-28
uniqueUserZone,OWM Zona3,2022-11-28 02:00:00+01:00,273.0,2022-11-28
uniqueUserZone,OWM Zona2,2022-11-28 02:00:00+01:00,125.0,2022-11-28
uniqueUserZone,OWM Zona1,2022-11-28 02:00:00+01:00,220.0,2022-11-28
uniqueUserZone,OWM Zona9,2022-11-27 03:00:00+01:00,121.0,2022-11-27
uniqueUserZone,OWM Zona8,2022-11-27 03:00:00+01:00,143.0,2022-11-27
uniqueUserZone,OWM Zona7,2022-11-27 03:00:00+01:00,87.0,2022-11-27
uniqueUserZone,OWM Zona6,2022-11-27 03:00:00+01:00,215.0,2022-11-27
uniqueUserZone,OWM Zona5,2022-11-27 03:00:00+01:00,110.0,2022-11-27
uniqueUserZone,OWM Zona4,2022-11-27 03:00:00+01:00,110.0,2022-11-27
uniqueUserZone,OWM Zona3,2022-11-27 03:00:00+01:00,296.0,2022-11-27
uniqueUserZone,OWM Zona2,2022-11-27 03:00:00+01:00,134.0,2022-11-27
uniqueUserZone,OWM Zona1,2022-11-27 03:00:00+01:00,228.0,2022-11-27
uniqueUserZone,OWM Zona9,2022-11-26 04:00:00+01:00,74.0,2022-11-26
uniqueUserZone,OWM Zona8,2022-11-26 04:00:00+01:00,124.0,2022-11-26
uniqueUserZone,OWM Zona7,2022-11-26 04:00:00+01:00,67.0,2022-11-26
uniqueUserZone,OWM Zona6,2022-11-26 04:00:00+01:00,208.0,2022-11-26
uniqueUserZone,OWM Zona5,2022-11-26 04:00:00+01:00,56.0,2022-11-26
uniqueUserZone,OWM Zona4,2022-11-26 04:00:00+01:00,93.0,2022-11-26
uniqueUserZone,OWM Zona3,2022-11-26 04:00:00+01:00,242.0,2022-11-26
uniqueUserZone,OWM Zona2,2022-11-26 04:00:00+01:00,89.0,2022-11-26
uniqueUserZone,OWM Zona1,2022-11-26 04:00:00+01:00,219.0,2022-11-26
uniqueUserZone,OWM Zona9,2022-11-25 05:00:00+01:00,100.0,2022-11-25
uniqueUserZone,OWM Zona8,2022-11-25 05:00:00+01:00,121.0,2022-11-25
uniqueUserZone,OWM Zona7,2022-11-25 05:00:00+01:00,77.0,2022-11-25
uniqueUserZone,OWM Zona6,2022-11-25 05:00:00+01:00,247.0,2022-11-25
uniqueUserZone,OWM Zona5,2022-11-25 05:00:00+01:00,88.0,2022-11-25
uniqueUserZone,OWM Zona4,2022-11-25 05:00:00+01:00,109.0,2022-11-25
uniqueUserZone,OWM Zona3,2022-11-25 05:00:00+01:00,273.0,2022-11-25
uniqueUserZone,OWM Zona2,2022-11-25 05:00:00+01:00,113.0,2022-11-25
uniqueUserZone,OWM Zona1,2022-11-25 05:00:00+01:00,205.0,2022-11-25
uniqueUserZone,OWM Zona9,2022-11-24 06:00:00+01:00,150.0,2022-11-24
uniqueUserZone,OWM Zona8,2022-11-24 06:00:00+01:00,154.0,2022-11-24
uniqueUserZone,OWM Zona7,2022-11-24 06:00:00+01:00,108.0,2022-11-24
uniqueUserZone,OWM Zona6,2022-11-24 06:00:00+01:00,245.0,2022-11-24
uniqueUserZone,OWM Zona5,2022-11-24 06:00:00+01:00,122.0,2022-11-24
uniqueUserZone,OWM Zona4,2022-11-24 06:00:00+01:00,147.0,2022-11-24
uniqueUserZone,OWM Zona3,2022-11-24 06:00:00+01:00,324.0,2022-11-24
uniqueUserZone,OWM Zona2,2022-11-24 06:00:00+01:00,121.0,2022-11-24
uniqueUserZone,OWM Zona1,2022-11-24 06:00:00+01:00,270.0,2022-11-24
uniqueUserZone,OWM Zona9,2022-11-23 07:00:00+01:00,126.0,2022-11-23
uniqueUserZone,OWM Zona8,2022-11-23 07:00:00+01:00,141.0,2022-11-23
uniqueUserZone,OWM Zona7,2022-11-23 07:00:00+01:00,93.0,2022-11-23
uniqueUserZone,OWM Zona6,2022-11-23 07:00:00+01:00,249.0,2022-11-23
uniqueUserZone,OWM Zona5,2022-11-23 07:00:00+01:00,126.0,2022-11-23
uniqueUserZone,OWM Zona4,2022-11-23 07:00:00+01:00,116.0,2022-11-23
uniqueUserZone,OWM Zona3,2022-11-23 07:00:00+01:00,316.0,2022-11-23
uniqueUserZone,OWM Zona2,2022-11-23 07:00:00+01:00,150.0,2022-11-23
uniqueUserZone,OWM Zona1,2022-11-23 07:00:00+01:00,226.0,2022-11-23
uniqueUserZone,OWM Zona9,2022-11-22 08:00:00+01:00,108.0,2022-11-22
uniqueUserZone,OWM Zona8,2022-11-22 08:00:00+01:00,114.0,2022-11-22
uniqueUserZone,OWM Zona7,2022-11-22 08:00:00+01:00,64.0,2022-11-22
uniqueUserZone,OWM Zona6,2022-11-22 08:00:00+01:00,169.0,2022-11-22
uniqueUserZone,OWM Zona5,2022-11-22 08:00:00+01:00,82.0,2022-11-22
uniqueUserZone,OWM Zona4,2022-11-22 08:00:00+01:00,78.0,2022-11-22
uniqueUserZone,OWM Zona3,2022-11-22 08:00:00+01:00,229.0,2022-11-22
uniqueUserZone,OWM Zona2,2022-11-22 08:00:00+01:00,94.0,2022-11-22
uniqueUserZone,OWM Zona1,2022-11-22 08:00:00+01:00,180.0,2022-11-22
uniqueUserZone,OWM Zona9,2022-11-21 09:00:00+01:00,117.0,2022-11-21
uniqueUserZone,OWM Zona8,2022-11-21 09:00:00+01:00,130.0,2022-11-21
uniqueUserZone,OWM Zona7,2022-11-21 09:00:00+01:00,96.0,2022-11-21
uniqueUserZone,OWM Zona6,2022-11-21 09:00:00+01:00,206.0,2022-11-21
uniqueUserZone,OWM Zona5,2022-11-21 09:00:00+01:00,109.0,2022-11-21
uniqueUserZone,OWM Zona4,2022-11-21 09:00:00+01:00,106.0,2022-11-21
uniqueUserZone,OWM Zona3,2022-11-21 09:00:00+01:00,277.0,2022-11-21
uniqueUserZone,OWM Zona2,2022-11-21 09:00:00+01:00,142.0,2022-11-21
uniqueUserZone,OWM Zona1,2022-11-21 09:00:00+01:00,207.0,2022-11-21
uniqueUserZone,OWM Zona9,2022-11-20 10:00:00+01:00,128.0,2022-11-20
uniqueUserZone,OWM Zona8,2022-11-20 10:00:00+01:00,157.0,2022-11-20
uniqueUserZone,OWM Zona7,2022-11-20 10:00:00+01:00,93.0,2022-11-20
uniqueUserZone,OWM Zona6,2022-11-20 10:00:00+01:00,243.0,2022-11-20
uniqueUserZone,OWM Zona5,2022-11-20 10:00:00+01:00,103.0,2022-11-20
uniqueUserZone,OWM Zona4,2022-11-20 10:00:00+01:00,118.0,2022-11-20
uniqueUserZone,OWM Zona3,2022-11-20 10:00:00+01:00,299.0,2022-11-20
uniqueUserZone,OWM Zona2,2022-11-20 10:00:00+01:00,125.0,2022-11-20
uniqueUserZone,OWM Zona1,2022-11-20 10:00:00+01:00,245.0,2022-11-20
uniqueUserZone,OWM Zona9,2022-11-19 11:00:00+01:00,86.0,2022-11-19
uniqueUserZone,OWM Zona8,2022-11-19 11:00:00+01:00,102.0,2022-11-19
uniqueUserZone,OWM Zona7,2022-11-19 11:00:00+01:00,69.0,2022-11-19
uniqueUserZone,OWM Zona6,2022-11-19 11:00:00+01:00,195.0,2022-11-19
uniqueUserZone,OWM Zona5,2022-11-19 11:00:00+01:00,72.0,2022-11-19
uniqueUserZone,OWM Zona4,2022-11-19 11:00:00+01:00,110.0,2022-11-19
uniqueUserZone,OWM Zona3,2022-11-19 11:00:00+01:00,222.0,2022-11-19
uniqueUserZone,OWM Zona2,2022-11-19 11:00:00+01:00,113.0,2022-11-19
uniqueUserZone,OWM Zona1,2022-11-19 11:00:00+01:00,171.0,2022-11-19
uniqueUserZone,OWM Zona9,2022-11-18 12:00:00+01:00,117.0,2022-11-18
uniqueUserZone,OWM Zona8,2022-11-18 12:00:00+01:00,121.0,2022-11-18
uniqueUserZone,OWM Zona7,2022-11-18 12:00:00+01:00,85.0,2022-11-18
uniqueUserZone,OWM Zona6,2022-11-18 12:00:00+01:00,230.0,2022-11-18
uniqueUserZone,OWM Zona5,2022-11-18 12:00:00+01:00,101.0,2022-11-18
uniqueUserZone,OWM Zona4,2022-11-18 12:00:00+01:00,118.0,2022-11-18
uniqueUserZone,OWM Zona3,2022-11-18 12:00:00+01:00,250.0,2022-11-18
uniqueUserZone,OWM Zona2,2022-11-18 12:00:00+01:00,109.0,2022-11-18
uniqueUserZone,OWM Zona1,2022-11-18 12:00:00+01:00,221.0,2022-11-18
uniqueUserZone,OWM Zona9,2022-11-17 13:00:00+01:00,137.0,2022-11-17
uniqueUserZone,OWM Zona8,2022-11-17 13:00:00+01:00,146.0,2022-11-17
uniqueUserZone,OWM Zona7,2022-11-17 13:00:00+01:00,106.0,2022-11-17
uniqueUserZone,OWM Zona6,2022-11-17 13:00:00+01:00,273.0,2022-11-17
uniqueUserZone,OWM Zona5,2022-11-17 13:00:00+01:00,126.0,2022-11-17
uniqueUserZone,OWM Zona4,2022-11-17 13:00:00+01:00,135.0,2022-11-17
uniqueUserZone,OWM Zona3,2022-11-17 13:00:00+01:00,319.0,2022-11-17
uniqueUserZone,OWM Zona2,2022-11-17 13:00:00+01:00,132.0,2022-11-17
uniqueUserZone,OWM Zona1,2022-11-17 13:00:00+01:00,266.0,2022-11-17
uniqueUserZone,OWM Zona9,2022-11-16 14:00:00+01:00,127.0,2022-11-16
uniqueUserZone,OWM Zona8,2022-11-16 14:00:00+01:00,164.0,2022-11-16
uniqueUserZone,OWM Zona7,2022-11-16 14:00:00+01:00,93.0,2022-11-16
uniqueUserZone,OWM Zona6,2022-11-16 14:00:00+01:00,264.0,2022-11-16
uniqueUserZone,OWM Zona5,2022-11-16 14:00:00+01:00,130.0,2022-11-16
uniqueUserZone,OWM Zona4,2022-11-16 14:00:00+01:00,154.0,2022-11-16
uniqueUserZone,OWM Zona3,2022-11-16 14:00:00+01:00,309.0,2022-11-16
uniqueUserZone,OWM Zona2,2022-11-16 14:00:00+01:00,125.0,2022-11-16
uniqueUserZone,OWM Zona1,2022-11-16 14:00:00+01:00,241.0,2022-11-16
uniqueUserZone,OWM Zona9,2022-11-15 15:00:00+01:00,118.0,2022-11-15
uniqueUserZone,OWM Zona8,2022-11-15 15:00:00+01:00,143.0,2022-11-15
uniqueUserZone,OWM Zona7,2022-11-15 15:00:00+01:00,92.0,2022-11-15
uniqueUserZone,OWM Zona6,2022-11-15 15:00:00+01:00,236.0,2022-11-15
uniqueUserZone,OWM Zona5,2022-11-15 15:00:00+01:00,134.0,2022-11-15
uniqueUserZone,OWM Zona4,2022-11-15 15:00:00+01:00,140.0,2022-11-15
uniqueUserZone,OWM Zona3,2022-11-15 15:00:00+01:00,281.0,2022-11-15
uniqueUserZone,OWM Zona2,2022-11-15 15:00:00+01:00,129.0,2022-11-15
uniqueUserZone,OWM Zona1,2022-11-15 15:00:00+01:00,242.0,2022-11-15
uniqueUserZone,OWM Zona9,2022-11-14 16:00:00+01:00,127.0,2022-11-14
uniqueUserZone,OWM Zona8,2022-11-14 16:00:00+01:00,136.0,2022-11-14
uniqueUserZone,OWM Zona7,2022-11-14 16:00:00+01:00,99.0,2022-11-14
uniqueUserZone,OWM Zona6,2022-11-14 16:00:00+01:00,243.0,2022-11-14
uniqueUserZone,OWM Zona5,2022-11-14 16:00:00+01:00,132.0,2022-11-14
uniqueUserZone,OWM Zona4,2022-11-14 16:00:00+01:00,150.0,2022-11-14
uniqueUserZone,OWM Zona3,2022-11-14 16:00:00+01:00,307.0,2022-11-14
uniqueUserZone,OWM Zona2,2022-11-14 16:00:00+01:00,127.0,2022-11-14
uniqueUserZone,OWM Zona1,2022-11-14 16:00:00+01:00,247.0,2022-11-14
uniqueUserZone,OWM Zona9,2022-11-13 17:00:00+01:00,141.0,2022-11-13
uniqueUserZone,OWM Zona8,2022-11-13 17:00:00+01:00,165.0,2022-11-13
uniqueUserZone,OWM Zona7,2022-11-13 17:00:00+01:00,97.0,2022-11-13
uniqueUserZone,OWM Zona6,2022-11-13 17:00:00+01:00,232.0,2022-11-13
uniqueUserZone,OWM Zona5,2022-11-13 17:00:00+01:00,100.0,2022-11-13
uniqueUserZone,OWM Zona4,2022-11-13 17:00:00+01:00,154.0,2022-11-13
uniqueUserZone,OWM Zona3,2022-11-13 17:00:00+01:00,318.0,2022-11-13
uniqueUserZone,OWM Zona2,2022-11-13 17:00:00+01:00,121.0,2022-11-13
uniqueUserZone,OWM Zona1,2022-11-13 17:00:00+01:00,243.0,2022-11-13
uniqueUserZone,OWM Zona9,2022-11-12 18:00:00+01:00,86.0,2022-11-12
uniqueUserZone,OWM Zona8,2022-11-12 18:00:00+01:00,107.0,2022-11-12
uniqueUserZone,OWM Zona7,2022-11-12 18:00:00+01:00,61.0,2022-11-12
uniqueUserZone,OWM Zona6,2022-11-12 18:00:00+01:00,205.0,2022-11-12
uniqueUserZone,OWM Zona5,2022-11-12 18:00:00+01:00,74.0,2022-11-12
uniqueUserZone,OWM Zona4,2022-11-12 18:00:00+01:00,84.0,2022-11-12
uniqueUserZone,OWM Zona3,2022-11-12 18:00:00+01:00,231.0,2022-11-12
uniqueUserZone,OWM Zona2,2022-11-12 18:00:00+01:00,102.0,2022-11-12
uniqueUserZone,OWM Zona1,2022-11-12 18:00:00+01:00,160.0,2022-11-12
uniqueUserZone,OWM Zona9,2022-11-11 19:00:00+01:00,112.0,2022-11-11
uniqueUserZone,OWM Zona8,2022-11-11 19:00:00+01:00,161.0,2022-11-11
uniqueUserZone,OWM Zona7,2022-11-11 19:00:00+01:00,77.0,2022-11-11
uniqueUserZone,OWM Zona6,2022-11-11 19:00:00+01:00,259.0,2022-11-11
uniqueUserZone,OWM Zona5,2022-11-11 19:00:00+01:00,96.0,2022-11-11
uniqueUserZone,OWM Zona4,2022-11-11 19:00:00+01:00,135.0,2022-11-11
uniqueUserZone,OWM Zona3,2022-11-11 19:00:00+01:00,305.0,2022-11-11
uniqueUserZone,OWM Zona2,2022-11-11 19:00:00+01:00,124.0,2022-11-11
uniqueUserZone,OWM Zona1,2022-11-11 19:00:00+01:00,228.0,2022-11-11
uniqueUserZone,OWM Zona9,2022-11-10 20:00:00+01:00,118.0,2022-11-10
uniqueUserZone,OWM Zona8,2022-11-10 20:00:00+01:00,177.0,2022-11-10
uniqueUserZone,OWM Zona7,2022-11-10 20:00:00+01:00,86.0,2022-11-10
uniqueUserZone,OWM Zona6,2022-11-10 20:00:00+01:00,268.0,2022-11-10
uniqueUserZone,OWM Zona5,2022-11-10 20:00:00+01:00,128.0,2022-11-10
uniqueUserZone,OWM Zona4,2022-11-10 20:00:00+01:00,142.0,2022-11-10
uniqueUserZone,OWM Zona3,2022-11-10 20:00:00+01:00,330.0,2022-11-10
uniqueUserZone,OWM Zona2,2022-11-10 20:00:00+01:00,144.0,2022-11-10
uniqueUserZone,OWM Zona1,2022-11-10 20:00:00+01:00,263.0,2022-11-10
uniqueUserZone,OWM Zona9,2022-11-09 21:00:00+01:00,126.0,2022-11-09
uniqueUserZone,OWM Zona8,2022-11-09 21:00:00+01:00,145.0,2022-11-09
uniqueUserZone,OWM Zona7,2022-11-09 21:00:00+01:00,89.0,2022-11-09
uniqueUserZone,OWM Zona6,2022-11-09 21:00:00+01:00,252.0,2022-11-09
uniqueUserZone,OWM Zona5,2022-11-09 21:00:00+01:00,127.0,2022-11-09
uniqueUserZone,OWM Zona4,2022-11-09 21:00:00+01:00,154.0,2022-11-09
uniqueUserZone,OWM Zona3,2022-11-09 21:00:00+01:00,276.0,2022-11-09
uniqueUserZone,OWM Zona2,2022-11-09 21:00:00+01:00,128.0,2022-11-09
uniqueUserZone,OWM Zona1,2022-11-09 21:00:00+01:00,252.0,2022-11-09
uniqueUserZone,OWM Zona9,2022-11-08 22:00:00+01:00,128.0,2022-11-08
uniqueUserZone,OWM Zona8,2022-11-08 22:00:00+01:00,166.0,2022-11-08
uniqueUserZone,OWM Zona7,2022-11-08 22:00:00+01:00,96.0,2022-11-08
uniqueUserZone,OWM Zona6,2022-11-08 22:00:00+01:00,267.0,2022-11-08
uniqueUserZone,OWM Zona5,2022-11-08 22:00:00+01:00,115.0,2022-11-08
uniqueUserZone,OWM Zona4,2022-11-08 22:00:00+01:00,140.0,2022-11-08
uniqueUserZone,OWM Zona3,2022-11-08 22:00:00+01:00,314.0,2022-11-08
uniqueUserZone,OWM Zona2,2022-11-08 22:00:00+01:00,146.0,2022-11-08
uniqueUserZone,OWM Zona1,2022-11-08 22:00:00+01:00,245.0,2022-11-08
uniqueUserZone,OWM Zona9,2022-11-07 23:00:00+01:00,84.0,2022-11-07
uniqueUserZone,OWM Zona8,2022-11-07 23:00:00+01:00,120.0,2022-11-07
uniqueUserZone,OWM Zona7,2022-11-07 23:00:00+01:00,55.0,2022-11-07
uniqueUserZone,OWM Zona6,2022-11-07 23:00:00+01:00,171.0,2022-11-07
uniqueUserZone,OWM Zona5,2022-11-07 23:00:00+01:00,60.0,2022-11-07
uniqueUserZone,OWM Zona4,2022-11-07 23:00:00+01:00,98.0,2022-11-07
uniqueUserZone,OWM Zona3,2022-11-07 23:00:00+01:00,224.0,2022-11-07
uniqueUserZone,OWM Zona2,2022-11-07 23:00:00+01:00,89.0,2022-11-07
uniqueUserZone,OWM Zona1,2022-11-07 23:00:00+01:00,141.0,2022-11-07
uniqueUserZone,OWM Zona9,2022-11-07 00:00:00+01:00,107.0,2022-11-07
uniqueUserZone,OWM Zona8,2022-11-07 00:00:00+01:00,131.0,2022-11-07
uniqueUserZone,OWM Zona7,2022-11-07 00:00:00+01:00,77.0,2022-11-07
uniqueUserZone,OWM Zona6,2022-11-07 00:00:00+01:00,250.0,2022-11-07
uniqueUserZone,OWM Zona5,2022-11-07 00:00:00+01:00,87.0,2022-11-07
uniqueUserZone,OWM Zona4,2022-11-07 00:00:00+01:00,122.0,2022-11-07
uniqueUserZone,OWM Zona3,2022-11-07 00:00:00+01:00,242.0,2022-11-07
uniqueUserZone,OWM Zona2,2022-11-07 00:00:00+01:00,118.0,2022-11-07
uniqueUserZone,OWM Zona1,2022-11-07 00:00:00+01:00,192.0,2022-11-07
uniqueUserZone,OWM Zona9,2022-11-03 08:00:00+01:00,128.0,2022-11-03
uniqueUserZone,OWM Zona8,2022-11-03 08:00:00+01:00,154.0,2022-11-03
uniqueUserZone,OWM Zona7,2022-11-03 08:00:00+01:00,91.0,2022-11-03
uniqueUserZone,OWM Zona6,2022-11-03 08:00:00+01:00,257.0,2022-11-03
uniqueUserZone,OWM Zona5,2022-11-03 08:00:00+01:00,121.0,2022-11-03
uniqueUserZone,OWM Zona4,2022-11-03 08:00:00+01:00,132.0,2022-11-03
uniqueUserZone,OWM Zona3,2022-11-03 08:00:00+01:00,290.0,2022-11-03
uniqueUserZone,OWM Zona2,2022-11-03 08:00:00+01:00,125.0,2022-11-03
uniqueUserZone,OWM Zona1,2022-11-03 08:00:00+01:00,220.0,2022-11-03
uniqueUserZone,OWM Zona9,2022-11-02 21:00:00+01:00,95.0,2022-11-02
uniqueUserZone,OWM Zona8,2022-11-02 21:00:00+01:00,111.0,2022-11-02
uniqueUserZone,OWM Zona7,2022-11-02 21:00:00+01:00,64.0,2022-11-02
uniqueUserZone,OWM Zona6,2022-11-02 21:00:00+01:00,230.0,2022-11-02
uniqueUserZone,OWM Zona5,2022-11-02 21:00:00+01:00,77.0,2022-11-02
uniqueUserZone,OWM Zona4,2022-11-02 21:00:00+01:00,109.0,2022-11-02
uniqueUserZone,OWM Zona3,2022-11-02 21:00:00+01:00,213.0,2022-11-02
uniqueUserZone,OWM Zona2,2022-11-02 21:00:00+01:00,98.0,2022-11-02
uniqueUserZone,OWM Zona1,2022-11-02 21:00:00+01:00,162.0,2022-11-02
uniqueUserZone,OWM Zona9,2022-11-02 10:00:00+01:00,119.0,2022-11-02
uniqueUserZone,OWM Zona8,2022-11-02 10:00:00+01:00,147.0,2022-11-02
uniqueUserZone,OWM Zona7,2022-11-02 10:00:00+01:00,71.0,2022-11-02
uniqueUserZone,OWM Zona6,2022-11-02 10:00:00+01:00,272.0,2022-11-02
uniqueUserZone,OWM Zona5,2022-11-02 10:00:00+01:00,109.0,2022-11-02
uniqueUserZone,OWM Zona4,2022-11-02 10:00:00+01:00,142.0,2022-11-02
uniqueUserZone,OWM Zona3,2022-11-02 10:00:00+01:00,260.0,2022-11-02
uniqueUserZone,OWM Zona2,2022-11-02 10:00:00+01:00,123.0,2022-11-02
uniqueUserZone,OWM Zona1,2022-11-02 10:00:00+01:00,189.0,2022-11-02
uniqueUserZone,OWM Zona9,2022-11-01 23:00:00+01:00,122.0,2022-11-01
uniqueUserZone,OWM Zona8,2022-11-01 23:00:00+01:00,168.0,2022-11-01
uniqueUserZone,OWM Zona7,2022-11-01 23:00:00+01:00,95.0,2022-11-01
uniqueUserZone,OWM Zona6,2022-11-01 23:00:00+01:00,249.0,2022-11-01
uniqueUserZone,OWM Zona5,2022-11-01 23:00:00+01:00,128.0,2022-11-01
uniqueUserZone,OWM Zona4,2022-11-01 23:00:00+01:00,134.0,2022-11-01
uniqueUserZone,OWM Zona3,2022-11-01 23:00:00+01:00,309.0,2022-11-01
uniqueUserZone,OWM Zona2,2022-11-01 23:00:00+01:00,126.0,2022-11-01
uniqueUserZone,OWM Zona1,2022-11-01 23:00:00+01:00,217.0,2022-11-01
uniqueUserZone,OWM Zona9,2022-11-01 12:00:00+01:00,138.0,2022-11-01
uniqueUserZone,OWM Zona8,2022-11-01 12:00:00+01:00,171.0,2022-11-01
uniqueUserZone,OWM Zona7,2022-11-01 12:00:00+01:00,88.0,2022-11-01
uniqueUserZone,OWM Zona6,2022-11-01 12:00:00+01:00,301.0,2022-11-01
uniqueUserZone,OWM Zona5,2022-11-01 12:00:00+01:00,132.0,2022-11-01
uniqueUserZone,OWM Zona4,2022-11-01 12:00:00+01:00,137.0,2022-11-01
uniqueUserZone,OWM Zona3,2022-11-01 12:00:00+01:00,308.0,2022-11-01
uniqueUserZone,OWM Zona2,2022-11-01 12:00:00+01:00,146.0,2022-11-01
uniqueUserZone,OWM Zona1,2022-11-01 12:00:00+01:00,274.0,2022-11-01
uniqueUserZone,OWM Zona9,2022-11-01 01:00:00+01:00,145.0,2022-11-01
uniqueUserZone,OWM Zona8,2022-11-01 01:00:00+01:00,183.0,2022-11-01
uniqueUserZone,OWM Zona7,2022-11-01 01:00:00+01:00,92.0,2022-11-01
uniqueUserZone,OWM Zona6,2022-11-01 01:00:00+01:00,259.0,2022-11-01
uniqueUserZone,OWM Zona5,2022-11-01 01:00:00+01:00,124.0,2022-11-01
uniqueUserZone,OWM Zona4,2022-11-01 01:00:00+01:00,168.0,2022-11-01
uniqueUserZone,OWM Zona3,2022-11-01 01:00:00+01:00,338.0,2022-11-01
uniqueUserZone,OWM Zona2,2022-11-01 01:00:00+01:00,125.0,2022-11-01
uniqueUserZone,OWM Zona1,2022-11-01 01:00:00+01:00,253.0,2022-11-01
uniqueUserZone,OWM Zona9,2022-10-31 14:00:00+01:00,144.0,2022-10-31
uniqueUserZone,OWM Zona8,2022-10-31 14:00:00+01:00,174.0,2022-10-31
uniqueUserZone,OWM Zona7,2022-10-31 14:00:00+01:00,90.0,2022-10-31
uniqueUserZone,OWM Zona6,2022-10-31 14:00:00+01:00,296.0,2022-10-31
uniqueUserZone,OWM Zona5,2022-10-31 14:00:00+01:00,120.0,2022-10-31
uniqueUserZone,OWM Zona4,2022-10-31 14:00:00+01:00,140.0,2022-10-31
uniqueUserZone,OWM Zona3,2022-10-31 14:00:00+01:00,312.0,2022-10-31
uniqueUserZone,OWM Zona2,2022-10-31 14:00:00+01:00,125.0,2022-10-31
uniqueUserZone,OWM Zona1,2022-10-31 14:00:00+01:00,251.0,2022-10-31
uniqueUserZone,OWM Zona9,2022-10-31 03:00:00+01:00,152.0,2022-10-31
uniqueUserZone,OWM Zona8,2022-10-31 03:00:00+01:00,171.0,2022-10-31
uniqueUserZone,OWM Zona7,2022-10-31 03:00:00+01:00,103.0,2022-10-31
uniqueUserZone,OWM Zona6,2022-10-31 03:00:00+01:00,283.0,2022-10-31
uniqueUserZone,OWM Zona5,2022-10-31 03:00:00+01:00,111.0,2022-10-31
uniqueUserZone,OWM Zona4,2022-10-31 03:00:00+01:00,125.0,2022-10-31
uniqueUserZone,OWM Zona3,2022-10-31 03:00:00+01:00,319.0,2022-10-31
uniqueUserZone,OWM Zona2,2022-10-31 03:00:00+01:00,145.0,2022-10-31
uniqueUserZone,OWM Zona1,2022-10-31 03:00:00+01:00,255.0,2022-10-31
uniqueUserZone,OWM Zona9,2022-10-30 16:00:00+01:00,99.0,2022-10-30
uniqueUserZone,OWM Zona8,2022-10-30 16:00:00+01:00,148.0,2022-10-30
uniqueUserZone,OWM Zona7,2022-10-30 16:00:00+01:00,69.0,2022-10-30
uniqueUserZone,OWM Zona6,2022-10-30 16:00:00+01:00,243.0,2022-10-30
uniqueUserZone,OWM Zona5,2022-10-30 16:00:00+01:00,87.0,2022-10-30
uniqueUserZone,OWM Zona4,2022-10-30 16:00:00+01:00,94.0,2022-10-30
uniqueUserZone,OWM Zona3,2022-10-30 16:00:00+01:00,205.0,2022-10-30
uniqueUserZone,OWM Zona2,2022-10-30 16:00:00+01:00,96.0,2022-10-30
uniqueUserZone,OWM Zona1,2022-10-30 16:00:00+01:00,159.0,2022-10-30
uniqueUserZone,OWM Zona9,2022-10-30 05:00:00+01:00,120.0,2022-10-30
uniqueUserZone,OWM Zona8,2022-10-30 05:00:00+01:00,145.0,2022-10-30
uniqueUserZone,OWM Zona7,2022-10-30 05:00:00+01:00,85.0,2022-10-30
uniqueUserZone,OWM Zona6,2022-10-30 05:00:00+01:00,305.0,2022-10-30
uniqueUserZone,OWM Zona5,2022-10-30 05:00:00+01:00,99.0,2022-10-30
uniqueUserZone,OWM Zona4,2022-10-30 05:00:00+01:00,132.0,2022-10-30
uniqueUserZone,OWM Zona3,2022-10-30 05:00:00+01:00,259.0,2022-10-30
uniqueUserZone,OWM Zona2,2022-10-30 05:00:00+01:00,107.0,2022-10-30
uniqueUserZone,OWM Zona1,2022-10-30 05:00:00+01:00,203.0,2022-10-30
uniqueUserZone,OWM Zona9,2022-10-29 10:00:00+02:00,128.0,2022-10-29
uniqueUserZone,OWM Zona8,2022-10-29 10:00:00+02:00,193.0,2022-10-29
uniqueUserZone,OWM Zona7,2022-10-29 10:00:00+02:00,93.0,2022-10-29
uniqueUserZone,OWM Zona6,2022-10-29 10:00:00+02:00,320.0,2022-10-29
uniqueUserZone,OWM Zona5,2022-10-29 10:00:00+02:00,116.0,2022-10-29
uniqueUserZone,OWM Zona4,2022-10-29 10:00:00+02:00,160.0,2022-10-29
uniqueUserZone,OWM Zona3,2022-10-29 10:00:00+02:00,323.0,2022-10-29
uniqueUserZone,OWM Zona2,2022-10-29 10:00:00+02:00,128.0,2022-10-29
uniqueUserZone,OWM Zona1,2022-10-29 10:00:00+02:00,266.0,2022-10-29
uniqueUserZone,OWM Zona9,2022-10-28 12:00:00+02:00,126.0,2022-10-28
uniqueUserZone,OWM Zona8,2022-10-28 12:00:00+02:00,178.0,2022-10-28
uniqueUserZone,OWM Zona7,2022-10-28 12:00:00+02:00,104.0,2022-10-28
uniqueUserZone,OWM Zona6,2022-10-28 12:00:00+02:00,271.0,2022-10-28
uniqueUserZone,OWM Zona5,2022-10-28 12:00:00+02:00,119.0,2022-10-28
uniqueUserZone,OWM Zona4,2022-10-28 12:00:00+02:00,138.0,2022-10-28
uniqueUserZone,OWM Zona3,2022-10-28 12:00:00+02:00,314.0,2022-10-28
uniqueUserZone,OWM Zona2,2022-10-28 12:00:00+02:00,141.0,2022-10-28
uniqueUserZone,OWM Zona1,2022-10-28 12:00:00+02:00,257.0,2022-10-28
uniqueUserZone,OWM Zona9,2022-10-27 14:00:00+02:00,158.0,2022-10-27
uniqueUserZone,OWM Zona8,2022-10-27 14:00:00+02:00,169.0,2022-10-27
uniqueUserZone,OWM Zona7,2022-10-27 14:00:00+02:00,100.0,2022-10-27
uniqueUserZone,OWM Zona6,2022-10-27 14:00:00+02:00,305.0,2022-10-27
uniqueUserZone,OWM Zona5,2022-10-27 14:00:00+02:00,145.0,2022-10-27
uniqueUserZone,OWM Zona4,2022-10-27 14:00:00+02:00,157.0,2022-10-27
uniqueUserZone,OWM Zona3,2022-10-27 14:00:00+02:00,331.0,2022-10-27
uniqueUserZone,OWM Zona2,2022-10-27 14:00:00+02:00,150.0,2022-10-27
uniqueUserZone,OWM Zona1,2022-10-27 14:00:00+02:00,271.0,2022-10-27
uniqueUserZone,OWM Zona9,2022-10-26 16:00:00+02:00,142.0,2022-10-26
uniqueUserZone,OWM Zona8,2022-10-26 16:00:00+02:00,179.0,2022-10-26
uniqueUserZone,OWM Zona7,2022-10-26 16:00:00+02:00,93.0,2022-10-26
uniqueUserZone,OWM Zona6,2022-10-26 16:00:00+02:00,314.0,2022-10-26
uniqueUserZone,OWM Zona5,2022-10-26 16:00:00+02:00,152.0,2022-10-26
uniqueUserZone,OWM Zona4,2022-10-26 16:00:00+02:00,166.0,2022-10-26
uniqueUserZone,OWM Zona3,2022-10-26 16:00:00+02:00,315.0,2022-10-26
uniqueUserZone,OWM Zona2,2022-10-26 16:00:00+02:00,138.0,2022-10-26
uniqueUserZone,OWM Zona1,2022-10-26 16:00:00+02:00,289.0,2022-10-26
uniqueUserZone,OWM Zona9,2022-10-25 18:00:00+02:00,137.0,2022-10-25
uniqueUserZone,OWM Zona8,2022-10-25 18:00:00+02:00,163.0,2022-10-25
uniqueUserZone,OWM Zona7,2022-10-25 18:00:00+02:00,90.0,2022-10-25
uniqueUserZone,OWM Zona6,2022-10-25 18:00:00+02:00,288.0,2022-10-25
uniqueUserZone,OWM Zona5,2022-10-25 18:00:00+02:00,110.0,2022-10-25
uniqueUserZone,OWM Zona4,2022-10-25 18:00:00+02:00,156.0,2022-10-25
uniqueUserZone,OWM Zona3,2022-10-25 18:00:00+02:00,306.0,2022-10-25
uniqueUserZone,OWM Zona2,2022-10-25 18:00:00+02:00,144.0,2022-10-25
uniqueUserZone,OWM Zona1,2022-10-25 18:00:00+02:00,240.0,2022-10-25
uniqueUserZone,OWM Zona9,2022-10-24 20:00:00+02:00,86.0,2022-10-24
uniqueUserZone,OWM Zona8,2022-10-24 20:00:00+02:00,88.0,2022-10-24
uniqueUserZone,OWM Zona7,2022-10-24 20:00:00+02:00,58.0,2022-10-24
uniqueUserZone,OWM Zona6,2022-10-24 20:00:00+02:00,183.0,2022-10-24
uniqueUserZone,OWM Zona5,2022-10-24 20:00:00+02:00,52.0,2022-10-24
uniqueUserZone,OWM Zona4,2022-10-24 20:00:00+02:00,106.0,2022-10-24
uniqueUserZone,OWM Zona3,2022-10-24 20:00:00+02:00,200.0,2022-10-24
uniqueUserZone,OWM Zona2,2022-10-24 20:00:00+02:00,76.0,2022-10-24
uniqueUserZone,OWM Zona1,2022-10-24 20:00:00+02:00,154.0,2022-10-24
uniqueUserZone,OWM Zona9,2022-10-23 22:00:00+02:00,120.0,2022-10-23
uniqueUserZone,OWM Zona8,2022-10-23 22:00:00+02:00,156.0,2022-10-23
uniqueUserZone,OWM Zona7,2022-10-23 22:00:00+02:00,85.0,2022-10-23
uniqueUserZone,OWM Zona6,2022-10-23 22:00:00+02:00,279.0,2022-10-23
uniqueUserZone,OWM Zona5,2022-10-23 22:00:00+02:00,94.0,2022-10-23
uniqueUserZone,OWM Zona4,2022-10-23 22:00:00+02:00,142.0,2022-10-23
uniqueUserZone,OWM Zona3,2022-10-23 22:00:00+02:00,270.0,2022-10-23
uniqueUserZone,OWM Zona2,2022-10-23 22:00:00+02:00,115.0,2022-10-23
uniqueUserZone,OWM Zona1,2022-10-23 22:00:00+02:00,190.0,2022-10-23
uniqueUserZone,OWM Zona9,2022-10-23 00:00:00+02:00,148.0,2022-10-23
uniqueUserZone,OWM Zona8,2022-10-23 00:00:00+02:00,168.0,2022-10-23
uniqueUserZone,OWM Zona7,2022-10-23 00:00:00+02:00,95.0,2022-10-23
uniqueUserZone,OWM Zona6,2022-10-23 00:00:00+02:00,294.0,2022-10-23
uniqueUserZone,OWM Zona5,2022-10-23 00:00:00+02:00,121.0,2022-10-23
uniqueUserZone,OWM Zona4,2022-10-23 00:00:00+02:00,166.0,2022-10-23
uniqueUserZone,OWM Zona3,2022-10-23 00:00:00+02:00,350.0,2022-10-23
uniqueUserZone,OWM Zona2,2022-10-23 00:00:00+02:00,143.0,2022-10-23
uniqueUserZone,OWM Zona1,2022-10-23 00:00:00+02:00,260.0,2022-10-23
uniqueUserZone,OWM Zona9,2022-10-22 02:00:00+02:00,137.0,2022-10-22
uniqueUserZone,OWM Zona8,2022-10-22 02:00:00+02:00,184.0,2022-10-22
uniqueUserZone,OWM Zona7,2022-10-22 02:00:00+02:00,94.0,2022-10-22
uniqueUserZone,OWM Zona6,2022-10-22 02:00:00+02:00,309.0,2022-10-22
uniqueUserZone,OWM Zona5,2022-10-22 02:00:00+02:00,129.0,2022-10-22
uniqueUserZone,OWM Zona4,2022-10-22 02:00:00+02:00,154.0,2022-10-22
uniqueUserZone,OWM Zona3,2022-10-22 02:00:00+02:00,344.0,2022-10-22
uniqueUserZone,OWM Zona2,2022-10-22 02:00:00+02:00,164.0,2022-10-22
uniqueUserZone,OWM Zona1,2022-10-22 02:00:00+02:00,255.0,2022-10-22
uniqueUserZone,OWM Zona9,2022-10-21 04:00:00+02:00,124.0,2022-10-21
uniqueUserZone,OWM Zona8,2022-10-21 04:00:00+02:00,163.0,2022-10-21
uniqueUserZone,OWM Zona7,2022-10-21 04:00:00+02:00,82.0,2022-10-21
uniqueUserZone,OWM Zona6,2022-10-21 04:00:00+02:00,224.0,2022-10-21
uniqueUserZone,OWM Zona5,2022-10-21 04:00:00+02:00,105.0,2022-10-21
uniqueUserZone,OWM Zona4,2022-10-21 04:00:00+02:00,114.0,2022-10-21
uniqueUserZone,OWM Zona3,2022-10-21 04:00:00+02:00,289.0,2022-10-21
uniqueUserZone,OWM Zona2,2022-10-21 04:00:00+02:00,130.0,2022-10-21
uniqueUserZone,OWM Zona1,2022-10-21 04:00:00+02:00,223.0,2022-10-21
uniqueUserZone,OWM Zona9,2022-10-20 06:00:00+02:00,142.0,2022-10-20
uniqueUserZone,OWM Zona8,2022-10-20 06:00:00+02:00,178.0,2022-10-20
uniqueUserZone,OWM Zona7,2022-10-20 06:00:00+02:00,104.0,2022-10-20
uniqueUserZone,OWM Zona6,2022-10-20 06:00:00+02:00,310.0,2022-10-20
uniqueUserZone,OWM Zona5,2022-10-20 06:00:00+02:00,110.0,2022-10-20
uniqueUserZone,OWM Zona4,2022-10-20 06:00:00+02:00,160.0,2022-10-20
uniqueUserZone,OWM Zona3,2022-10-20 06:00:00+02:00,301.0,2022-10-20
uniqueUserZone,OWM Zona2,2022-10-20 06:00:00+02:00,133.0,2022-10-20
uniqueUserZone,OWM Zona1,2022-10-20 06:00:00+02:00,269.0,2022-10-20
uniqueUserZone,OWM Zona9,2022-10-19 08:00:00+02:00,155.0,2022-10-19
uniqueUserZone,OWM Zona8,2022-10-19 08:00:00+02:00,168.0,2022-10-19
uniqueUserZone,OWM Zona7,2022-10-19 08:00:00+02:00,77.0,2022-10-19
uniqueUserZone,OWM Zona6,2022-10-19 08:00:00+02:00,270.0,2022-10-19
uniqueUserZone,OWM Zona5,2022-10-19 08:00:00+02:00,101.0,2022-10-19
uniqueUserZone,OWM Zona4,2022-10-19 08:00:00+02:00,137.0,2022-10-19
uniqueUserZone,OWM Zona3,2022-10-19 08:00:00+02:00,334.0,2022-10-19
uniqueUserZone,OWM Zona2,2022-10-19 08:00:00+02:00,136.0,2022-10-19
uniqueUserZone,OWM Zona1,2022-10-19 08:00:00+02:00,254.0,2022-10-19
uniqueUserZone,OWM Zona9,2022-10-18 10:00:00+02:00,117.0,2022-10-18
uniqueUserZone,OWM Zona8,2022-10-18 10:00:00+02:00,136.0,2022-10-18
uniqueUserZone,OWM Zona7,2022-10-18 10:00:00+02:00,54.0,2022-10-18
uniqueUserZone,OWM Zona6,2022-10-18 10:00:00+02:00,242.0,2022-10-18
uniqueUserZone,OWM Zona5,2022-10-18 10:00:00+02:00,84.0,2022-10-18
uniqueUserZone,OWM Zona4,2022-10-18 10:00:00+02:00,117.0,2022-10-18
uniqueUserZone,OWM Zona3,2022-10-18 10:00:00+02:00,235.0,2022-10-18
uniqueUserZone,OWM Zona2,2022-10-18 10:00:00+02:00,103.0,2022-10-18
uniqueUserZone,OWM Zona1,2022-10-18 10:00:00+02:00,181.0,2022-10-18
uniqueUserZone,OWM Zona9,2022-10-17 12:00:00+02:00,131.0,2022-10-17
uniqueUserZone,OWM Zona8,2022-10-17 12:00:00+02:00,128.0,2022-10-17
uniqueUserZone,OWM Zona7,2022-10-17 12:00:00+02:00,92.0,2022-10-17
uniqueUserZone,OWM Zona6,2022-10-17 12:00:00+02:00,271.0,2022-10-17
uniqueUserZone,OWM Zona5,2022-10-17 12:00:00+02:00,84.0,2022-10-17
uniqueUserZone,OWM Zona4,2022-10-17 12:00:00+02:00,106.0,2022-10-17
uniqueUserZone,OWM Zona3,2022-10-17 12:00:00+02:00,273.0,2022-10-17
uniqueUserZone,OWM Zona2,2022-10-17 12:00:00+02:00,103.0,2022-10-17
uniqueUserZone,OWM Zona1,2022-10-17 12:00:00+02:00,207.0,2022-10-17
uniqueUserZone,OWM Zona9,2022-10-16 14:00:00+02:00,140.0,2022-10-16
uniqueUserZone,OWM Zona8,2022-10-16 14:00:00+02:00,139.0,2022-10-16
uniqueUserZone,OWM Zona7,2022-10-16 14:00:00+02:00,97.0,2022-10-16
uniqueUserZone,OWM Zona6,2022-10-16 14:00:00+02:00,248.0,2022-10-16
uniqueUserZone,OWM Zona5,2022-10-16 14:00:00+02:00,105.0,2022-10-16
uniqueUserZone,OWM Zona4,2022-10-16 14:00:00+02:00,118.0,2022-10-16
uniqueUserZone,OWM Zona3,2022-10-16 14:00:00+02:00,273.0,2022-10-16
uniqueUserZone,OWM Zona2,2022-10-16 14:00:00+02:00,118.0,2022-10-16
uniqueUserZone,OWM Zona1,2022-10-16 14:00:00+02:00,235.0,2022-10-16
uniqueUserZone,OWM Zona9,2022-10-15 16:00:00+02:00,139.0,2022-10-15
uniqueUserZone,OWM Zona8,2022-10-15 16:00:00+02:00,164.0,2022-10-15
uniqueUserZone,OWM Zona7,2022-10-15 16:00:00+02:00,106.0,2022-10-15
uniqueUserZone,OWM Zona6,2022-10-15 16:00:00+02:00,260.0,2022-10-15
uniqueUserZone,OWM Zona5,2022-10-15 16:00:00+02:00,128.0,2022-10-15
uniqueUserZone,OWM Zona4,2022-10-15 16:00:00+02:00,124.0,2022-10-15
uniqueUserZone,OWM Zona3,2022-10-15 16:00:00+02:00,299.0,2022-10-15
uniqueUserZone,OWM Zona2,2022-10-15 16:00:00+02:00,131.0,2022-10-15
uniqueUserZone,OWM Zona1,2022-10-15 16:00:00+02:00,246.0,2022-10-15
uniqueUserZone,OWM Zona9,2022-10-14 18:00:00+02:00,140.0,2022-10-14
uniqueUserZone,OWM Zona8,2022-10-14 18:00:00+02:00,157.0,2022-10-14
uniqueUserZone,OWM Zona7,2022-10-14 18:00:00+02:00,101.0,2022-10-14
uniqueUserZone,OWM Zona6,2022-10-14 18:00:00+02:00,264.0,2022-10-14
uniqueUserZone,OWM Zona5,2022-10-14 18:00:00+02:00,117.0,2022-10-14
uniqueUserZone,OWM Zona4,2022-10-14 18:00:00+02:00,134.0,2022-10-14
uniqueUserZone,OWM Zona3,2022-10-14 18:00:00+02:00,331.0,2022-10-14
uniqueUserZone,OWM Zona2,2022-10-14 18:00:00+02:00,120.0,2022-10-14
uniqueUserZone,OWM Zona1,2022-10-14 18:00:00+02:00,259.0,2022-10-14
uniqueUserZone,OWM Zona9,2022-10-13 20:00:00+02:00,134.0,2022-10-13
uniqueUserZone,OWM Zona8,2022-10-13 20:00:00+02:00,161.0,2022-10-13
uniqueUserZone,OWM Zona7,2022-10-13 20:00:00+02:00,104.0,2022-10-13
uniqueUserZone,OWM Zona6,2022-10-13 20:00:00+02:00,299.0,2022-10-13
uniqueUserZone,OWM Zona5,2022-10-13 20:00:00+02:00,116.0,2022-10-13
uniqueUserZone,OWM Zona4,2022-10-13 20:00:00+02:00,124.0,2022-10-13
uniqueUserZone,OWM Zona3,2022-10-13 20:00:00+02:00,319.0,2022-10-13
uniqueUserZone,OWM Zona2,2022-10-13 20:00:00+02:00,132.0,2022-10-13
uniqueUserZone,OWM Zona1,2022-10-13 20:00:00+02:00,248.0,2022-10-13
uniqueUserZone,OWM Zona9,2022-10-12 22:00:00+02:00,143.0,2022-10-12
uniqueUserZone,OWM Zona8,2022-10-12 22:00:00+02:00,161.0,2022-10-12
uniqueUserZone,OWM Zona7,2022-10-12 22:00:00+02:00,99.0,2022-10-12
uniqueUserZone,OWM Zona6,2022-10-12 22:00:00+02:00,270.0,2022-10-12
uniqueUserZone,OWM Zona5,2022-10-12 22:00:00+02:00,97.0,2022-10-12
uniqueUserZone,OWM Zona4,2022-10-12 22:00:00+02:00,121.0,2022-10-12
uniqueUserZone,OWM Zona3,2022-10-12 22:00:00+02:00,289.0,2022-10-12
uniqueUserZone,OWM Zona2,2022-10-12 22:00:00+02:00,115.0,2022-10-12
uniqueUserZone,OWM Zona1,2022-10-12 22:00:00+02:00,224.0,2022-10-12
uniqueUserZone,OWM Zona9,2022-10-12 00:00:00+02:00,107.0,2022-10-12
uniqueUserZone,OWM Zona8,2022-10-12 00:00:00+02:00,143.0,2022-10-12
uniqueUserZone,OWM Zona7,2022-10-12 00:00:00+02:00,94.0,2022-10-12
uniqueUserZone,OWM Zona6,2022-10-12 00:00:00+02:00,232.0,2022-10-12
uniqueUserZone,OWM Zona5,2022-10-12 00:00:00+02:00,65.0,2022-10-12
uniqueUserZone,OWM Zona4,2022-10-12 00:00:00+02:00,132.0,2022-10-12
uniqueUserZone,OWM Zona3,2022-10-12 00:00:00+02:00,238.0,2022-10-12
uniqueUserZone,OWM Zona2,2022-10-12 00:00:00+02:00,113.0,2022-10-12
uniqueUserZone,OWM Zona1,2022-10-12 00:00:00+02:00,180.0,2022-10-12
uniqueUserZone,OWM Zona9,2022-10-11 02:00:00+02:00,110.0,2022-10-11
uniqueUserZone,OWM Zona8,2022-10-11 02:00:00+02:00,131.0,2022-10-11
uniqueUserZone,OWM Zona7,2022-10-11 02:00:00+02:00,86.0,2022-10-11
uniqueUserZone,OWM Zona6,2022-10-11 02:00:00+02:00,220.0,2022-10-11
uniqueUserZone,OWM Zona5,2022-10-11 02:00:00+02:00,79.0,2022-10-11
uniqueUserZone,OWM Zona4,2022-10-11 02:00:00+02:00,125.0,2022-10-11
uniqueUserZone,OWM Zona3,2022-10-11 02:00:00+02:00,258.0,2022-10-11
uniqueUserZone,OWM Zona2,2022-10-11 02:00:00+02:00,107.0,2022-10-11
uniqueUserZone,OWM Zona1,2022-10-11 02:00:00+02:00,221.0,2022-10-11
uniqueUserZone,OWM Zona9,2022-10-10 02:00:00+02:00,162.0,2022-10-10
uniqueUserZone,OWM Zona8,2022-10-10 02:00:00+02:00,185.0,2022-10-10
uniqueUserZone,OWM Zona7,2022-10-10 02:00:00+02:00,125.0,2022-10-10
uniqueUserZone,OWM Zona6,2022-10-10 02:00:00+02:00,295.0,2022-10-10
uniqueUserZone,OWM Zona5,2022-10-10 02:00:00+02:00,122.0,2022-10-10
uniqueUserZone,OWM Zona4,2022-10-10 02:00:00+02:00,167.0,2022-10-10
uniqueUserZone,OWM Zona3,2022-10-10 02:00:00+02:00,331.0,2022-10-10
uniqueUserZone,OWM Zona2,2022-10-10 02:00:00+02:00,140.0,2022-10-10
uniqueUserZone,OWM Zona1,2022-10-10 02:00:00+02:00,278.0,2022-10-10
uniqueUserZone,OWM Zona9,2022-10-09 04:00:00+02:00,146.0,2022-10-09
uniqueUserZone,OWM Zona8,2022-10-09 04:00:00+02:00,180.0,2022-10-09
uniqueUserZone,OWM Zona7,2022-10-09 04:00:00+02:00,113.0,2022-10-09
uniqueUserZone,OWM Zona6,2022-10-09 04:00:00+02:00,288.0,2022-10-09
uniqueUserZone,OWM Zona5,2022-10-09 04:00:00+02:00,121.0,2022-10-09
uniqueUserZone,OWM Zona4,2022-10-09 04:00:00+02:00,148.0,2022-10-09
uniqueUserZone,OWM Zona3,2022-10-09 04:00:00+02:00,326.0,2022-10-09
uniqueUserZone,OWM Zona2,2022-10-09 04:00:00+02:00,126.0,2022-10-09
uniqueUserZone,OWM Zona1,2022-10-09 04:00:00+02:00,275.0,2022-10-09
uniqueUserZone,OWM Zona9,2022-10-08 06:00:00+02:00,153.0,2022-10-08
uniqueUserZone,OWM Zona8,2022-10-08 06:00:00+02:00,197.0,2022-10-08
uniqueUserZone,OWM Zona7,2022-10-08 06:00:00+02:00,109.0,2022-10-08
uniqueUserZone,OWM Zona6,2022-10-08 06:00:00+02:00,284.0,2022-10-08
uniqueUserZone,OWM Zona5,2022-10-08 06:00:00+02:00,135.0,2022-10-08
uniqueUserZone,OWM Zona4,2022-10-08 06:00:00+02:00,135.0,2022-10-08
uniqueUserZone,OWM Zona3,2022-10-08 06:00:00+02:00,327.0,2022-10-08
uniqueUserZone,OWM Zona2,2022-10-08 06:00:00+02:00,139.0,2022-10-08
uniqueUserZone,OWM Zona1,2022-10-08 06:00:00+02:00,264.0,2022-10-08
uniqueUserZone,OWM Zona9,2022-10-07 08:00:00+02:00,136.0,2022-10-07
uniqueUserZone,OWM Zona8,2022-10-07 08:00:00+02:00,178.0,2022-10-07
uniqueUserZone,OWM Zona7,2022-10-07 08:00:00+02:00,107.0,2022-10-07
uniqueUserZone,OWM Zona6,2022-10-07 08:00:00+02:00,285.0,2022-10-07
uniqueUserZone,OWM Zona5,2022-10-07 08:00:00+02:00,150.0,2022-10-07
uniqueUserZone,OWM Zona4,2022-10-07 08:00:00+02:00,168.0,2022-10-07
uniqueUserZone,OWM Zona3,2022-10-07 08:00:00+02:00,325.0,2022-10-07
uniqueUserZone,OWM Zona2,2022-10-07 08:00:00+02:00,133.0,2022-10-07
uniqueUserZone,OWM Zona1,2022-10-07 08:00:00+02:00,251.0,2022-10-07
uniqueUserZone,OWM Zona9,2022-10-06 10:00:00+02:00,128.0,2022-10-06
uniqueUserZone,OWM Zona8,2022-10-06 10:00:00+02:00,175.0,2022-10-06
uniqueUserZone,OWM Zona7,2022-10-06 10:00:00+02:00,114.0,2022-10-06
uniqueUserZone,OWM Zona6,2022-10-06 10:00:00+02:00,306.0,2022-10-06
uniqueUserZone,OWM Zona5,2022-10-06 10:00:00+02:00,120.0,2022-10-06
uniqueUserZone,OWM Zona4,2022-10-06 10:00:00+02:00,151.0,2022-10-06
uniqueUserZone,OWM Zona3,2022-10-06 10:00:00+02:00,327.0,2022-10-06
uniqueUserZone,OWM Zona2,2022-10-06 10:00:00+02:00,128.0,2022-10-06
uniqueUserZone,OWM Zona1,2022-10-06 10:00:00+02:00,258.0,2022-10-06
uniqueUserZone,OWM Zona9,2022-10-05 12:00:00+02:00,104.0,2022-10-05
uniqueUserZone,OWM Zona8,2022-10-05 12:00:00+02:00,116.0,2022-10-05
uniqueUserZone,OWM Zona7,2022-10-05 12:00:00+02:00,76.0,2022-10-05
uniqueUserZone,OWM Zona6,2022-10-05 12:00:00+02:00,223.0,2022-10-05
uniqueUserZone,OWM Zona5,2022-10-05 12:00:00+02:00,85.0,2022-10-05
uniqueUserZone,OWM Zona4,2022-10-05 12:00:00+02:00,121.0,2022-10-05
uniqueUserZone,OWM Zona3,2022-10-05 12:00:00+02:00,216.0,2022-10-05
uniqueUserZone,OWM Zona2,2022-10-05 12:00:00+02:00,95.0,2022-10-05
uniqueUserZone,OWM Zona1,2022-10-05 12:00:00+02:00,205.0,2022-10-05
uniqueUserZone,OWM Zona9,2022-10-04 14:00:00+02:00,116.0,2022-10-04
uniqueUserZone,OWM Zona8,2022-10-04 14:00:00+02:00,156.0,2022-10-04
uniqueUserZone,OWM Zona7,2022-10-04 14:00:00+02:00,91.0,2022-10-04
uniqueUserZone,OWM Zona6,2022-10-04 14:00:00+02:00,280.0,2022-10-04
uniqueUserZone,OWM Zona5,2022-10-04 14:00:00+02:00,99.0,2022-10-04
uniqueUserZone,OWM Zona4,2022-10-04 14:00:00+02:00,131.0,2022-10-04
uniqueUserZone,OWM Zona3,2022-10-04 14:00:00+02:00,255.0,2022-10-04
uniqueUserZone,OWM Zona2,2022-10-04 14:00:00+02:00,108.0,2022-10-04
uniqueUserZone,OWM Zona1,2022-10-04 14:00:00+02:00,201.0,2022-10-04
uniqueUserZone,OWM Zona9,2022-10-03 14:00:00+02:00,153.0,2022-10-03
uniqueUserZone,OWM Zona8,2022-10-03 14:00:00+02:00,185.0,2022-10-03
uniqueUserZone,OWM Zona7,2022-10-03 14:00:00+02:00,121.0,2022-10-03
uniqueUserZone,OWM Zona6,2022-10-03 14:00:00+02:00,307.0,2022-10-03
uniqueUserZone,OWM Zona5,2022-10-03 14:00:00+02:00,125.0,2022-10-03
uniqueUserZone,OWM Zona4,2022-10-03 14:00:00+02:00,162.0,2022-10-03
uniqueUserZone,OWM Zona3,2022-10-03 14:00:00+02:00,311.0,2022-10-03
uniqueUserZone,OWM Zona2,2022-10-03 14:00:00+02:00,140.0,2022-10-03
uniqueUserZone,OWM Zona1,2022-10-03 14:00:00+02:00,222.0,2022-10-03
uniqueUserZone,OWM Zona9,2022-10-02 16:00:00+02:00,147.0,2022-10-02
uniqueUserZone,OWM Zona8,2022-10-02 16:00:00+02:00,164.0,2022-10-02
uniqueUserZone,OWM Zona7,2022-10-02 16:00:00+02:00,116.0,2022-10-02
uniqueUserZone,OWM Zona6,2022-10-02 16:00:00+02:00,290.0,2022-10-02
uniqueUserZone,OWM Zona5,2022-10-02 16:00:00+02:00,113.0,2022-10-02
uniqueUserZone,OWM Zona4,2022-10-02 16:00:00+02:00,160.0,2022-10-02
uniqueUserZone,OWM Zona3,2022-10-02 16:00:00+02:00,302.0,2022-10-02
uniqueUserZone,OWM Zona2,2022-10-02 16:00:00+02:00,138.0,2022-10-02
uniqueUserZone,OWM Zona1,2022-10-02 16:00:00+02:00,245.0,2022-10-02
uniqueUserZone,OWM Zona9,2022-10-01 18:00:00+02:00,150.0,2022-10-01
uniqueUserZone,OWM Zona8,2022-10-01 18:00:00+02:00,179.0,2022-10-01
uniqueUserZone,OWM Zona7,2022-10-01 18:00:00+02:00,112.0,2022-10-01
uniqueUserZone,OWM Zona6,2022-10-01 18:00:00+02:00,260.0,2022-10-01
uniqueUserZone,OWM Zona5,2022-10-01 18:00:00+02:00,110.0,2022-10-01
uniqueUserZone,OWM Zona4,2022-10-01 18:00:00+02:00,140.0,2022-10-01
uniqueUserZone,OWM Zona3,2022-10-01 18:00:00+02:00,299.0,2022-10-01
uniqueUserZone,OWM Zona2,2022-10-01 18:00:00+02:00,148.0,2022-10-01
uniqueUserZone,OWM Zona1,2022-10-01 18:00:00+02:00,248.0,2022-10-01
uniqueUserZone,OWM Zona9,2022-09-30 20:00:00+02:00,157.0,2022-09-30
uniqueUserZone,OWM Zona8,2022-09-30 20:00:00+02:00,185.0,2022-09-30
uniqueUserZone,OWM Zona7,2022-09-30 20:00:00+02:00,105.0,2022-09-30
uniqueUserZone,OWM Zona6,2022-09-30 20:00:00+02:00,311.0,2022-09-30
uniqueUserZone,OWM Zona5,2022-09-30 20:00:00+02:00,133.0,2022-09-30
uniqueUserZone,OWM Zona4,2022-09-30 20:00:00+02:00,136.0,2022-09-30
uniqueUserZone,OWM Zona3,2022-09-30 20:00:00+02:00,300.0,2022-09-30
uniqueUserZone,OWM Zona2,2022-09-30 20:00:00+02:00,121.0,2022-09-30
uniqueUserZone,OWM Zona1,2022-09-30 20:00:00+02:00,272.0,2022-09-30
uniqueUserZone,OWM Zona9,2022-09-28 08:00:00+02:00,130.0,2022-09-28
uniqueUserZone,OWM Zona8,2022-09-28 08:00:00+02:00,143.0,2022-09-28
uniqueUserZone,OWM Zona7,2022-09-28 08:00:00+02:00,97.0,2022-09-28
uniqueUserZone,OWM Zona6,2022-09-28 08:00:00+02:00,243.0,2022-09-28
uniqueUserZone,OWM Zona5,2022-09-28 08:00:00+02:00,91.0,2022-09-28
uniqueUserZone,OWM Zona4,2022-09-28 08:00:00+02:00,128.0,2022-09-28
uniqueUserZone,OWM Zona3,2022-09-28 08:00:00+02:00,272.0,2022-09-28
uniqueUserZone,OWM Zona2,2022-09-28 08:00:00+02:00,105.0,2022-09-28
uniqueUserZone,OWM Zona1,2022-09-28 08:00:00+02:00,210.0,2022-09-28
uniqueUserZone,OWM Zona9,2022-09-27 08:00:00+02:00,140.0,2022-09-27
uniqueUserZone,OWM Zona8,2022-09-27 08:00:00+02:00,154.0,2022-09-27
uniqueUserZone,OWM Zona7,2022-09-27 08:00:00+02:00,112.0,2022-09-27
uniqueUserZone,OWM Zona6,2022-09-27 08:00:00+02:00,279.0,2022-09-27
uniqueUserZone,OWM Zona5,2022-09-27 08:00:00+02:00,98.0,2022-09-27
uniqueUserZone,OWM Zona4,2022-09-27 08:00:00+02:00,141.0,2022-09-27
uniqueUserZone,OWM Zona3,2022-09-27 08:00:00+02:00,285.0,2022-09-27
uniqueUserZone,OWM Zona2,2022-09-27 08:00:00+02:00,126.0,2022-09-27
uniqueUserZone,OWM Zona1,2022-09-27 08:00:00+02:00,261.0,2022-09-27
uniqueUserZone,OWM Zona9,2022-09-26 08:00:00+02:00,142.0,2022-09-26
uniqueUserZone,OWM Zona8,2022-09-26 08:00:00+02:00,164.0,2022-09-26
uniqueUserZone,OWM Zona7,2022-09-26 08:00:00+02:00,106.0,2022-09-26
uniqueUserZone,OWM Zona6,2022-09-26 08:00:00+02:00,286.0,2022-09-26
uniqueUserZone,OWM Zona5,2022-09-26 08:00:00+02:00,101.0,2022-09-26
uniqueUserZone,OWM Zona4,2022-09-26 08:00:00+02:00,140.0,2022-09-26
uniqueUserZone,OWM Zona3,2022-09-26 08:00:00+02:00,297.0,2022-09-26
uniqueUserZone,OWM Zona2,2022-09-26 08:00:00+02:00,130.0,2022-09-26
uniqueUserZone,OWM Zona1,2022-09-26 08:00:00+02:00,256.0,2022-09-26
uniqueUserZone,OWM Zona9,2022-09-25 08:00:00+02:00,165.0,2022-09-25
uniqueUserZone,OWM Zona8,2022-09-25 08:00:00+02:00,164.0,2022-09-25
uniqueUserZone,OWM Zona7,2022-09-25 08:00:00+02:00,100.0,2022-09-25
uniqueUserZone,OWM Zona6,2022-09-25 08:00:00+02:00,275.0,2022-09-25
uniqueUserZone,OWM Zona5,2022-09-25 08:00:00+02:00,92.0,2022-09-25
uniqueUserZone,OWM Zona4,2022-09-25 08:00:00+02:00,131.0,2022-09-25
uniqueUserZone,OWM Zona3,2022-09-25 08:00:00+02:00,278.0,2022-09-25
uniqueUserZone,OWM Zona2,2022-09-25 08:00:00+02:00,113.0,2022-09-25
uniqueUserZone,OWM Zona1,2022-09-25 08:00:00+02:00,257.0,2022-09-25
uniqueUserZone,OWM Zona9,2022-09-24 08:00:00+02:00,148.0,2022-09-24
uniqueUserZone,OWM Zona8,2022-09-24 08:00:00+02:00,148.0,2022-09-24
uniqueUserZone,OWM Zona7,2022-09-24 08:00:00+02:00,93.0,2022-09-24
uniqueUserZone,OWM Zona6,2022-09-24 08:00:00+02:00,294.0,2022-09-24
uniqueUserZone,OWM Zona5,2022-09-24 08:00:00+02:00,95.0,2022-09-24
uniqueUserZone,OWM Zona4,2022-09-24 08:00:00+02:00,139.0,2022-09-24
uniqueUserZone,OWM Zona3,2022-09-24 08:00:00+02:00,279.0,2022-09-24
uniqueUserZone,OWM Zona2,2022-09-24 08:00:00+02:00,145.0,2022-09-24
uniqueUserZone,OWM Zona1,2022-09-24 08:00:00+02:00,215.0,2022-09-24
uniqueUserZone,OWM Zona9,2022-09-23 08:00:00+02:00,131.0,2022-09-23
uniqueUserZone,OWM Zona8,2022-09-23 08:00:00+02:00,146.0,2022-09-23
uniqueUserZone,OWM Zona7,2022-09-23 08:00:00+02:00,94.0,2022-09-23
uniqueUserZone,OWM Zona6,2022-09-23 08:00:00+02:00,235.0,2022-09-23
uniqueUserZone,OWM Zona5,2022-09-23 08:00:00+02:00,95.0,2022-09-23
uniqueUserZone,OWM Zona4,2022-09-23 08:00:00+02:00,132.0,2022-09-23
uniqueUserZone,OWM Zona3,2022-09-23 08:00:00+02:00,282.0,2022-09-23
uniqueUserZone,OWM Zona2,2022-09-23 08:00:00+02:00,113.0,2022-09-23
uniqueUserZone,OWM Zona1,2022-09-23 08:00:00+02:00,229.0,2022-09-23
uniqueUserZone,OWM Zona9,2022-09-22 10:00:00+02:00,100.0,2022-09-22
uniqueUserZone,OWM Zona8,2022-09-22 10:00:00+02:00,129.0,2022-09-22
uniqueUserZone,OWM Zona7,2022-09-22 10:00:00+02:00,68.0,2022-09-22
uniqueUserZone,OWM Zona6,2022-09-22 10:00:00+02:00,230.0,2022-09-22
uniqueUserZone,OWM Zona5,2022-09-22 10:00:00+02:00,74.0,2022-09-22
uniqueUserZone,OWM Zona4,2022-09-22 10:00:00+02:00,106.0,2022-09-22
uniqueUserZone,OWM Zona3,2022-09-22 10:00:00+02:00,207.0,2022-09-22
uniqueUserZone,OWM Zona2,2022-09-22 10:00:00+02:00,79.0,2022-09-22
uniqueUserZone,OWM Zona1,2022-09-22 10:00:00+02:00,175.0,2022-09-22
uniqueUserZone,OWM Zona9,2022-09-21 10:00:00+02:00,99.0,2022-09-21
uniqueUserZone,OWM Zona8,2022-09-21 10:00:00+02:00,133.0,2022-09-21
uniqueUserZone,OWM Zona7,2022-09-21 10:00:00+02:00,79.0,2022-09-21
uniqueUserZone,OWM Zona6,2022-09-21 10:00:00+02:00,266.0,2022-09-21
uniqueUserZone,OWM Zona5,2022-09-21 10:00:00+02:00,74.0,2022-09-21
uniqueUserZone,OWM Zona4,2022-09-21 10:00:00+02:00,105.0,2022-09-21
uniqueUserZone,OWM Zona3,2022-09-21 10:00:00+02:00,251.0,2022-09-21
uniqueUserZone,OWM Zona2,2022-09-21 10:00:00+02:00,92.0,2022-09-21
uniqueUserZone,OWM Zona1,2022-09-21 10:00:00+02:00,184.0,2022-09-21
uniqueUserZone,OWM Zona9,2022-09-20 10:00:00+02:00,132.0,2022-09-20
uniqueUserZone,OWM Zona8,2022-09-20 10:00:00+02:00,138.0,2022-09-20
uniqueUserZone,OWM Zona7,2022-09-20 10:00:00+02:00,99.0,2022-09-20
uniqueUserZone,OWM Zona6,2022-09-20 10:00:00+02:00,272.0,2022-09-20
uniqueUserZone,OWM Zona5,2022-09-20 10:00:00+02:00,107.0,2022-09-20
uniqueUserZone,OWM Zona4,2022-09-20 10:00:00+02:00,133.0,2022-09-20
uniqueUserZone,OWM Zona3,2022-09-20 10:00:00+02:00,274.0,2022-09-20
uniqueUserZone,OWM Zona2,2022-09-20 10:00:00+02:00,107.0,2022-09-20
uniqueUserZone,OWM Zona1,2022-09-20 10:00:00+02:00,184.0,2022-09-20
uniqueUserZone,OWM Zona9,2022-09-19 10:00:00+02:00,127.0,2022-09-19
uniqueUserZone,OWM Zona8,2022-09-19 10:00:00+02:00,154.0,2022-09-19
uniqueUserZone,OWM Zona7,2022-09-19 10:00:00+02:00,96.0,2022-09-19
uniqueUserZone,OWM Zona6,2022-09-19 10:00:00+02:00,248.0,2022-09-19
uniqueUserZone,OWM Zona5,2022-09-19 10:00:00+02:00,104.0,2022-09-19
uniqueUserZone,OWM Zona4,2022-09-19 10:00:00+02:00,126.0,2022-09-19
uniqueUserZone,OWM Zona3,2022-09-19 10:00:00+02:00,284.0,2022-09-19
uniqueUserZone,OWM Zona2,2022-09-19 10:00:00+02:00,105.0,2022-09-19
uniqueUserZone,OWM Zona1,2022-09-19 10:00:00+02:00,207.0,2022-09-19
uniqueUserZone,OWM Zona9,2022-09-18 10:00:00+02:00,119.0,2022-09-18
uniqueUserZone,OWM Zona8,2022-09-18 10:00:00+02:00,145.0,2022-09-18
uniqueUserZone,OWM Zona7,2022-09-18 10:00:00+02:00,89.0,2022-09-18
uniqueUserZone,OWM Zona6,2022-09-18 10:00:00+02:00,229.0,2022-09-18
uniqueUserZone,OWM Zona5,2022-09-18 10:00:00+02:00,103.0,2022-09-18
uniqueUserZone,OWM Zona4,2022-09-18 10:00:00+02:00,129.0,2022-09-18
uniqueUserZone,OWM Zona3,2022-09-18 10:00:00+02:00,268.0,2022-09-18
uniqueUserZone,OWM Zona2,2022-09-18 10:00:00+02:00,103.0,2022-09-18
uniqueUserZone,OWM Zona1,2022-09-18 10:00:00+02:00,193.0,2022-09-18
uniqueUserZone,OWM Zona9,2022-09-17 10:00:00+02:00,109.0,2022-09-17
uniqueUserZone,OWM Zona8,2022-09-17 10:00:00+02:00,125.0,2022-09-17
uniqueUserZone,OWM Zona7,2022-09-17 10:00:00+02:00,82.0,2022-09-17
uniqueUserZone,OWM Zona6,2022-09-17 10:00:00+02:00,220.0,2022-09-17
uniqueUserZone,OWM Zona5,2022-09-17 10:00:00+02:00,106.0,2022-09-17
uniqueUserZone,OWM Zona4,2022-09-17 10:00:00+02:00,117.0,2022-09-17
uniqueUserZone,OWM Zona3,2022-09-17 10:00:00+02:00,281.0,2022-09-17
uniqueUserZone,OWM Zona2,2022-09-17 10:00:00+02:00,87.0,2022-09-17
uniqueUserZone,OWM Zona1,2022-09-17 10:00:00+02:00,185.0,2022-09-17
uniqueUserZone,OWM Zona9,2022-09-16 10:00:00+02:00,104.0,2022-09-16
uniqueUserZone,OWM Zona8,2022-09-16 10:00:00+02:00,136.0,2022-09-16
uniqueUserZone,OWM Zona7,2022-09-16 10:00:00+02:00,78.0,2022-09-16
uniqueUserZone,OWM Zona6,2022-09-16 10:00:00+02:00,222.0,2022-09-16
uniqueUserZone,OWM Zona5,2022-09-16 10:00:00+02:00,91.0,2022-09-16
uniqueUserZone,OWM Zona4,2022-09-16 10:00:00+02:00,115.0,2022-09-16
uniqueUserZone,OWM Zona3,2022-09-16 10:00:00+02:00,250.0,2022-09-16
uniqueUserZone,OWM Zona2,2022-09-16 10:00:00+02:00,91.0,2022-09-16
uniqueUserZone,OWM Zona1,2022-09-16 10:00:00+02:00,181.0,2022-09-16
uniqueUserZone,OWM Zona9,2022-09-15 10:00:00+02:00,86.0,2022-09-15
uniqueUserZone,OWM Zona8,2022-09-15 10:00:00+02:00,92.0,2022-09-15
uniqueUserZone,OWM Zona7,2022-09-15 10:00:00+02:00,77.0,2022-09-15
uniqueUserZone,OWM Zona6,2022-09-15 10:00:00+02:00,185.0,2022-09-15
uniqueUserZone,OWM Zona5,2022-09-15 10:00:00+02:00,67.0,2022-09-15
uniqueUserZone,OWM Zona4,2022-09-15 10:00:00+02:00,96.0,2022-09-15
uniqueUserZone,OWM Zona3,2022-09-15 10:00:00+02:00,179.0,2022-09-15
uniqueUserZone,OWM Zona2,2022-09-15 10:00:00+02:00,74.0,2022-09-15
uniqueUserZone,OWM Zona1,2022-09-15 10:00:00+02:00,128.0,2022-09-15
uniqueUserZone,OWM Zona9,2022-09-14 10:00:00+02:00,90.0,2022-09-14
uniqueUserZone,OWM Zona8,2022-09-14 10:00:00+02:00,100.0,2022-09-14
uniqueUserZone,OWM Zona7,2022-09-14 10:00:00+02:00,81.0,2022-09-14
uniqueUserZone,OWM Zona6,2022-09-14 10:00:00+02:00,232.0,2022-09-14
uniqueUserZone,OWM Zona5,2022-09-14 10:00:00+02:00,95.0,2022-09-14
uniqueUserZone,OWM Zona4,2022-09-14 10:00:00+02:00,94.0,2022-09-14
uniqueUserZone,OWM Zona3,2022-09-14 10:00:00+02:00,211.0,2022-09-14
uniqueUserZone,OWM Zona2,2022-09-14 10:00:00+02:00,76.0,2022-09-14
uniqueUserZone,OWM Zona1,2022-09-14 10:00:00+02:00,167.0,2022-09-14
uniqueUserZone,OWM Zona9,2022-09-13 10:00:00+02:00,99.0,2022-09-13
uniqueUserZone,OWM Zona8,2022-09-13 10:00:00+02:00,107.0,2022-09-13
uniqueUserZone,OWM Zona7,2022-09-13 10:00:00+02:00,78.0,2022-09-13
uniqueUserZone,OWM Zona6,2022-09-13 10:00:00+02:00,224.0,2022-09-13
uniqueUserZone,OWM Zona5,2022-09-13 10:00:00+02:00,86.0,2022-09-13
uniqueUserZone,OWM Zona4,2022-09-13 10:00:00+02:00,112.0,2022-09-13
uniqueUserZone,OWM Zona3,2022-09-13 10:00:00+02:00,208.0,2022-09-13
uniqueUserZone,OWM Zona2,2022-09-13 10:00:00+02:00,82.0,2022-09-13
uniqueUserZone,OWM Zona1,2022-09-13 10:00:00+02:00,132.0,2022-09-13
uniqueUserZone,OWM Zona9,2022-09-12 10:00:00+02:00,93.0,2022-09-12
uniqueUserZone,OWM Zona8,2022-09-12 10:00:00+02:00,114.0,2022-09-12
uniqueUserZone,OWM Zona7,2022-09-12 10:00:00+02:00,82.0,2022-09-12
uniqueUserZone,OWM Zona6,2022-09-12 10:00:00+02:00,221.0,2022-09-12
uniqueUserZone,OWM Zona5,2022-09-12 10:00:00+02:00,83.0,2022-09-12
uniqueUserZone,OWM Zona4,2022-09-12 10:00:00+02:00,98.0,2022-09-12
uniqueUserZone,OWM Zona3,2022-09-12 10:00:00+02:00,206.0,2022-09-12
uniqueUserZone,OWM Zona2,2022-09-12 10:00:00+02:00,82.0,2022-09-12
uniqueUserZone,OWM Zona1,2022-09-12 10:00:00+02:00,141.0,2022-09-12
uniqueUserZone,OWM Zona9,2022-09-11 10:00:00+02:00,82.0,2022-09-11
uniqueUserZone,OWM Zona8,2022-09-11 10:00:00+02:00,114.0,2022-09-11
uniqueUserZone,OWM Zona7,2022-09-11 10:00:00+02:00,83.0,2022-09-11
uniqueUserZone,OWM Zona6,2022-09-11 10:00:00+02:00,202.0,2022-09-11
uniqueUserZone,OWM Zona5,2022-09-11 10:00:00+02:00,89.0,2022-09-11
uniqueUserZone,OWM Zona4,2022-09-11 10:00:00+02:00,104.0,2022-09-11
uniqueUserZone,OWM Zona3,2022-09-11 10:00:00+02:00,206.0,2022-09-11
uniqueUserZone,OWM Zona2,2022-09-11 10:00:00+02:00,69.0,2022-09-11
uniqueUserZone,OWM Zona1,2022-09-11 10:00:00+02:00,151.0,2022-09-11
uniqueUserZone,OWM Zona9,2022-09-10 10:00:00+02:00,86.0,2022-09-10
uniqueUserZone,OWM Zona8,2022-09-10 10:00:00+02:00,115.0,2022-09-10
uniqueUserZone,OWM Zona7,2022-09-10 10:00:00+02:00,70.0,2022-09-10
uniqueUserZone,OWM Zona6,2022-09-10 10:00:00+02:00,176.0,2022-09-10
uniqueUserZone,OWM Zona5,2022-09-10 10:00:00+02:00,95.0,2022-09-10
uniqueUserZone,OWM Zona4,2022-09-10 10:00:00+02:00,91.0,2022-09-10
uniqueUserZone,OWM Zona3,2022-09-10 10:00:00+02:00,195.0,2022-09-10
uniqueUserZone,OWM Zona2,2022-09-10 10:00:00+02:00,75.0,2022-09-10
uniqueUserZone,OWM Zona1,2022-09-10 10:00:00+02:00,156.0,2022-09-10
uniqueUserZone,OWM Zona9,2022-09-09 10:00:00+02:00,71.0,2022-09-09
uniqueUserZone,OWM Zona8,2022-09-09 10:00:00+02:00,97.0,2022-09-09
uniqueUserZone,OWM Zona7,2022-09-09 10:00:00+02:00,56.0,2022-09-09
uniqueUserZone,OWM Zona6,2022-09-09 10:00:00+02:00,152.0,2022-09-09
uniqueUserZone,OWM Zona5,2022-09-09 10:00:00+02:00,51.0,2022-09-09
uniqueUserZone,OWM Zona4,2022-09-09 10:00:00+02:00,65.0,2022-09-09
uniqueUserZone,OWM Zona3,2022-09-09 10:00:00+02:00,134.0,2022-09-09
uniqueUserZone,OWM Zona2,2022-09-09 10:00:00+02:00,56.0,2022-09-09
uniqueUserZone,OWM Zona1,2022-09-09 10:00:00+02:00,107.0,2022-09-09
uniqueUserZone,OWM Zona9,2022-09-08 10:00:00+02:00,0.0,2022-09-08
uniqueUserZone,OWM Zona8,2022-09-08 10:00:00+02:00,0.0,2022-09-08
uniqueUserZone,OWM Zona7,2022-09-08 10:00:00+02:00,0.0,2022-09-08
uniqueUserZone,OWM Zona6,2022-09-08 10:00:00+02:00,0.0,2022-09-08
uniqueUserZone,OWM Zona5,2022-09-08 10:00:00+02:00,0.0,2022-09-08
uniqueUserZone,OWM Zona4,2022-09-08 10:00:00+02:00,0.0,2022-09-08
uniqueUserZone,OWM Zona3,2022-09-08 10:00:00+02:00,0.0,2022-09-08
uniqueUserZone,OWM Zona2,2022-09-08 10:00:00+02:00,0.0,2022-09-08
uniqueUserZone,OWM Zona1,2022-09-08 10:00:00+02:00,0.0,2022-09-08
uniqueUserZone,OWM Zona9,2022-09-07 10:00:00+02:00,0.0,2022-09-07
uniqueUserZone,OWM Zona8,2022-09-07 10:00:00+02:00,0.0,2022-09-07
uniqueUserZone,OWM Zona7,2022-09-07 10:00:00+02:00,0.0,2022-09-07
uniqueUserZone,OWM Zona6,2022-09-07 10:00:00+02:00,0.0,2022-09-07
uniqueUserZone,OWM Zona5,2022-09-07 10:00:00+02:00,0.0,2022-09-07
uniqueUserZone,OWM Zona4,2022-09-07 10:00:00+02:00,0.0,2022-09-07
uniqueUserZone,OWM Zona3,2022-09-07 10:00:00+02:00,0.0,2022-09-07
uniqueUserZone,OWM Zona2,2022-09-07 10:00:00+02:00,0.0,2022-09-07
uniqueUserZone,OWM Zona1,2022-09-07 10:00:00+02:00,0.0,2022-09-07
uniqueUserZone,OWM Zona9,2022-09-06 10:00:00+02:00,30.0,2022-09-06
uniqueUserZone,OWM Zona8,2022-09-06 10:00:00+02:00,44.0,2022-09-06
uniqueUserZone,OWM Zona7,2022-09-06 10:00:00+02:00,30.0,2022-09-06
uniqueUserZone,OWM Zona6,2022-09-06 10:00:00+02:00,57.0,2022-09-06
uniqueUserZone,OWM Zona5,2022-09-06 10:00:00+02:00,32.0,2022-09-06
uniqueUserZone,OWM Zona4,2022-09-06 10:00:00+02:00,35.0,2022-09-06
uniqueUserZone,OWM Zona3,2022-09-06 10:00:00+02:00,73.0,2022-09-06
uniqueUserZone,OWM Zona2,2022-09-06 10:00:00+02:00,34.0,2022-09-06
uniqueUserZone,OWM Zona1,2022-09-06 10:00:00+02:00,53.0,2022-09-06
uniqueUserZone,OWM Zona9,2022-09-05 10:00:00+02:00,70.0,2022-09-05
uniqueUserZone,OWM Zona8,2022-09-05 10:00:00+02:00,86.0,2022-09-05
uniqueUserZone,OWM Zona7,2022-09-05 10:00:00+02:00,51.0,2022-09-05
uniqueUserZone,OWM Zona6,2022-09-05 10:00:00+02:00,148.0,2022-09-05
uniqueUserZone,OWM Zona5,2022-09-05 10:00:00+02:00,47.0,2022-09-05
uniqueUserZone,OWM Zona4,2022-09-05 10:00:00+02:00,87.0,2022-09-05
uniqueUserZone,OWM Zona3,2022-09-05 10:00:00+02:00,142.0,2022-09-05
uniqueUserZone,OWM Zona2,2022-09-05 10:00:00+02:00,65.0,2022-09-05
uniqueUserZone,OWM Zona1,2022-09-05 10:00:00+02:00,124.0,2022-09-05
uniqueUserZone,OWM Zona9,2022-09-04 10:00:00+02:00,66.0,2022-09-04
uniqueUserZone,OWM Zona8,2022-09-04 10:00:00+02:00,92.0,2022-09-04
uniqueUserZone,OWM Zona7,2022-09-04 10:00:00+02:00,51.0,2022-09-04
uniqueUserZone,OWM Zona6,2022-09-04 10:00:00+02:00,175.0,2022-09-04
uniqueUserZone,OWM Zona5,2022-09-04 10:00:00+02:00,60.0,2022-09-04
uniqueUserZone,OWM Zona4,2022-09-04 10:00:00+02:00,83.0,2022-09-04
uniqueUserZone,OWM Zona3,2022-09-04 10:00:00+02:00,165.0,2022-09-04
uniqueUserZone,OWM Zona2,2022-09-04 10:00:00+02:00,62.0,2022-09-04
uniqueUserZone,OWM Zona1,2022-09-04 10:00:00+02:00,127.0,2022-09-04
uniqueUserZone,OWM Zona9,2022-09-03 10:00:00+02:00,73.0,2022-09-03
uniqueUserZone,OWM Zona8,2022-09-03 10:00:00+02:00,104.0,2022-09-03
uniqueUserZone,OWM Zona7,2022-09-03 10:00:00+02:00,67.0,2022-09-03
uniqueUserZone,OWM Zona6,2022-09-03 10:00:00+02:00,188.0,2022-09-03
uniqueUserZone,OWM Zona5,2022-09-03 10:00:00+02:00,55.0,2022-09-03
uniqueUserZone,OWM Zona4,2022-09-03 10:00:00+02:00,93.0,2022-09-03
uniqueUserZone,OWM Zona3,2022-09-03 10:00:00+02:00,178.0,2022-09-03
uniqueUserZone,OWM Zona2,2022-09-03 10:00:00+02:00,65.0,2022-09-03
uniqueUserZone,OWM Zona1,2022-09-03 10:00:00+02:00,143.0,2022-09-03
uniqueUserZone,OWM Zona9,2022-09-02 10:00:00+02:00,61.0,2022-09-02
uniqueUserZone,OWM Zona8,2022-09-02 10:00:00+02:00,84.0,2022-09-02
uniqueUserZone,OWM Zona7,2022-09-02 10:00:00+02:00,44.0,2022-09-02
uniqueUserZone,OWM Zona6,2022-09-02 10:00:00+02:00,177.0,2022-09-02
uniqueUserZone,OWM Zona5,2022-09-02 10:00:00+02:00,48.0,2022-09-02
uniqueUserZone,OWM Zona4,2022-09-02 10:00:00+02:00,61.0,2022-09-02
uniqueUserZone,OWM Zona3,2022-09-02 10:00:00+02:00,142.0,2022-09-02
uniqueUserZone,OWM Zona2,2022-09-02 10:00:00+02:00,62.0,2022-09-02
uniqueUserZone,OWM Zona1,2022-09-02 10:00:00+02:00,122.0,2022-09-02
uniqueUserZone,OWM Zona9,2022-09-01 10:00:00+02:00,67.0,2022-09-01
uniqueUserZone,OWM Zona8,2022-09-01 10:00:00+02:00,93.0,2022-09-01
uniqueUserZone,OWM Zona7,2022-09-01 10:00:00+02:00,56.0,2022-09-01
uniqueUserZone,OWM Zona6,2022-09-01 10:00:00+02:00,178.0,2022-09-01
uniqueUserZone,OWM Zona5,2022-09-01 10:00:00+02:00,57.0,2022-09-01
uniqueUserZone,OWM Zona4,2022-09-01 10:00:00+02:00,72.0,2022-09-01
uniqueUserZone,OWM Zona3,2022-09-01 10:00:00+02:00,145.0,2022-09-01
uniqueUserZone,OWM Zona2,2022-09-01 10:00:00+02:00,66.0,2022-09-01
uniqueUserZone,OWM Zona1,2022-09-01 10:00:00+02:00,131.0,2022-09-01
uniqueUserZone,OWM Zona9,2022-08-31 10:00:00+02:00,87.0,2022-08-31
uniqueUserZone,OWM Zona8,2022-08-31 10:00:00+02:00,109.0,2022-08-31
uniqueUserZone,OWM Zona7,2022-08-31 10:00:00+02:00,54.0,2022-08-31
uniqueUserZone,OWM Zona6,2022-08-31 10:00:00+02:00,195.0,2022-08-31
uniqueUserZone,OWM Zona5,2022-08-31 10:00:00+02:00,60.0,2022-08-31
uniqueUserZone,OWM Zona4,2022-08-31 10:00:00+02:00,90.0,2022-08-31
uniqueUserZone,OWM Zona3,2022-08-31 10:00:00+02:00,168.0,2022-08-31
uniqueUserZone,OWM Zona2,2022-08-31 10:00:00+02:00,66.0,2022-08-31
uniqueUserZone,OWM Zona1,2022-08-31 10:00:00+02:00,128.0,2022-08-31
uniqueUserZone,OWM Zona9,2022-08-30 10:00:00+02:00,83.0,2022-08-30
uniqueUserZone,OWM Zona8,2022-08-30 10:00:00+02:00,87.0,2022-08-30
uniqueUserZone,OWM Zona7,2022-08-30 10:00:00+02:00,71.0,2022-08-30
uniqueUserZone,OWM Zona6,2022-08-30 10:00:00+02:00,189.0,2022-08-30
uniqueUserZone,OWM Zona5,2022-08-30 10:00:00+02:00,54.0,2022-08-30
uniqueUserZone,OWM Zona4,2022-08-30 10:00:00+02:00,91.0,2022-08-30
uniqueUserZone,OWM Zona3,2022-08-30 10:00:00+02:00,210.0,2022-08-30
uniqueUserZone,OWM Zona2,2022-08-30 10:00:00+02:00,76.0,2022-08-30
uniqueUserZone,OWM Zona1,2022-08-30 10:00:00+02:00,150.0,2022-08-30
uniqueUserZone,OWM Zona9,2022-08-29 10:00:00+02:00,79.0,2022-08-29
uniqueUserZone,OWM Zona8,2022-08-29 10:00:00+02:00,100.0,2022-08-29
uniqueUserZone,OWM Zona7,2022-08-29 10:00:00+02:00,71.0,2022-08-29
uniqueUserZone,OWM Zona6,2022-08-29 10:00:00+02:00,218.0,2022-08-29
uniqueUserZone,OWM Zona5,2022-08-29 10:00:00+02:00,82.0,2022-08-29
uniqueUserZone,OWM Zona4,2022-08-29 10:00:00+02:00,98.0,2022-08-29
uniqueUserZone,OWM Zona3,2022-08-29 10:00:00+02:00,189.0,2022-08-29
uniqueUserZone,OWM Zona2,2022-08-29 10:00:00+02:00,66.0,2022-08-29
uniqueUserZone,OWM Zona1,2022-08-29 10:00:00+02:00,150.0,2022-08-29
uniqueUserZone,OWM Zona9,2022-08-28 10:00:00+02:00,87.0,2022-08-28
uniqueUserZone,OWM Zona8,2022-08-28 10:00:00+02:00,111.0,2022-08-28
uniqueUserZone,OWM Zona7,2022-08-28 10:00:00+02:00,60.0,2022-08-28
uniqueUserZone,OWM Zona6,2022-08-28 10:00:00+02:00,221.0,2022-08-28
uniqueUserZone,OWM Zona5,2022-08-28 10:00:00+02:00,78.0,2022-08-28
uniqueUserZone,OWM Zona4,2022-08-28 10:00:00+02:00,88.0,2022-08-28
uniqueUserZone,OWM Zona3,2022-08-28 10:00:00+02:00,227.0,2022-08-28
uniqueUserZone,OWM Zona2,2022-08-28 10:00:00+02:00,89.0,2022-08-28
uniqueUserZone,OWM Zona1,2022-08-28 10:00:00+02:00,164.0,2022-08-28
uniqueUserZone,OWM Zona9,2022-08-27 10:00:00+02:00,95.0,2022-08-27
uniqueUserZone,OWM Zona8,2022-08-27 10:00:00+02:00,113.0,2022-08-27
uniqueUserZone,OWM Zona7,2022-08-27 10:00:00+02:00,64.0,2022-08-27
uniqueUserZone,OWM Zona6,2022-08-27 10:00:00+02:00,208.0,2022-08-27
uniqueUserZone,OWM Zona5,2022-08-27 10:00:00+02:00,62.0,2022-08-27
uniqueUserZone,OWM Zona4,2022-08-27 10:00:00+02:00,81.0,2022-08-27
uniqueUserZone,OWM Zona3,2022-08-27 10:00:00+02:00,206.0,2022-08-27
uniqueUserZone,OWM Zona2,2022-08-27 10:00:00+02:00,88.0,2022-08-27
uniqueUserZone,OWM Zona1,2022-08-27 10:00:00+02:00,151.0,2022-08-27
uniqueUserZone,OWM Zona9,2022-08-26 10:00:00+02:00,89.0,2022-08-26
uniqueUserZone,OWM Zona8,2022-08-26 10:00:00+02:00,107.0,2022-08-26
uniqueUserZone,OWM Zona7,2022-08-26 10:00:00+02:00,53.0,2022-08-26
uniqueUserZone,OWM Zona6,2022-08-26 10:00:00+02:00,216.0,2022-08-26
uniqueUserZone,OWM Zona5,2022-08-26 10:00:00+02:00,72.0,2022-08-26
uniqueUserZone,OWM Zona4,2022-08-26 10:00:00+02:00,110.0,2022-08-26
uniqueUserZone,OWM Zona3,2022-08-26 10:00:00+02:00,214.0,2022-08-26
uniqueUserZone,OWM Zona2,2022-08-26 10:00:00+02:00,103.0,2022-08-26
uniqueUserZone,OWM Zona1,2022-08-26 10:00:00+02:00,178.0,2022-08-26
uniqueUserZone,OWM Zona9,2022-08-25 10:00:00+02:00,79.0,2022-08-25
uniqueUserZone,OWM Zona8,2022-08-25 10:00:00+02:00,90.0,2022-08-25
uniqueUserZone,OWM Zona7,2022-08-25 10:00:00+02:00,61.0,2022-08-25
uniqueUserZone,OWM Zona6,2022-08-25 10:00:00+02:00,213.0,2022-08-25
uniqueUserZone,OWM Zona5,2022-08-25 10:00:00+02:00,66.0,2022-08-25
uniqueUserZone,OWM Zona4,2022-08-25 10:00:00+02:00,95.0,2022-08-25
uniqueUserZone,OWM Zona3,2022-08-25 10:00:00+02:00,166.0,2022-08-25
uniqueUserZone,OWM Zona2,2022-08-25 10:00:00+02:00,79.0,2022-08-25
uniqueUserZone,OWM Zona1,2022-08-25 10:00:00+02:00,137.0,2022-08-25
uniqueUserZone,OWM Zona9,2022-08-24 10:00:00+02:00,86.0,2022-08-24
uniqueUserZone,OWM Zona8,2022-08-24 10:00:00+02:00,113.0,2022-08-24
uniqueUserZone,OWM Zona7,2022-08-24 10:00:00+02:00,61.0,2022-08-24
uniqueUserZone,OWM Zona6,2022-08-24 10:00:00+02:00,193.0,2022-08-24
uniqueUserZone,OWM Zona5,2022-08-24 10:00:00+02:00,60.0,2022-08-24
uniqueUserZone,OWM Zona4,2022-08-24 10:00:00+02:00,92.0,2022-08-24
uniqueUserZone,OWM Zona3,2022-08-24 10:00:00+02:00,213.0,2022-08-24
uniqueUserZone,OWM Zona2,2022-08-24 10:00:00+02:00,74.0,2022-08-24
uniqueUserZone,OWM Zona1,2022-08-24 10:00:00+02:00,133.0,2022-08-24
uniqueUserZone,OWM Zona9,2022-08-23 10:00:00+02:00,99.0,2022-08-23
uniqueUserZone,OWM Zona8,2022-08-23 10:00:00+02:00,134.0,2022-08-23
uniqueUserZone,OWM Zona7,2022-08-23 10:00:00+02:00,68.0,2022-08-23
uniqueUserZone,OWM Zona6,2022-08-23 10:00:00+02:00,215.0,2022-08-23
uniqueUserZone,OWM Zona5,2022-08-23 10:00:00+02:00,79.0,2022-08-23
uniqueUserZone,OWM Zona4,2022-08-23 10:00:00+02:00,124.0,2022-08-23
uniqueUserZone,OWM Zona3,2022-08-23 10:00:00+02:00,223.0,2022-08-23
uniqueUserZone,OWM Zona2,2022-08-23 10:00:00+02:00,100.0,2022-08-23
uniqueUserZone,OWM Zona1,2022-08-23 10:00:00+02:00,149.0,2022-08-23
uniqueUserZone,OWM Zona9,2022-08-22 10:00:00+02:00,109.0,2022-08-22
uniqueUserZone,OWM Zona8,2022-08-22 10:00:00+02:00,141.0,2022-08-22
uniqueUserZone,OWM Zona7,2022-08-22 10:00:00+02:00,85.0,2022-08-22
uniqueUserZone,OWM Zona6,2022-08-22 10:00:00+02:00,211.0,2022-08-22
uniqueUserZone,OWM Zona5,2022-08-22 10:00:00+02:00,77.0,2022-08-22
uniqueUserZone,OWM Zona4,2022-08-22 10:00:00+02:00,114.0,2022-08-22
uniqueUserZone,OWM Zona3,2022-08-22 10:00:00+02:00,236.0,2022-08-22
uniqueUserZone,OWM Zona2,2022-08-22 10:00:00+02:00,105.0,2022-08-22
uniqueUserZone,OWM Zona1,2022-08-22 10:00:00+02:00,147.0,2022-08-22
uniqueUserZone,OWM Zona9,2022-08-21 10:00:00+02:00,105.0,2022-08-21
uniqueUserZone,OWM Zona8,2022-08-21 10:00:00+02:00,130.0,2022-08-21
uniqueUserZone,OWM Zona7,2022-08-21 10:00:00+02:00,83.0,2022-08-21
uniqueUserZone,OWM Zona6,2022-08-21 10:00:00+02:00,254.0,2022-08-21
uniqueUserZone,OWM Zona5,2022-08-21 10:00:00+02:00,78.0,2022-08-21
uniqueUserZone,OWM Zona4,2022-08-21 10:00:00+02:00,124.0,2022-08-21
uniqueUserZone,OWM Zona3,2022-08-21 10:00:00+02:00,251.0,2022-08-21
uniqueUserZone,OWM Zona2,2022-08-21 10:00:00+02:00,101.0,2022-08-21
uniqueUserZone,OWM Zona1,2022-08-21 10:00:00+02:00,163.0,2022-08-21
uniqueUserZone,OWM Zona9,2022-08-20 10:00:00+02:00,116.0,2022-08-20
uniqueUserZone,OWM Zona8,2022-08-20 10:00:00+02:00,140.0,2022-08-20
uniqueUserZone,OWM Zona7,2022-08-20 10:00:00+02:00,95.0,2022-08-20
uniqueUserZone,OWM Zona6,2022-08-20 10:00:00+02:00,212.0,2022-08-20
uniqueUserZone,OWM Zona5,2022-08-20 10:00:00+02:00,71.0,2022-08-20
uniqueUserZone,OWM Zona4,2022-08-20 10:00:00+02:00,114.0,2022-08-20
uniqueUserZone,OWM Zona3,2022-08-20 10:00:00+02:00,246.0,2022-08-20
uniqueUserZone,OWM Zona2,2022-08-20 10:00:00+02:00,106.0,2022-08-20
uniqueUserZone,OWM Zona1,2022-08-20 10:00:00+02:00,167.0,2022-08-20
uniqueUserZone,OWM Zona9,2022-08-19 10:00:00+02:00,124.0,2022-08-19
uniqueUserZone,OWM Zona8,2022-08-19 10:00:00+02:00,140.0,2022-08-19
uniqueUserZone,OWM Zona7,2022-08-19 10:00:00+02:00,84.0,2022-08-19
uniqueUserZone,OWM Zona6,2022-08-19 10:00:00+02:00,199.0,2022-08-19
uniqueUserZone,OWM Zona5,2022-08-19 10:00:00+02:00,68.0,2022-08-19
uniqueUserZone,OWM Zona4,2022-08-19 10:00:00+02:00,133.0,2022-08-19
uniqueUserZone,OWM Zona3,2022-08-19 10:00:00+02:00,241.0,2022-08-19
uniqueUserZone,OWM Zona2,2022-08-19 10:00:00+02:00,98.0,2022-08-19
uniqueUserZone,OWM Zona1,2022-08-19 10:00:00+02:00,164.0,2022-08-19
uniqueUserZone,OWM Zona9,2022-08-18 10:00:00+02:00,99.0,2022-08-18
uniqueUserZone,OWM Zona8,2022-08-18 10:00:00+02:00,119.0,2022-08-18
uniqueUserZone,OWM Zona7,2022-08-18 10:00:00+02:00,68.0,2022-08-18
uniqueUserZone,OWM Zona6,2022-08-18 10:00:00+02:00,187.0,2022-08-18
uniqueUserZone,OWM Zona5,2022-08-18 10:00:00+02:00,68.0,2022-08-18
uniqueUserZone,OWM Zona4,2022-08-18 10:00:00+02:00,92.0,2022-08-18
uniqueUserZone,OWM Zona3,2022-08-18 10:00:00+02:00,197.0,2022-08-18
uniqueUserZone,OWM Zona2,2022-08-18 10:00:00+02:00,75.0,2022-08-18
uniqueUserZone,OWM Zona1,2022-08-18 10:00:00+02:00,97.0,2022-08-18
uniqueUserZone,OWM Zona9,2022-08-17 10:00:00+02:00,103.0,2022-08-17
uniqueUserZone,OWM Zona8,2022-08-17 10:00:00+02:00,137.0,2022-08-17
uniqueUserZone,OWM Zona7,2022-08-17 10:00:00+02:00,64.0,2022-08-17
uniqueUserZone,OWM Zona6,2022-08-17 10:00:00+02:00,256.0,2022-08-17
uniqueUserZone,OWM Zona5,2022-08-17 10:00:00+02:00,83.0,2022-08-17
uniqueUserZone,OWM Zona4,2022-08-17 10:00:00+02:00,130.0,2022-08-17
uniqueUserZone,OWM Zona3,2022-08-17 10:00:00+02:00,257.0,2022-08-17
uniqueUserZone,OWM Zona2,2022-08-17 10:00:00+02:00,89.0,2022-08-17
uniqueUserZone,OWM Zona1,2022-08-17 10:00:00+02:00,144.0,2022-08-17
uniqueUserZone,OWM Zona9,2022-08-16 10:00:00+02:00,105.0,2022-08-16
uniqueUserZone,OWM Zona8,2022-08-16 10:00:00+02:00,140.0,2022-08-16
uniqueUserZone,OWM Zona7,2022-08-16 10:00:00+02:00,82.0,2022-08-16
uniqueUserZone,OWM Zona6,2022-08-16 10:00:00+02:00,222.0,2022-08-16
uniqueUserZone,OWM Zona5,2022-08-16 10:00:00+02:00,78.0,2022-08-16
uniqueUserZone,OWM Zona4,2022-08-16 10:00:00+02:00,134.0,2022-08-16
uniqueUserZone,OWM Zona3,2022-08-16 10:00:00+02:00,273.0,2022-08-16
uniqueUserZone,OWM Zona2,2022-08-16 10:00:00+02:00,111.0,2022-08-16
uniqueUserZone,OWM Zona1,2022-08-16 10:00:00+02:00,157.0,2022-08-16
uniqueUserZone,OWM Zona9,2022-08-15 10:00:00+02:00,99.0,2022-08-15
uniqueUserZone,OWM Zona8,2022-08-15 10:00:00+02:00,173.0,2022-08-15
uniqueUserZone,OWM Zona7,2022-08-15 10:00:00+02:00,80.0,2022-08-15
uniqueUserZone,OWM Zona6,2022-08-15 10:00:00+02:00,240.0,2022-08-15
uniqueUserZone,OWM Zona5,2022-08-15 10:00:00+02:00,86.0,2022-08-15
uniqueUserZone,OWM Zona4,2022-08-15 10:00:00+02:00,127.0,2022-08-15
uniqueUserZone,OWM Zona3,2022-08-15 10:00:00+02:00,295.0,2022-08-15
uniqueUserZone,OWM Zona2,2022-08-15 10:00:00+02:00,128.0,2022-08-15
uniqueUserZone,OWM Zona1,2022-08-15 10:00:00+02:00,172.0,2022-08-15
uniqueUserZone,OWM Zona9,2022-08-14 10:00:00+02:00,122.0,2022-08-14
uniqueUserZone,OWM Zona8,2022-08-14 10:00:00+02:00,170.0,2022-08-14
uniqueUserZone,OWM Zona7,2022-08-14 10:00:00+02:00,98.0,2022-08-14
uniqueUserZone,OWM Zona6,2022-08-14 10:00:00+02:00,249.0,2022-08-14
uniqueUserZone,OWM Zona5,2022-08-14 10:00:00+02:00,80.0,2022-08-14
uniqueUserZone,OWM Zona4,2022-08-14 10:00:00+02:00,138.0,2022-08-14
uniqueUserZone,OWM Zona3,2022-08-14 10:00:00+02:00,282.0,2022-08-14
uniqueUserZone,OWM Zona2,2022-08-14 10:00:00+02:00,123.0,2022-08-14
uniqueUserZone,OWM Zona1,2022-08-14 10:00:00+02:00,190.0,2022-08-14
uniqueUserZone,OWM Zona9,2022-08-13 10:00:00+02:00,112.0,2022-08-13
uniqueUserZone,OWM Zona8,2022-08-13 10:00:00+02:00,157.0,2022-08-13
uniqueUserZone,OWM Zona7,2022-08-13 10:00:00+02:00,103.0,2022-08-13
uniqueUserZone,OWM Zona6,2022-08-13 10:00:00+02:00,242.0,2022-08-13
uniqueUserZone,OWM Zona5,2022-08-13 10:00:00+02:00,97.0,2022-08-13
uniqueUserZone,OWM Zona4,2022-08-13 10:00:00+02:00,127.0,2022-08-13
uniqueUserZone,OWM Zona3,2022-08-13 10:00:00+02:00,302.0,2022-08-13
uniqueUserZone,OWM Zona2,2022-08-13 10:00:00+02:00,126.0,2022-08-13
uniqueUserZone,OWM Zona1,2022-08-13 10:00:00+02:00,173.0,2022-08-13
uniqueUserZone,OWM Zona9,2022-08-12 10:00:00+02:00,109.0,2022-08-12
uniqueUserZone,OWM Zona8,2022-08-12 10:00:00+02:00,160.0,2022-08-12
uniqueUserZone,OWM Zona7,2022-08-12 10:00:00+02:00,91.0,2022-08-12
uniqueUserZone,OWM Zona6,2022-08-12 10:00:00+02:00,190.0,2022-08-12
uniqueUserZone,OWM Zona5,2022-08-12 10:00:00+02:00,82.0,2022-08-12
uniqueUserZone,OWM Zona4,2022-08-12 10:00:00+02:00,126.0,2022-08-12
uniqueUserZone,OWM Zona3,2022-08-12 10:00:00+02:00,282.0,2022-08-12
uniqueUserZone,OWM Zona2,2022-08-12 10:00:00+02:00,120.0,2022-08-12
uniqueUserZone,OWM Zona1,2022-08-12 10:00:00+02:00,174.0,2022-08-12
uniqueUserZone,OWM Zona9,2022-08-11 10:00:00+02:00,105.0,2022-08-11
uniqueUserZone,OWM Zona8,2022-08-11 10:00:00+02:00,119.0,2022-08-11
uniqueUserZone,OWM Zona7,2022-08-11 10:00:00+02:00,73.0,2022-08-11
uniqueUserZone,OWM Zona6,2022-08-11 10:00:00+02:00,199.0,2022-08-11
uniqueUserZone,OWM Zona5,2022-08-11 10:00:00+02:00,80.0,2022-08-11
uniqueUserZone,OWM Zona4,2022-08-11 10:00:00+02:00,99.0,2022-08-11
uniqueUserZone,OWM Zona3,2022-08-11 10:00:00+02:00,224.0,2022-08-11
uniqueUserZone,OWM Zona2,2022-08-11 10:00:00+02:00,78.0,2022-08-11
uniqueUserZone,OWM Zona1,2022-08-11 10:00:00+02:00,136.0,2022-08-11
uniqueUserZone,OWM Zona9,2022-08-10 10:00:00+02:00,88.0,2022-08-10
uniqueUserZone,OWM Zona8,2022-08-10 10:00:00+02:00,138.0,2022-08-10
uniqueUserZone,OWM Zona7,2022-08-10 10:00:00+02:00,69.0,2022-08-10
uniqueUserZone,OWM Zona6,2022-08-10 10:00:00+02:00,208.0,2022-08-10
uniqueUserZone,OWM Zona5,2022-08-10 10:00:00+02:00,70.0,2022-08-10
uniqueUserZone,OWM Zona4,2022-08-10 10:00:00+02:00,108.0,2022-08-10
uniqueUserZone,OWM Zona3,2022-08-10 10:00:00+02:00,237.0,2022-08-10
uniqueUserZone,OWM Zona2,2022-08-10 10:00:00+02:00,105.0,2022-08-10
uniqueUserZone,OWM Zona1,2022-08-10 10:00:00+02:00,129.0,2022-08-10
uniqueUserZone,OWM Zona9,2022-08-09 10:00:00+02:00,107.0,2022-08-09
uniqueUserZone,OWM Zona8,2022-08-09 10:00:00+02:00,163.0,2022-08-09
uniqueUserZone,OWM Zona7,2022-08-09 10:00:00+02:00,78.0,2022-08-09
uniqueUserZone,OWM Zona6,2022-08-09 10:00:00+02:00,274.0,2022-08-09
uniqueUserZone,OWM Zona5,2022-08-09 10:00:00+02:00,89.0,2022-08-09
uniqueUserZone,OWM Zona4,2022-08-09 10:00:00+02:00,136.0,2022-08-09
uniqueUserZone,OWM Zona3,2022-08-09 10:00:00+02:00,276.0,2022-08-09
uniqueUserZone,OWM Zona2,2022-08-09 10:00:00+02:00,145.0,2022-08-09
uniqueUserZone,OWM Zona1,2022-08-09 10:00:00+02:00,179.0,2022-08-09
uniqueUserZone,OWM Zona9,2022-08-08 10:00:00+02:00,122.0,2022-08-08
uniqueUserZone,OWM Zona8,2022-08-08 10:00:00+02:00,160.0,2022-08-08
uniqueUserZone,OWM Zona7,2022-08-08 10:00:00+02:00,101.0,2022-08-08
uniqueUserZone,OWM Zona6,2022-08-08 10:00:00+02:00,248.0,2022-08-08
uniqueUserZone,OWM Zona5,2022-08-08 10:00:00+02:00,109.0,2022-08-08
uniqueUserZone,OWM Zona4,2022-08-08 10:00:00+02:00,137.0,2022-08-08
uniqueUserZone,OWM Zona3,2022-08-08 10:00:00+02:00,284.0,2022-08-08
uniqueUserZone,OWM Zona2,2022-08-08 10:00:00+02:00,132.0,2022-08-08
uniqueUserZone,OWM Zona1,2022-08-08 10:00:00+02:00,198.0,2022-08-08
uniqueUserZone,OWM Zona9,2022-08-07 10:00:00+02:00,124.0,2022-08-07
uniqueUserZone,OWM Zona8,2022-08-07 10:00:00+02:00,149.0,2022-08-07
uniqueUserZone,OWM Zona7,2022-08-07 10:00:00+02:00,83.0,2022-08-07
uniqueUserZone,OWM Zona6,2022-08-07 10:00:00+02:00,238.0,2022-08-07
uniqueUserZone,OWM Zona5,2022-08-07 10:00:00+02:00,90.0,2022-08-07
uniqueUserZone,OWM Zona4,2022-08-07 10:00:00+02:00,129.0,2022-08-07
uniqueUserZone,OWM Zona3,2022-08-07 10:00:00+02:00,319.0,2022-08-07
uniqueUserZone,OWM Zona2,2022-08-07 10:00:00+02:00,136.0,2022-08-07
uniqueUserZone,OWM Zona1,2022-08-07 10:00:00+02:00,188.0,2022-08-07
uniqueUserZone,OWM Zona9,2022-08-06 10:00:00+02:00,129.0,2022-08-06
uniqueUserZone,OWM Zona8,2022-08-06 10:00:00+02:00,159.0,2022-08-06
uniqueUserZone,OWM Zona7,2022-08-06 10:00:00+02:00,102.0,2022-08-06
uniqueUserZone,OWM Zona6,2022-08-06 10:00:00+02:00,250.0,2022-08-06
uniqueUserZone,OWM Zona5,2022-08-06 10:00:00+02:00,111.0,2022-08-06
uniqueUserZone,OWM Zona4,2022-08-06 10:00:00+02:00,135.0,2022-08-06
uniqueUserZone,OWM Zona3,2022-08-06 10:00:00+02:00,328.0,2022-08-06
uniqueUserZone,OWM Zona2,2022-08-06 10:00:00+02:00,134.0,2022-08-06
uniqueUserZone,OWM Zona1,2022-08-06 10:00:00+02:00,201.0,2022-08-06
uniqueUserZone,OWM Zona9,2022-08-05 10:00:00+02:00,111.0,2022-08-05
uniqueUserZone,OWM Zona8,2022-08-05 10:00:00+02:00,162.0,2022-08-05
uniqueUserZone,OWM Zona7,2022-08-05 10:00:00+02:00,96.0,2022-08-05
uniqueUserZone,OWM Zona6,2022-08-05 10:00:00+02:00,231.0,2022-08-05
uniqueUserZone,OWM Zona5,2022-08-05 10:00:00+02:00,85.0,2022-08-05
uniqueUserZone,OWM Zona4,2022-08-05 10:00:00+02:00,138.0,2022-08-05
uniqueUserZone,OWM Zona3,2022-08-05 10:00:00+02:00,301.0,2022-08-05
uniqueUserZone,OWM Zona2,2022-08-05 10:00:00+02:00,120.0,2022-08-05
uniqueUserZone,OWM Zona1,2022-08-05 10:00:00+02:00,206.0,2022-08-05
uniqueUserZone,OWM Zona9,2022-08-04 10:00:00+02:00,91.0,2022-08-04
uniqueUserZone,OWM Zona8,2022-08-04 10:00:00+02:00,106.0,2022-08-04
uniqueUserZone,OWM Zona7,2022-08-04 10:00:00+02:00,74.0,2022-08-04
uniqueUserZone,OWM Zona6,2022-08-04 10:00:00+02:00,248.0,2022-08-04
uniqueUserZone,OWM Zona5,2022-08-04 10:00:00+02:00,75.0,2022-08-04
uniqueUserZone,OWM Zona4,2022-08-04 10:00:00+02:00,90.0,2022-08-04
uniqueUserZone,OWM Zona3,2022-08-04 10:00:00+02:00,205.0,2022-08-04
uniqueUserZone,OWM Zona2,2022-08-04 10:00:00+02:00,88.0,2022-08-04
uniqueUserZone,OWM Zona1,2022-08-04 10:00:00+02:00,133.0,2022-08-04
uniqueUserZone,OWM Zona9,2022-08-03 10:00:00+02:00,111.0,2022-08-03
uniqueUserZone,OWM Zona8,2022-08-03 10:00:00+02:00,105.0,2022-08-03
uniqueUserZone,OWM Zona7,2022-08-03 10:00:00+02:00,84.0,2022-08-03
uniqueUserZone,OWM Zona6,2022-08-03 10:00:00+02:00,233.0,2022-08-03
uniqueUserZone,OWM Zona5,2022-08-03 10:00:00+02:00,83.0,2022-08-03
uniqueUserZone,OWM Zona4,2022-08-03 10:00:00+02:00,110.0,2022-08-03
uniqueUserZone,OWM Zona3,2022-08-03 10:00:00+02:00,280.0,2022-08-03
uniqueUserZone,OWM Zona2,2022-08-03 10:00:00+02:00,101.0,2022-08-03
uniqueUserZone,OWM Zona1,2022-08-03 10:00:00+02:00,143.0,2022-08-03
uniqueUserZone,OWM Zona9,2022-08-02 10:00:00+02:00,112.0,2022-08-02
uniqueUserZone,OWM Zona8,2022-08-02 10:00:00+02:00,118.0,2022-08-02
uniqueUserZone,OWM Zona7,2022-08-02 10:00:00+02:00,82.0,2022-08-02
uniqueUserZone,OWM Zona6,2022-08-02 10:00:00+02:00,213.0,2022-08-02
uniqueUserZone,OWM Zona5,2022-08-02 10:00:00+02:00,80.0,2022-08-02
uniqueUserZone,OWM Zona4,2022-08-02 10:00:00+02:00,119.0,2022-08-02
uniqueUserZone,OWM Zona3,2022-08-02 10:00:00+02:00,263.0,2022-08-02
uniqueUserZone,OWM Zona2,2022-08-02 10:00:00+02:00,111.0,2022-08-02
uniqueUserZone,OWM Zona1,2022-08-02 10:00:00+02:00,192.0,2022-08-02
uniqueUserZone,OWM Zona9,2022-08-01 10:00:00+02:00,103.0,2022-08-01
uniqueUserZone,OWM Zona8,2022-08-01 10:00:00+02:00,147.0,2022-08-01
uniqueUserZone,OWM Zona7,2022-08-01 10:00:00+02:00,99.0,2022-08-01
uniqueUserZone,OWM Zona6,2022-08-01 10:00:00+02:00,222.0,2022-08-01
uniqueUserZone,OWM Zona5,2022-08-01 10:00:00+02:00,95.0,2022-08-01
uniqueUserZone,OWM Zona4,2022-08-01 10:00:00+02:00,112.0,2022-08-01
uniqueUserZone,OWM Zona3,2022-08-01 10:00:00+02:00,290.0,2022-08-01
uniqueUserZone,OWM Zona2,2022-08-01 10:00:00+02:00,110.0,2022-08-01
uniqueUserZone,OWM Zona1,2022-08-01 10:00:00+02:00,192.0,2022-08-01
uniqueUserZone,OWM Zona9,2022-07-31 10:00:00+02:00,127.0,2022-07-31
uniqueUserZone,OWM Zona8,2022-07-31 10:00:00+02:00,188.0,2022-07-31
uniqueUserZone,OWM Zona7,2022-07-31 10:00:00+02:00,119.0,2022-07-31
uniqueUserZone,OWM Zona6,2022-07-31 10:00:00+02:00,269.0,2022-07-31
uniqueUserZone,OWM Zona5,2022-07-31 10:00:00+02:00,120.0,2022-07-31
uniqueUserZone,OWM Zona4,2022-07-31 10:00:00+02:00,137.0,2022-07-31
uniqueUserZone,OWM Zona3,2022-07-31 10:00:00+02:00,322.0,2022-07-31
uniqueUserZone,OWM Zona2,2022-07-31 10:00:00+02:00,103.0,2022-07-31
uniqueUserZone,OWM Zona1,2022-07-31 10:00:00+02:00,213.0,2022-07-31
uniqueUserZone,OWM Zona9,2022-07-30 10:00:00+02:00,114.0,2022-07-30
uniqueUserZone,OWM Zona8,2022-07-30 10:00:00+02:00,181.0,2022-07-30
uniqueUserZone,OWM Zona7,2022-07-30 10:00:00+02:00,97.0,2022-07-30
uniqueUserZone,OWM Zona6,2022-07-30 10:00:00+02:00,306.0,2022-07-30
uniqueUserZone,OWM Zona5,2022-07-30 10:00:00+02:00,104.0,2022-07-30
uniqueUserZone,OWM Zona4,2022-07-30 10:00:00+02:00,126.0,2022-07-30
uniqueUserZone,OWM Zona3,2022-07-30 10:00:00+02:00,340.0,2022-07-30
uniqueUserZone,OWM Zona2,2022-07-30 10:00:00+02:00,130.0,2022-07-30
uniqueUserZone,OWM Zona1,2022-07-30 10:00:00+02:00,210.0,2022-07-30
uniqueUserZone,OWM Zona9,2022-07-29 10:00:00+02:00,112.0,2022-07-29
uniqueUserZone,OWM Zona8,2022-07-29 10:00:00+02:00,157.0,2022-07-29
uniqueUserZone,OWM Zona7,2022-07-29 10:00:00+02:00,106.0,2022-07-29
uniqueUserZone,OWM Zona6,2022-07-29 10:00:00+02:00,260.0,2022-07-29
uniqueUserZone,OWM Zona5,2022-07-29 10:00:00+02:00,89.0,2022-07-29
uniqueUserZone,OWM Zona4,2022-07-29 10:00:00+02:00,122.0,2022-07-29
uniqueUserZone,OWM Zona3,2022-07-29 10:00:00+02:00,338.0,2022-07-29
uniqueUserZone,OWM Zona2,2022-07-29 10:00:00+02:00,127.0,2022-07-29
uniqueUserZone,OWM Zona1,2022-07-29 10:00:00+02:00,213.0,2022-07-29
uniqueUserZone,OWM Zona9,2022-07-28 10:00:00+02:00,77.0,2022-07-28
uniqueUserZone,OWM Zona8,2022-07-28 10:00:00+02:00,122.0,2022-07-28
uniqueUserZone,OWM Zona7,2022-07-28 10:00:00+02:00,88.0,2022-07-28
uniqueUserZone,OWM Zona6,2022-07-28 10:00:00+02:00,264.0,2022-07-28
uniqueUserZone,OWM Zona5,2022-07-28 10:00:00+02:00,75.0,2022-07-28
uniqueUserZone,OWM Zona4,2022-07-28 10:00:00+02:00,98.0,2022-07-28
uniqueUserZone,OWM Zona3,2022-07-28 10:00:00+02:00,247.0,2022-07-28
uniqueUserZone,OWM Zona2,2022-07-28 10:00:00+02:00,89.0,2022-07-28
uniqueUserZone,OWM Zona1,2022-07-28 10:00:00+02:00,136.0,2022-07-28
uniqueUserZone,OWM Zona9,2022-07-27 10:00:00+02:00,103.0,2022-07-27
uniqueUserZone,OWM Zona8,2022-07-27 10:00:00+02:00,137.0,2022-07-27
uniqueUserZone,OWM Zona7,2022-07-27 10:00:00+02:00,91.0,2022-07-27
uniqueUserZone,OWM Zona6,2022-07-27 10:00:00+02:00,274.0,2022-07-27
uniqueUserZone,OWM Zona5,2022-07-27 10:00:00+02:00,108.0,2022-07-27
uniqueUserZone,OWM Zona4,2022-07-27 10:00:00+02:00,136.0,2022-07-27
uniqueUserZone,OWM Zona3,2022-07-27 10:00:00+02:00,302.0,2022-07-27
uniqueUserZone,OWM Zona2,2022-07-27 10:00:00+02:00,115.0,2022-07-27
uniqueUserZone,OWM Zona1,2022-07-27 10:00:00+02:00,181.0,2022-07-27
uniqueUserZone,OWM Zona9,2022-07-26 10:00:00+02:00,129.0,2022-07-26
uniqueUserZone,OWM Zona8,2022-07-26 10:00:00+02:00,166.0,2022-07-26
uniqueUserZone,OWM Zona7,2022-07-26 10:00:00+02:00,120.0,2022-07-26
uniqueUserZone,OWM Zona6,2022-07-26 10:00:00+02:00,290.0,2022-07-26
uniqueUserZone,OWM Zona5,2022-07-26 10:00:00+02:00,119.0,2022-07-26
uniqueUserZone,OWM Zona4,2022-07-26 10:00:00+02:00,162.0,2022-07-26
uniqueUserZone,OWM Zona3,2022-07-26 10:00:00+02:00,360.0,2022-07-26
uniqueUserZone,OWM Zona2,2022-07-26 10:00:00+02:00,130.0,2022-07-26
uniqueUserZone,OWM Zona1,2022-07-26 10:00:00+02:00,215.0,2022-07-26
uniqueUserZone,OWM Zona9,2022-07-25 10:00:00+02:00,110.0,2022-07-25
uniqueUserZone,OWM Zona8,2022-07-25 10:00:00+02:00,140.0,2022-07-25
uniqueUserZone,OWM Zona7,2022-07-25 10:00:00+02:00,98.0,2022-07-25
uniqueUserZone,OWM Zona6,2022-07-25 10:00:00+02:00,228.0,2022-07-25
uniqueUserZone,OWM Zona5,2022-07-25 10:00:00+02:00,84.0,2022-07-25
uniqueUserZone,OWM Zona4,2022-07-25 10:00:00+02:00,138.0,2022-07-25
uniqueUserZone,OWM Zona3,2022-07-25 10:00:00+02:00,289.0,2022-07-25
uniqueUserZone,OWM Zona2,2022-07-25 10:00:00+02:00,114.0,2022-07-25
uniqueUserZone,OWM Zona1,2022-07-25 10:00:00+02:00,194.0,2022-07-25
uniqueUserZone,OWM Zona9,2022-07-24 10:00:00+02:00,100.0,2022-07-24
uniqueUserZone,OWM Zona8,2022-07-24 10:00:00+02:00,140.0,2022-07-24
uniqueUserZone,OWM Zona7,2022-07-24 10:00:00+02:00,88.0,2022-07-24
uniqueUserZone,OWM Zona6,2022-07-24 10:00:00+02:00,235.0,2022-07-24
uniqueUserZone,OWM Zona5,2022-07-24 10:00:00+02:00,84.0,2022-07-24
uniqueUserZone,OWM Zona4,2022-07-24 10:00:00+02:00,128.0,2022-07-24
uniqueUserZone,OWM Zona3,2022-07-24 10:00:00+02:00,287.0,2022-07-24
uniqueUserZone,OWM Zona2,2022-07-24 10:00:00+02:00,126.0,2022-07-24
uniqueUserZone,OWM Zona1,2022-07-24 10:00:00+02:00,198.0,2022-07-24
uniqueUserZone,OWM Zona9,2022-07-23 10:00:00+02:00,128.0,2022-07-23
uniqueUserZone,OWM Zona8,2022-07-23 10:00:00+02:00,192.0,2022-07-23
uniqueUserZone,OWM Zona7,2022-07-23 10:00:00+02:00,117.0,2022-07-23
uniqueUserZone,OWM Zona6,2022-07-23 10:00:00+02:00,277.0,2022-07-23
uniqueUserZone,OWM Zona5,2022-07-23 10:00:00+02:00,122.0,2022-07-23
uniqueUserZone,OWM Zona4,2022-07-23 10:00:00+02:00,173.0,2022-07-23
uniqueUserZone,OWM Zona3,2022-07-23 10:00:00+02:00,345.0,2022-07-23
uniqueUserZone,OWM Zona2,2022-07-23 10:00:00+02:00,138.0,2022-07-23
uniqueUserZone,OWM Zona1,2022-07-23 10:00:00+02:00,291.0,2022-07-23
uniqueUserZone,OWM Zona9,2022-07-22 10:00:00+02:00,121.0,2022-07-22
uniqueUserZone,OWM Zona8,2022-07-22 10:00:00+02:00,183.0,2022-07-22
uniqueUserZone,OWM Zona7,2022-07-22 10:00:00+02:00,116.0,2022-07-22
uniqueUserZone,OWM Zona6,2022-07-22 10:00:00+02:00,264.0,2022-07-22
uniqueUserZone,OWM Zona5,2022-07-22 10:00:00+02:00,94.0,2022-07-22
uniqueUserZone,OWM Zona4,2022-07-22 10:00:00+02:00,162.0,2022-07-22
uniqueUserZone,OWM Zona3,2022-07-22 10:00:00+02:00,360.0,2022-07-22
uniqueUserZone,OWM Zona2,2022-07-22 10:00:00+02:00,143.0,2022-07-22
uniqueUserZone,OWM Zona1,2022-07-22 10:00:00+02:00,234.0,2022-07-22
uniqueUserZone,OWM Zona9,2022-07-21 10:00:00+02:00,89.0,2022-07-21
uniqueUserZone,OWM Zona8,2022-07-21 10:00:00+02:00,131.0,2022-07-21
uniqueUserZone,OWM Zona7,2022-07-21 10:00:00+02:00,87.0,2022-07-21
uniqueUserZone,OWM Zona6,2022-07-21 10:00:00+02:00,245.0,2022-07-21
uniqueUserZone,OWM Zona5,2022-07-21 10:00:00+02:00,83.0,2022-07-21
uniqueUserZone,OWM Zona4,2022-07-21 10:00:00+02:00,103.0,2022-07-21
uniqueUserZone,OWM Zona3,2022-07-21 10:00:00+02:00,254.0,2022-07-21
uniqueUserZone,OWM Zona2,2022-07-21 10:00:00+02:00,99.0,2022-07-21
uniqueUserZone,OWM Zona1,2022-07-21 10:00:00+02:00,167.0,2022-07-21
uniqueUserZone,OWM Zona9,2022-07-20 10:00:00+02:00,117.0,2022-07-20
uniqueUserZone,OWM Zona8,2022-07-20 10:00:00+02:00,145.0,2022-07-20
uniqueUserZone,OWM Zona7,2022-07-20 10:00:00+02:00,85.0,2022-07-20
uniqueUserZone,OWM Zona6,2022-07-20 10:00:00+02:00,274.0,2022-07-20
uniqueUserZone,OWM Zona5,2022-07-20 10:00:00+02:00,95.0,2022-07-20
uniqueUserZone,OWM Zona4,2022-07-20 10:00:00+02:00,124.0,2022-07-20
uniqueUserZone,OWM Zona3,2022-07-20 10:00:00+02:00,338.0,2022-07-20
uniqueUserZone,OWM Zona2,2022-07-20 10:00:00+02:00,118.0,2022-07-20
uniqueUserZone,OWM Zona1,2022-07-20 10:00:00+02:00,209.0,2022-07-20
uniqueUserZone,OWM Zona9,2022-07-19 10:00:00+02:00,131.0,2022-07-19
uniqueUserZone,OWM Zona8,2022-07-19 10:00:00+02:00,181.0,2022-07-19
uniqueUserZone,OWM Zona7,2022-07-19 10:00:00+02:00,104.0,2022-07-19
uniqueUserZone,OWM Zona6,2022-07-19 10:00:00+02:00,312.0,2022-07-19
uniqueUserZone,OWM Zona5,2022-07-19 10:00:00+02:00,150.0,2022-07-19
uniqueUserZone,OWM Zona4,2022-07-19 10:00:00+02:00,176.0,2022-07-19
uniqueUserZone,OWM Zona3,2022-07-19 10:00:00+02:00,400.0,2022-07-19
uniqueUserZone,OWM Zona2,2022-07-19 10:00:00+02:00,150.0,2022-07-19
uniqueUserZone,OWM Zona1,2022-07-19 10:00:00+02:00,274.0,2022-07-19
uniqueUserZone,OWM Zona9,2022-07-18 10:00:00+02:00,138.0,2022-07-18
uniqueUserZone,OWM Zona8,2022-07-18 10:00:00+02:00,178.0,2022-07-18
uniqueUserZone,OWM Zona7,2022-07-18 10:00:00+02:00,100.0,2022-07-18
uniqueUserZone,OWM Zona6,2022-07-18 10:00:00+02:00,300.0,2022-07-18
uniqueUserZone,OWM Zona5,2022-07-18 10:00:00+02:00,125.0,2022-07-18
uniqueUserZone,OWM Zona4,2022-07-18 10:00:00+02:00,167.0,2022-07-18
uniqueUserZone,OWM Zona3,2022-07-18 10:00:00+02:00,389.0,2022-07-18
uniqueUserZone,OWM Zona2,2022-07-18 10:00:00+02:00,136.0,2022-07-18
uniqueUserZone,OWM Zona1,2022-07-18 10:00:00+02:00,283.0,2022-07-18
uniqueUserZone,OWM Zona9,2022-07-17 10:00:00+02:00,118.0,2022-07-17
uniqueUserZone,OWM Zona8,2022-07-17 10:00:00+02:00,172.0,2022-07-17
uniqueUserZone,OWM Zona7,2022-07-17 10:00:00+02:00,114.0,2022-07-17
uniqueUserZone,OWM Zona6,2022-07-17 10:00:00+02:00,287.0,2022-07-17
uniqueUserZone,OWM Zona5,2022-07-17 10:00:00+02:00,130.0,2022-07-17
uniqueUserZone,OWM Zona4,2022-07-17 10:00:00+02:00,208.0,2022-07-17
uniqueUserZone,OWM Zona3,2022-07-17 10:00:00+02:00,402.0,2022-07-17
uniqueUserZone,OWM Zona2,2022-07-17 10:00:00+02:00,159.0,2022-07-17
uniqueUserZone,OWM Zona1,2022-07-17 10:00:00+02:00,270.0,2022-07-17
uniqueUserZone,OWM Zona9,2022-07-16 10:00:00+02:00,114.0,2022-07-16
uniqueUserZone,OWM Zona8,2022-07-16 10:00:00+02:00,188.0,2022-07-16
uniqueUserZone,OWM Zona7,2022-07-16 10:00:00+02:00,111.0,2022-07-16
uniqueUserZone,OWM Zona6,2022-07-16 10:00:00+02:00,277.0,2022-07-16
uniqueUserZone,OWM Zona5,2022-07-16 10:00:00+02:00,115.0,2022-07-16
uniqueUserZone,OWM Zona4,2022-07-16 10:00:00+02:00,153.0,2022-07-16
uniqueUserZone,OWM Zona3,2022-07-16 10:00:00+02:00,364.0,2022-07-16
uniqueUserZone,OWM Zona2,2022-07-16 10:00:00+02:00,146.0,2022-07-16
uniqueUserZone,OWM Zona1,2022-07-16 10:00:00+02:00,276.0,2022-07-16
uniqueUserZone,OWM Zona9,2022-07-15 10:00:00+02:00,142.0,2022-07-15
uniqueUserZone,OWM Zona8,2022-07-15 10:00:00+02:00,192.0,2022-07-15
uniqueUserZone,OWM Zona7,2022-07-15 10:00:00+02:00,126.0,2022-07-15
uniqueUserZone,OWM Zona6,2022-07-15 10:00:00+02:00,309.0,2022-07-15
uniqueUserZone,OWM Zona5,2022-07-15 10:00:00+02:00,121.0,2022-07-15
uniqueUserZone,OWM Zona4,2022-07-15 10:00:00+02:00,158.0,2022-07-15
uniqueUserZone,OWM Zona3,2022-07-15 10:00:00+02:00,356.0,2022-07-15
uniqueUserZone,OWM Zona2,2022-07-15 10:00:00+02:00,147.0,2022-07-15
uniqueUserZone,OWM Zona1,2022-07-15 10:00:00+02:00,242.0,2022-07-15
uniqueUserZone,OWM Zona9,2022-07-14 10:00:00+02:00,87.0,2022-07-14
uniqueUserZone,OWM Zona8,2022-07-14 10:00:00+02:00,151.0,2022-07-14
uniqueUserZone,OWM Zona7,2022-07-14 10:00:00+02:00,72.0,2022-07-14
uniqueUserZone,OWM Zona6,2022-07-14 10:00:00+02:00,245.0,2022-07-14
uniqueUserZone,OWM Zona5,2022-07-14 10:00:00+02:00,84.0,2022-07-14
uniqueUserZone,OWM Zona4,2022-07-14 10:00:00+02:00,117.0,2022-07-14
uniqueUserZone,OWM Zona3,2022-07-14 10:00:00+02:00,264.0,2022-07-14
uniqueUserZone,OWM Zona2,2022-07-14 10:00:00+02:00,116.0,2022-07-14
uniqueUserZone,OWM Zona1,2022-07-14 10:00:00+02:00,212.0,2022-07-14
uniqueUserZone,OWM Zona9,2022-07-13 10:00:00+02:00,112.0,2022-07-13
uniqueUserZone,OWM Zona8,2022-07-13 10:00:00+02:00,146.0,2022-07-13
uniqueUserZone,OWM Zona7,2022-07-13 10:00:00+02:00,92.0,2022-07-13
uniqueUserZone,OWM Zona6,2022-07-13 10:00:00+02:00,279.0,2022-07-13
uniqueUserZone,OWM Zona5,2022-07-13 10:00:00+02:00,110.0,2022-07-13
uniqueUserZone,OWM Zona4,2022-07-13 10:00:00+02:00,153.0,2022-07-13
uniqueUserZone,OWM Zona3,2022-07-13 10:00:00+02:00,327.0,2022-07-13
uniqueUserZone,OWM Zona2,2022-07-13 10:00:00+02:00,117.0,2022-07-13
uniqueUserZone,OWM Zona1,2022-07-13 10:00:00+02:00,221.0,2022-07-13
uniqueUserZone,OWM Zona9,2022-07-12 10:00:00+02:00,121.0,2022-07-12
uniqueUserZone,OWM Zona8,2022-07-12 10:00:00+02:00,171.0,2022-07-12
uniqueUserZone,OWM Zona7,2022-07-12 10:00:00+02:00,114.0,2022-07-12
uniqueUserZone,OWM Zona6,2022-07-12 10:00:00+02:00,344.0,2022-07-12
uniqueUserZone,OWM Zona5,2022-07-12 10:00:00+02:00,128.0,2022-07-12
uniqueUserZone,OWM Zona4,2022-07-12 10:00:00+02:00,159.0,2022-07-12
uniqueUserZone,OWM Zona3,2022-07-12 10:00:00+02:00,379.0,2022-07-12
uniqueUserZone,OWM Zona2,2022-07-12 10:00:00+02:00,149.0,2022-07-12
uniqueUserZone,OWM Zona1,2022-07-12 10:00:00+02:00,267.0,2022-07-12
uniqueUserZone,OWM Zona9,2022-07-11 10:00:00+02:00,139.0,2022-07-11
uniqueUserZone,OWM Zona8,2022-07-11 10:00:00+02:00,176.0,2022-07-11
uniqueUserZone,OWM Zona7,2022-07-11 10:00:00+02:00,113.0,2022-07-11
uniqueUserZone,OWM Zona6,2022-07-11 10:00:00+02:00,330.0,2022-07-11
uniqueUserZone,OWM Zona5,2022-07-11 10:00:00+02:00,135.0,2022-07-11
uniqueUserZone,OWM Zona4,2022-07-11 10:00:00+02:00,185.0,2022-07-11
uniqueUserZone,OWM Zona3,2022-07-11 10:00:00+02:00,392.0,2022-07-11
uniqueUserZone,OWM Zona2,2022-07-11 10:00:00+02:00,168.0,2022-07-11
uniqueUserZone,OWM Zona1,2022-07-11 10:00:00+02:00,291.0,2022-07-11
uniqueUserZone,OWM Zona9,2022-07-10 10:00:00+02:00,134.0,2022-07-10
uniqueUserZone,OWM Zona8,2022-07-10 10:00:00+02:00,188.0,2022-07-10
uniqueUserZone,OWM Zona7,2022-07-10 10:00:00+02:00,108.0,2022-07-10
uniqueUserZone,OWM Zona6,2022-07-10 10:00:00+02:00,321.0,2022-07-10
uniqueUserZone,OWM Zona5,2022-07-10 10:00:00+02:00,110.0,2022-07-10
uniqueUserZone,OWM Zona4,2022-07-10 10:00:00+02:00,173.0,2022-07-10
uniqueUserZone,OWM Zona3,2022-07-10 10:00:00+02:00,387.0,2022-07-10
uniqueUserZone,OWM Zona2,2022-07-10 10:00:00+02:00,163.0,2022-07-10
uniqueUserZone,OWM Zona1,2022-07-10 10:00:00+02:00,272.0,2022-07-10
uniqueUserZone,OWM Zona9,2022-07-09 10:00:00+02:00,120.0,2022-07-09
uniqueUserZone,OWM Zona8,2022-07-09 10:00:00+02:00,191.0,2022-07-09
uniqueUserZone,OWM Zona7,2022-07-09 10:00:00+02:00,114.0,2022-07-09
uniqueUserZone,OWM Zona6,2022-07-09 10:00:00+02:00,295.0,2022-07-09
uniqueUserZone,OWM Zona5,2022-07-09 10:00:00+02:00,132.0,2022-07-09
uniqueUserZone,OWM Zona4,2022-07-09 10:00:00+02:00,183.0,2022-07-09
uniqueUserZone,OWM Zona3,2022-07-09 10:00:00+02:00,377.0,2022-07-09
uniqueUserZone,OWM Zona2,2022-07-09 10:00:00+02:00,168.0,2022-07-09
uniqueUserZone,OWM Zona1,2022-07-09 10:00:00+02:00,271.0,2022-07-09
uniqueUserZone,OWM Zona9,2022-07-08 10:00:00+02:00,107.0,2022-07-08
uniqueUserZone,OWM Zona8,2022-07-08 10:00:00+02:00,155.0,2022-07-08
uniqueUserZone,OWM Zona7,2022-07-08 10:00:00+02:00,103.0,2022-07-08
uniqueUserZone,OWM Zona6,2022-07-08 10:00:00+02:00,275.0,2022-07-08
uniqueUserZone,OWM Zona5,2022-07-08 10:00:00+02:00,115.0,2022-07-08
uniqueUserZone,OWM Zona4,2022-07-08 10:00:00+02:00,148.0,2022-07-08
uniqueUserZone,OWM Zona3,2022-07-08 10:00:00+02:00,368.0,2022-07-08
uniqueUserZone,OWM Zona2,2022-07-08 10:00:00+02:00,122.0,2022-07-08
uniqueUserZone,OWM Zona1,2022-07-08 10:00:00+02:00,247.0,2022-07-08
uniqueUserZone,OWM Zona9,2022-07-07 10:00:00+02:00,103.0,2022-07-07
uniqueUserZone,OWM Zona8,2022-07-07 10:00:00+02:00,136.0,2022-07-07
uniqueUserZone,OWM Zona7,2022-07-07 10:00:00+02:00,82.0,2022-07-07
uniqueUserZone,OWM Zona6,2022-07-07 10:00:00+02:00,267.0,2022-07-07
uniqueUserZone,OWM Zona5,2022-07-07 10:00:00+02:00,97.0,2022-07-07
uniqueUserZone,OWM Zona4,2022-07-07 10:00:00+02:00,148.0,2022-07-07
uniqueUserZone,OWM Zona3,2022-07-07 10:00:00+02:00,270.0,2022-07-07
uniqueUserZone,OWM Zona2,2022-07-07 10:00:00+02:00,141.0,2022-07-07
uniqueUserZone,OWM Zona1,2022-07-07 10:00:00+02:00,192.0,2022-07-07
uniqueUserZone,OWM Zona9,2022-07-06 10:00:00+02:00,98.0,2022-07-06
uniqueUserZone,OWM Zona8,2022-07-06 10:00:00+02:00,171.0,2022-07-06
uniqueUserZone,OWM Zona7,2022-07-06 10:00:00+02:00,100.0,2022-07-06
uniqueUserZone,OWM Zona6,2022-07-06 10:00:00+02:00,271.0,2022-07-06
uniqueUserZone,OWM Zona5,2022-07-06 10:00:00+02:00,109.0,2022-07-06
uniqueUserZone,OWM Zona4,2022-07-06 10:00:00+02:00,153.0,2022-07-06
uniqueUserZone,OWM Zona3,2022-07-06 10:00:00+02:00,301.0,2022-07-06
uniqueUserZone,OWM Zona2,2022-07-06 10:00:00+02:00,125.0,2022-07-06
uniqueUserZone,OWM Zona1,2022-07-06 10:00:00+02:00,219.0,2022-07-06
uniqueUserZone,OWM Zona9,2022-07-05 10:00:00+02:00,134.0,2022-07-05
uniqueUserZone,OWM Zona8,2022-07-05 10:00:00+02:00,174.0,2022-07-05
uniqueUserZone,OWM Zona7,2022-07-05 10:00:00+02:00,123.0,2022-07-05
uniqueUserZone,OWM Zona6,2022-07-05 10:00:00+02:00,314.0,2022-07-05
uniqueUserZone,OWM Zona5,2022-07-05 10:00:00+02:00,135.0,2022-07-05
uniqueUserZone,OWM Zona4,2022-07-05 10:00:00+02:00,208.0,2022-07-05
uniqueUserZone,OWM Zona3,2022-07-05 10:00:00+02:00,368.0,2022-07-05
uniqueUserZone,OWM Zona2,2022-07-05 10:00:00+02:00,162.0,2022-07-05
uniqueUserZone,OWM Zona1,2022-07-05 10:00:00+02:00,264.0,2022-07-05
uniqueUserZone,OWM Zona9,2022-07-04 10:00:00+02:00,136.0,2022-07-04
uniqueUserZone,OWM Zona8,2022-07-04 10:00:00+02:00,186.0,2022-07-04
uniqueUserZone,OWM Zona7,2022-07-04 10:00:00+02:00,112.0,2022-07-04
uniqueUserZone,OWM Zona6,2022-07-04 10:00:00+02:00,314.0,2022-07-04
uniqueUserZone,OWM Zona5,2022-07-04 10:00:00+02:00,150.0,2022-07-04
uniqueUserZone,OWM Zona4,2022-07-04 10:00:00+02:00,190.0,2022-07-04
uniqueUserZone,OWM Zona3,2022-07-04 10:00:00+02:00,407.0,2022-07-04
uniqueUserZone,OWM Zona2,2022-07-04 10:00:00+02:00,147.0,2022-07-04
uniqueUserZone,OWM Zona1,2022-07-04 10:00:00+02:00,296.0,2022-07-04
uniqueUserZone,OWM Zona9,2022-07-03 10:00:00+02:00,147.0,2022-07-03
uniqueUserZone,OWM Zona8,2022-07-03 10:00:00+02:00,177.0,2022-07-03
uniqueUserZone,OWM Zona7,2022-07-03 10:00:00+02:00,119.0,2022-07-03
uniqueUserZone,OWM Zona6,2022-07-03 10:00:00+02:00,311.0,2022-07-03
uniqueUserZone,OWM Zona5,2022-07-03 10:00:00+02:00,153.0,2022-07-03
uniqueUserZone,OWM Zona4,2022-07-03 10:00:00+02:00,177.0,2022-07-03
uniqueUserZone,OWM Zona3,2022-07-03 10:00:00+02:00,401.0,2022-07-03
uniqueUserZone,OWM Zona2,2022-07-03 10:00:00+02:00,162.0,2022-07-03
uniqueUserZone,OWM Zona1,2022-07-03 10:00:00+02:00,275.0,2022-07-03
uniqueUserZone,OWM Zona9,2022-07-02 10:00:00+02:00,142.0,2022-07-02
uniqueUserZone,OWM Zona8,2022-07-02 10:00:00+02:00,170.0,2022-07-02
uniqueUserZone,OWM Zona7,2022-07-02 10:00:00+02:00,109.0,2022-07-02
uniqueUserZone,OWM Zona6,2022-07-02 10:00:00+02:00,322.0,2022-07-02
uniqueUserZone,OWM Zona5,2022-07-02 10:00:00+02:00,150.0,2022-07-02
uniqueUserZone,OWM Zona4,2022-07-02 10:00:00+02:00,175.0,2022-07-02
uniqueUserZone,OWM Zona3,2022-07-02 10:00:00+02:00,368.0,2022-07-02
uniqueUserZone,OWM Zona2,2022-07-02 10:00:00+02:00,152.0,2022-07-02
uniqueUserZone,OWM Zona1,2022-07-02 10:00:00+02:00,271.0,2022-07-02
uniqueUserZone,OWM Zona9,2022-07-01 10:00:00+02:00,137.0,2022-07-01
uniqueUserZone,OWM Zona8,2022-07-01 10:00:00+02:00,177.0,2022-07-01
uniqueUserZone,OWM Zona7,2022-07-01 10:00:00+02:00,113.0,2022-07-01
uniqueUserZone,OWM Zona6,2022-07-01 10:00:00+02:00,285.0,2022-07-01
uniqueUserZone,OWM Zona5,2022-07-01 10:00:00+02:00,126.0,2022-07-01
uniqueUserZone,OWM Zona4,2022-07-01 10:00:00+02:00,175.0,2022-07-01
uniqueUserZone,OWM Zona3,2022-07-01 10:00:00+02:00,374.0,2022-07-01
uniqueUserZone,OWM Zona2,2022-07-01 10:00:00+02:00,165.0,2022-07-01
uniqueUserZone,OWM Zona1,2022-07-01 10:00:00+02:00,272.0,2022-07-01
uniqueUserZone,OWM Zona9,2022-06-30 10:00:00+02:00,126.0,2022-06-30
uniqueUserZone,OWM Zona8,2022-06-30 10:00:00+02:00,145.0,2022-06-30
uniqueUserZone,OWM Zona7,2022-06-30 10:00:00+02:00,101.0,2022-06-30
uniqueUserZone,OWM Zona6,2022-06-30 10:00:00+02:00,307.0,2022-06-30
uniqueUserZone,OWM Zona5,2022-06-30 10:00:00+02:00,103.0,2022-06-30
uniqueUserZone,OWM Zona4,2022-06-30 10:00:00+02:00,131.0,2022-06-30
uniqueUserZone,OWM Zona3,2022-06-30 10:00:00+02:00,263.0,2022-06-30
uniqueUserZone,OWM Zona2,2022-06-30 10:00:00+02:00,128.0,2022-06-30
uniqueUserZone,OWM Zona1,2022-06-30 10:00:00+02:00,219.0,2022-06-30
uniqueUserZone,OWM Zona9,2022-06-29 10:00:00+02:00,143.0,2022-06-29
uniqueUserZone,OWM Zona8,2022-06-29 10:00:00+02:00,148.0,2022-06-29
uniqueUserZone,OWM Zona7,2022-06-29 10:00:00+02:00,90.0,2022-06-29
uniqueUserZone,OWM Zona6,2022-06-29 10:00:00+02:00,334.0,2022-06-29
uniqueUserZone,OWM Zona5,2022-06-29 10:00:00+02:00,120.0,2022-06-29
uniqueUserZone,OWM Zona4,2022-06-29 10:00:00+02:00,169.0,2022-06-29
uniqueUserZone,OWM Zona3,2022-06-29 10:00:00+02:00,336.0,2022-06-29
uniqueUserZone,OWM Zona2,2022-06-29 10:00:00+02:00,157.0,2022-06-29
uniqueUserZone,OWM Zona1,2022-06-29 10:00:00+02:00,249.0,2022-06-29
uniqueUserZone,OWM Zona9,2022-06-28 10:00:00+02:00,155.0,2022-06-28
uniqueUserZone,OWM Zona8,2022-06-28 10:00:00+02:00,181.0,2022-06-28
uniqueUserZone,OWM Zona7,2022-06-28 10:00:00+02:00,114.0,2022-06-28
uniqueUserZone,OWM Zona6,2022-06-28 10:00:00+02:00,356.0,2022-06-28
uniqueUserZone,OWM Zona5,2022-06-28 10:00:00+02:00,136.0,2022-06-28
uniqueUserZone,OWM Zona4,2022-06-28 10:00:00+02:00,189.0,2022-06-28
uniqueUserZone,OWM Zona3,2022-06-28 10:00:00+02:00,411.0,2022-06-28
uniqueUserZone,OWM Zona2,2022-06-28 10:00:00+02:00,170.0,2022-06-28
uniqueUserZone,OWM Zona1,2022-06-28 10:00:00+02:00,282.0,2022-06-28
uniqueUserZone,OWM Zona9,2022-06-27 10:00:00+02:00,155.0,2022-06-27
uniqueUserZone,OWM Zona8,2022-06-27 10:00:00+02:00,163.0,2022-06-27
uniqueUserZone,OWM Zona7,2022-06-27 10:00:00+02:00,117.0,2022-06-27
uniqueUserZone,OWM Zona6,2022-06-27 10:00:00+02:00,371.0,2022-06-27
uniqueUserZone,OWM Zona5,2022-06-27 10:00:00+02:00,135.0,2022-06-27
uniqueUserZone,OWM Zona4,2022-06-27 10:00:00+02:00,190.0,2022-06-27
uniqueUserZone,OWM Zona3,2022-06-27 10:00:00+02:00,405.0,2022-06-27
uniqueUserZone,OWM Zona2,2022-06-27 10:00:00+02:00,166.0,2022-06-27
uniqueUserZone,OWM Zona1,2022-06-27 10:00:00+02:00,291.0,2022-06-27
uniqueUserZone,OWM Zona9,2022-06-26 10:00:00+02:00,162.0,2022-06-26
uniqueUserZone,OWM Zona8,2022-06-26 10:00:00+02:00,189.0,2022-06-26
uniqueUserZone,OWM Zona7,2022-06-26 10:00:00+02:00,117.0,2022-06-26
uniqueUserZone,OWM Zona6,2022-06-26 10:00:00+02:00,312.0,2022-06-26
uniqueUserZone,OWM Zona5,2022-06-26 10:00:00+02:00,161.0,2022-06-26
uniqueUserZone,OWM Zona4,2022-06-26 10:00:00+02:00,206.0,2022-06-26
uniqueUserZone,OWM Zona3,2022-06-26 10:00:00+02:00,405.0,2022-06-26
uniqueUserZone,OWM Zona2,2022-06-26 10:00:00+02:00,174.0,2022-06-26
uniqueUserZone,OWM Zona1,2022-06-26 10:00:00+02:00,292.0,2022-06-26
uniqueUserZone,OWM Zona9,2022-06-25 10:00:00+02:00,164.0,2022-06-25
uniqueUserZone,OWM Zona8,2022-06-25 10:00:00+02:00,191.0,2022-06-25
uniqueUserZone,OWM Zona7,2022-06-25 10:00:00+02:00,128.0,2022-06-25
uniqueUserZone,OWM Zona6,2022-06-25 10:00:00+02:00,335.0,2022-06-25
uniqueUserZone,OWM Zona5,2022-06-25 10:00:00+02:00,142.0,2022-06-25
uniqueUserZone,OWM Zona4,2022-06-25 10:00:00+02:00,167.0,2022-06-25
uniqueUserZone,OWM Zona3,2022-06-25 10:00:00+02:00,390.0,2022-06-25
uniqueUserZone,OWM Zona2,2022-06-25 10:00:00+02:00,187.0,2022-06-25
uniqueUserZone,OWM Zona1,2022-06-25 10:00:00+02:00,269.0,2022-06-25
uniqueUserZone,OWM Zona9,2022-06-24 10:00:00+02:00,161.0,2022-06-24
uniqueUserZone,OWM Zona8,2022-06-24 10:00:00+02:00,197.0,2022-06-24
uniqueUserZone,OWM Zona7,2022-06-24 10:00:00+02:00,117.0,2022-06-24
uniqueUserZone,OWM Zona6,2022-06-24 10:00:00+02:00,326.0,2022-06-24
uniqueUserZone,OWM Zona5,2022-06-24 10:00:00+02:00,145.0,2022-06-24
uniqueUserZone,OWM Zona4,2022-06-24 10:00:00+02:00,176.0,2022-06-24
uniqueUserZone,OWM Zona3,2022-06-24 10:00:00+02:00,365.0,2022-06-24
uniqueUserZone,OWM Zona2,2022-06-24 10:00:00+02:00,165.0,2022-06-24
uniqueUserZone,OWM Zona1,2022-06-24 10:00:00+02:00,251.0,2022-06-24
uniqueUserZone,OWM Zona9,2022-06-23 10:00:00+02:00,99.0,2022-06-23
uniqueUserZone,OWM Zona8,2022-06-23 10:00:00+02:00,124.0,2022-06-23
uniqueUserZone,OWM Zona7,2022-06-23 10:00:00+02:00,81.0,2022-06-23
uniqueUserZone,OWM Zona6,2022-06-23 10:00:00+02:00,282.0,2022-06-23
uniqueUserZone,OWM Zona5,2022-06-23 10:00:00+02:00,95.0,2022-06-23
uniqueUserZone,OWM Zona4,2022-06-23 10:00:00+02:00,130.0,2022-06-23
uniqueUserZone,OWM Zona3,2022-06-23 10:00:00+02:00,240.0,2022-06-23
uniqueUserZone,OWM Zona2,2022-06-23 10:00:00+02:00,107.0,2022-06-23
uniqueUserZone,OWM Zona1,2022-06-23 10:00:00+02:00,152.0,2022-06-23
uniqueUserZone,OWM Zona9,2022-06-22 10:00:00+02:00,130.0,2022-06-22
uniqueUserZone,OWM Zona8,2022-06-22 10:00:00+02:00,149.0,2022-06-22
uniqueUserZone,OWM Zona7,2022-06-22 10:00:00+02:00,107.0,2022-06-22
uniqueUserZone,OWM Zona6,2022-06-22 10:00:00+02:00,304.0,2022-06-22
uniqueUserZone,OWM Zona5,2022-06-22 10:00:00+02:00,92.0,2022-06-22
uniqueUserZone,OWM Zona4,2022-06-22 10:00:00+02:00,116.0,2022-06-22
uniqueUserZone,OWM Zona3,2022-06-22 10:00:00+02:00,281.0,2022-06-22
uniqueUserZone,OWM Zona2,2022-06-22 10:00:00+02:00,129.0,2022-06-22
uniqueUserZone,OWM Zona1,2022-06-22 10:00:00+02:00,182.0,2022-06-22
uniqueUserZone,OWM Zona9,2022-06-21 10:00:00+02:00,126.0,2022-06-21
uniqueUserZone,OWM Zona8,2022-06-21 10:00:00+02:00,163.0,2022-06-21
uniqueUserZone,OWM Zona7,2022-06-21 10:00:00+02:00,100.0,2022-06-21
uniqueUserZone,OWM Zona6,2022-06-21 10:00:00+02:00,287.0,2022-06-21
uniqueUserZone,OWM Zona5,2022-06-21 10:00:00+02:00,108.0,2022-06-21
uniqueUserZone,OWM Zona4,2022-06-21 10:00:00+02:00,136.0,2022-06-21
uniqueUserZone,OWM Zona3,2022-06-21 10:00:00+02:00,294.0,2022-06-21
uniqueUserZone,OWM Zona2,2022-06-21 10:00:00+02:00,118.0,2022-06-21
uniqueUserZone,OWM Zona1,2022-06-21 10:00:00+02:00,220.0,2022-06-21
uniqueUserZone,OWM Zona9,2022-06-20 10:00:00+02:00,117.0,2022-06-20
uniqueUserZone,OWM Zona8,2022-06-20 10:00:00+02:00,130.0,2022-06-20
uniqueUserZone,OWM Zona7,2022-06-20 10:00:00+02:00,102.0,2022-06-20
uniqueUserZone,OWM Zona6,2022-06-20 10:00:00+02:00,268.0,2022-06-20
uniqueUserZone,OWM Zona5,2022-06-20 10:00:00+02:00,92.0,2022-06-20
uniqueUserZone,OWM Zona4,2022-06-20 10:00:00+02:00,108.0,2022-06-20
uniqueUserZone,OWM Zona3,2022-06-20 10:00:00+02:00,262.0,2022-06-20
uniqueUserZone,OWM Zona2,2022-06-20 10:00:00+02:00,121.0,2022-06-20
uniqueUserZone,OWM Zona1,2022-06-20 10:00:00+02:00,184.0,2022-06-20
uniqueUserZone,OWM Zona9,2022-06-19 10:00:00+02:00,160.0,2022-06-19
uniqueUserZone,OWM Zona8,2022-06-19 10:00:00+02:00,190.0,2022-06-19
uniqueUserZone,OWM Zona7,2022-06-19 10:00:00+02:00,143.0,2022-06-19
uniqueUserZone,OWM Zona6,2022-06-19 10:00:00+02:00,344.0,2022-06-19
uniqueUserZone,OWM Zona5,2022-06-19 10:00:00+02:00,172.0,2022-06-19
uniqueUserZone,OWM Zona4,2022-06-19 10:00:00+02:00,191.0,2022-06-19
uniqueUserZone,OWM Zona3,2022-06-19 10:00:00+02:00,391.0,2022-06-19
uniqueUserZone,OWM Zona2,2022-06-19 10:00:00+02:00,171.0,2022-06-19
uniqueUserZone,OWM Zona1,2022-06-19 10:00:00+02:00,259.0,2022-06-19
uniqueUserZone,OWM Zona9,2022-06-18 10:00:00+02:00,159.0,2022-06-18
uniqueUserZone,OWM Zona8,2022-06-18 10:00:00+02:00,190.0,2022-06-18
uniqueUserZone,OWM Zona7,2022-06-18 10:00:00+02:00,139.0,2022-06-18
uniqueUserZone,OWM Zona6,2022-06-18 10:00:00+02:00,329.0,2022-06-18
uniqueUserZone,OWM Zona5,2022-06-18 10:00:00+02:00,153.0,2022-06-18
uniqueUserZone,OWM Zona4,2022-06-18 10:00:00+02:00,167.0,2022-06-18
uniqueUserZone,OWM Zona3,2022-06-18 10:00:00+02:00,398.0,2022-06-18
uniqueUserZone,OWM Zona2,2022-06-18 10:00:00+02:00,177.0,2022-06-18
uniqueUserZone,OWM Zona1,2022-06-18 10:00:00+02:00,293.0,2022-06-18
uniqueUserZone,OWM Zona9,2022-06-17 10:00:00+02:00,159.0,2022-06-17
uniqueUserZone,OWM Zona8,2022-06-17 10:00:00+02:00,206.0,2022-06-17
uniqueUserZone,OWM Zona7,2022-06-17 10:00:00+02:00,132.0,2022-06-17
uniqueUserZone,OWM Zona6,2022-06-17 10:00:00+02:00,329.0,2022-06-17
uniqueUserZone,OWM Zona5,2022-06-17 10:00:00+02:00,127.0,2022-06-17
uniqueUserZone,OWM Zona4,2022-06-17 10:00:00+02:00,171.0,2022-06-17
uniqueUserZone,OWM Zona3,2022-06-17 10:00:00+02:00,386.0,2022-06-17
uniqueUserZone,OWM Zona2,2022-06-17 10:00:00+02:00,154.0,2022-06-17
uniqueUserZone,OWM Zona1,2022-06-17 10:00:00+02:00,274.0,2022-06-17
uniqueUserZone,OWM Zona9,2022-06-16 10:00:00+02:00,135.0,2022-06-16
uniqueUserZone,OWM Zona8,2022-06-16 10:00:00+02:00,158.0,2022-06-16
uniqueUserZone,OWM Zona7,2022-06-16 10:00:00+02:00,80.0,2022-06-16
uniqueUserZone,OWM Zona6,2022-06-16 10:00:00+02:00,249.0,2022-06-16
uniqueUserZone,OWM Zona5,2022-06-16 10:00:00+02:00,84.0,2022-06-16
uniqueUserZone,OWM Zona4,2022-06-16 10:00:00+02:00,132.0,2022-06-16
uniqueUserZone,OWM Zona3,2022-06-16 10:00:00+02:00,303.0,2022-06-16
uniqueUserZone,OWM Zona2,2022-06-16 10:00:00+02:00,123.0,2022-06-16
uniqueUserZone,OWM Zona1,2022-06-16 10:00:00+02:00,168.0,2022-06-16
uniqueUserZone,OWM Zona9,2022-06-15 10:00:00+02:00,139.0,2022-06-15
uniqueUserZone,OWM Zona8,2022-06-15 10:00:00+02:00,186.0,2022-06-15
uniqueUserZone,OWM Zona7,2022-06-15 10:00:00+02:00,106.0,2022-06-15
uniqueUserZone,OWM Zona6,2022-06-15 10:00:00+02:00,330.0,2022-06-15
uniqueUserZone,OWM Zona5,2022-06-15 10:00:00+02:00,112.0,2022-06-15
uniqueUserZone,OWM Zona4,2022-06-15 10:00:00+02:00,164.0,2022-06-15
uniqueUserZone,OWM Zona3,2022-06-15 10:00:00+02:00,339.0,2022-06-15
uniqueUserZone,OWM Zona2,2022-06-15 10:00:00+02:00,132.0,2022-06-15
uniqueUserZone,OWM Zona1,2022-06-15 10:00:00+02:00,229.0,2022-06-15
uniqueUserZone,OWM Zona9,2022-06-14 10:00:00+02:00,198.0,2022-06-14
uniqueUserZone,OWM Zona8,2022-06-14 10:00:00+02:00,200.0,2022-06-14
uniqueUserZone,OWM Zona7,2022-06-14 10:00:00+02:00,124.0,2022-06-14
uniqueUserZone,OWM Zona6,2022-06-14 10:00:00+02:00,377.0,2022-06-14
uniqueUserZone,OWM Zona5,2022-06-14 10:00:00+02:00,159.0,2022-06-14
uniqueUserZone,OWM Zona4,2022-06-14 10:00:00+02:00,194.0,2022-06-14
uniqueUserZone,OWM Zona3,2022-06-14 10:00:00+02:00,433.0,2022-06-14
uniqueUserZone,OWM Zona2,2022-06-14 10:00:00+02:00,118.0,2022-06-14
uniqueUserZone,OWM Zona1,2022-06-14 10:00:00+02:00,296.0,2022-06-14
uniqueUserZone,OWM Zona9,2022-06-13 10:00:00+02:00,174.0,2022-06-13
uniqueUserZone,OWM Zona8,2022-06-13 10:00:00+02:00,182.0,2022-06-13
uniqueUserZone,OWM Zona7,2022-06-13 10:00:00+02:00,130.0,2022-06-13
uniqueUserZone,OWM Zona6,2022-06-13 10:00:00+02:00,383.0,2022-06-13
uniqueUserZone,OWM Zona5,2022-06-13 10:00:00+02:00,136.0,2022-06-13
uniqueUserZone,OWM Zona4,2022-06-13 10:00:00+02:00,174.0,2022-06-13
uniqueUserZone,OWM Zona3,2022-06-13 10:00:00+02:00,410.0,2022-06-13
uniqueUserZone,OWM Zona2,2022-06-13 10:00:00+02:00,121.0,2022-06-13
uniqueUserZone,OWM Zona1,2022-06-13 10:00:00+02:00,292.0,2022-06-13
uniqueUserZone,OWM Zona9,2022-06-12 10:00:00+02:00,160.0,2022-06-12
uniqueUserZone,OWM Zona8,2022-06-12 10:00:00+02:00,183.0,2022-06-12
uniqueUserZone,OWM Zona7,2022-06-12 10:00:00+02:00,122.0,2022-06-12
uniqueUserZone,OWM Zona6,2022-06-12 10:00:00+02:00,361.0,2022-06-12
uniqueUserZone,OWM Zona5,2022-06-12 10:00:00+02:00,153.0,2022-06-12
uniqueUserZone,OWM Zona4,2022-06-12 10:00:00+02:00,166.0,2022-06-12
uniqueUserZone,OWM Zona3,2022-06-12 10:00:00+02:00,399.0,2022-06-12
uniqueUserZone,OWM Zona2,2022-06-12 10:00:00+02:00,110.0,2022-06-12
uniqueUserZone,OWM Zona1,2022-06-12 10:00:00+02:00,255.0,2022-06-12
uniqueUserZone,OWM Zona9,2022-06-11 10:00:00+02:00,191.0,2022-06-11
uniqueUserZone,OWM Zona8,2022-06-11 10:00:00+02:00,208.0,2022-06-11
uniqueUserZone,OWM Zona7,2022-06-11 10:00:00+02:00,138.0,2022-06-11
uniqueUserZone,OWM Zona6,2022-06-11 10:00:00+02:00,341.0,2022-06-11
uniqueUserZone,OWM Zona5,2022-06-11 10:00:00+02:00,149.0,2022-06-11
uniqueUserZone,OWM Zona4,2022-06-11 10:00:00+02:00,170.0,2022-06-11
uniqueUserZone,OWM Zona3,2022-06-11 10:00:00+02:00,402.0,2022-06-11
uniqueUserZone,OWM Zona2,2022-06-11 10:00:00+02:00,143.0,2022-06-11
uniqueUserZone,OWM Zona1,2022-06-11 10:00:00+02:00,274.0,2022-06-11
uniqueUserZone,OWM Zona9,2022-06-10 10:00:00+02:00,160.0,2022-06-10
uniqueUserZone,OWM Zona8,2022-06-10 10:00:00+02:00,200.0,2022-06-10
uniqueUserZone,OWM Zona7,2022-06-10 10:00:00+02:00,119.0,2022-06-10
uniqueUserZone,OWM Zona6,2022-06-10 10:00:00+02:00,317.0,2022-06-10
uniqueUserZone,OWM Zona5,2022-06-10 10:00:00+02:00,120.0,2022-06-10
uniqueUserZone,OWM Zona4,2022-06-10 10:00:00+02:00,190.0,2022-06-10
uniqueUserZone,OWM Zona3,2022-06-10 10:00:00+02:00,404.0,2022-06-10
uniqueUserZone,OWM Zona2,2022-06-10 10:00:00+02:00,115.0,2022-06-10
uniqueUserZone,OWM Zona1,2022-06-10 10:00:00+02:00,271.0,2022-06-10
uniqueUserZone,OWM Zona9,2022-06-09 10:00:00+02:00,115.0,2022-06-09
uniqueUserZone,OWM Zona8,2022-06-09 10:00:00+02:00,129.0,2022-06-09
uniqueUserZone,OWM Zona7,2022-06-09 10:00:00+02:00,63.0,2022-06-09
uniqueUserZone,OWM Zona6,2022-06-09 10:00:00+02:00,256.0,2022-06-09
uniqueUserZone,OWM Zona5,2022-06-09 10:00:00+02:00,104.0,2022-06-09
uniqueUserZone,OWM Zona4,2022-06-09 10:00:00+02:00,131.0,2022-06-09
uniqueUserZone,OWM Zona3,2022-06-09 10:00:00+02:00,310.0,2022-06-09
uniqueUserZone,OWM Zona2,2022-06-09 10:00:00+02:00,93.0,2022-06-09
uniqueUserZone,OWM Zona1,2022-06-09 10:00:00+02:00,210.0,2022-06-09
uniqueUserZone,OWM Zona9,2022-06-08 10:00:00+02:00,130.0,2022-06-08
uniqueUserZone,OWM Zona8,2022-06-08 10:00:00+02:00,150.0,2022-06-08
uniqueUserZone,OWM Zona7,2022-06-08 10:00:00+02:00,63.0,2022-06-08
uniqueUserZone,OWM Zona6,2022-06-08 10:00:00+02:00,306.0,2022-06-08
uniqueUserZone,OWM Zona5,2022-06-08 10:00:00+02:00,122.0,2022-06-08
uniqueUserZone,OWM Zona4,2022-06-08 10:00:00+02:00,159.0,2022-06-08
uniqueUserZone,OWM Zona3,2022-06-08 10:00:00+02:00,345.0,2022-06-08
uniqueUserZone,OWM Zona2,2022-06-08 10:00:00+02:00,92.0,2022-06-08
uniqueUserZone,OWM Zona1,2022-06-08 10:00:00+02:00,257.0,2022-06-08
uniqueUserZone,OWM Zona9,2022-06-07 10:00:00+02:00,183.0,2022-06-07
uniqueUserZone,OWM Zona8,2022-06-07 10:00:00+02:00,200.0,2022-06-07
uniqueUserZone,OWM Zona7,2022-06-07 10:00:00+02:00,112.0,2022-06-07
uniqueUserZone,OWM Zona6,2022-06-07 10:00:00+02:00,355.0,2022-06-07
uniqueUserZone,OWM Zona5,2022-06-07 10:00:00+02:00,141.0,2022-06-07
uniqueUserZone,OWM Zona4,2022-06-07 10:00:00+02:00,207.0,2022-06-07
uniqueUserZone,OWM Zona3,2022-06-07 10:00:00+02:00,408.0,2022-06-07
uniqueUserZone,OWM Zona2,2022-06-07 10:00:00+02:00,118.0,2022-06-07
uniqueUserZone,OWM Zona1,2022-06-07 10:00:00+02:00,273.0,2022-06-07
uniqueUserZone,OWM Zona9,2022-06-06 10:00:00+02:00,165.0,2022-06-06
uniqueUserZone,OWM Zona8,2022-06-06 10:00:00+02:00,182.0,2022-06-06
uniqueUserZone,OWM Zona7,2022-06-06 10:00:00+02:00,150.0,2022-06-06
uniqueUserZone,OWM Zona6,2022-06-06 10:00:00+02:00,355.0,2022-06-06
uniqueUserZone,OWM Zona5,2022-06-06 10:00:00+02:00,154.0,2022-06-06
uniqueUserZone,OWM Zona4,2022-06-06 10:00:00+02:00,195.0,2022-06-06
uniqueUserZone,OWM Zona3,2022-06-06 10:00:00+02:00,403.0,2022-06-06
uniqueUserZone,OWM Zona2,2022-06-06 10:00:00+02:00,136.0,2022-06-06
uniqueUserZone,OWM Zona1,2022-06-06 10:00:00+02:00,256.0,2022-06-06
uniqueUserZone,OWM Zona9,2022-06-05 10:00:00+02:00,175.0,2022-06-05
uniqueUserZone,OWM Zona8,2022-06-05 10:00:00+02:00,189.0,2022-06-05
uniqueUserZone,OWM Zona7,2022-06-05 10:00:00+02:00,129.0,2022-06-05
uniqueUserZone,OWM Zona6,2022-06-05 10:00:00+02:00,310.0,2022-06-05
uniqueUserZone,OWM Zona5,2022-06-05 10:00:00+02:00,144.0,2022-06-05
uniqueUserZone,OWM Zona4,2022-06-05 10:00:00+02:00,172.0,2022-06-05
uniqueUserZone,OWM Zona3,2022-06-05 10:00:00+02:00,397.0,2022-06-05
uniqueUserZone,OWM Zona2,2022-06-05 10:00:00+02:00,143.0,2022-06-05
uniqueUserZone,OWM Zona1,2022-06-05 10:00:00+02:00,254.0,2022-06-05
uniqueUserZone,OWM Zona9,2022-06-04 10:00:00+02:00,143.0,2022-06-04
uniqueUserZone,OWM Zona8,2022-06-04 10:00:00+02:00,148.0,2022-06-04
uniqueUserZone,OWM Zona7,2022-06-04 10:00:00+02:00,119.0,2022-06-04
uniqueUserZone,OWM Zona6,2022-06-04 10:00:00+02:00,262.0,2022-06-04
uniqueUserZone,OWM Zona5,2022-06-04 10:00:00+02:00,118.0,2022-06-04
uniqueUserZone,OWM Zona4,2022-06-04 10:00:00+02:00,133.0,2022-06-04
uniqueUserZone,OWM Zona3,2022-06-04 10:00:00+02:00,303.0,2022-06-04
uniqueUserZone,OWM Zona2,2022-06-04 10:00:00+02:00,104.0,2022-06-04
uniqueUserZone,OWM Zona1,2022-06-04 10:00:00+02:00,209.0,2022-06-04
uniqueUserZone,OWM Zona9,2022-06-03 10:00:00+02:00,128.0,2022-06-03
uniqueUserZone,OWM Zona8,2022-06-03 10:00:00+02:00,159.0,2022-06-03
uniqueUserZone,OWM Zona7,2022-06-03 10:00:00+02:00,98.0,2022-06-03
uniqueUserZone,OWM Zona6,2022-06-03 10:00:00+02:00,222.0,2022-06-03
uniqueUserZone,OWM Zona5,2022-06-03 10:00:00+02:00,105.0,2022-06-03
uniqueUserZone,OWM Zona4,2022-06-03 10:00:00+02:00,142.0,2022-06-03
uniqueUserZone,OWM Zona3,2022-06-03 10:00:00+02:00,284.0,2022-06-03
uniqueUserZone,OWM Zona2,2022-06-03 10:00:00+02:00,107.0,2022-06-03
uniqueUserZone,OWM Zona1,2022-06-03 10:00:00+02:00,211.0,2022-06-03
uniqueUserZone,OWM Zona9,2022-06-02 10:00:00+02:00,124.0,2022-06-02
uniqueUserZone,OWM Zona8,2022-06-02 10:00:00+02:00,144.0,2022-06-02
uniqueUserZone,OWM Zona7,2022-06-02 10:00:00+02:00,72.0,2022-06-02
uniqueUserZone,OWM Zona6,2022-06-02 10:00:00+02:00,261.0,2022-06-02
uniqueUserZone,OWM Zona5,2022-06-02 10:00:00+02:00,96.0,2022-06-02
uniqueUserZone,OWM Zona4,2022-06-02 10:00:00+02:00,155.0,2022-06-02
uniqueUserZone,OWM Zona3,2022-06-02 10:00:00+02:00,277.0,2022-06-02
uniqueUserZone,OWM Zona2,2022-06-02 10:00:00+02:00,81.0,2022-06-02
uniqueUserZone,OWM Zona1,2022-06-02 10:00:00+02:00,170.0,2022-06-02
uniqueUserZone,OWM Zona9,2022-06-01 10:00:00+02:00,153.0,2022-06-01
uniqueUserZone,OWM Zona8,2022-06-01 10:00:00+02:00,166.0,2022-06-01
uniqueUserZone,OWM Zona7,2022-06-01 10:00:00+02:00,77.0,2022-06-01
uniqueUserZone,OWM Zona6,2022-06-01 10:00:00+02:00,321.0,2022-06-01
uniqueUserZone,OWM Zona5,2022-06-01 10:00:00+02:00,133.0,2022-06-01
uniqueUserZone,OWM Zona4,2022-06-01 10:00:00+02:00,190.0,2022-06-01
uniqueUserZone,OWM Zona3,2022-06-01 10:00:00+02:00,350.0,2022-06-01
uniqueUserZone,OWM Zona2,2022-06-01 10:00:00+02:00,116.0,2022-06-01
uniqueUserZone,OWM Zona1,2022-06-01 10:00:00+02:00,237.0,2022-06-01
uniqueUserZone,OWM Zona9,2022-05-31 10:00:00+02:00,195.0,2022-05-31
uniqueUserZone,OWM Zona8,2022-05-31 10:00:00+02:00,231.0,2022-05-31
uniqueUserZone,OWM Zona7,2022-05-31 10:00:00+02:00,140.0,2022-05-31
uniqueUserZone,OWM Zona6,2022-05-31 10:00:00+02:00,350.0,2022-05-31
uniqueUserZone,OWM Zona5,2022-05-31 10:00:00+02:00,153.0,2022-05-31
uniqueUserZone,OWM Zona4,2022-05-31 10:00:00+02:00,208.0,2022-05-31
uniqueUserZone,OWM Zona3,2022-05-31 10:00:00+02:00,433.0,2022-05-31
uniqueUserZone,OWM Zona2,2022-05-31 10:00:00+02:00,124.0,2022-05-31
uniqueUserZone,OWM Zona1,2022-05-31 10:00:00+02:00,279.0,2022-05-31
uniqueUserZone,OWM Zona9,2022-05-30 10:00:00+02:00,164.0,2022-05-30
uniqueUserZone,OWM Zona8,2022-05-30 10:00:00+02:00,197.0,2022-05-30
uniqueUserZone,OWM Zona7,2022-05-30 10:00:00+02:00,153.0,2022-05-30
uniqueUserZone,OWM Zona6,2022-05-30 10:00:00+02:00,373.0,2022-05-30
uniqueUserZone,OWM Zona5,2022-05-30 10:00:00+02:00,158.0,2022-05-30
uniqueUserZone,OWM Zona4,2022-05-30 10:00:00+02:00,214.0,2022-05-30
uniqueUserZone,OWM Zona3,2022-05-30 10:00:00+02:00,423.0,2022-05-30
uniqueUserZone,OWM Zona2,2022-05-30 10:00:00+02:00,147.0,2022-05-30
uniqueUserZone,OWM Zona1,2022-05-30 10:00:00+02:00,297.0,2022-05-30
uniqueUserZone,OWM Zona9,2022-05-29 10:00:00+02:00,198.0,2022-05-29
uniqueUserZone,OWM Zona8,2022-05-29 10:00:00+02:00,207.0,2022-05-29
uniqueUserZone,OWM Zona7,2022-05-29 10:00:00+02:00,134.0,2022-05-29
uniqueUserZone,OWM Zona6,2022-05-29 10:00:00+02:00,372.0,2022-05-29
uniqueUserZone,OWM Zona5,2022-05-29 10:00:00+02:00,161.0,2022-05-29
uniqueUserZone,OWM Zona4,2022-05-29 10:00:00+02:00,210.0,2022-05-29
uniqueUserZone,OWM Zona3,2022-05-29 10:00:00+02:00,404.0,2022-05-29
uniqueUserZone,OWM Zona2,2022-05-29 10:00:00+02:00,135.0,2022-05-29
uniqueUserZone,OWM Zona1,2022-05-29 10:00:00+02:00,291.0,2022-05-29
uniqueUserZone,OWM Zona9,2022-05-28 10:00:00+02:00,179.0,2022-05-28
uniqueUserZone,OWM Zona8,2022-05-28 10:00:00+02:00,227.0,2022-05-28
uniqueUserZone,OWM Zona7,2022-05-28 10:00:00+02:00,136.0,2022-05-28
uniqueUserZone,OWM Zona6,2022-05-28 10:00:00+02:00,335.0,2022-05-28
uniqueUserZone,OWM Zona5,2022-05-28 10:00:00+02:00,169.0,2022-05-28
uniqueUserZone,OWM Zona4,2022-05-28 10:00:00+02:00,217.0,2022-05-28
uniqueUserZone,OWM Zona3,2022-05-28 10:00:00+02:00,426.0,2022-05-28
uniqueUserZone,OWM Zona2,2022-05-28 10:00:00+02:00,147.0,2022-05-28
uniqueUserZone,OWM Zona1,2022-05-28 10:00:00+02:00,341.0,2022-05-28
uniqueUserZone,OWM Zona9,2022-05-27 10:00:00+02:00,173.0,2022-05-27
uniqueUserZone,OWM Zona8,2022-05-27 10:00:00+02:00,216.0,2022-05-27
uniqueUserZone,OWM Zona7,2022-05-27 10:00:00+02:00,123.0,2022-05-27
uniqueUserZone,OWM Zona6,2022-05-27 10:00:00+02:00,338.0,2022-05-27
uniqueUserZone,OWM Zona5,2022-05-27 10:00:00+02:00,161.0,2022-05-27
uniqueUserZone,OWM Zona4,2022-05-27 10:00:00+02:00,208.0,2022-05-27
uniqueUserZone,OWM Zona3,2022-05-27 10:00:00+02:00,390.0,2022-05-27
uniqueUserZone,OWM Zona2,2022-05-27 10:00:00+02:00,134.0,2022-05-27
uniqueUserZone,OWM Zona1,2022-05-27 10:00:00+02:00,315.0,2022-05-27
uniqueUserZone,OWM Zona9,2022-05-26 10:00:00+02:00,54.0,2022-05-26
uniqueUserZone,OWM Zona8,2022-05-26 10:00:00+02:00,73.0,2022-05-26
uniqueUserZone,OWM Zona7,2022-05-26 10:00:00+02:00,47.0,2022-05-26
uniqueUserZone,OWM Zona6,2022-05-26 10:00:00+02:00,122.0,2022-05-26
uniqueUserZone,OWM Zona5,2022-05-26 10:00:00+02:00,56.0,2022-05-26
uniqueUserZone,OWM Zona4,2022-05-26 10:00:00+02:00,79.0,2022-05-26
uniqueUserZone,OWM Zona3,2022-05-26 10:00:00+02:00,151.0,2022-05-26
uniqueUserZone,OWM Zona2,2022-05-26 10:00:00+02:00,51.0,2022-05-26
uniqueUserZone,OWM Zona1,2022-05-26 10:00:00+02:00,86.0,2022-05-26
uniqueUserZone,OWM Zona9,2022-05-25 10:00:00+02:00,148.0,2022-05-25
uniqueUserZone,OWM Zona8,2022-05-25 10:00:00+02:00,187.0,2022-05-25
uniqueUserZone,OWM Zona7,2022-05-25 10:00:00+02:00,93.0,2022-05-25
uniqueUserZone,OWM Zona6,2022-05-25 10:00:00+02:00,338.0,2022-05-25
uniqueUserZone,OWM Zona5,2022-05-25 10:00:00+02:00,138.0,2022-05-25
uniqueUserZone,OWM Zona4,2022-05-25 10:00:00+02:00,174.0,2022-05-25
uniqueUserZone,OWM Zona3,2022-05-25 10:00:00+02:00,375.0,2022-05-25
uniqueUserZone,OWM Zona2,2022-05-25 10:00:00+02:00,90.0,2022-05-25
uniqueUserZone,OWM Zona1,2022-05-25 10:00:00+02:00,260.0,2022-05-25
uniqueUserZone,OWM Zona9,2022-05-24 10:00:00+02:00,178.0,2022-05-24
uniqueUserZone,OWM Zona8,2022-05-24 10:00:00+02:00,165.0,2022-05-24
uniqueUserZone,OWM Zona7,2022-05-24 10:00:00+02:00,114.0,2022-05-24
uniqueUserZone,OWM Zona6,2022-05-24 10:00:00+02:00,314.0,2022-05-24
uniqueUserZone,OWM Zona5,2022-05-24 10:00:00+02:00,164.0,2022-05-24
uniqueUserZone,OWM Zona4,2022-05-24 10:00:00+02:00,184.0,2022-05-24
uniqueUserZone,OWM Zona3,2022-05-24 10:00:00+02:00,354.0,2022-05-24
uniqueUserZone,OWM Zona2,2022-05-24 10:00:00+02:00,129.0,2022-05-24
uniqueUserZone,OWM Zona1,2022-05-24 10:00:00+02:00,254.0,2022-05-24
uniqueUserZone,OWM Zona9,2022-05-23 10:00:00+02:00,155.0,2022-05-23
uniqueUserZone,OWM Zona8,2022-05-23 10:00:00+02:00,189.0,2022-05-23
uniqueUserZone,OWM Zona7,2022-05-23 10:00:00+02:00,133.0,2022-05-23
uniqueUserZone,OWM Zona6,2022-05-23 10:00:00+02:00,301.0,2022-05-23
uniqueUserZone,OWM Zona5,2022-05-23 10:00:00+02:00,143.0,2022-05-23
uniqueUserZone,OWM Zona4,2022-05-23 10:00:00+02:00,161.0,2022-05-23
uniqueUserZone,OWM Zona3,2022-05-23 10:00:00+02:00,411.0,2022-05-23
uniqueUserZone,OWM Zona2,2022-05-23 10:00:00+02:00,141.0,2022-05-23
uniqueUserZone,OWM Zona1,2022-05-23 10:00:00+02:00,263.0,2022-05-23
uniqueUserZone,OWM Zona9,2022-05-22 10:00:00+02:00,179.0,2022-05-22
uniqueUserZone,OWM Zona8,2022-05-22 10:00:00+02:00,204.0,2022-05-22
uniqueUserZone,OWM Zona7,2022-05-22 10:00:00+02:00,138.0,2022-05-22
uniqueUserZone,OWM Zona6,2022-05-22 10:00:00+02:00,355.0,2022-05-22
uniqueUserZone,OWM Zona5,2022-05-22 10:00:00+02:00,166.0,2022-05-22
uniqueUserZone,OWM Zona4,2022-05-22 10:00:00+02:00,196.0,2022-05-22
uniqueUserZone,OWM Zona3,2022-05-22 10:00:00+02:00,391.0,2022-05-22
uniqueUserZone,OWM Zona2,2022-05-22 10:00:00+02:00,136.0,2022-05-22
uniqueUserZone,OWM Zona1,2022-05-22 10:00:00+02:00,223.0,2022-05-22
uniqueUserZone,OWM Zona9,2022-05-21 10:00:00+02:00,194.0,2022-05-21
uniqueUserZone,OWM Zona8,2022-05-21 10:00:00+02:00,216.0,2022-05-21
uniqueUserZone,OWM Zona7,2022-05-21 10:00:00+02:00,131.0,2022-05-21
uniqueUserZone,OWM Zona6,2022-05-21 10:00:00+02:00,315.0,2022-05-21
uniqueUserZone,OWM Zona5,2022-05-21 10:00:00+02:00,195.0,2022-05-21
uniqueUserZone,OWM Zona4,2022-05-21 10:00:00+02:00,193.0,2022-05-21
uniqueUserZone,OWM Zona3,2022-05-21 10:00:00+02:00,420.0,2022-05-21
uniqueUserZone,OWM Zona2,2022-05-21 10:00:00+02:00,134.0,2022-05-21
uniqueUserZone,OWM Zona1,2022-05-21 10:00:00+02:00,295.0,2022-05-21
uniqueUserZone,OWM Zona9,2022-05-20 10:00:00+02:00,194.0,2022-05-20
uniqueUserZone,OWM Zona8,2022-05-20 10:00:00+02:00,227.0,2022-05-20
uniqueUserZone,OWM Zona7,2022-05-20 10:00:00+02:00,125.0,2022-05-20
uniqueUserZone,OWM Zona6,2022-05-20 10:00:00+02:00,369.0,2022-05-20
uniqueUserZone,OWM Zona5,2022-05-20 10:00:00+02:00,166.0,2022-05-20
uniqueUserZone,OWM Zona4,2022-05-20 10:00:00+02:00,198.0,2022-05-20
uniqueUserZone,OWM Zona3,2022-05-20 10:00:00+02:00,395.0,2022-05-20
uniqueUserZone,OWM Zona2,2022-05-20 10:00:00+02:00,137.0,2022-05-20
uniqueUserZone,OWM Zona1,2022-05-20 10:00:00+02:00,312.0,2022-05-20
uniqueUserZone,OWM Zona9,2022-05-19 10:00:00+02:00,142.0,2022-05-19
uniqueUserZone,OWM Zona8,2022-05-19 10:00:00+02:00,167.0,2022-05-19
uniqueUserZone,OWM Zona7,2022-05-19 10:00:00+02:00,94.0,2022-05-19
uniqueUserZone,OWM Zona6,2022-05-19 10:00:00+02:00,272.0,2022-05-19
uniqueUserZone,OWM Zona5,2022-05-19 10:00:00+02:00,112.0,2022-05-19
uniqueUserZone,OWM Zona4,2022-05-19 10:00:00+02:00,164.0,2022-05-19
uniqueUserZone,OWM Zona3,2022-05-19 10:00:00+02:00,283.0,2022-05-19
uniqueUserZone,OWM Zona2,2022-05-19 10:00:00+02:00,120.0,2022-05-19
uniqueUserZone,OWM Zona1,2022-05-19 10:00:00+02:00,176.0,2022-05-19
uniqueUserZone,OWM Zona9,2022-05-18 10:00:00+02:00,160.0,2022-05-18
uniqueUserZone,OWM Zona8,2022-05-18 10:00:00+02:00,203.0,2022-05-18
uniqueUserZone,OWM Zona7,2022-05-18 10:00:00+02:00,101.0,2022-05-18
uniqueUserZone,OWM Zona6,2022-05-18 10:00:00+02:00,362.0,2022-05-18
uniqueUserZone,OWM Zona5,2022-05-18 10:00:00+02:00,138.0,2022-05-18
uniqueUserZone,OWM Zona4,2022-05-18 10:00:00+02:00,175.0,2022-05-18
uniqueUserZone,OWM Zona3,2022-05-18 10:00:00+02:00,367.0,2022-05-18
uniqueUserZone,OWM Zona2,2022-05-18 10:00:00+02:00,143.0,2022-05-18
uniqueUserZone,OWM Zona1,2022-05-18 10:00:00+02:00,211.0,2022-05-18
uniqueUserZone,OWM Zona9,2022-05-17 10:00:00+02:00,198.0,2022-05-17
uniqueUserZone,OWM Zona8,2022-05-17 10:00:00+02:00,220.0,2022-05-17
uniqueUserZone,OWM Zona7,2022-05-17 10:00:00+02:00,121.0,2022-05-17
uniqueUserZone,OWM Zona6,2022-05-17 10:00:00+02:00,367.0,2022-05-17
uniqueUserZone,OWM Zona5,2022-05-17 10:00:00+02:00,171.0,2022-05-17
uniqueUserZone,OWM Zona4,2022-05-17 10:00:00+02:00,209.0,2022-05-17
uniqueUserZone,OWM Zona3,2022-05-17 10:00:00+02:00,425.0,2022-05-17
uniqueUserZone,OWM Zona2,2022-05-17 10:00:00+02:00,129.0,2022-05-17
uniqueUserZone,OWM Zona1,2022-05-17 10:00:00+02:00,301.0,2022-05-17
uniqueUserZone,OWM Zona9,2022-05-16 10:00:00+02:00,196.0,2022-05-16
uniqueUserZone,OWM Zona8,2022-05-16 10:00:00+02:00,190.0,2022-05-16
uniqueUserZone,OWM Zona7,2022-05-16 10:00:00+02:00,157.0,2022-05-16
uniqueUserZone,OWM Zona6,2022-05-16 10:00:00+02:00,349.0,2022-05-16
uniqueUserZone,OWM Zona5,2022-05-16 10:00:00+02:00,171.0,2022-05-16
uniqueUserZone,OWM Zona4,2022-05-16 10:00:00+02:00,199.0,2022-05-16
uniqueUserZone,OWM Zona3,2022-05-16 10:00:00+02:00,386.0,2022-05-16
uniqueUserZone,OWM Zona2,2022-05-16 10:00:00+02:00,145.0,2022-05-16
uniqueUserZone,OWM Zona1,2022-05-16 10:00:00+02:00,289.0,2022-05-16
uniqueUserZone,OWM Zona9,2022-05-15 10:00:00+02:00,190.0,2022-05-15
uniqueUserZone,OWM Zona8,2022-05-15 10:00:00+02:00,223.0,2022-05-15
uniqueUserZone,OWM Zona7,2022-05-15 10:00:00+02:00,124.0,2022-05-15
uniqueUserZone,OWM Zona6,2022-05-15 10:00:00+02:00,338.0,2022-05-15
uniqueUserZone,OWM Zona5,2022-05-15 10:00:00+02:00,171.0,2022-05-15
uniqueUserZone,OWM Zona4,2022-05-15 10:00:00+02:00,203.0,2022-05-15
uniqueUserZone,OWM Zona3,2022-05-15 10:00:00+02:00,397.0,2022-05-15
uniqueUserZone,OWM Zona2,2022-05-15 10:00:00+02:00,138.0,2022-05-15
uniqueUserZone,OWM Zona1,2022-05-15 10:00:00+02:00,287.0,2022-05-15
uniqueUserZone,OWM Zona9,2022-05-14 10:00:00+02:00,186.0,2022-05-14
uniqueUserZone,OWM Zona8,2022-05-14 10:00:00+02:00,204.0,2022-05-14
uniqueUserZone,OWM Zona7,2022-05-14 10:00:00+02:00,93.0,2022-05-14
uniqueUserZone,OWM Zona6,2022-05-14 10:00:00+02:00,313.0,2022-05-14
uniqueUserZone,OWM Zona5,2022-05-14 10:00:00+02:00,144.0,2022-05-14
uniqueUserZone,OWM Zona4,2022-05-14 10:00:00+02:00,196.0,2022-05-14
uniqueUserZone,OWM Zona3,2022-05-14 10:00:00+02:00,362.0,2022-05-14
uniqueUserZone,OWM Zona2,2022-05-14 10:00:00+02:00,127.0,2022-05-14
uniqueUserZone,OWM Zona1,2022-05-14 10:00:00+02:00,264.0,2022-05-14
uniqueUserZone,OWM Zona9,2022-05-13 10:00:00+02:00,123.0,2022-05-13
uniqueUserZone,OWM Zona8,2022-05-13 10:00:00+02:00,154.0,2022-05-13
uniqueUserZone,OWM Zona7,2022-05-13 10:00:00+02:00,87.0,2022-05-13
uniqueUserZone,OWM Zona6,2022-05-13 10:00:00+02:00,226.0,2022-05-13
uniqueUserZone,OWM Zona5,2022-05-13 10:00:00+02:00,125.0,2022-05-13
uniqueUserZone,OWM Zona4,2022-05-13 10:00:00+02:00,148.0,2022-05-13
uniqueUserZone,OWM Zona3,2022-05-13 10:00:00+02:00,294.0,2022-05-13
uniqueUserZone,OWM Zona2,2022-05-13 10:00:00+02:00,92.0,2022-05-13
uniqueUserZone,OWM Zona1,2022-05-13 10:00:00+02:00,248.0,2022-05-13
uniqueUserZone,OWM Zona9,2022-05-12 10:00:00+02:00,121.0,2022-05-12
uniqueUserZone,OWM Zona8,2022-05-12 10:00:00+02:00,160.0,2022-05-12
uniqueUserZone,OWM Zona7,2022-05-12 10:00:00+02:00,65.0,2022-05-12
uniqueUserZone,OWM Zona6,2022-05-12 10:00:00+02:00,224.0,2022-05-12
uniqueUserZone,OWM Zona5,2022-05-12 10:00:00+02:00,120.0,2022-05-12
uniqueUserZone,OWM Zona4,2022-05-12 10:00:00+02:00,148.0,2022-05-12
uniqueUserZone,OWM Zona3,2022-05-12 10:00:00+02:00,266.0,2022-05-12
uniqueUserZone,OWM Zona2,2022-05-12 10:00:00+02:00,104.0,2022-05-12
uniqueUserZone,OWM Zona1,2022-05-12 10:00:00+02:00,200.0,2022-05-12
uniqueUserZone,OWM Zona9,2022-05-11 10:00:00+02:00,165.0,2022-05-11
uniqueUserZone,OWM Zona8,2022-05-11 10:00:00+02:00,169.0,2022-05-11
uniqueUserZone,OWM Zona7,2022-05-11 10:00:00+02:00,106.0,2022-05-11
uniqueUserZone,OWM Zona6,2022-05-11 10:00:00+02:00,260.0,2022-05-11
uniqueUserZone,OWM Zona5,2022-05-11 10:00:00+02:00,147.0,2022-05-11
uniqueUserZone,OWM Zona4,2022-05-11 10:00:00+02:00,180.0,2022-05-11
uniqueUserZone,OWM Zona3,2022-05-11 10:00:00+02:00,348.0,2022-05-11
uniqueUserZone,OWM Zona2,2022-05-11 10:00:00+02:00,100.0,2022-05-11
uniqueUserZone,OWM Zona1,2022-05-11 10:00:00+02:00,227.0,2022-05-11
uniqueUserZone,OWM Zona9,2022-05-10 10:00:00+02:00,187.0,2022-05-10
uniqueUserZone,OWM Zona8,2022-05-10 10:00:00+02:00,227.0,2022-05-10
uniqueUserZone,OWM Zona7,2022-05-10 10:00:00+02:00,139.0,2022-05-10
uniqueUserZone,OWM Zona6,2022-05-10 10:00:00+02:00,348.0,2022-05-10
uniqueUserZone,OWM Zona5,2022-05-10 10:00:00+02:00,176.0,2022-05-10
uniqueUserZone,OWM Zona4,2022-05-10 10:00:00+02:00,212.0,2022-05-10
uniqueUserZone,OWM Zona3,2022-05-10 10:00:00+02:00,409.0,2022-05-10
uniqueUserZone,OWM Zona2,2022-05-10 10:00:00+02:00,160.0,2022-05-10
uniqueUserZone,OWM Zona1,2022-05-10 10:00:00+02:00,283.0,2022-05-10
uniqueUserZone,OWM Zona9,2022-05-09 10:00:00+02:00,177.0,2022-05-09
uniqueUserZone,OWM Zona8,2022-05-09 10:00:00+02:00,202.0,2022-05-09
uniqueUserZone,OWM Zona7,2022-05-09 10:00:00+02:00,140.0,2022-05-09
uniqueUserZone,OWM Zona6,2022-05-09 10:00:00+02:00,366.0,2022-05-09
uniqueUserZone,OWM Zona5,2022-05-09 10:00:00+02:00,153.0,2022-05-09
uniqueUserZone,OWM Zona4,2022-05-09 10:00:00+02:00,187.0,2022-05-09
uniqueUserZone,OWM Zona3,2022-05-09 10:00:00+02:00,403.0,2022-05-09
uniqueUserZone,OWM Zona2,2022-05-09 10:00:00+02:00,136.0,2022-05-09
uniqueUserZone,OWM Zona1,2022-05-09 10:00:00+02:00,278.0,2022-05-09
uniqueUserZone,OWM Zona9,2022-05-08 10:00:00+02:00,169.0,2022-05-08
uniqueUserZone,OWM Zona8,2022-05-08 10:00:00+02:00,196.0,2022-05-08
uniqueUserZone,OWM Zona7,2022-05-08 10:00:00+02:00,147.0,2022-05-08
uniqueUserZone,OWM Zona6,2022-05-08 10:00:00+02:00,360.0,2022-05-08
uniqueUserZone,OWM Zona5,2022-05-08 10:00:00+02:00,161.0,2022-05-08
uniqueUserZone,OWM Zona4,2022-05-08 10:00:00+02:00,191.0,2022-05-08
uniqueUserZone,OWM Zona3,2022-05-08 10:00:00+02:00,409.0,2022-05-08
uniqueUserZone,OWM Zona2,2022-05-08 10:00:00+02:00,132.0,2022-05-08
uniqueUserZone,OWM Zona1,2022-05-08 10:00:00+02:00,300.0,2022-05-08
uniqueUserZone,OWM Zona9,2022-05-07 10:00:00+02:00,154.0,2022-05-07
uniqueUserZone,OWM Zona8,2022-05-07 10:00:00+02:00,175.0,2022-05-07
uniqueUserZone,OWM Zona7,2022-05-07 10:00:00+02:00,114.0,2022-05-07
uniqueUserZone,OWM Zona6,2022-05-07 10:00:00+02:00,333.0,2022-05-07
uniqueUserZone,OWM Zona5,2022-05-07 10:00:00+02:00,143.0,2022-05-07
uniqueUserZone,OWM Zona4,2022-05-07 10:00:00+02:00,174.0,2022-05-07
uniqueUserZone,OWM Zona3,2022-05-07 10:00:00+02:00,355.0,2022-05-07
uniqueUserZone,OWM Zona2,2022-05-07 10:00:00+02:00,123.0,2022-05-07
uniqueUserZone,OWM Zona1,2022-05-07 10:00:00+02:00,271.0,2022-05-07
uniqueUserZone,OWM Zona9,2022-05-06 10:00:00+02:00,125.0,2022-05-06
uniqueUserZone,OWM Zona8,2022-05-06 10:00:00+02:00,149.0,2022-05-06
uniqueUserZone,OWM Zona7,2022-05-06 10:00:00+02:00,83.0,2022-05-06
uniqueUserZone,OWM Zona6,2022-05-06 10:00:00+02:00,259.0,2022-05-06
uniqueUserZone,OWM Zona5,2022-05-06 10:00:00+02:00,112.0,2022-05-06
uniqueUserZone,OWM Zona4,2022-05-06 10:00:00+02:00,122.0,2022-05-06
uniqueUserZone,OWM Zona3,2022-05-06 10:00:00+02:00,254.0,2022-05-06
uniqueUserZone,OWM Zona2,2022-05-06 10:00:00+02:00,92.0,2022-05-06
uniqueUserZone,OWM Zona1,2022-05-06 10:00:00+02:00,206.0,2022-05-06
uniqueUserZone,OWM Zona9,2022-05-05 10:00:00+02:00,106.0,2022-05-05
uniqueUserZone,OWM Zona8,2022-05-05 10:00:00+02:00,136.0,2022-05-05
uniqueUserZone,OWM Zona7,2022-05-05 10:00:00+02:00,80.0,2022-05-05
uniqueUserZone,OWM Zona6,2022-05-05 10:00:00+02:00,291.0,2022-05-05
uniqueUserZone,OWM Zona5,2022-05-05 10:00:00+02:00,105.0,2022-05-05
uniqueUserZone,OWM Zona4,2022-05-05 10:00:00+02:00,123.0,2022-05-05
uniqueUserZone,OWM Zona3,2022-05-05 10:00:00+02:00,242.0,2022-05-05
uniqueUserZone,OWM Zona2,2022-05-05 10:00:00+02:00,87.0,2022-05-05
uniqueUserZone,OWM Zona1,2022-05-05 10:00:00+02:00,210.0,2022-05-05
uniqueUserZone,OWM Zona9,2022-05-04 10:00:00+02:00,148.0,2022-05-04
uniqueUserZone,OWM Zona8,2022-05-04 10:00:00+02:00,173.0,2022-05-04
uniqueUserZone,OWM Zona7,2022-05-04 10:00:00+02:00,97.0,2022-05-04
uniqueUserZone,OWM Zona6,2022-05-04 10:00:00+02:00,328.0,2022-05-04
uniqueUserZone,OWM Zona5,2022-05-04 10:00:00+02:00,136.0,2022-05-04
uniqueUserZone,OWM Zona4,2022-05-04 10:00:00+02:00,151.0,2022-05-04
uniqueUserZone,OWM Zona3,2022-05-04 10:00:00+02:00,318.0,2022-05-04
uniqueUserZone,OWM Zona2,2022-05-04 10:00:00+02:00,107.0,2022-05-04
uniqueUserZone,OWM Zona1,2022-05-04 10:00:00+02:00,207.0,2022-05-04
uniqueUserZone,OWM Zona9,2022-05-03 10:00:00+02:00,171.0,2022-05-03
uniqueUserZone,OWM Zona8,2022-05-03 10:00:00+02:00,205.0,2022-05-03
uniqueUserZone,OWM Zona7,2022-05-03 10:00:00+02:00,122.0,2022-05-03
uniqueUserZone,OWM Zona6,2022-05-03 10:00:00+02:00,337.0,2022-05-03
uniqueUserZone,OWM Zona5,2022-05-03 10:00:00+02:00,179.0,2022-05-03
uniqueUserZone,OWM Zona4,2022-05-03 10:00:00+02:00,184.0,2022-05-03
uniqueUserZone,OWM Zona3,2022-05-03 10:00:00+02:00,408.0,2022-05-03
uniqueUserZone,OWM Zona2,2022-05-03 10:00:00+02:00,125.0,2022-05-03
uniqueUserZone,OWM Zona1,2022-05-03 10:00:00+02:00,284.0,2022-05-03
uniqueUserZone,OWM Zona9,2022-05-02 10:00:00+02:00,172.0,2022-05-02
uniqueUserZone,OWM Zona8,2022-05-02 10:00:00+02:00,206.0,2022-05-02
uniqueUserZone,OWM Zona7,2022-05-02 10:00:00+02:00,118.0,2022-05-02
uniqueUserZone,OWM Zona6,2022-05-02 10:00:00+02:00,358.0,2022-05-02
uniqueUserZone,OWM Zona5,2022-05-02 10:00:00+02:00,175.0,2022-05-02
uniqueUserZone,OWM Zona4,2022-05-02 10:00:00+02:00,201.0,2022-05-02
uniqueUserZone,OWM Zona3,2022-05-02 10:00:00+02:00,440.0,2022-05-02
uniqueUserZone,OWM Zona2,2022-05-02 10:00:00+02:00,153.0,2022-05-02
uniqueUserZone,OWM Zona1,2022-05-02 10:00:00+02:00,306.0,2022-05-02
uniqueUserZone,OWM Zona9,2022-05-01 10:00:00+02:00,204.0,2022-05-01
uniqueUserZone,OWM Zona8,2022-05-01 10:00:00+02:00,237.0,2022-05-01
uniqueUserZone,OWM Zona7,2022-05-01 10:00:00+02:00,149.0,2022-05-01
uniqueUserZone,OWM Zona6,2022-05-01 10:00:00+02:00,348.0,2022-05-01
uniqueUserZone,OWM Zona5,2022-05-01 10:00:00+02:00,204.0,2022-05-01
uniqueUserZone,OWM Zona4,2022-05-01 10:00:00+02:00,210.0,2022-05-01
uniqueUserZone,OWM Zona3,2022-05-01 10:00:00+02:00,416.0,2022-05-01
uniqueUserZone,OWM Zona2,2022-05-01 10:00:00+02:00,149.0,2022-05-01
uniqueUserZone,OWM Zona1,2022-05-01 10:00:00+02:00,305.0,2022-05-01
uniqueUserZone,OWM Zona9,2022-04-30 10:00:00+02:00,191.0,2022-04-30
uniqueUserZone,OWM Zona8,2022-04-30 10:00:00+02:00,197.0,2022-04-30
uniqueUserZone,OWM Zona7,2022-04-30 10:00:00+02:00,126.0,2022-04-30
uniqueUserZone,OWM Zona6,2022-04-30 10:00:00+02:00,361.0,2022-04-30
uniqueUserZone,OWM Zona5,2022-04-30 10:00:00+02:00,187.0,2022-04-30
uniqueUserZone,OWM Zona4,2022-04-30 10:00:00+02:00,188.0,2022-04-30
uniqueUserZone,OWM Zona3,2022-04-30 10:00:00+02:00,434.0,2022-04-30
uniqueUserZone,OWM Zona2,2022-04-30 10:00:00+02:00,146.0,2022-04-30
uniqueUserZone,OWM Zona1,2022-04-30 10:00:00+02:00,274.0,2022-04-30
uniqueUserZone,OWM Zona9,2022-04-29 10:00:00+02:00,189.0,2022-04-29
uniqueUserZone,OWM Zona8,2022-04-29 10:00:00+02:00,228.0,2022-04-29
uniqueUserZone,OWM Zona7,2022-04-29 10:00:00+02:00,147.0,2022-04-29
uniqueUserZone,OWM Zona6,2022-04-29 10:00:00+02:00,360.0,2022-04-29
uniqueUserZone,OWM Zona5,2022-04-29 10:00:00+02:00,185.0,2022-04-29
uniqueUserZone,OWM Zona4,2022-04-29 10:00:00+02:00,224.0,2022-04-29
uniqueUserZone,OWM Zona3,2022-04-29 10:00:00+02:00,409.0,2022-04-29
uniqueUserZone,OWM Zona2,2022-04-29 10:00:00+02:00,151.0,2022-04-29
uniqueUserZone,OWM Zona1,2022-04-29 10:00:00+02:00,305.0,2022-04-29
uniqueUserZone,OWM Zona9,2022-04-28 10:00:00+02:00,155.0,2022-04-28
uniqueUserZone,OWM Zona8,2022-04-28 10:00:00+02:00,177.0,2022-04-28
uniqueUserZone,OWM Zona7,2022-04-28 10:00:00+02:00,107.0,2022-04-28
uniqueUserZone,OWM Zona6,2022-04-28 10:00:00+02:00,298.0,2022-04-28
uniqueUserZone,OWM Zona5,2022-04-28 10:00:00+02:00,139.0,2022-04-28
uniqueUserZone,OWM Zona4,2022-04-28 10:00:00+02:00,166.0,2022-04-28
uniqueUserZone,OWM Zona3,2022-04-28 10:00:00+02:00,334.0,2022-04-28
uniqueUserZone,OWM Zona2,2022-04-28 10:00:00+02:00,116.0,2022-04-28
uniqueUserZone,OWM Zona1,2022-04-28 10:00:00+02:00,223.0,2022-04-28
uniqueUserZone,OWM Zona9,2022-04-27 10:00:00+02:00,182.0,2022-04-27
uniqueUserZone,OWM Zona8,2022-04-27 10:00:00+02:00,222.0,2022-04-27
uniqueUserZone,OWM Zona7,2022-04-27 10:00:00+02:00,113.0,2022-04-27
uniqueUserZone,OWM Zona6,2022-04-27 10:00:00+02:00,336.0,2022-04-27
uniqueUserZone,OWM Zona5,2022-04-27 10:00:00+02:00,165.0,2022-04-27
uniqueUserZone,OWM Zona4,2022-04-27 10:00:00+02:00,181.0,2022-04-27
uniqueUserZone,OWM Zona3,2022-04-27 10:00:00+02:00,350.0,2022-04-27
uniqueUserZone,OWM Zona2,2022-04-27 10:00:00+02:00,126.0,2022-04-27
uniqueUserZone,OWM Zona1,2022-04-27 10:00:00+02:00,268.0,2022-04-27
uniqueUserZone,OWM Zona9,2022-04-26 10:00:00+02:00,207.0,2022-04-26
uniqueUserZone,OWM Zona8,2022-04-26 10:00:00+02:00,253.0,2022-04-26
uniqueUserZone,OWM Zona7,2022-04-26 10:00:00+02:00,151.0,2022-04-26
uniqueUserZone,OWM Zona6,2022-04-26 10:00:00+02:00,411.0,2022-04-26
uniqueUserZone,OWM Zona5,2022-04-26 10:00:00+02:00,180.0,2022-04-26
uniqueUserZone,OWM Zona4,2022-04-26 10:00:00+02:00,236.0,2022-04-26
uniqueUserZone,OWM Zona3,2022-04-26 10:00:00+02:00,407.0,2022-04-26
uniqueUserZone,OWM Zona2,2022-04-26 10:00:00+02:00,154.0,2022-04-26
uniqueUserZone,OWM Zona1,2022-04-26 10:00:00+02:00,323.0,2022-04-26
uniqueUserZone,OWM Zona9,2022-04-25 10:00:00+02:00,207.0,2022-04-25
uniqueUserZone,OWM Zona8,2022-04-25 10:00:00+02:00,250.0,2022-04-25
uniqueUserZone,OWM Zona7,2022-04-25 10:00:00+02:00,139.0,2022-04-25
uniqueUserZone,OWM Zona6,2022-04-25 10:00:00+02:00,343.0,2022-04-25
uniqueUserZone,OWM Zona5,2022-04-25 10:00:00+02:00,192.0,2022-04-25
uniqueUserZone,OWM Zona4,2022-04-25 10:00:00+02:00,221.0,2022-04-25
uniqueUserZone,OWM Zona3,2022-04-25 10:00:00+02:00,410.0,2022-04-25
uniqueUserZone,OWM Zona2,2022-04-25 10:00:00+02:00,153.0,2022-04-25
uniqueUserZone,OWM Zona1,2022-04-25 10:00:00+02:00,283.0,2022-04-25
uniqueUserZone,OWM Zona9,2022-04-24 10:00:00+02:00,199.0,2022-04-24
uniqueUserZone,OWM Zona8,2022-04-24 10:00:00+02:00,228.0,2022-04-24
uniqueUserZone,OWM Zona7,2022-04-24 10:00:00+02:00,146.0,2022-04-24
uniqueUserZone,OWM Zona6,2022-04-24 10:00:00+02:00,355.0,2022-04-24
uniqueUserZone,OWM Zona5,2022-04-24 10:00:00+02:00,189.0,2022-04-24
uniqueUserZone,OWM Zona4,2022-04-24 10:00:00+02:00,208.0,2022-04-24
uniqueUserZone,OWM Zona3,2022-04-24 10:00:00+02:00,424.0,2022-04-24
uniqueUserZone,OWM Zona2,2022-04-24 10:00:00+02:00,172.0,2022-04-24
uniqueUserZone,OWM Zona1,2022-04-24 10:00:00+02:00,287.0,2022-04-24
uniqueUserZone,OWM Zona9,2022-04-23 10:00:00+02:00,196.0,2022-04-23
uniqueUserZone,OWM Zona8,2022-04-23 10:00:00+02:00,249.0,2022-04-23
uniqueUserZone,OWM Zona7,2022-04-23 10:00:00+02:00,153.0,2022-04-23
uniqueUserZone,OWM Zona6,2022-04-23 10:00:00+02:00,337.0,2022-04-23
uniqueUserZone,OWM Zona5,2022-04-23 10:00:00+02:00,180.0,2022-04-23
uniqueUserZone,OWM Zona4,2022-04-23 10:00:00+02:00,202.0,2022-04-23
uniqueUserZone,OWM Zona3,2022-04-23 10:00:00+02:00,455.0,2022-04-23
uniqueUserZone,OWM Zona2,2022-04-23 10:00:00+02:00,154.0,2022-04-23
uniqueUserZone,OWM Zona1,2022-04-23 10:00:00+02:00,299.0,2022-04-23
uniqueUserZone,OWM Zona9,2022-04-22 10:00:00+02:00,193.0,2022-04-22
uniqueUserZone,OWM Zona8,2022-04-22 10:00:00+02:00,238.0,2022-04-22
uniqueUserZone,OWM Zona7,2022-04-22 10:00:00+02:00,146.0,2022-04-22
uniqueUserZone,OWM Zona6,2022-04-22 10:00:00+02:00,328.0,2022-04-22
uniqueUserZone,OWM Zona5,2022-04-22 10:00:00+02:00,163.0,2022-04-22
uniqueUserZone,OWM Zona4,2022-04-22 10:00:00+02:00,203.0,2022-04-22
uniqueUserZone,OWM Zona3,2022-04-22 10:00:00+02:00,421.0,2022-04-22
uniqueUserZone,OWM Zona2,2022-04-22 10:00:00+02:00,153.0,2022-04-22
uniqueUserZone,OWM Zona1,2022-04-22 10:00:00+02:00,293.0,2022-04-22
uniqueUserZone,OWM Zona9,2022-04-21 10:00:00+02:00,136.0,2022-04-21
uniqueUserZone,OWM Zona8,2022-04-21 10:00:00+02:00,164.0,2022-04-21
uniqueUserZone,OWM Zona7,2022-04-21 10:00:00+02:00,96.0,2022-04-21
uniqueUserZone,OWM Zona6,2022-04-21 10:00:00+02:00,266.0,2022-04-21
uniqueUserZone,OWM Zona5,2022-04-21 10:00:00+02:00,115.0,2022-04-21
uniqueUserZone,OWM Zona4,2022-04-21 10:00:00+02:00,136.0,2022-04-21
uniqueUserZone,OWM Zona3,2022-04-21 10:00:00+02:00,316.0,2022-04-21
uniqueUserZone,OWM Zona2,2022-04-21 10:00:00+02:00,116.0,2022-04-21
uniqueUserZone,OWM Zona1,2022-04-21 10:00:00+02:00,200.0,2022-04-21
uniqueUserZone,OWM Zona9,2022-04-20 10:00:00+02:00,147.0,2022-04-20
uniqueUserZone,OWM Zona8,2022-04-20 10:00:00+02:00,188.0,2022-04-20
uniqueUserZone,OWM Zona7,2022-04-20 10:00:00+02:00,107.0,2022-04-20
uniqueUserZone,OWM Zona6,2022-04-20 10:00:00+02:00,289.0,2022-04-20
uniqueUserZone,OWM Zona5,2022-04-20 10:00:00+02:00,148.0,2022-04-20
uniqueUserZone,OWM Zona4,2022-04-20 10:00:00+02:00,174.0,2022-04-20
uniqueUserZone,OWM Zona3,2022-04-20 10:00:00+02:00,369.0,2022-04-20
uniqueUserZone,OWM Zona2,2022-04-20 10:00:00+02:00,119.0,2022-04-20
uniqueUserZone,OWM Zona1,2022-04-20 10:00:00+02:00,213.0,2022-04-20
uniqueUserZone,OWM Zona9,2022-04-19 10:00:00+02:00,195.0,2022-04-19
uniqueUserZone,OWM Zona8,2022-04-19 10:00:00+02:00,242.0,2022-04-19
uniqueUserZone,OWM Zona7,2022-04-19 10:00:00+02:00,136.0,2022-04-19
uniqueUserZone,OWM Zona6,2022-04-19 10:00:00+02:00,316.0,2022-04-19
uniqueUserZone,OWM Zona5,2022-04-19 10:00:00+02:00,193.0,2022-04-19
uniqueUserZone,OWM Zona4,2022-04-19 10:00:00+02:00,222.0,2022-04-19
uniqueUserZone,OWM Zona3,2022-04-19 10:00:00+02:00,441.0,2022-04-19
uniqueUserZone,OWM Zona2,2022-04-19 10:00:00+02:00,152.0,2022-04-19
uniqueUserZone,OWM Zona1,2022-04-19 10:00:00+02:00,279.0,2022-04-19
uniqueUserZone,OWM Zona9,2022-04-18 10:00:00+02:00,194.0,2022-04-18
uniqueUserZone,OWM Zona8,2022-04-18 10:00:00+02:00,257.0,2022-04-18
uniqueUserZone,OWM Zona7,2022-04-18 10:00:00+02:00,154.0,2022-04-18
uniqueUserZone,OWM Zona6,2022-04-18 10:00:00+02:00,327.0,2022-04-18
uniqueUserZone,OWM Zona5,2022-04-18 10:00:00+02:00,185.0,2022-04-18
uniqueUserZone,OWM Zona4,2022-04-18 10:00:00+02:00,222.0,2022-04-18
uniqueUserZone,OWM Zona3,2022-04-18 10:00:00+02:00,423.0,2022-04-18
uniqueUserZone,OWM Zona2,2022-04-18 10:00:00+02:00,139.0,2022-04-18
uniqueUserZone,OWM Zona1,2022-04-18 10:00:00+02:00,290.0,2022-04-18
uniqueUserZone,OWM Zona9,2022-04-17 10:00:00+02:00,176.0,2022-04-17
uniqueUserZone,OWM Zona8,2022-04-17 10:00:00+02:00,218.0,2022-04-17
uniqueUserZone,OWM Zona7,2022-04-17 10:00:00+02:00,140.0,2022-04-17
uniqueUserZone,OWM Zona6,2022-04-17 10:00:00+02:00,244.0,2022-04-17
uniqueUserZone,OWM Zona5,2022-04-17 10:00:00+02:00,186.0,2022-04-17
uniqueUserZone,OWM Zona4,2022-04-17 10:00:00+02:00,203.0,2022-04-17
uniqueUserZone,OWM Zona3,2022-04-17 10:00:00+02:00,409.0,2022-04-17
uniqueUserZone,OWM Zona2,2022-04-17 10:00:00+02:00,139.0,2022-04-17
uniqueUserZone,OWM Zona1,2022-04-17 10:00:00+02:00,252.0,2022-04-17
uniqueUserZone,OWM Zona9,2022-04-16 10:00:00+02:00,224.0,2022-04-16
uniqueUserZone,OWM Zona8,2022-04-16 10:00:00+02:00,253.0,2022-04-16
uniqueUserZone,OWM Zona7,2022-04-16 10:00:00+02:00,138.0,2022-04-16
uniqueUserZone,OWM Zona6,2022-04-16 10:00:00+02:00,283.0,2022-04-16
uniqueUserZone,OWM Zona5,2022-04-16 10:00:00+02:00,200.0,2022-04-16
uniqueUserZone,OWM Zona4,2022-04-16 10:00:00+02:00,215.0,2022-04-16
uniqueUserZone,OWM Zona3,2022-04-16 10:00:00+02:00,425.0,2022-04-16
uniqueUserZone,OWM Zona2,2022-04-16 10:00:00+02:00,170.0,2022-04-16
uniqueUserZone,OWM Zona1,2022-04-16 10:00:00+02:00,301.0,2022-04-16
uniqueUserZone,OWM Zona9,2022-04-15 10:00:00+02:00,193.0,2022-04-15
uniqueUserZone,OWM Zona8,2022-04-15 10:00:00+02:00,239.0,2022-04-15
uniqueUserZone,OWM Zona7,2022-04-15 10:00:00+02:00,151.0,2022-04-15
uniqueUserZone,OWM Zona6,2022-04-15 10:00:00+02:00,290.0,2022-04-15
uniqueUserZone,OWM Zona5,2022-04-15 10:00:00+02:00,170.0,2022-04-15
uniqueUserZone,OWM Zona4,2022-04-15 10:00:00+02:00,221.0,2022-04-15
uniqueUserZone,OWM Zona3,2022-04-15 10:00:00+02:00,413.0,2022-04-15
uniqueUserZone,OWM Zona2,2022-04-15 10:00:00+02:00,149.0,2022-04-15
uniqueUserZone,OWM Zona1,2022-04-15 10:00:00+02:00,288.0,2022-04-15
uniqueUserZone,OWM Zona9,2022-04-14 09:00:00+02:00,136.0,2022-04-14
uniqueUserZone,OWM Zona8,2022-04-14 09:00:00+02:00,162.0,2022-04-14
uniqueUserZone,OWM Zona7,2022-04-14 09:00:00+02:00,104.0,2022-04-14
uniqueUserZone,OWM Zona6,2022-04-14 09:00:00+02:00,189.0,2022-04-14
uniqueUserZone,OWM Zona5,2022-04-14 09:00:00+02:00,124.0,2022-04-14
uniqueUserZone,OWM Zona4,2022-04-14 09:00:00+02:00,159.0,2022-04-14
uniqueUserZone,OWM Zona3,2022-04-14 09:00:00+02:00,329.0,2022-04-14
uniqueUserZone,OWM Zona2,2022-04-14 09:00:00+02:00,100.0,2022-04-14
uniqueUserZone,OWM Zona1,2022-04-14 09:00:00+02:00,249.0,2022-04-14
uniqueUserZone,OWM Zona9,2022-04-12 09:00:00+02:00,162.0,2022-04-12
uniqueUserZone,OWM Zona8,2022-04-12 09:00:00+02:00,211.0,2022-04-12
uniqueUserZone,OWM Zona7,2022-04-12 09:00:00+02:00,130.0,2022-04-12
uniqueUserZone,OWM Zona6,2022-04-12 09:00:00+02:00,244.0,2022-04-12
uniqueUserZone,OWM Zona5,2022-04-12 09:00:00+02:00,152.0,2022-04-12
uniqueUserZone,OWM Zona4,2022-04-12 09:00:00+02:00,204.0,2022-04-12
uniqueUserZone,OWM Zona3,2022-04-12 09:00:00+02:00,404.0,2022-04-12
uniqueUserZone,OWM Zona2,2022-04-12 09:00:00+02:00,134.0,2022-04-12
uniqueUserZone,OWM Zona1,2022-04-12 09:00:00+02:00,238.0,2022-04-12
uniqueUserZone,OWM Zona9,2022-04-10 09:00:00+02:00,195.0,2022-04-10
uniqueUserZone,OWM Zona8,2022-04-10 09:00:00+02:00,256.0,2022-04-10
uniqueUserZone,OWM Zona7,2022-04-10 09:00:00+02:00,163.0,2022-04-10
uniqueUserZone,OWM Zona6,2022-04-10 09:00:00+02:00,277.0,2022-04-10
uniqueUserZone,OWM Zona5,2022-04-10 09:00:00+02:00,171.0,2022-04-10
uniqueUserZone,OWM Zona4,2022-04-10 09:00:00+02:00,241.0,2022-04-10
uniqueUserZone,OWM Zona3,2022-04-10 09:00:00+02:00,429.0,2022-04-10
uniqueUserZone,OWM Zona2,2022-04-10 09:00:00+02:00,161.0,2022-04-10
uniqueUserZone,OWM Zona1,2022-04-10 09:00:00+02:00,318.0,2022-04-10
uniqueUserZone,OWM Zona9,2022-04-08 09:00:00+02:00,197.0,2022-04-08
uniqueUserZone,OWM Zona8,2022-04-08 09:00:00+02:00,271.0,2022-04-08
uniqueUserZone,OWM Zona7,2022-04-08 09:00:00+02:00,145.0,2022-04-08
uniqueUserZone,OWM Zona6,2022-04-08 09:00:00+02:00,286.0,2022-04-08
uniqueUserZone,OWM Zona5,2022-04-08 09:00:00+02:00,229.0,2022-04-08
uniqueUserZone,OWM Zona4,2022-04-08 09:00:00+02:00,197.0,2022-04-08
uniqueUserZone,OWM Zona3,2022-04-08 09:00:00+02:00,423.0,2022-04-08
uniqueUserZone,OWM Zona2,2022-04-08 09:00:00+02:00,165.0,2022-04-08
uniqueUserZone,OWM Zona1,2022-04-08 09:00:00+02:00,300.0,2022-04-08
uniqueUserZone,OWM Zona9,2022-04-06 09:00:00+02:00,178.0,2022-04-06
uniqueUserZone,OWM Zona8,2022-04-06 09:00:00+02:00,230.0,2022-04-06
uniqueUserZone,OWM Zona7,2022-04-06 09:00:00+02:00,146.0,2022-04-06
uniqueUserZone,OWM Zona6,2022-04-06 09:00:00+02:00,280.0,2022-04-06
uniqueUserZone,OWM Zona5,2022-04-06 09:00:00+02:00,186.0,2022-04-06
uniqueUserZone,OWM Zona4,2022-04-06 09:00:00+02:00,209.0,2022-04-06
uniqueUserZone,OWM Zona3,2022-04-06 09:00:00+02:00,441.0,2022-04-06
uniqueUserZone,OWM Zona2,2022-04-06 09:00:00+02:00,179.0,2022-04-06
uniqueUserZone,OWM Zona1,2022-04-06 09:00:00+02:00,280.0,2022-04-06
uniqueUserZone,OWM Zona9,2022-04-04 09:00:00+02:00,173.0,2022-04-04
uniqueUserZone,OWM Zona8,2022-04-04 09:00:00+02:00,256.0,2022-04-04
uniqueUserZone,OWM Zona7,2022-04-04 09:00:00+02:00,145.0,2022-04-04
uniqueUserZone,OWM Zona6,2022-04-04 09:00:00+02:00,287.0,2022-04-04
uniqueUserZone,OWM Zona5,2022-04-04 09:00:00+02:00,191.0,2022-04-04
uniqueUserZone,OWM Zona4,2022-04-04 09:00:00+02:00,205.0,2022-04-04
uniqueUserZone,OWM Zona3,2022-04-04 09:00:00+02:00,409.0,2022-04-04
uniqueUserZone,OWM Zona2,2022-04-04 09:00:00+02:00,152.0,2022-04-04
uniqueUserZone,OWM Zona1,2022-04-04 09:00:00+02:00,267.0,2022-04-04
uniqueUserZone,OWM Zona9,2022-04-02 09:00:00+02:00,180.0,2022-04-02
uniqueUserZone,OWM Zona8,2022-04-02 09:00:00+02:00,237.0,2022-04-02
uniqueUserZone,OWM Zona7,2022-04-02 09:00:00+02:00,165.0,2022-04-02
uniqueUserZone,OWM Zona6,2022-04-02 09:00:00+02:00,247.0,2022-04-02
uniqueUserZone,OWM Zona5,2022-04-02 09:00:00+02:00,153.0,2022-04-02
uniqueUserZone,OWM Zona4,2022-04-02 09:00:00+02:00,184.0,2022-04-02
uniqueUserZone,OWM Zona3,2022-04-02 09:00:00+02:00,402.0,2022-04-02
uniqueUserZone,OWM Zona2,2022-04-02 09:00:00+02:00,134.0,2022-04-02
uniqueUserZone,OWM Zona1,2022-04-02 09:00:00+02:00,251.0,2022-04-02
uniqueUserZone,OWM Zona9,2022-03-31 09:00:00+02:00,130.0,2022-03-31
uniqueUserZone,OWM Zona8,2022-03-31 09:00:00+02:00,179.0,2022-03-31
uniqueUserZone,OWM Zona7,2022-03-31 09:00:00+02:00,85.0,2022-03-31
uniqueUserZone,OWM Zona6,2022-03-31 09:00:00+02:00,208.0,2022-03-31
uniqueUserZone,OWM Zona5,2022-03-31 09:00:00+02:00,137.0,2022-03-31
uniqueUserZone,OWM Zona4,2022-03-31 09:00:00+02:00,128.0,2022-03-31
uniqueUserZone,OWM Zona3,2022-03-31 09:00:00+02:00,297.0,2022-03-31
uniqueUserZone,OWM Zona2,2022-03-31 09:00:00+02:00,105.0,2022-03-31
uniqueUserZone,OWM Zona1,2022-03-31 09:00:00+02:00,220.0,2022-03-31
uniqueUserZone,OWM Zona9,2022-03-29 09:00:00+02:00,169.0,2022-03-29
uniqueUserZone,OWM Zona8,2022-03-29 09:00:00+02:00,213.0,2022-03-29
uniqueUserZone,OWM Zona7,2022-03-29 09:00:00+02:00,127.0,2022-03-29
uniqueUserZone,OWM Zona6,2022-03-29 09:00:00+02:00,213.0,2022-03-29
uniqueUserZone,OWM Zona5,2022-03-29 09:00:00+02:00,162.0,2022-03-29
uniqueUserZone,OWM Zona4,2022-03-29 09:00:00+02:00,168.0,2022-03-29
uniqueUserZone,OWM Zona3,2022-03-29 09:00:00+02:00,411.0,2022-03-29
uniqueUserZone,OWM Zona2,2022-03-29 09:00:00+02:00,113.0,2022-03-29
uniqueUserZone,OWM Zona1,2022-03-29 09:00:00+02:00,237.0,2022-03-29
uniqueUserZone,OWM Zona9,2022-03-27 09:00:00+02:00,179.0,2022-03-27
uniqueUserZone,OWM Zona8,2022-03-27 09:00:00+02:00,244.0,2022-03-27
uniqueUserZone,OWM Zona7,2022-03-27 09:00:00+02:00,150.0,2022-03-27
uniqueUserZone,OWM Zona6,2022-03-27 09:00:00+02:00,265.0,2022-03-27
uniqueUserZone,OWM Zona5,2022-03-27 09:00:00+02:00,183.0,2022-03-27
uniqueUserZone,OWM Zona4,2022-03-27 09:00:00+02:00,173.0,2022-03-27
uniqueUserZone,OWM Zona3,2022-03-27 09:00:00+02:00,432.0,2022-03-27
uniqueUserZone,OWM Zona2,2022-03-27 09:00:00+02:00,158.0,2022-03-27
uniqueUserZone,OWM Zona1,2022-03-27 09:00:00+02:00,285.0,2022-03-27
uniqueUserZone,OWM Zona9,2022-03-26 05:00:00+01:00,176.0,2022-03-26
uniqueUserZone,OWM Zona8,2022-03-26 05:00:00+01:00,248.0,2022-03-26
uniqueUserZone,OWM Zona7,2022-03-26 05:00:00+01:00,159.0,2022-03-26
uniqueUserZone,OWM Zona6,2022-03-26 05:00:00+01:00,270.0,2022-03-26
uniqueUserZone,OWM Zona5,2022-03-26 05:00:00+01:00,160.0,2022-03-26
uniqueUserZone,OWM Zona4,2022-03-26 05:00:00+01:00,178.0,2022-03-26
uniqueUserZone,OWM Zona3,2022-03-26 05:00:00+01:00,430.0,2022-03-26
uniqueUserZone,OWM Zona2,2022-03-26 05:00:00+01:00,148.0,2022-03-26
uniqueUserZone,OWM Zona1,2022-03-26 05:00:00+01:00,281.0,2022-03-26
uniqueUserZone,OWM Zona9,2022-03-25 05:00:00+01:00,187.0,2022-03-25
uniqueUserZone,OWM Zona8,2022-03-25 05:00:00+01:00,243.0,2022-03-25
uniqueUserZone,OWM Zona7,2022-03-25 05:00:00+01:00,147.0,2022-03-25
uniqueUserZone,OWM Zona6,2022-03-25 05:00:00+01:00,270.0,2022-03-25
uniqueUserZone,OWM Zona5,2022-03-25 05:00:00+01:00,165.0,2022-03-25
uniqueUserZone,OWM Zona4,2022-03-25 05:00:00+01:00,171.0,2022-03-25
uniqueUserZone,OWM Zona3,2022-03-25 05:00:00+01:00,424.0,2022-03-25
uniqueUserZone,OWM Zona2,2022-03-25 05:00:00+01:00,159.0,2022-03-25
uniqueUserZone,OWM Zona1,2022-03-25 05:00:00+01:00,251.0,2022-03-25
uniqueUserZone,OWM Zona9,2022-03-24 05:00:00+01:00,177.0,2022-03-24
uniqueUserZone,OWM Zona8,2022-03-24 05:00:00+01:00,232.0,2022-03-24
uniqueUserZone,OWM Zona7,2022-03-24 05:00:00+01:00,144.0,2022-03-24
uniqueUserZone,OWM Zona6,2022-03-24 05:00:00+01:00,272.0,2022-03-24
uniqueUserZone,OWM Zona5,2022-03-24 05:00:00+01:00,160.0,2022-03-24
uniqueUserZone,OWM Zona4,2022-03-24 05:00:00+01:00,158.0,2022-03-24
uniqueUserZone,OWM Zona3,2022-03-24 05:00:00+01:00,395.0,2022-03-24
uniqueUserZone,OWM Zona2,2022-03-24 05:00:00+01:00,163.0,2022-03-24
uniqueUserZone,OWM Zona1,2022-03-24 05:00:00+01:00,244.0,2022-03-24
uniqueUserZone,OWM Zona9,2022-03-23 05:00:00+01:00,183.0,2022-03-23
uniqueUserZone,OWM Zona8,2022-03-23 05:00:00+01:00,214.0,2022-03-23
uniqueUserZone,OWM Zona7,2022-03-23 05:00:00+01:00,153.0,2022-03-23
uniqueUserZone,OWM Zona6,2022-03-23 05:00:00+01:00,245.0,2022-03-23
uniqueUserZone,OWM Zona5,2022-03-23 05:00:00+01:00,170.0,2022-03-23
uniqueUserZone,OWM Zona4,2022-03-23 05:00:00+01:00,168.0,2022-03-23
uniqueUserZone,OWM Zona3,2022-03-23 05:00:00+01:00,396.0,2022-03-23
uniqueUserZone,OWM Zona2,2022-03-23 05:00:00+01:00,140.0,2022-03-23
uniqueUserZone,OWM Zona1,2022-03-23 05:00:00+01:00,256.0,2022-03-23
uniqueUserZone,OWM Zona9,2022-03-22 05:00:00+01:00,132.0,2022-03-22
uniqueUserZone,OWM Zona8,2022-03-22 05:00:00+01:00,161.0,2022-03-22
uniqueUserZone,OWM Zona7,2022-03-22 05:00:00+01:00,115.0,2022-03-22
uniqueUserZone,OWM Zona6,2022-03-22 05:00:00+01:00,197.0,2022-03-22
uniqueUserZone,OWM Zona5,2022-03-22 05:00:00+01:00,117.0,2022-03-22
uniqueUserZone,OWM Zona4,2022-03-22 05:00:00+01:00,116.0,2022-03-22
uniqueUserZone,OWM Zona3,2022-03-22 05:00:00+01:00,313.0,2022-03-22
uniqueUserZone,OWM Zona2,2022-03-22 05:00:00+01:00,95.0,2022-03-22
uniqueUserZone,OWM Zona1,2022-03-22 05:00:00+01:00,208.0,2022-03-22
uniqueUserZone,OWM Zona9,2022-03-21 05:00:00+01:00,152.0,2022-03-21
uniqueUserZone,OWM Zona8,2022-03-21 05:00:00+01:00,194.0,2022-03-21
uniqueUserZone,OWM Zona7,2022-03-21 05:00:00+01:00,128.0,2022-03-21
uniqueUserZone,OWM Zona6,2022-03-21 05:00:00+01:00,218.0,2022-03-21
uniqueUserZone,OWM Zona5,2022-03-21 05:00:00+01:00,141.0,2022-03-21
uniqueUserZone,OWM Zona4,2022-03-21 05:00:00+01:00,151.0,2022-03-21
uniqueUserZone,OWM Zona3,2022-03-21 05:00:00+01:00,375.0,2022-03-21
uniqueUserZone,OWM Zona2,2022-03-21 05:00:00+01:00,113.0,2022-03-21
uniqueUserZone,OWM Zona1,2022-03-21 05:00:00+01:00,195.0,2022-03-21
uniqueUserZone,OWM Zona9,2022-03-20 05:00:00+01:00,190.0,2022-03-20
uniqueUserZone,OWM Zona8,2022-03-20 05:00:00+01:00,221.0,2022-03-20
uniqueUserZone,OWM Zona7,2022-03-20 05:00:00+01:00,157.0,2022-03-20
uniqueUserZone,OWM Zona6,2022-03-20 05:00:00+01:00,248.0,2022-03-20
uniqueUserZone,OWM Zona5,2022-03-20 05:00:00+01:00,160.0,2022-03-20
uniqueUserZone,OWM Zona4,2022-03-20 05:00:00+01:00,184.0,2022-03-20
uniqueUserZone,OWM Zona3,2022-03-20 05:00:00+01:00,426.0,2022-03-20
uniqueUserZone,OWM Zona2,2022-03-20 05:00:00+01:00,141.0,2022-03-20
uniqueUserZone,OWM Zona1,2022-03-20 05:00:00+01:00,258.0,2022-03-20
uniqueUserZone,OWM Zona9,2022-03-19 05:00:00+01:00,196.0,2022-03-19
uniqueUserZone,OWM Zona8,2022-03-19 05:00:00+01:00,217.0,2022-03-19
uniqueUserZone,OWM Zona7,2022-03-19 05:00:00+01:00,169.0,2022-03-19
uniqueUserZone,OWM Zona6,2022-03-19 05:00:00+01:00,267.0,2022-03-19
uniqueUserZone,OWM Zona5,2022-03-19 05:00:00+01:00,173.0,2022-03-19
uniqueUserZone,OWM Zona4,2022-03-19 05:00:00+01:00,193.0,2022-03-19
uniqueUserZone,OWM Zona3,2022-03-19 05:00:00+01:00,438.0,2022-03-19
uniqueUserZone,OWM Zona2,2022-03-19 05:00:00+01:00,141.0,2022-03-19
uniqueUserZone,OWM Zona1,2022-03-19 05:00:00+01:00,277.0,2022-03-19
uniqueUserZone,OWM Zona9,2022-03-18 05:00:00+01:00,187.0,2022-03-18
uniqueUserZone,OWM Zona8,2022-03-18 05:00:00+01:00,232.0,2022-03-18
uniqueUserZone,OWM Zona7,2022-03-18 05:00:00+01:00,163.0,2022-03-18
uniqueUserZone,OWM Zona6,2022-03-18 05:00:00+01:00,268.0,2022-03-18
uniqueUserZone,OWM Zona5,2022-03-18 05:00:00+01:00,158.0,2022-03-18
uniqueUserZone,OWM Zona4,2022-03-18 05:00:00+01:00,188.0,2022-03-18
uniqueUserZone,OWM Zona3,2022-03-18 05:00:00+01:00,470.0,2022-03-18
uniqueUserZone,OWM Zona2,2022-03-18 05:00:00+01:00,141.0,2022-03-18
uniqueUserZone,OWM Zona1,2022-03-18 05:00:00+01:00,283.0,2022-03-18
uniqueUserZone,OWM Zona9,2022-03-17 05:00:00+01:00,183.0,2022-03-17
uniqueUserZone,OWM Zona8,2022-03-17 05:00:00+01:00,208.0,2022-03-17
uniqueUserZone,OWM Zona7,2022-03-17 05:00:00+01:00,160.0,2022-03-17
uniqueUserZone,OWM Zona6,2022-03-17 05:00:00+01:00,260.0,2022-03-17
uniqueUserZone,OWM Zona5,2022-03-17 05:00:00+01:00,168.0,2022-03-17
uniqueUserZone,OWM Zona4,2022-03-17 05:00:00+01:00,188.0,2022-03-17
uniqueUserZone,OWM Zona3,2022-03-17 05:00:00+01:00,395.0,2022-03-17
uniqueUserZone,OWM Zona2,2022-03-17 05:00:00+01:00,129.0,2022-03-17
uniqueUserZone,OWM Zona1,2022-03-17 05:00:00+01:00,236.0,2022-03-17
uniqueUserZone,OWM Zona9,2022-03-16 05:00:00+01:00,198.0,2022-03-16
uniqueUserZone,OWM Zona8,2022-03-16 05:00:00+01:00,228.0,2022-03-16
uniqueUserZone,OWM Zona7,2022-03-16 05:00:00+01:00,155.0,2022-03-16
uniqueUserZone,OWM Zona6,2022-03-16 05:00:00+01:00,255.0,2022-03-16
uniqueUserZone,OWM Zona5,2022-03-16 05:00:00+01:00,157.0,2022-03-16
uniqueUserZone,OWM Zona4,2022-03-16 05:00:00+01:00,172.0,2022-03-16
uniqueUserZone,OWM Zona3,2022-03-16 05:00:00+01:00,413.0,2022-03-16
uniqueUserZone,OWM Zona2,2022-03-16 05:00:00+01:00,132.0,2022-03-16
uniqueUserZone,OWM Zona1,2022-03-16 05:00:00+01:00,272.0,2022-03-16
uniqueUserZone,OWM Zona9,2022-03-15 05:00:00+01:00,125.0,2022-03-15
uniqueUserZone,OWM Zona8,2022-03-15 05:00:00+01:00,159.0,2022-03-15
uniqueUserZone,OWM Zona7,2022-03-15 05:00:00+01:00,110.0,2022-03-15
uniqueUserZone,OWM Zona6,2022-03-15 05:00:00+01:00,174.0,2022-03-15
uniqueUserZone,OWM Zona5,2022-03-15 05:00:00+01:00,111.0,2022-03-15
uniqueUserZone,OWM Zona4,2022-03-15 05:00:00+01:00,131.0,2022-03-15
uniqueUserZone,OWM Zona3,2022-03-15 05:00:00+01:00,305.0,2022-03-15
uniqueUserZone,OWM Zona2,2022-03-15 05:00:00+01:00,95.0,2022-03-15
uniqueUserZone,OWM Zona1,2022-03-15 05:00:00+01:00,189.0,2022-03-15
uniqueUserZone,OWM Zona9,2022-03-14 05:00:00+01:00,161.0,2022-03-14
uniqueUserZone,OWM Zona8,2022-03-14 05:00:00+01:00,191.0,2022-03-14
uniqueUserZone,OWM Zona7,2022-03-14 05:00:00+01:00,120.0,2022-03-14
uniqueUserZone,OWM Zona6,2022-03-14 05:00:00+01:00,209.0,2022-03-14
uniqueUserZone,OWM Zona5,2022-03-14 05:00:00+01:00,126.0,2022-03-14
uniqueUserZone,OWM Zona4,2022-03-14 05:00:00+01:00,153.0,2022-03-14
uniqueUserZone,OWM Zona3,2022-03-14 05:00:00+01:00,361.0,2022-03-14
uniqueUserZone,OWM Zona2,2022-03-14 05:00:00+01:00,123.0,2022-03-14
uniqueUserZone,OWM Zona1,2022-03-14 05:00:00+01:00,228.0,2022-03-14
uniqueUserZone,OWM Zona9,2022-03-13 05:00:00+01:00,174.0,2022-03-13
uniqueUserZone,OWM Zona8,2022-03-13 05:00:00+01:00,166.0,2022-03-13
uniqueUserZone,OWM Zona7,2022-03-13 05:00:00+01:00,126.0,2022-03-13
uniqueUserZone,OWM Zona6,2022-03-13 05:00:00+01:00,250.0,2022-03-13
uniqueUserZone,OWM Zona5,2022-03-13 05:00:00+01:00,180.0,2022-03-13
uniqueUserZone,OWM Zona4,2022-03-13 05:00:00+01:00,169.0,2022-03-13
uniqueUserZone,OWM Zona3,2022-03-13 05:00:00+01:00,425.0,2022-03-13
uniqueUserZone,OWM Zona2,2022-03-13 05:00:00+01:00,130.0,2022-03-13
uniqueUserZone,OWM Zona1,2022-03-13 05:00:00+01:00,266.0,2022-03-13
uniqueUserZone,OWM Zona9,2022-03-12 05:00:00+01:00,192.0,2022-03-12
uniqueUserZone,OWM Zona8,2022-03-12 05:00:00+01:00,214.0,2022-03-12
uniqueUserZone,OWM Zona7,2022-03-12 05:00:00+01:00,140.0,2022-03-12
uniqueUserZone,OWM Zona6,2022-03-12 05:00:00+01:00,258.0,2022-03-12
uniqueUserZone,OWM Zona5,2022-03-12 05:00:00+01:00,152.0,2022-03-12
uniqueUserZone,OWM Zona4,2022-03-12 05:00:00+01:00,175.0,2022-03-12
uniqueUserZone,OWM Zona3,2022-03-12 05:00:00+01:00,415.0,2022-03-12
uniqueUserZone,OWM Zona2,2022-03-12 05:00:00+01:00,152.0,2022-03-12
uniqueUserZone,OWM Zona1,2022-03-12 05:00:00+01:00,272.0,2022-03-12
uniqueUserZone,OWM Zona9,2022-03-11 05:00:00+01:00,192.0,2022-03-11
uniqueUserZone,OWM Zona8,2022-03-11 05:00:00+01:00,221.0,2022-03-11
uniqueUserZone,OWM Zona7,2022-03-11 05:00:00+01:00,151.0,2022-03-11
uniqueUserZone,OWM Zona6,2022-03-11 05:00:00+01:00,267.0,2022-03-11
uniqueUserZone,OWM Zona5,2022-03-11 05:00:00+01:00,175.0,2022-03-11
uniqueUserZone,OWM Zona4,2022-03-11 05:00:00+01:00,210.0,2022-03-11
uniqueUserZone,OWM Zona3,2022-03-11 05:00:00+01:00,446.0,2022-03-11
uniqueUserZone,OWM Zona2,2022-03-11 05:00:00+01:00,158.0,2022-03-11
uniqueUserZone,OWM Zona1,2022-03-11 05:00:00+01:00,274.0,2022-03-11
uniqueUserZone,OWM Zona9,2022-03-10 05:00:00+01:00,195.0,2022-03-10
uniqueUserZone,OWM Zona8,2022-03-10 05:00:00+01:00,211.0,2022-03-10
uniqueUserZone,OWM Zona7,2022-03-10 05:00:00+01:00,149.0,2022-03-10
uniqueUserZone,OWM Zona6,2022-03-10 05:00:00+01:00,265.0,2022-03-10
uniqueUserZone,OWM Zona5,2022-03-10 05:00:00+01:00,169.0,2022-03-10
uniqueUserZone,OWM Zona4,2022-03-10 05:00:00+01:00,184.0,2022-03-10
uniqueUserZone,OWM Zona3,2022-03-10 05:00:00+01:00,418.0,2022-03-10
uniqueUserZone,OWM Zona2,2022-03-10 05:00:00+01:00,135.0,2022-03-10
uniqueUserZone,OWM Zona1,2022-03-10 05:00:00+01:00,266.0,2022-03-10
uniqueUserZone,OWM Zona9,2022-03-09 05:00:00+01:00,194.0,2022-03-09
uniqueUserZone,OWM Zona8,2022-03-09 05:00:00+01:00,219.0,2022-03-09
uniqueUserZone,OWM Zona7,2022-03-09 05:00:00+01:00,160.0,2022-03-09
uniqueUserZone,OWM Zona6,2022-03-09 05:00:00+01:00,272.0,2022-03-09
uniqueUserZone,OWM Zona5,2022-03-09 05:00:00+01:00,168.0,2022-03-09
uniqueUserZone,OWM Zona4,2022-03-09 05:00:00+01:00,169.0,2022-03-09
uniqueUserZone,OWM Zona3,2022-03-09 05:00:00+01:00,446.0,2022-03-09
uniqueUserZone,OWM Zona2,2022-03-09 05:00:00+01:00,145.0,2022-03-09
uniqueUserZone,OWM Zona1,2022-03-09 05:00:00+01:00,269.0,2022-03-09
uniqueUserZone,OWM Zona9,2022-03-08 05:00:00+01:00,135.0,2022-03-08
uniqueUserZone,OWM Zona8,2022-03-08 05:00:00+01:00,158.0,2022-03-08
uniqueUserZone,OWM Zona7,2022-03-08 05:00:00+01:00,102.0,2022-03-08
uniqueUserZone,OWM Zona6,2022-03-08 05:00:00+01:00,176.0,2022-03-08
uniqueUserZone,OWM Zona5,2022-03-08 05:00:00+01:00,133.0,2022-03-08
uniqueUserZone,OWM Zona4,2022-03-08 05:00:00+01:00,141.0,2022-03-08
uniqueUserZone,OWM Zona3,2022-03-08 05:00:00+01:00,310.0,2022-03-08
uniqueUserZone,OWM Zona2,2022-03-08 05:00:00+01:00,106.0,2022-03-08
uniqueUserZone,OWM Zona1,2022-03-08 05:00:00+01:00,231.0,2022-03-08
uniqueUserZone,OWM Zona9,2022-03-07 05:00:00+01:00,180.0,2022-03-07
uniqueUserZone,OWM Zona8,2022-03-07 05:00:00+01:00,198.0,2022-03-07
uniqueUserZone,OWM Zona7,2022-03-07 05:00:00+01:00,130.0,2022-03-07
uniqueUserZone,OWM Zona6,2022-03-07 05:00:00+01:00,243.0,2022-03-07
uniqueUserZone,OWM Zona5,2022-03-07 05:00:00+01:00,159.0,2022-03-07
uniqueUserZone,OWM Zona4,2022-03-07 05:00:00+01:00,169.0,2022-03-07
uniqueUserZone,OWM Zona3,2022-03-07 05:00:00+01:00,402.0,2022-03-07
uniqueUserZone,OWM Zona2,2022-03-07 05:00:00+01:00,148.0,2022-03-07
uniqueUserZone,OWM Zona1,2022-03-07 05:00:00+01:00,292.0,2022-03-07
uniqueUserZone,OWM Zona9,2022-03-06 05:00:00+01:00,210.0,2022-03-06
uniqueUserZone,OWM Zona8,2022-03-06 05:00:00+01:00,280.0,2022-03-06
uniqueUserZone,OWM Zona7,2022-03-06 05:00:00+01:00,150.0,2022-03-06
uniqueUserZone,OWM Zona6,2022-03-06 05:00:00+01:00,289.0,2022-03-06
uniqueUserZone,OWM Zona5,2022-03-06 05:00:00+01:00,174.0,2022-03-06
uniqueUserZone,OWM Zona4,2022-03-06 05:00:00+01:00,199.0,2022-03-06
uniqueUserZone,OWM Zona3,2022-03-06 05:00:00+01:00,481.0,2022-03-06
uniqueUserZone,OWM Zona2,2022-03-06 05:00:00+01:00,166.0,2022-03-06
uniqueUserZone,OWM Zona1,2022-03-06 05:00:00+01:00,274.0,2022-03-06
uniqueUserZone,OWM Zona9,2022-03-05 05:00:00+01:00,180.0,2022-03-05
uniqueUserZone,OWM Zona8,2022-03-05 05:00:00+01:00,233.0,2022-03-05
uniqueUserZone,OWM Zona7,2022-03-05 05:00:00+01:00,162.0,2022-03-05
uniqueUserZone,OWM Zona6,2022-03-05 05:00:00+01:00,280.0,2022-03-05
uniqueUserZone,OWM Zona5,2022-03-05 05:00:00+01:00,154.0,2022-03-05
uniqueUserZone,OWM Zona4,2022-03-05 05:00:00+01:00,192.0,2022-03-05
uniqueUserZone,OWM Zona3,2022-03-05 05:00:00+01:00,441.0,2022-03-05
uniqueUserZone,OWM Zona2,2022-03-05 05:00:00+01:00,155.0,2022-03-05
uniqueUserZone,OWM Zona1,2022-03-05 05:00:00+01:00,301.0,2022-03-05
uniqueUserZone,OWM Zona9,2022-03-04 05:00:00+01:00,192.0,2022-03-04
uniqueUserZone,OWM Zona8,2022-03-04 05:00:00+01:00,237.0,2022-03-04
uniqueUserZone,OWM Zona7,2022-03-04 05:00:00+01:00,149.0,2022-03-04
uniqueUserZone,OWM Zona6,2022-03-04 05:00:00+01:00,268.0,2022-03-04
uniqueUserZone,OWM Zona5,2022-03-04 05:00:00+01:00,184.0,2022-03-04
uniqueUserZone,OWM Zona4,2022-03-04 05:00:00+01:00,181.0,2022-03-04
uniqueUserZone,OWM Zona3,2022-03-04 05:00:00+01:00,419.0,2022-03-04
uniqueUserZone,OWM Zona2,2022-03-04 05:00:00+01:00,156.0,2022-03-04
uniqueUserZone,OWM Zona1,2022-03-04 05:00:00+01:00,295.0,2022-03-04
uniqueUserZone,OWM Zona9,2022-03-03 05:00:00+01:00,200.0,2022-03-03
uniqueUserZone,OWM Zona8,2022-03-03 05:00:00+01:00,217.0,2022-03-03
uniqueUserZone,OWM Zona7,2022-03-03 05:00:00+01:00,147.0,2022-03-03
uniqueUserZone,OWM Zona6,2022-03-03 05:00:00+01:00,281.0,2022-03-03
uniqueUserZone,OWM Zona5,2022-03-03 05:00:00+01:00,174.0,2022-03-03
uniqueUserZone,OWM Zona4,2022-03-03 05:00:00+01:00,217.0,2022-03-03
uniqueUserZone,OWM Zona3,2022-03-03 05:00:00+01:00,450.0,2022-03-03
uniqueUserZone,OWM Zona2,2022-03-03 05:00:00+01:00,162.0,2022-03-03
uniqueUserZone,OWM Zona1,2022-03-03 05:00:00+01:00,261.0,2022-03-03
uniqueUserZone,OWM Zona9,2022-03-02 05:00:00+01:00,196.0,2022-03-02
uniqueUserZone,OWM Zona8,2022-03-02 05:00:00+01:00,216.0,2022-03-02
uniqueUserZone,OWM Zona7,2022-03-02 05:00:00+01:00,142.0,2022-03-02
uniqueUserZone,OWM Zona6,2022-03-02 05:00:00+01:00,288.0,2022-03-02
uniqueUserZone,OWM Zona5,2022-03-02 05:00:00+01:00,162.0,2022-03-02
uniqueUserZone,OWM Zona4,2022-03-02 05:00:00+01:00,180.0,2022-03-02
uniqueUserZone,OWM Zona3,2022-03-02 05:00:00+01:00,405.0,2022-03-02
uniqueUserZone,OWM Zona2,2022-03-02 05:00:00+01:00,150.0,2022-03-02
uniqueUserZone,OWM Zona1,2022-03-02 05:00:00+01:00,259.0,2022-03-02
uniqueUserZone,OWM Zona9,2022-03-01 05:00:00+01:00,151.0,2022-03-01
uniqueUserZone,OWM Zona8,2022-03-01 05:00:00+01:00,177.0,2022-03-01
uniqueUserZone,OWM Zona7,2022-03-01 05:00:00+01:00,106.0,2022-03-01
uniqueUserZone,OWM Zona6,2022-03-01 05:00:00+01:00,191.0,2022-03-01
uniqueUserZone,OWM Zona5,2022-03-01 05:00:00+01:00,96.0,2022-03-01
uniqueUserZone,OWM Zona4,2022-03-01 05:00:00+01:00,142.0,2022-03-01
uniqueUserZone,OWM Zona3,2022-03-01 05:00:00+01:00,312.0,2022-03-01
uniqueUserZone,OWM Zona2,2022-03-01 05:00:00+01:00,116.0,2022-03-01
uniqueUserZone,OWM Zona1,2022-03-01 05:00:00+01:00,203.0,2022-03-01
uniqueUserZone,OWM Zona9,2022-02-28 05:00:00+01:00,162.0,2022-02-28
uniqueUserZone,OWM Zona8,2022-02-28 05:00:00+01:00,220.0,2022-02-28
uniqueUserZone,OWM Zona7,2022-02-28 05:00:00+01:00,114.0,2022-02-28
uniqueUserZone,OWM Zona6,2022-02-28 05:00:00+01:00,212.0,2022-02-28
uniqueUserZone,OWM Zona5,2022-02-28 05:00:00+01:00,135.0,2022-02-28
uniqueUserZone,OWM Zona4,2022-02-28 05:00:00+01:00,154.0,2022-02-28
uniqueUserZone,OWM Zona3,2022-02-28 05:00:00+01:00,403.0,2022-02-28
uniqueUserZone,OWM Zona2,2022-02-28 05:00:00+01:00,138.0,2022-02-28
uniqueUserZone,OWM Zona1,2022-02-28 05:00:00+01:00,251.0,2022-02-28
uniqueUserZone,OWM Zona9,2022-02-27 05:00:00+01:00,197.0,2022-02-27
uniqueUserZone,OWM Zona8,2022-02-27 05:00:00+01:00,267.0,2022-02-27
uniqueUserZone,OWM Zona7,2022-02-27 05:00:00+01:00,146.0,2022-02-27
uniqueUserZone,OWM Zona6,2022-02-27 05:00:00+01:00,265.0,2022-02-27
uniqueUserZone,OWM Zona5,2022-02-27 05:00:00+01:00,159.0,2022-02-27
uniqueUserZone,OWM Zona4,2022-02-27 05:00:00+01:00,209.0,2022-02-27
uniqueUserZone,OWM Zona3,2022-02-27 05:00:00+01:00,472.0,2022-02-27
uniqueUserZone,OWM Zona2,2022-02-27 05:00:00+01:00,173.0,2022-02-27
uniqueUserZone,OWM Zona1,2022-02-27 05:00:00+01:00,294.0,2022-02-27
uniqueUserZone,OWM Zona9,2022-02-26 05:00:00+01:00,219.0,2022-02-26
uniqueUserZone,OWM Zona8,2022-02-26 05:00:00+01:00,231.0,2022-02-26
uniqueUserZone,OWM Zona7,2022-02-26 05:00:00+01:00,136.0,2022-02-26
uniqueUserZone,OWM Zona6,2022-02-26 05:00:00+01:00,273.0,2022-02-26
uniqueUserZone,OWM Zona5,2022-02-26 05:00:00+01:00,176.0,2022-02-26
uniqueUserZone,OWM Zona4,2022-02-26 05:00:00+01:00,220.0,2022-02-26
uniqueUserZone,OWM Zona3,2022-02-26 05:00:00+01:00,428.0,2022-02-26
uniqueUserZone,OWM Zona2,2022-02-26 05:00:00+01:00,159.0,2022-02-26
uniqueUserZone,OWM Zona1,2022-02-26 05:00:00+01:00,276.0,2022-02-26
uniqueUserZone,OWM Zona9,2022-02-25 05:00:00+01:00,206.0,2022-02-25
uniqueUserZone,OWM Zona8,2022-02-25 05:00:00+01:00,242.0,2022-02-25
uniqueUserZone,OWM Zona7,2022-02-25 05:00:00+01:00,151.0,2022-02-25
uniqueUserZone,OWM Zona6,2022-02-25 05:00:00+01:00,260.0,2022-02-25
uniqueUserZone,OWM Zona5,2022-02-25 05:00:00+01:00,161.0,2022-02-25
uniqueUserZone,OWM Zona4,2022-02-25 05:00:00+01:00,203.0,2022-02-25
uniqueUserZone,OWM Zona3,2022-02-25 05:00:00+01:00,417.0,2022-02-25
uniqueUserZone,OWM Zona2,2022-02-25 05:00:00+01:00,163.0,2022-02-25
uniqueUserZone,OWM Zona1,2022-02-25 05:00:00+01:00,254.0,2022-02-25
uniqueUserZone,OWM Zona9,2022-02-24 05:00:00+01:00,194.0,2022-02-24
uniqueUserZone,OWM Zona8,2022-02-24 05:00:00+01:00,197.0,2022-02-24
uniqueUserZone,OWM Zona7,2022-02-24 05:00:00+01:00,131.0,2022-02-24
uniqueUserZone,OWM Zona6,2022-02-24 05:00:00+01:00,251.0,2022-02-24
uniqueUserZone,OWM Zona5,2022-02-24 05:00:00+01:00,140.0,2022-02-24
uniqueUserZone,OWM Zona4,2022-02-24 05:00:00+01:00,210.0,2022-02-24
uniqueUserZone,OWM Zona3,2022-02-24 05:00:00+01:00,388.0,2022-02-24
uniqueUserZone,OWM Zona2,2022-02-24 05:00:00+01:00,143.0,2022-02-24
uniqueUserZone,OWM Zona1,2022-02-24 05:00:00+01:00,242.0,2022-02-24
uniqueUserZone,OWM Zona9,2022-02-23 05:00:00+01:00,191.0,2022-02-23
uniqueUserZone,OWM Zona8,2022-02-23 05:00:00+01:00,238.0,2022-02-23
uniqueUserZone,OWM Zona7,2022-02-23 05:00:00+01:00,152.0,2022-02-23
uniqueUserZone,OWM Zona6,2022-02-23 05:00:00+01:00,245.0,2022-02-23
uniqueUserZone,OWM Zona5,2022-02-23 05:00:00+01:00,162.0,2022-02-23
uniqueUserZone,OWM Zona4,2022-02-23 05:00:00+01:00,189.0,2022-02-23
uniqueUserZone,OWM Zona3,2022-02-23 05:00:00+01:00,377.0,2022-02-23
uniqueUserZone,OWM Zona2,2022-02-23 05:00:00+01:00,146.0,2022-02-23
uniqueUserZone,OWM Zona1,2022-02-23 05:00:00+01:00,253.0,2022-02-23
uniqueUserZone,OWM Zona9,2022-02-22 05:00:00+01:00,140.0,2022-02-22
uniqueUserZone,OWM Zona8,2022-02-22 05:00:00+01:00,164.0,2022-02-22
uniqueUserZone,OWM Zona7,2022-02-22 05:00:00+01:00,97.0,2022-02-22
uniqueUserZone,OWM Zona6,2022-02-22 05:00:00+01:00,180.0,2022-02-22
uniqueUserZone,OWM Zona5,2022-02-22 05:00:00+01:00,117.0,2022-02-22
uniqueUserZone,OWM Zona4,2022-02-22 05:00:00+01:00,154.0,2022-02-22
uniqueUserZone,OWM Zona3,2022-02-22 05:00:00+01:00,287.0,2022-02-22
uniqueUserZone,OWM Zona2,2022-02-22 05:00:00+01:00,95.0,2022-02-22
uniqueUserZone,OWM Zona1,2022-02-22 05:00:00+01:00,215.0,2022-02-22
uniqueUserZone,OWM Zona9,2022-02-21 05:00:00+01:00,163.0,2022-02-21
uniqueUserZone,OWM Zona8,2022-02-21 05:00:00+01:00,189.0,2022-02-21
uniqueUserZone,OWM Zona7,2022-02-21 05:00:00+01:00,129.0,2022-02-21
uniqueUserZone,OWM Zona6,2022-02-21 05:00:00+01:00,195.0,2022-02-21
uniqueUserZone,OWM Zona5,2022-02-21 05:00:00+01:00,132.0,2022-02-21
uniqueUserZone,OWM Zona4,2022-02-21 05:00:00+01:00,185.0,2022-02-21
uniqueUserZone,OWM Zona3,2022-02-21 05:00:00+01:00,387.0,2022-02-21
uniqueUserZone,OWM Zona2,2022-02-21 05:00:00+01:00,138.0,2022-02-21
uniqueUserZone,OWM Zona1,2022-02-21 05:00:00+01:00,276.0,2022-02-21
uniqueUserZone,OWM Zona9,2022-02-20 05:00:00+01:00,194.0,2022-02-20
uniqueUserZone,OWM Zona8,2022-02-20 05:00:00+01:00,209.0,2022-02-20
uniqueUserZone,OWM Zona7,2022-02-20 05:00:00+01:00,146.0,2022-02-20
uniqueUserZone,OWM Zona6,2022-02-20 05:00:00+01:00,248.0,2022-02-20
uniqueUserZone,OWM Zona5,2022-02-20 05:00:00+01:00,148.0,2022-02-20
uniqueUserZone,OWM Zona4,2022-02-20 05:00:00+01:00,193.0,2022-02-20
uniqueUserZone,OWM Zona3,2022-02-20 05:00:00+01:00,410.0,2022-02-20
uniqueUserZone,OWM Zona2,2022-02-20 05:00:00+01:00,145.0,2022-02-20
uniqueUserZone,OWM Zona1,2022-02-20 05:00:00+01:00,271.0,2022-02-20
uniqueUserZone,OWM Zona9,2022-02-19 05:00:00+01:00,197.0,2022-02-19
uniqueUserZone,OWM Zona8,2022-02-19 05:00:00+01:00,211.0,2022-02-19
uniqueUserZone,OWM Zona7,2022-02-19 05:00:00+01:00,160.0,2022-02-19
uniqueUserZone,OWM Zona6,2022-02-19 05:00:00+01:00,257.0,2022-02-19
uniqueUserZone,OWM Zona5,2022-02-19 05:00:00+01:00,165.0,2022-02-19
uniqueUserZone,OWM Zona4,2022-02-19 05:00:00+01:00,219.0,2022-02-19
uniqueUserZone,OWM Zona3,2022-02-19 05:00:00+01:00,405.0,2022-02-19
uniqueUserZone,OWM Zona2,2022-02-19 05:00:00+01:00,155.0,2022-02-19
uniqueUserZone,OWM Zona1,2022-02-19 05:00:00+01:00,277.0,2022-02-19
uniqueUserZone,OWM Zona9,2022-02-18 05:00:00+01:00,221.0,2022-02-18
uniqueUserZone,OWM Zona8,2022-02-18 05:00:00+01:00,220.0,2022-02-18
uniqueUserZone,OWM Zona7,2022-02-18 05:00:00+01:00,156.0,2022-02-18
uniqueUserZone,OWM Zona6,2022-02-18 05:00:00+01:00,257.0,2022-02-18
uniqueUserZone,OWM Zona5,2022-02-18 05:00:00+01:00,166.0,2022-02-18
uniqueUserZone,OWM Zona4,2022-02-18 05:00:00+01:00,231.0,2022-02-18
uniqueUserZone,OWM Zona3,2022-02-18 05:00:00+01:00,417.0,2022-02-18
uniqueUserZone,OWM Zona2,2022-02-18 05:00:00+01:00,163.0,2022-02-18
uniqueUserZone,OWM Zona1,2022-02-18 05:00:00+01:00,254.0,2022-02-18
uniqueUserZone,OWM Zona9,2022-02-17 05:00:00+01:00,180.0,2022-02-17
uniqueUserZone,OWM Zona8,2022-02-17 05:00:00+01:00,224.0,2022-02-17
uniqueUserZone,OWM Zona7,2022-02-17 05:00:00+01:00,166.0,2022-02-17
uniqueUserZone,OWM Zona6,2022-02-17 05:00:00+01:00,265.0,2022-02-17
uniqueUserZone,OWM Zona5,2022-02-17 05:00:00+01:00,174.0,2022-02-17
uniqueUserZone,OWM Zona4,2022-02-17 05:00:00+01:00,199.0,2022-02-17
uniqueUserZone,OWM Zona3,2022-02-17 05:00:00+01:00,414.0,2022-02-17
uniqueUserZone,OWM Zona2,2022-02-17 05:00:00+01:00,136.0,2022-02-17
uniqueUserZone,OWM Zona1,2022-02-17 05:00:00+01:00,275.0,2022-02-17
uniqueUserZone,OWM Zona9,2022-02-16 05:00:00+01:00,212.0,2022-02-16
uniqueUserZone,OWM Zona8,2022-02-16 05:00:00+01:00,237.0,2022-02-16
uniqueUserZone,OWM Zona7,2022-02-16 05:00:00+01:00,133.0,2022-02-16
uniqueUserZone,OWM Zona6,2022-02-16 05:00:00+01:00,263.0,2022-02-16
uniqueUserZone,OWM Zona5,2022-02-16 05:00:00+01:00,181.0,2022-02-16
uniqueUserZone,OWM Zona4,2022-02-16 05:00:00+01:00,196.0,2022-02-16
uniqueUserZone,OWM Zona3,2022-02-16 05:00:00+01:00,391.0,2022-02-16
uniqueUserZone,OWM Zona2,2022-02-16 05:00:00+01:00,136.0,2022-02-16
uniqueUserZone,OWM Zona1,2022-02-16 05:00:00+01:00,247.0,2022-02-16
uniqueUserZone,OWM Zona9,2022-02-15 05:00:00+01:00,154.0,2022-02-15
uniqueUserZone,OWM Zona8,2022-02-15 05:00:00+01:00,148.0,2022-02-15
uniqueUserZone,OWM Zona7,2022-02-15 05:00:00+01:00,90.0,2022-02-15
uniqueUserZone,OWM Zona6,2022-02-15 05:00:00+01:00,161.0,2022-02-15
uniqueUserZone,OWM Zona5,2022-02-15 05:00:00+01:00,107.0,2022-02-15
uniqueUserZone,OWM Zona4,2022-02-15 05:00:00+01:00,134.0,2022-02-15
uniqueUserZone,OWM Zona3,2022-02-15 05:00:00+01:00,305.0,2022-02-15
uniqueUserZone,OWM Zona2,2022-02-15 05:00:00+01:00,105.0,2022-02-15
uniqueUserZone,OWM Zona1,2022-02-15 05:00:00+01:00,185.0,2022-02-15
uniqueUserZone,OWM Zona9,2022-02-14 05:00:00+01:00,163.0,2022-02-14
uniqueUserZone,OWM Zona8,2022-02-14 05:00:00+01:00,204.0,2022-02-14
uniqueUserZone,OWM Zona7,2022-02-14 05:00:00+01:00,123.0,2022-02-14
uniqueUserZone,OWM Zona6,2022-02-14 05:00:00+01:00,215.0,2022-02-14
uniqueUserZone,OWM Zona5,2022-02-14 05:00:00+01:00,143.0,2022-02-14
uniqueUserZone,OWM Zona4,2022-02-14 05:00:00+01:00,172.0,2022-02-14
uniqueUserZone,OWM Zona3,2022-02-14 05:00:00+01:00,368.0,2022-02-14
uniqueUserZone,OWM Zona2,2022-02-14 05:00:00+01:00,126.0,2022-02-14
uniqueUserZone,OWM Zona1,2022-02-14 05:00:00+01:00,237.0,2022-02-14
uniqueUserZone,OWM Zona9,2022-02-13 05:00:00+01:00,181.0,2022-02-13
uniqueUserZone,OWM Zona8,2022-02-13 05:00:00+01:00,229.0,2022-02-13
uniqueUserZone,OWM Zona7,2022-02-13 05:00:00+01:00,146.0,2022-02-13
uniqueUserZone,OWM Zona6,2022-02-13 05:00:00+01:00,263.0,2022-02-13
uniqueUserZone,OWM Zona5,2022-02-13 05:00:00+01:00,187.0,2022-02-13
uniqueUserZone,OWM Zona6,2022-02-12 05:00:00+01:00,281.0,2022-02-12
uniqueUserZone,OWM Zona5,2022-02-12 05:00:00+01:00,167.0,2022-02-12
uniqueUserZone,OWM Zona4,2022-02-12 05:00:00+01:00,218.0,2022-02-12
uniqueUserZone,OWM Zona3,2022-02-12 05:00:00+01:00,439.0,2022-02-12
uniqueUserZone,OWM Zona2,2022-02-12 05:00:00+01:00,145.0,2022-02-12
uniqueUserZone,OWM Zona1,2022-02-12 05:00:00+01:00,277.0,2022-02-12
uniqueUserZone,OWM Zona9,2022-02-11 05:00:00+01:00,176.0,2022-02-11
uniqueUserZone,OWM Zona8,2022-02-11 05:00:00+01:00,221.0,2022-02-11
uniqueUserZone,OWM Zona7,2022-02-11 05:00:00+01:00,161.0,2022-02-11
uniqueUserZone,OWM Zona6,2022-02-11 05:00:00+01:00,268.0,2022-02-11
uniqueUserZone,OWM Zona5,2022-02-11 05:00:00+01:00,169.0,2022-02-11
uniqueUserZone,OWM Zona4,2022-02-11 05:00:00+01:00,211.0,2022-02-11
uniqueUserZone,OWM Zona3,2022-02-11 05:00:00+01:00,422.0,2022-02-11
uniqueUserZone,OWM Zona2,2022-02-11 05:00:00+01:00,147.0,2022-02-11
uniqueUserZone,OWM Zona1,2022-02-11 05:00:00+01:00,252.0,2022-02-11
uniqueUserZone,OWM Zona9,2022-02-10 05:00:00+01:00,181.0,2022-02-10
uniqueUserZone,OWM Zona8,2022-02-10 05:00:00+01:00,242.0,2022-02-10
uniqueUserZone,OWM Zona7,2022-02-10 05:00:00+01:00,136.0,2022-02-10
uniqueUserZone,OWM Zona6,2022-02-10 05:00:00+01:00,269.0,2022-02-10
uniqueUserZone,OWM Zona5,2022-02-10 05:00:00+01:00,180.0,2022-02-10
uniqueUserZone,OWM Zona4,2022-02-10 05:00:00+01:00,219.0,2022-02-10
uniqueUserZone,OWM Zona3,2022-02-10 05:00:00+01:00,431.0,2022-02-10
uniqueUserZone,OWM Zona2,2022-02-10 05:00:00+01:00,155.0,2022-02-10
uniqueUserZone,OWM Zona1,2022-02-10 05:00:00+01:00,261.0,2022-02-10
uniqueUserZone,OWM Zona9,2022-02-09 05:00:00+01:00,190.0,2022-02-09
uniqueUserZone,OWM Zona8,2022-02-09 05:00:00+01:00,235.0,2022-02-09
uniqueUserZone,OWM Zona7,2022-02-09 05:00:00+01:00,151.0,2022-02-09
uniqueUserZone,OWM Zona6,2022-02-09 05:00:00+01:00,268.0,2022-02-09
uniqueUserZone,OWM Zona5,2022-02-09 05:00:00+01:00,159.0,2022-02-09
uniqueUserZone,OWM Zona4,2022-02-09 05:00:00+01:00,212.0,2022-02-09
uniqueUserZone,OWM Zona5,2022-02-08 05:00:00+01:00,123.0,2022-02-08
uniqueUserZone,OWM Zona4,2022-02-08 05:00:00+01:00,174.0,2022-02-08
uniqueUserZone,OWM Zona3,2022-02-08 05:00:00+01:00,310.0,2022-02-08
uniqueUserZone,OWM Zona2,2022-02-08 05:00:00+01:00,104.0,2022-02-08
uniqueUserZone,OWM Zona1,2022-02-08 05:00:00+01:00,212.0,2022-02-08
uniqueUserZone,OWM Zona2,2022-02-07 05:00:00+01:00,133.0,2022-02-07
uniqueUserZone,OWM Zona1,2022-02-07 05:00:00+01:00,235.0,2022-02-07
uniqueUserZone,OWM Zona9,2022-02-06 05:00:00+01:00,202.0,2022-02-06
uniqueUserZone,OWM Zona8,2022-02-06 05:00:00+01:00,227.0,2022-02-06
uniqueUserZone,OWM Zona6,2022-01-27 05:00:00+01:00,260.0,2022-01-27
uniqueUserZone,OWM Zona1,2022-01-04 05:00:00+01:00,103.0,2022-01-04
uniqueUserZone,OWM Zona9,2021-12-27 05:00:00+01:00,156.0,2021-12-27
uniqueUserZone,OWM Zona1,2021-12-27 05:00:00+01:00,207.0,2021-12-27
uniqueUserZone,OWM Zona9,2021-12-26 05:00:00+01:00,195.0,2021-12-26
uniqueUserZone,OWM Zona8,2021-12-26 05:00:00+01:00,272.0,2021-12-26
uniqueUserZone,OWM Zona7,2021-12-26 05:00:00+01:00,187.0,2021-12-26
uniqueUserZone,OWM Zona6,2021-12-26 05:00:00+01:00,293.0,2021-12-26
uniqueUserZone,OWM Zona5,2021-12-26 05:00:00+01:00,228.0,2021-12-26
uniqueUserZone,OWM Zona4,2021-12-26 05:00:00+01:00,254.0,2021-12-26
uniqueUserZone,OWM Zona5,2021-12-25 05:00:00+01:00,217.0,2021-12-25
uniqueUserZone,OWM Zona4,2021-12-25 05:00:00+01:00,246.0,2021-12-25
uniqueUserZone,OWM Zona3,2021-12-25 05:00:00+01:00,473.0,2021-12-25
uniqueUserZone,OWM Zona2,2021-12-25 05:00:00+01:00,180.0,2021-12-25
uniqueUserZone,OWM Zona5,2021-12-23 05:00:00+01:00,205.0,2021-12-23
uniqueUserZone,OWM Zona4,2021-12-23 05:00:00+01:00,252.0,2021-12-23
uniqueUserZone,OWM Zona3,2021-12-23 05:00:00+01:00,481.0,2021-12-23
uniqueUserZone,OWM Zona4,2021-12-03 05:00:00+01:00,244.0,2021-12-03
uniqueUserZone,OWM Zona3,2021-12-03 05:00:00+01:00,491.0,2021-12-03
uniqueUserZone,OWM Zona8,2021-11-16 05:00:00+01:00,186.0,2021-11-16
uniqueUserZone,OWM Zona7,2021-11-16 05:00:00+01:00,136.0,2021-11-16
uniqueUserZone,OWM Zona6,2021-11-16 05:00:00+01:00,184.0,2021-11-16
uniqueUserZone,OWM Zona7,2021-11-15 05:00:00+01:00,146.0,2021-11-15
uniqueUserZone,OWM Zona6,2021-11-15 05:00:00+01:00,218.0,2021-11-15
uniqueUserZone,OWM Zona5,2021-11-15 05:00:00+01:00,189.0,2021-11-15
uniqueUserZone,OWM Zona4,2021-11-15 05:00:00+01:00,267.0,2021-11-15
uniqueUserZone,OWM Zona3,2021-11-15 05:00:00+01:00,453.0,2021-11-15
uniqueUserZone,OWM Zona2,2021-11-15 05:00:00+01:00,184.0,2021-11-15
uniqueUserZone,OWM Zona3,2021-11-14 05:00:00+01:00,525.0,2021-11-14
uniqueUserZone,OWM Zona2,2021-11-14 05:00:00+01:00,185.0,2021-11-14
uniqueUserZone,OWM Zona1,2021-11-14 05:00:00+01:00,248.0,2021-11-14
uniqueUserZone,OWM Zona3,2021-11-05 18:00:00+01:00,359.0,2021-11-05
uniqueUserZone,OWM Zona2,2021-11-05 18:00:00+01:00,132.0,2021-11-05
uniqueUserZone,OWM Zona1,2021-11-05 18:00:00+01:00,208.0,2021-11-05
uniqueUserZone,OWM Zona1,2020-03-20 05:00:00+01:00,467.0,2020-03-20
uniqueUserZone,OWM Zona7,2020-03-18 05:00:00+01:00,408.0,2020-03-18
uniqueUserZone,OWM Zona6,2020-03-18 05:00:00+01:00,587.0,2020-03-18
uniqueUserZone,OWM Zona4,2020-03-15 05:00:00+01:00,436.0,2020-03-15
uniqueUserZone,OWM Zona8,2020-03-14 05:00:00+01:00,375.0,2020-03-14
uniqueUserZone,OWM Zona5,2020-03-12 05:00:00+01:00,303.0,2020-03-12
uniqueUserZone,OWM Zona9,2020-03-10 05:00:00+01:00,272.0,2020-03-10
uniqueUserZone,OWM Zona9,2020-03-09 05:00:00+01:00,348.0,2020-03-09
uniqueUserZone,OWM Zona8,2020-03-09 05:00:00+01:00,362.0,2020-03-09
uniqueUserZone,OWM Zona7,2020-03-09 05:00:00+01:00,432.0,2020-03-09
uniqueUserZone,OWM Zona6,2020-03-09 05:00:00+01:00,554.0,2020-03-09
uniqueUserZone,OWM Zona8,2020-03-03 05:00:00+01:00,397.0,2020-03-03
uniqueUserZone,OWM Zona2,2020-03-02 05:00:00+01:00,474.0,2020-03-02
uniqueUserZone,OWM Zona1,2020-03-02 05:00:00+01:00,1861.0,2020-03-02
uniqueUserZone,OWM Zona9,2020-03-01 05:00:00+01:00,504.0,2020-03-01
uniqueUserZone,OWM Zona8,2020-03-01 05:00:00+01:00,593.0,2020-03-01
uniqueUserZone,OWM Zona7,2020-03-01 05:00:00+01:00,563.0,2020-03-01
uniqueUserZone,OWM Zona6,2020-03-01 05:00:00+01:00,999.0,2020-03-01
uniqueUserZone,OWM Zona5,2020-03-01 05:00:00+01:00,423.0,2020-03-01
uniqueUserZone,OWM Zona4,2020-03-01 05:00:00+01:00,512.0,2020-03-01
uniqueUserZone,OWM Zona3,2020-03-01 05:00:00+01:00,829.0,2020-03-01
uniqueUserZone,OWM Zona2,2020-03-01 05:00:00+01:00,570.0,2020-03-01
uniqueUserZone,OWM Zona1,2020-03-01 05:00:00+01:00,1971.0,2020-03-01
uniqueUserZone,OWM Zona9,2020-02-29 05:00:00+01:00,504.0,2020-02-29
uniqueUserZone,OWM Zona8,2020-02-29 05:00:00+01:00,570.0,2020-02-29
uniqueUserZone,OWM Zona7,2020-02-29 05:00:00+01:00,535.0,2020-02-29
uniqueUserZone,OWM Zona6,2020-02-29 05:00:00+01:00,956.0,2020-02-29
uniqueUserZone,OWM Zona5,2020-02-29 05:00:00+01:00,421.0,2020-02-29
uniqueUserZone,OWM Zona4,2020-02-29 05:00:00+01:00,484.0,2020-02-29
uniqueUserZone,OWM Zona9,2020-02-22 05:00:00+01:00,477.0,2020-02-22
uniqueUserZone,OWM Zona8,2020-02-22 05:00:00+01:00,613.0,2020-02-22
uniqueUserZone,OWM Zona7,2020-02-22 05:00:00+01:00,576.0,2020-02-22
uniqueUserZone,OWM Zona6,2020-02-22 05:00:00+01:00,952.0,2020-02-22
uniqueUserZone,OWM Zona5,2020-02-22 05:00:00+01:00,435.0,2020-02-22
uniqueUserZone,OWM Zona4,2020-02-22 05:00:00+01:00,554.0,2020-02-22
uniqueUserZone,OWM Zona3,2020-02-22 05:00:00+01:00,821.0,2020-02-22
uniqueUserZone,OWM Zona2,2020-02-22 05:00:00+01:00,503.0,2020-02-22
uniqueUserZone,OWM Zona1,2020-02-22 05:00:00+01:00,2078.0,2020-02-22
uniqueUserZone,OWM Zona9,2020-02-21 05:00:00+01:00,450.0,2020-02-21
uniqueUserZone,OWM Zona8,2020-02-21 05:00:00+01:00,560.0,2020-02-21
uniqueUserZone,OWM Zona7,2020-02-21 05:00:00+01:00,511.0,2020-02-21
uniqueUserZone,OWM Zona6,2020-02-21 05:00:00+01:00,951.0,2020-02-21
uniqueUserZone,OWM Zona5,2020-02-21 05:00:00+01:00,423.0,2020-02-21
uniqueUserZone,OWM Zona4,2020-02-21 05:00:00+01:00,506.0,2020-02-21
uniqueUserZone,OWM Zona3,2020-02-21 05:00:00+01:00,775.0,2020-02-21
uniqueUserZone,OWM Zona2,2020-02-21 05:00:00+01:00,498.0,2020-02-21
uniqueUserZone,OWM Zona1,2020-02-21 05:00:00+01:00,1957.0,2020-02-21
uniqueUserZone,OWM Zona9,2020-02-20 05:00:00+01:00,476.0,2020-02-20
uniqueUserZone,OWM Zona8,2020-02-20 05:00:00+01:00,568.0,2020-02-20
uniqueUserZone,OWM Zona7,2020-02-20 05:00:00+01:00,513.0,2020-02-20
uniqueUserZone,OWM Zona6,2020-02-20 05:00:00+01:00,923.0,2020-02-20
uniqueUserZone,OWM Zona5,2020-02-20 05:00:00+01:00,442.0,2020-02-20
uniqueUserZone,OWM Zona4,2020-02-20 05:00:00+01:00,519.0,2020-02-20
uniqueUserZone,OWM Zona4,2020-02-18 05:00:00+01:00,390.0,2020-02-18
uniqueUserZone,OWM Zona5,2020-02-16 05:00:00+01:00,377.0,2020-02-16
uniqueUserZone,OWM Zona4,2020-02-16 05:00:00+01:00,478.0,2020-02-16
uniqueUserZone,OWM Zona3,2020-02-16 05:00:00+01:00,676.0,2020-02-16
uniqueUserZone,OWM Zona2,2020-02-16 05:00:00+01:00,452.0,2020-02-16
uniqueUserZone,OWM Zona1,2020-02-16 05:00:00+01:00,1721.0,2020-02-16
uniqueUserZone,OWM Zona9,2020-02-15 05:00:00+01:00,491.0,2020-02-15
uniqueUserZone,OWM Zona8,2020-02-15 05:00:00+01:00,559.0,2020-02-15
uniqueUserZone,OWM Zona7,2020-02-15 05:00:00+01:00,514.0,2020-02-15
uniqueUserZone,OWM Zona6,2020-02-15 05:00:00+01:00,899.0,2020-02-15
uniqueUserZone,OWM Zona5,2020-02-15 05:00:00+01:00,431.0,2020-02-15
uniqueUserZone,OWM Zona4,2020-02-15 05:00:00+01:00,561.0,2020-02-15
uniqueUserZone,OWM Zona3,2020-02-15 05:00:00+01:00,761.0,2020-02-15
uniqueUserZone,OWM Zona2,2020-02-15 05:00:00+01:00,511.0,2020-02-15
uniqueUserZone,OWM Zona1,2020-02-15 05:00:00+01:00,1824.0,2020-02-15
uniqueUserZone,OWM Zona9,2020-02-14 05:00:00+01:00,446.0,2020-02-14
uniqueUserZone,OWM Zona8,2020-02-14 05:00:00+01:00,493.0,2020-02-14
uniqueUserZone,OWM Zona7,2020-02-14 05:00:00+01:00,497.0,2020-02-14
uniqueUserZone,OWM Zona6,2020-02-14 05:00:00+01:00,818.0,2020-02-14
uniqueUserZone,OWM Zona5,2020-02-14 05:00:00+01:00,376.0,2020-02-14
uniqueUserZone,OWM Zona4,2020-02-14 05:00:00+01:00,513.0,2020-02-14
uniqueUserZone,OWM Zona3,2020-02-14 05:00:00+01:00,704.0,2020-02-14
uniqueUserZone,OWM Zona2,2020-02-14 05:00:00+01:00,489.0,2020-02-14
uniqueUserZone,OWM Zona1,2020-02-14 05:00:00+01:00,1573.0,2020-02-14
uniqueUserZone,OWM Zona9,2020-02-13 05:00:00+01:00,573.0,2020-02-13
uniqueUserZone,OWM Zona8,2020-02-13 05:00:00+01:00,532.0,2020-02-13
uniqueUserZone,OWM Zona7,2020-02-13 05:00:00+01:00,541.0,2020-02-13
uniqueUserZone,OWM Zona6,2020-02-13 05:00:00+01:00,826.0,2020-02-13
uniqueUserZone,OWM Zona5,2020-02-13 05:00:00+01:00,412.0,2020-02-13
uniqueUserZone,OWM Zona4,2020-02-13 05:00:00+01:00,514.0,2020-02-13
uniqueUserZone,OWM Zona3,2020-02-13 05:00:00+01:00,721.0,2020-02-13
uniqueUserZone,OWM Zona2,2020-02-13 05:00:00+01:00,556.0,2020-02-13
uniqueUserZone,OWM Zona1,2020-02-13 05:00:00+01:00,1695.0,2020-02-13
uniqueUserZone,OWM Zona9,2020-02-12 05:00:00+01:00,576.0,2020-02-12
uniqueUserZone,OWM Zona8,2020-02-12 05:00:00+01:00,540.0,2020-02-12
uniqueUserZone,OWM Zona7,2020-02-12 05:00:00+01:00,564.0,2020-02-12
uniqueUserZone,OWM Zona6,2020-02-12 05:00:00+01:00,857.0,2020-02-12
uniqueUserZone,OWM Zona5,2020-02-12 05:00:00+01:00,433.0,2020-02-12
uniqueUserZone,OWM Zona4,2020-02-12 05:00:00+01:00,509.0,2020-02-12
uniqueUserZone,OWM Zona3,2020-02-12 05:00:00+01:00,719.0,2020-02-12
uniqueUserZone,OWM Zona2,2020-02-12 05:00:00+01:00,549.0,2020-02-12
uniqueUserZone,OWM Zona1,2020-02-12 05:00:00+01:00,1789.0,2020-02-12
uniqueUserZone,OWM Zona9,2020-02-11 05:00:00+01:00,418.0,2020-02-11
uniqueUserZone,OWM Zona8,2020-02-11 05:00:00+01:00,394.0,2020-02-11
uniqueUserZone,OWM Zona7,2020-02-11 05:00:00+01:00,420.0,2020-02-11
uniqueUserZone,OWM Zona6,2020-02-11 05:00:00+01:00,722.0,2020-02-11
uniqueUserZone,OWM Zona5,2020-02-11 05:00:00+01:00,325.0,2020-02-11
uniqueUserZone,OWM Zona4,2020-02-11 05:00:00+01:00,423.0,2020-02-11
uniqueUserZone,OWM Zona3,2020-02-11 05:00:00+01:00,536.0,2020-02-11
uniqueUserZone,OWM Zona2,2020-02-11 05:00:00+01:00,431.0,2020-02-11
uniqueUserZone,OWM Zona1,2020-02-11 05:00:00+01:00,1770.0,2020-02-11
uniqueUserZone,OWM Zona9,2020-02-10 05:00:00+01:00,514.0,2020-02-10
uniqueUserZone,OWM Zona8,2020-02-10 05:00:00+01:00,482.0,2020-02-10
uniqueUserZone,OWM Zona7,2020-02-10 05:00:00+01:00,481.0,2020-02-10
uniqueUserZone,OWM Zona6,2020-02-10 05:00:00+01:00,797.0,2020-02-10
uniqueUserZone,OWM Zona5,2020-02-10 05:00:00+01:00,385.0,2020-02-10
uniqueUserZone,OWM Zona4,2020-02-10 05:00:00+01:00,487.0,2020-02-10
uniqueUserZone,OWM Zona3,2020-02-10 05:00:00+01:00,617.0,2020-02-10
uniqueUserZone,OWM Zona2,2020-02-10 05:00:00+01:00,483.0,2020-02-10
uniqueUserZone,OWM Zona1,2020-02-10 05:00:00+01:00,1752.0,2020-02-10
uniqueUserZone,OWM Zona9,2020-02-09 05:00:00+01:00,599.0,2020-02-09
uniqueUserZone,OWM Zona8,2020-02-09 05:00:00+01:00,580.0,2020-02-09
uniqueUserZone,OWM Zona7,2020-02-09 05:00:00+01:00,582.0,2020-02-09
uniqueUserZone,OWM Zona6,2020-02-09 05:00:00+01:00,924.0,2020-02-09
uniqueUserZone,OWM Zona5,2020-02-09 05:00:00+01:00,506.0,2020-02-09
uniqueUserZone,OWM Zona4,2020-02-09 05:00:00+01:00,575.0,2020-02-09
uniqueUserZone,OWM Zona3,2020-02-09 05:00:00+01:00,721.0,2020-02-09
uniqueUserZone,OWM Zona2,2020-02-09 05:00:00+01:00,543.0,2020-02-09
uniqueUserZone,OWM Zona1,2020-02-09 05:00:00+01:00,2004.0,2020-02-09
uniqueUserZone,OWM Zona9,2020-02-08 05:00:00+01:00,574.0,2020-02-08
uniqueUserZone,OWM Zona8,2020-02-08 05:00:00+01:00,548.0,2020-02-08
uniqueUserZone,OWM Zona7,2020-02-08 05:00:00+01:00,542.0,2020-02-08
uniqueUserZone,OWM Zona6,2020-02-08 05:00:00+01:00,898.0,2020-02-08
uniqueUserZone,OWM Zona5,2020-02-08 05:00:00+01:00,466.0,2020-02-08
uniqueUserZone,OWM Zona4,2020-02-08 05:00:00+01:00,564.0,2020-02-08
uniqueUserZone,OWM Zona3,2020-02-08 05:00:00+01:00,765.0,2020-02-08
uniqueUserZone,OWM Zona2,2020-02-08 05:00:00+01:00,528.0,2020-02-08
uniqueUserZone,OWM Zona1,2020-02-08 05:00:00+01:00,1799.0,2020-02-08
uniqueUserZone,OWM Zona9,2020-02-07 05:00:00+01:00,551.0,2020-02-07
uniqueUserZone,OWM Zona8,2020-02-07 05:00:00+01:00,559.0,2020-02-07
uniqueUserZone,OWM Zona7,2020-02-07 05:00:00+01:00,547.0,2020-02-07
uniqueUserZone,OWM Zona6,2020-02-07 05:00:00+01:00,823.0,2020-02-07
uniqueUserZone,OWM Zona5,2020-02-07 05:00:00+01:00,490.0,2020-02-07
uniqueUserZone,OWM Zona4,2020-02-07 05:00:00+01:00,525.0,2020-02-07
uniqueUserZone,OWM Zona3,2020-02-07 05:00:00+01:00,734.0,2020-02-07
uniqueUserZone,OWM Zona2,2020-02-07 05:00:00+01:00,520.0,2020-02-07
uniqueUserZone,OWM Zona1,2020-02-07 05:00:00+01:00,1832.0,2020-02-07
uniqueUserZone,OWM Zona9,2020-02-06 05:00:00+01:00,538.0,2020-02-06
uniqueUserZone,OWM Zona8,2020-02-06 05:00:00+01:00,516.0,2020-02-06
uniqueUserZone,OWM Zona7,2020-02-06 05:00:00+01:00,543.0,2020-02-06
uniqueUserZone,OWM Zona6,2020-02-06 05:00:00+01:00,815.0,2020-02-06
uniqueUserZone,OWM Zona5,2020-02-06 05:00:00+01:00,466.0,2020-02-06
uniqueUserZone,OWM Zona4,2020-02-06 05:00:00+01:00,522.0,2020-02-06
uniqueUserZone,OWM Zona3,2020-02-06 05:00:00+01:00,691.0,2020-02-06
uniqueUserZone,OWM Zona2,2020-02-06 05:00:00+01:00,501.0,2020-02-06
uniqueUserZone,OWM Zona1,2020-02-06 05:00:00+01:00,1638.0,2020-02-06
uniqueUserZone,OWM Zona9,2020-02-05 05:00:00+01:00,531.0,2020-02-05
uniqueUserZone,OWM Zona8,2020-02-05 05:00:00+01:00,482.0,2020-02-05
uniqueUserZone,OWM Zona7,2020-02-05 05:00:00+01:00,517.0,2020-02-05
uniqueUserZone,OWM Zona6,2020-02-05 05:00:00+01:00,769.0,2020-02-05
uniqueUserZone,OWM Zona5,2020-02-05 05:00:00+01:00,413.0,2020-02-05
uniqueUserZone,OWM Zona4,2020-02-05 05:00:00+01:00,521.0,2020-02-05
uniqueUserZone,OWM Zona3,2020-02-05 05:00:00+01:00,667.0,2020-02-05
uniqueUserZone,OWM Zona2,2020-02-05 05:00:00+01:00,525.0,2020-02-05
uniqueUserZone,OWM Zona1,2020-02-05 05:00:00+01:00,1691.0,2020-02-05
uniqueUserZone,OWM Zona9,2020-02-04 05:00:00+01:00,390.0,2020-02-04
uniqueUserZone,OWM Zona8,2020-02-04 05:00:00+01:00,332.0,2020-02-04
uniqueUserZone,OWM Zona7,2020-02-04 05:00:00+01:00,409.0,2020-02-04
uniqueUserZone,OWM Zona6,2020-02-04 05:00:00+01:00,723.0,2020-02-04
uniqueUserZone,OWM Zona5,2020-02-04 05:00:00+01:00,230.0,2020-02-04
uniqueUserZone,OWM Zona4,2020-02-04 05:00:00+01:00,420.0,2020-02-04
uniqueUserZone,OWM Zona3,2020-02-04 05:00:00+01:00,475.0,2020-02-04
uniqueUserZone,OWM Zona2,2020-02-04 05:00:00+01:00,396.0,2020-02-04
uniqueUserZone,OWM Zona1,2020-02-04 05:00:00+01:00,1533.0,2020-02-04
uniqueUserZone,OWM Zona9,2020-02-03 05:00:00+01:00,454.0,2020-02-03
uniqueUserZone,OWM Zona8,2020-02-03 05:00:00+01:00,439.0,2020-02-03
uniqueUserZone,OWM Zona7,2020-02-03 05:00:00+01:00,442.0,2020-02-03
uniqueUserZone,OWM Zona6,2020-02-03 05:00:00+01:00,746.0,2020-02-03
uniqueUserZone,OWM Zona5,2020-02-03 05:00:00+01:00,313.0,2020-02-03
uniqueUserZone,OWM Zona4,2020-02-03 05:00:00+01:00,448.0,2020-02-03
uniqueUserZone,OWM Zona1,2020-02-03 05:00:00+01:00,1695.0,2020-02-03
uniqueUserZone,OWM Zona9,2020-02-02 05:00:00+01:00,546.0,2020-02-02
uniqueUserZone,OWM Zona8,2020-02-02 05:00:00+01:00,523.0,2020-02-02
uniqueUserZone,OWM Zona7,2020-02-02 05:00:00+01:00,533.0,2020-02-02
uniqueUserZone,OWM Zona6,2020-02-02 05:00:00+01:00,804.0,2020-02-02
uniqueUserZone,OWM Zona5,2020-02-02 05:00:00+01:00,330.0,2020-02-02
uniqueUserZone,OWM Zona1,2020-02-02 05:00:00+01:00,1802.0,2020-02-02
uniqueUserZone,OWM Zona9,2020-02-01 05:00:00+01:00,539.0,2020-02-01
uniqueUserZone,OWM Zona8,2020-02-01 05:00:00+01:00,494.0,2020-02-01
uniqueUserZone,OWM Zona7,2020-02-01 05:00:00+01:00,507.0,2020-02-01
uniqueUserZone,OWM Zona6,2020-02-01 05:00:00+01:00,794.0,2020-02-01
uniqueUserZone,OWM Zona5,2020-02-01 05:00:00+01:00,267.0,2020-02-01
uniqueUserZone,OWM Zona4,2020-02-01 05:00:00+01:00,530.0,2020-02-01
uniqueUserZone,OWM Zona3,2020-02-01 05:00:00+01:00,698.0,2020-02-01
uniqueUserZone,OWM Zona2,2020-02-01 05:00:00+01:00,507.0,2020-02-01
uniqueUserZone,OWM Zona1,2020-02-01 05:00:00+01:00,1789.0,2020-02-01
uniqueUserZone,OWM Zona9,2020-01-31 05:00:00+01:00,512.0,2020-01-31
uniqueUserZone,OWM Zona8,2020-01-31 05:00:00+01:00,466.0,2020-01-31
uniqueUserZone,OWM Zona7,2020-01-31 05:00:00+01:00,488.0,2020-01-31
uniqueUserZone,OWM Zona6,2020-01-31 05:00:00+01:00,798.0,2020-01-31
uniqueUserZone,OWM Zona5,2020-01-31 05:00:00+01:00,229.0,2020-01-31
uniqueUserZone,OWM Zona4,2020-01-31 05:00:00+01:00,511.0,2020-01-31
uniqueUserZone,OWM Zona3,2020-01-31 05:00:00+01:00,699.0,2020-01-31
uniqueUserZone,OWM Zona2,2020-01-31 05:00:00+01:00,501.0,2020-01-31
uniqueUserZone,OWM Zona1,2020-01-31 05:00:00+01:00,1716.0,2020-01-31
uniqueUserZone,OWM Zona9,2020-01-30 05:00:00+01:00,524.0,2020-01-30
uniqueUserZone,OWM Zona8,2020-01-30 05:00:00+01:00,516.0,2020-01-30
uniqueUserZone,OWM Zona9,2020-01-29 05:00:00+01:00,475.0,2020-01-29
uniqueUserZone,OWM Zona8,2020-01-29 05:00:00+01:00,511.0,2020-01-29
uniqueUserZone,OWM Zona7,2020-01-29 05:00:00+01:00,504.0,2020-01-29
uniqueUserZone,OWM Zona6,2020-01-29 05:00:00+01:00,769.0,2020-01-29
uniqueUserZone,OWM Zona5,2020-01-29 05:00:00+01:00,255.0,2020-01-29
uniqueUserZone,OWM Zona4,2020-01-29 05:00:00+01:00,508.0,2020-01-29
uniqueUserZone,OWM Zona3,2020-01-29 05:00:00+01:00,693.0,2020-01-29
uniqueUserZone,OWM Zona2,2020-01-29 05:00:00+01:00,500.0,2020-01-29
uniqueUserZone,OWM Zona1,2020-01-29 05:00:00+01:00,1756.0,2020-01-29
uniqueUserZone,OWM Zona9,2020-01-28 05:00:00+01:00,354.0,2020-01-28
uniqueUserZone,OWM Zona8,2020-01-28 05:00:00+01:00,363.0,2020-01-28
uniqueUserZone,OWM Zona7,2020-01-28 05:00:00+01:00,378.0,2020-01-28
uniqueUserZone,OWM Zona6,2020-01-28 05:00:00+01:00,675.0,2020-01-28
uniqueUserZone,OWM Zona5,2020-01-28 05:00:00+01:00,161.0,2020-01-28
uniqueUserZone,OWM Zona4,2020-01-28 05:00:00+01:00,419.0,2020-01-28
uniqueUserZone,OWM Zona3,2020-01-28 05:00:00+01:00,493.0,2020-01-28
uniqueUserZone,OWM Zona2,2020-01-28 05:00:00+01:00,360.0,2020-01-28
uniqueUserZone,OWM Zona1,2020-01-28 05:00:00+01:00,1520.0,2020-01-28
uniqueUserZone,OWM Zona9,2020-01-27 05:00:00+01:00,413.0,2020-01-27
uniqueUserZone,OWM Zona8,2020-01-27 05:00:00+01:00,443.0,2020-01-27
uniqueUserZone,OWM Zona7,2020-01-27 05:00:00+01:00,424.0,2020-01-27
uniqueUserZone,OWM Zona6,2020-01-27 05:00:00+01:00,711.0,2020-01-27
uniqueUserZone,OWM Zona5,2020-01-27 05:00:00+01:00,235.0,2020-01-27
uniqueUserZone,OWM Zona4,2020-01-27 05:00:00+01:00,464.0,2020-01-27
uniqueUserZone,OWM Zona3,2020-01-27 05:00:00+01:00,616.0,2020-01-27
uniqueUserZone,OWM Zona2,2020-01-27 05:00:00+01:00,420.0,2020-01-27
uniqueUserZone,OWM Zona1,2020-01-27 05:00:00+01:00,1791.0,2020-01-27
uniqueUserZone,OWM Zona9,2020-01-26 05:00:00+01:00,549.0,2020-01-26
uniqueUserZone,OWM Zona8,2020-01-26 05:00:00+01:00,559.0,2020-01-26
uniqueUserZone,OWM Zona7,2020-01-26 05:00:00+01:00,513.0,2020-01-26
uniqueUserZone,OWM Zona2,2020-01-26 05:00:00+01:00,482.0,2020-01-26
uniqueUserZone,OWM Zona1,2020-01-26 05:00:00+01:00,1833.0,2020-01-26
uniqueUserZone,OWM Zona4,2020-01-25 05:00:00+01:00,469.0,2020-01-25
uniqueUserZone,OWM Zona3,2020-01-25 05:00:00+01:00,701.0,2020-01-25
uniqueUserZone,OWM Zona2,2020-01-25 05:00:00+01:00,453.0,2020-01-25
uniqueUserZone,OWM Zona1,2020-01-25 05:00:00+01:00,1765.0,2020-01-25
uniqueUserZone,OWM Zona9,2020-01-24 05:00:00+01:00,534.0,2020-01-24
uniqueUserZone,OWM Zona8,2020-01-24 05:00:00+01:00,538.0,2020-01-24
uniqueUserZone,OWM Zona7,2020-01-24 05:00:00+01:00,487.0,2020-01-24
uniqueUserZone,OWM Zona6,2020-01-24 05:00:00+01:00,791.0,2020-01-24
uniqueUserZone,OWM Zona5,2020-01-24 05:00:00+01:00,378.0,2020-01-24
uniqueUserZone,OWM Zona4,2020-01-24 05:00:00+01:00,479.0,2020-01-24
uniqueUserZone,OWM Zona3,2020-01-24 05:00:00+01:00,630.0,2020-01-24
uniqueUserZone,OWM Zona2,2020-01-24 05:00:00+01:00,476.0,2020-01-24
uniqueUserZone,OWM Zona1,2020-01-24 05:00:00+01:00,1529.0,2020-01-24
uniqueUserZone,OWM Zona9,2020-01-23 05:00:00+01:00,504.0,2020-01-23
uniqueUserZone,OWM Zona8,2020-01-23 05:00:00+01:00,499.0,2020-01-23
uniqueUserZone,OWM Zona7,2020-01-23 05:00:00+01:00,501.0,2020-01-23
uniqueUserZone,OWM Zona6,2020-01-23 05:00:00+01:00,732.0,2020-01-23
uniqueUserZone,OWM Zona5,2020-01-23 05:00:00+01:00,460.0,2020-01-23
uniqueUserZone,OWM Zona4,2020-01-23 05:00:00+01:00,515.0,2020-01-23
uniqueUserZone,OWM Zona3,2020-01-23 05:00:00+01:00,697.0,2020-01-23
uniqueUserZone,OWM Zona2,2020-01-23 05:00:00+01:00,494.0,2020-01-23
uniqueUserZone,OWM Zona1,2020-01-23 05:00:00+01:00,1657.0,2020-01-23
uniqueUserZone,OWM Zona9,2020-01-22 05:00:00+01:00,573.0,2020-01-22
uniqueUserZone,OWM Zona8,2020-01-22 05:00:00+01:00,616.0,2020-01-22
uniqueUserZone,OWM Zona7,2020-01-22 05:00:00+01:00,495.0,2020-01-22
uniqueUserZone,OWM Zona6,2020-01-22 05:00:00+01:00,805.0,2020-01-22
uniqueUserZone,OWM Zona5,2020-01-22 05:00:00+01:00,427.0,2020-01-22
uniqueUserZone,OWM Zona4,2020-01-22 05:00:00+01:00,499.0,2020-01-22
uniqueUserZone,OWM Zona3,2020-01-22 05:00:00+01:00,753.0,2020-01-22
uniqueUserZone,OWM Zona2,2020-01-22 05:00:00+01:00,481.0,2020-01-22
uniqueUserZone,OWM Zona1,2020-01-22 05:00:00+01:00,1714.0,2020-01-22
uniqueUserZone,OWM Zona9,2020-01-21 05:00:00+01:00,513.0,2020-01-21
uniqueUserZone,OWM Zona8,2020-01-21 05:00:00+01:00,550.0,2020-01-21
uniqueUserZone,OWM Zona7,2020-01-21 05:00:00+01:00,437.0,2020-01-21
uniqueUserZone,OWM Zona6,2020-01-21 05:00:00+01:00,806.0,2020-01-21
uniqueUserZone,OWM Zona5,2020-01-21 05:00:00+01:00,339.0,2020-01-21
uniqueUserZone,OWM Zona4,2020-01-21 05:00:00+01:00,390.0,2020-01-21
uniqueUserZone,OWM Zona3,2020-01-21 05:00:00+01:00,615.0,2020-01-21
uniqueUserZone,OWM Zona2,2020-01-21 05:00:00+01:00,471.0,2020-01-21
uniqueUserZone,OWM Zona1,2020-01-21 05:00:00+01:00,1709.0,2020-01-21
uniqueUserZone,OWM Zona9,2020-01-20 05:00:00+01:00,572.0,2020-01-20
uniqueUserZone,OWM Zona8,2020-01-20 05:00:00+01:00,637.0,2020-01-20
uniqueUserZone,OWM Zona7,2020-01-20 05:00:00+01:00,539.0,2020-01-20
uniqueUserZone,OWM Zona6,2020-01-20 05:00:00+01:00,928.0,2020-01-20
uniqueUserZone,OWM Zona5,2020-01-20 05:00:00+01:00,374.0,2020-01-20
uniqueUserZone,OWM Zona4,2020-01-20 05:00:00+01:00,426.0,2020-01-20
uniqueUserZone,OWM Zona3,2020-01-20 05:00:00+01:00,793.0,2020-01-20
uniqueUserZone,OWM Zona2,2020-01-20 05:00:00+01:00,558.0,2020-01-20
uniqueUserZone,OWM Zona1,2020-01-20 05:00:00+01:00,1968.0,2020-01-20
uniqueUserZone,OWM Zona9,2020-01-19 05:00:00+01:00,701.0,2020-01-19
uniqueUserZone,OWM Zona8,2020-01-19 05:00:00+01:00,734.0,2020-01-19
uniqueUserZone,OWM Zona7,2020-01-19 05:00:00+01:00,580.0,2020-01-19
uniqueUserZone,OWM Zona6,2020-01-19 05:00:00+01:00,928.0,2020-01-19
uniqueUserZone,OWM Zona5,2020-01-19 05:00:00+01:00,433.0,2020-01-19
uniqueUserZone,OWM Zona4,2020-01-19 05:00:00+01:00,523.0,2020-01-19
uniqueUserZone,OWM Zona3,2020-01-19 05:00:00+01:00,990.0,2020-01-19
uniqueUserZone,OWM Zona2,2020-01-19 05:00:00+01:00,673.0,2020-01-19
uniqueUserZone,OWM Zona1,2020-01-19 05:00:00+01:00,1826.0,2020-01-19
uniqueUserZone,OWM Zona9,2020-01-18 05:00:00+01:00,631.0,2020-01-18
uniqueUserZone,OWM Zona8,2020-01-18 05:00:00+01:00,711.0,2020-01-18
uniqueUserZone,OWM Zona7,2020-01-18 05:00:00+01:00,541.0,2020-01-18
uniqueUserZone,OWM Zona6,2020-01-18 05:00:00+01:00,839.0,2020-01-18
uniqueUserZone,OWM Zona5,2020-01-18 05:00:00+01:00,390.0,2020-01-18
uniqueUserZone,OWM Zona4,2020-01-18 05:00:00+01:00,480.0,2020-01-18
uniqueUserZone,OWM Zona3,2020-01-18 05:00:00+01:00,1140.0,2020-01-18
uniqueUserZone,OWM Zona2,2020-01-18 05:00:00+01:00,673.0,2020-01-18
uniqueUserZone,OWM Zona1,2020-01-18 05:00:00+01:00,1732.0,2020-01-18
uniqueUserZone,OWM Zona9,2020-01-17 05:00:00+01:00,438.0,2020-01-17
uniqueUserZone,OWM Zona8,2020-01-17 05:00:00+01:00,494.0,2020-01-17
uniqueUserZone,OWM Zona7,2020-01-17 05:00:00+01:00,362.0,2020-01-17
uniqueUserZone,OWM Zona6,2020-01-17 05:00:00+01:00,630.0,2020-01-17
uniqueUserZone,OWM Zona5,2020-01-17 05:00:00+01:00,266.0,2020-01-17
uniqueUserZone,OWM Zona4,2020-01-17 05:00:00+01:00,359.0,2020-01-17
uniqueUserZone,OWM Zona3,2020-01-17 05:00:00+01:00,861.0,2020-01-17
uniqueUserZone,OWM Zona2,2020-01-17 05:00:00+01:00,514.0,2020-01-17
uniqueUserZone,OWM Zona1,2020-01-17 05:00:00+01:00,1184.0,2020-01-17
uniqueUserZone,OWM Zona9,2020-01-16 05:00:00+01:00,255.0,2020-01-16
uniqueUserZone,OWM Zona8,2020-01-16 05:00:00+01:00,231.0,2020-01-16
uniqueUserZone,OWM Zona7,2020-01-16 05:00:00+01:00,191.0,2020-01-16
uniqueUserZone,OWM Zona6,2020-01-16 05:00:00+01:00,271.0,2020-01-16
uniqueUserZone,OWM Zona5,2020-01-16 05:00:00+01:00,144.0,2020-01-16
uniqueUserZone,OWM Zona4,2020-01-16 05:00:00+01:00,179.0,2020-01-16
uniqueUserZone,OWM Zona3,2020-01-16 05:00:00+01:00,363.0,2020-01-16
uniqueUserZone,OWM Zona2,2020-01-16 05:00:00+01:00,234.0,2020-01-16
uniqueUserZone,OWM Zona1,2020-01-16 05:00:00+01:00,370.0,2020-01-16
uniqueUserZone,OWM Zona9,2020-01-15 05:00:00+01:00,444.0,2020-01-15
uniqueUserZone,OWM Zona8,2020-01-15 05:00:00+01:00,491.0,2020-01-15
uniqueUserZone,OWM Zona7,2020-01-15 05:00:00+01:00,396.0,2020-01-15
uniqueUserZone,OWM Zona6,2020-01-15 05:00:00+01:00,607.0,2020-01-15
uniqueUserZone,OWM Zona5,2020-01-15 05:00:00+01:00,263.0,2020-01-15
uniqueUserZone,OWM Zona4,2020-01-15 05:00:00+01:00,344.0,2020-01-15
uniqueUserZone,OWM Zona3,2020-01-15 05:00:00+01:00,780.0,2020-01-15
uniqueUserZone,OWM Zona2,2020-01-15 05:00:00+01:00,523.0,2020-01-15
uniqueUserZone,OWM Zona1,2020-01-15 05:00:00+01:00,1291.0,2020-01-15
uniqueUserZone,OWM Zona9,2020-01-14 05:00:00+01:00,474.0,2020-01-14
uniqueUserZone,OWM Zona8,2020-01-14 05:00:00+01:00,543.0,2020-01-14
uniqueUserZone,OWM Zona7,2020-01-14 05:00:00+01:00,373.0,2020-01-14
uniqueUserZone,OWM Zona6,2020-01-14 05:00:00+01:00,722.0,2020-01-14
uniqueUserZone,OWM Zona5,2020-01-14 05:00:00+01:00,304.0,2020-01-14
uniqueUserZone,OWM Zona4,2020-01-14 05:00:00+01:00,377.0,2020-01-14
uniqueUserZone,OWM Zona3,2020-01-14 05:00:00+01:00,860.0,2020-01-14
uniqueUserZone,OWM Zona2,2020-01-14 05:00:00+01:00,550.0,2020-01-14
uniqueUserZone,OWM Zona5,2020-01-13 05:00:00+01:00,307.0,2020-01-13
uniqueUserZone,OWM Zona4,2020-01-13 05:00:00+01:00,379.0,2020-01-13
uniqueUserZone,OWM Zona3,2020-01-13 05:00:00+01:00,932.0,2020-01-13
uniqueUserZone,OWM Zona2,2020-01-13 05:00:00+01:00,580.0,2020-01-13
uniqueUserZone,OWM Zona1,2020-01-13 05:00:00+01:00,1845.0,2020-01-13
uniqueUserZone,OWM Zona9,2020-01-12 05:00:00+01:00,513.0,2020-01-12
uniqueUserZone,OWM Zona8,2020-01-12 05:00:00+01:00,633.0,2020-01-12
uniqueUserZone,OWM Zona7,2020-01-12 05:00:00+01:00,422.0,2020-01-12
uniqueUserZone,OWM Zona6,2020-01-12 05:00:00+01:00,755.0,2020-01-12
uniqueUserZone,OWM Zona5,2020-01-12 05:00:00+01:00,322.0,2020-01-12
uniqueUserZone,OWM Zona4,2020-01-12 05:00:00+01:00,381.0,2020-01-12
uniqueUserZone,OWM Zona3,2020-01-12 05:00:00+01:00,947.0,2020-01-12
uniqueUserZone,OWM Zona2,2020-01-12 05:00:00+01:00,591.0,2020-01-12
uniqueUserZone,OWM Zona1,2020-01-12 05:00:00+01:00,1815.0,2020-01-12
uniqueUserZone,OWM Zona9,2020-01-11 05:00:00+01:00,477.0,2020-01-11
uniqueUserZone,OWM Zona8,2020-01-11 05:00:00+01:00,642.0,2020-01-11
uniqueUserZone,OWM Zona7,2020-01-11 05:00:00+01:00,405.0,2020-01-11
uniqueUserZone,OWM Zona6,2020-01-11 05:00:00+01:00,747.0,2020-01-11
uniqueUserZone,OWM Zona5,2020-01-11 05:00:00+01:00,311.0,2020-01-11
uniqueUserZone,OWM Zona4,2020-01-11 05:00:00+01:00,357.0,2020-01-11
uniqueUserZone,OWM Zona3,2020-01-11 05:00:00+01:00,890.0,2020-01-11
uniqueUserZone,OWM Zona2,2020-01-11 05:00:00+01:00,612.0,2020-01-11
uniqueUserZone,OWM Zona1,2020-01-11 05:00:00+01:00,2029.0,2020-01-11
uniqueUserZone,OWM Zona9,2020-01-10 05:00:00+01:00,444.0,2020-01-10
uniqueUserZone,OWM Zona8,2020-01-10 05:00:00+01:00,492.0,2020-01-10
uniqueUserZone,OWM Zona7,2020-01-10 05:00:00+01:00,304.0,2020-01-10
uniqueUserZone,OWM Zona6,2020-01-10 05:00:00+01:00,848.0,2020-01-10
uniqueUserZone,OWM Zona5,2020-01-10 05:00:00+01:00,216.0,2020-01-10
uniqueUserZone,OWM Zona4,2020-01-10 05:00:00+01:00,300.0,2020-01-10
uniqueUserZone,OWM Zona3,2020-01-10 05:00:00+01:00,799.0,2020-01-10
uniqueUserZone,OWM Zona2,2020-01-10 05:00:00+01:00,593.0,2020-01-10
uniqueUserZone,OWM Zona1,2020-01-10 05:00:00+01:00,2353.0,2020-01-10
uniqueUserZone,OWM Zona9,2020-01-09 05:00:00+01:00,482.0,2020-01-09
uniqueUserZone,OWM Zona8,2020-01-09 05:00:00+01:00,636.0,2020-01-09
uniqueUserZone,OWM Zona7,2020-01-09 05:00:00+01:00,366.0,2020-01-09
uniqueUserZone,OWM Zona6,2020-01-09 05:00:00+01:00,841.0,2020-01-09
uniqueUserZone,OWM Zona5,2020-01-09 05:00:00+01:00,319.0,2020-01-09
uniqueUserZone,OWM Zona4,2020-01-09 05:00:00+01:00,360.0,2020-01-09
uniqueUserZone,OWM Zona3,2020-01-09 05:00:00+01:00,948.0,2020-01-09
uniqueUserZone,OWM Zona2,2020-01-09 05:00:00+01:00,592.0,2020-01-09
uniqueUserZone,OWM Zona1,2020-01-09 05:00:00+01:00,2753.0,2020-01-09
uniqueUserZone,OWM Zona9,2020-01-08 05:00:00+01:00,274.0,2020-01-08
uniqueUserZone,OWM Zona8,2020-01-08 05:00:00+01:00,322.0,2020-01-08
uniqueUserZone,OWM Zona7,2020-01-08 05:00:00+01:00,247.0,2020-01-08
uniqueUserZone,OWM Zona6,2020-01-08 05:00:00+01:00,470.0,2020-01-08
uniqueUserZone,OWM Zona5,2020-01-08 05:00:00+01:00,189.0,2020-01-08
uniqueUserZone,OWM Zona4,2020-01-08 05:00:00+01:00,217.0,2020-01-08
uniqueUserZone,OWM Zona3,2020-01-08 05:00:00+01:00,509.0,2020-01-08
uniqueUserZone,OWM Zona2,2020-01-08 05:00:00+01:00,281.0,2020-01-08
uniqueUserZone,OWM Zona1,2020-01-08 05:00:00+01:00,1100.0,2020-01-08
uniqueUserZone,OWM Zona2,2020-01-07 05:00:00+01:00,0.0,2020-01-07
uniqueUserZone,OWM Zona1,2020-01-07 05:00:00+01:00,0.0,2020-01-07
uniqueUserZone,OWM Zona9,2020-01-06 05:00:00+01:00,0.0,2020-01-06
uniqueUserZone,OWM Zona8,2020-01-06 05:00:00+01:00,0.0,2020-01-06
uniqueUserZone,OWM Zona7,2020-01-06 05:00:00+01:00,0.0,2020-01-06
uniqueUserZone,OWM Zona6,2020-01-06 05:00:00+01:00,0.0,2020-01-06
uniqueUserZone,OWM Zona5,2020-01-06 05:00:00+01:00,0.0,2020-01-06
uniqueUserZone,OWM Zona4,2020-01-06 05:00:00+01:00,0.0,2020-01-06
uniqueUserZone,OWM Zona3,2020-01-06 05:00:00+01:00,0.0,2020-01-06
uniqueUserZone,OWM Zona2,2020-01-06 05:00:00+01:00,0.0,2020-01-06
uniqueUserZone,OWM Zona1,2020-01-06 05:00:00+01:00,0.0,2020-01-06
uniqueUserZone,OWM Zona9,2020-01-05 05:00:00+01:00,0.0,2020-01-05
uniqueUserZone,OWM Zona8,2020-01-05 05:00:00+01:00,0.0,2020-01-05
uniqueUserZone,OWM Zona7,2020-01-05 05:00:00+01:00,0.0,2020-01-05
uniqueUserZone,OWM Zona6,2020-01-05 05:00:00+01:00,0.0,2020-01-05
uniqueUserZone,OWM Zona5,2020-01-05 05:00:00+01:00,0.0,2020-01-05
uniqueUserZone,OWM Zona4,2020-01-05 05:00:00+01:00,0.0,2020-01-05
uniqueUserZone,OWM Zona3,2020-01-05 05:00:00+01:00,0.0,2020-01-05
uniqueUserZone,OWM Zona2,2020-01-05 05:00:00+01:00,0.0,2020-01-05
uniqueUserZone,OWM Zona1,2020-01-05 05:00:00+01:00,0.0,2020-01-05
uniqueUserZone,OWM Zona9,2020-01-04 05:00:00+01:00,151.0,2020-01-04
uniqueUserZone,OWM Zona8,2020-01-04 05:00:00+01:00,203.0,2020-01-04
uniqueUserZone,OWM Zona7,2020-01-04 05:00:00+01:00,125.0,2020-01-04
uniqueUserZone,OWM Zona6,2020-01-04 05:00:00+01:00,197.0,2020-01-04
uniqueUserZone,OWM Zona5,2020-01-04 05:00:00+01:00,97.0,2020-01-04
uniqueUserZone,OWM Zona4,2020-01-04 05:00:00+01:00,136.0,2020-01-04
uniqueUserZone,OWM Zona3,2020-01-04 05:00:00+01:00,230.0,2020-01-04
uniqueUserZone,OWM Zona2,2020-01-04 05:00:00+01:00,164.0,2020-01-04
uniqueUserZone,OWM Zona1,2020-01-04 05:00:00+01:00,397.0,2020-01-04
uniqueUserZone,OWM Zona9,2020-01-03 05:00:00+01:00,419.0,2020-01-03
uniqueUserZone,OWM Zona8,2020-01-03 05:00:00+01:00,441.0,2020-01-03
uniqueUserZone,OWM Zona7,2020-01-03 05:00:00+01:00,360.0,2020-01-03
uniqueUserZone,OWM Zona6,2020-01-03 05:00:00+01:00,598.0,2020-01-03
uniqueUserZone,OWM Zona5,2020-01-03 05:00:00+01:00,267.0,2020-01-03
uniqueUserZone,OWM Zona4,2020-01-03 05:00:00+01:00,326.0,2020-01-03
uniqueUserZone,OWM Zona3,2020-01-03 05:00:00+01:00,616.0,2020-01-03
uniqueUserZone,OWM Zona2,2020-01-03 05:00:00+01:00,439.0,2020-01-03
uniqueUserZone,OWM Zona1,2020-01-03 05:00:00+01:00,1398.0,2020-01-03
uniqueUserZone,OWM Zona9,2020-01-02 05:00:00+01:00,523.0,2020-01-02
uniqueUserZone,OWM Zona8,2020-01-02 05:00:00+01:00,661.0,2020-01-02
uniqueUserZone,OWM Zona7,2020-01-02 05:00:00+01:00,457.0,2020-01-02
uniqueUserZone,OWM Zona6,2020-01-02 05:00:00+01:00,714.0,2020-01-02
uniqueUserZone,OWM Zona5,2020-01-02 05:00:00+01:00,329.0,2020-01-02
uniqueUserZone,OWM Zona4,2020-01-02 05:00:00+01:00,375.0,2020-01-02
uniqueUserZone,OWM Zona3,2020-01-02 05:00:00+01:00,953.0,2020-01-02
uniqueUserZone,OWM Zona2,2020-01-02 05:00:00+01:00,571.0,2020-01-02
uniqueUserZone,OWM Zona1,2020-01-02 05:00:00+01:00,1808.0,2020-01-02
uniqueUserZone,OWM Zona9,2020-01-01 05:00:00+01:00,549.0,2020-01-01
uniqueUserZone,OWM Zona8,2020-01-01 05:00:00+01:00,748.0,2020-01-01
uniqueUserZone,OWM Zona7,2020-01-01 05:00:00+01:00,498.0,2020-01-01
uniqueUserZone,OWM Zona6,2020-01-01 05:00:00+01:00,855.0,2020-01-01
uniqueUserZone,OWM Zona5,2020-01-01 05:00:00+01:00,367.0,2020-01-01
uniqueUserZone,OWM Zona4,2020-01-01 05:00:00+01:00,415.0,2020-01-01
uniqueUserZone,OWM Zona3,2020-01-01 05:00:00+01:00,1044.0,2020-01-01
uniqueUserZone,OWM Zona2,2020-01-01 05:00:00+01:00,676.0,2020-01-01
uniqueUserZone,OWM Zona1,2020-01-01 05:00:00+01:00,2197.0,2020-01-01
uniqueUserZone,OWM Zona9,2019-12-31 05:00:00+01:00,494.0,2019-12-31
uniqueUserZone,OWM Zona8,2019-12-31 05:00:00+01:00,585.0,2019-12-31
uniqueUserZone,OWM Zona7,2019-12-31 05:00:00+01:00,419.0,2019-12-31
uniqueUserZone,OWM Zona6,2019-12-31 05:00:00+01:00,768.0,2019-12-31
uniqueUserZone,OWM Zona5,2019-12-31 05:00:00+01:00,303.0,2019-12-31
uniqueUserZone,OWM Zona4,2019-12-31 05:00:00+01:00,410.0,2019-12-31
uniqueUserZone,OWM Zona3,2019-12-31 05:00:00+01:00,884.0,2019-12-31
uniqueUserZone,OWM Zona2,2019-12-31 05:00:00+01:00,567.0,2019-12-31
uniqueUserZone,OWM Zona1,2019-12-31 05:00:00+01:00,2012.0,2019-12-31
uniqueUserZone,OWM Zona9,2019-12-30 05:00:00+01:00,511.0,2019-12-30
uniqueUserZone,OWM Zona8,2019-12-30 05:00:00+01:00,648.0,2019-12-30
uniqueUserZone,OWM Zona7,2019-12-30 05:00:00+01:00,435.0,2019-12-30
uniqueUserZone,OWM Zona6,2019-12-30 05:00:00+01:00,829.0,2019-12-30
uniqueUserZone,OWM Zona5,2019-12-30 05:00:00+01:00,355.0,2019-12-30
uniqueUserZone,OWM Zona4,2019-12-30 05:00:00+01:00,434.0,2019-12-30
uniqueUserZone,OWM Zona3,2019-12-30 05:00:00+01:00,961.0,2019-12-30
uniqueUserZone,OWM Zona2,2019-12-30 05:00:00+01:00,599.0,2019-12-30
uniqueUserZone,OWM Zona1,2019-12-30 05:00:00+01:00,1915.0,2019-12-30
uniqueUserZone,OWM Zona9,2019-12-29 05:00:00+01:00,631.0,2019-12-29
uniqueUserZone,OWM Zona8,2019-12-29 05:00:00+01:00,783.0,2019-12-29
uniqueUserZone,OWM Zona7,2019-12-29 05:00:00+01:00,487.0,2019-12-29
uniqueUserZone,OWM Zona6,2019-12-29 05:00:00+01:00,799.0,2019-12-29
uniqueUserZone,OWM Zona5,2019-12-29 05:00:00+01:00,400.0,2019-12-29
uniqueUserZone,OWM Zona4,2019-12-29 05:00:00+01:00,467.0,2019-12-29
uniqueUserZone,OWM Zona3,2019-12-29 05:00:00+01:00,1300.0,2019-12-29
uniqueUserZone,OWM Zona2,2019-12-29 05:00:00+01:00,652.0,2019-12-29
uniqueUserZone,OWM Zona1,2019-12-29 05:00:00+01:00,1622.0,2019-12-29
uniqueUserZone,OWM Zona9,2019-12-28 05:00:00+01:00,655.0,2019-12-28
uniqueUserZone,OWM Zona8,2019-12-28 05:00:00+01:00,774.0,2019-12-28
uniqueUserZone,OWM Zona7,2019-12-28 05:00:00+01:00,565.0,2019-12-28
uniqueUserZone,OWM Zona6,2019-12-28 05:00:00+01:00,875.0,2019-12-28
uniqueUserZone,OWM Zona5,2019-12-28 05:00:00+01:00,428.0,2019-12-28
uniqueUserZone,OWM Zona4,2019-12-28 05:00:00+01:00,488.0,2019-12-28
uniqueUserZone,OWM Zona3,2019-12-28 05:00:00+01:00,1467.0,2019-12-28
uniqueUserZone,OWM Zona2,2019-12-28 05:00:00+01:00,733.0,2019-12-28
uniqueUserZone,OWM Zona1,2019-12-28 05:00:00+01:00,1750.0,2019-12-28
uniqueUserZone,OWM Zona9,2019-12-27 05:00:00+01:00,646.0,2019-12-27
uniqueUserZone,OWM Zona8,2019-12-27 05:00:00+01:00,745.0,2019-12-27
uniqueUserZone,OWM Zona7,2019-12-27 05:00:00+01:00,474.0,2019-12-27
uniqueUserZone,OWM Zona6,2019-12-27 05:00:00+01:00,856.0,2019-12-27
uniqueUserZone,OWM Zona5,2019-12-27 05:00:00+01:00,439.0,2019-12-27
uniqueUserZone,OWM Zona4,2019-12-27 05:00:00+01:00,486.0,2019-12-27
uniqueUserZone,OWM Zona3,2019-12-27 05:00:00+01:00,1446.0,2019-12-27
uniqueUserZone,OWM Zona2,2019-12-27 05:00:00+01:00,708.0,2019-12-27
uniqueUserZone,OWM Zona1,2019-12-27 05:00:00+01:00,1735.0,2019-12-27
uniqueUserZone,OWM Zona9,2019-12-26 05:00:00+01:00,605.0,2019-12-26
uniqueUserZone,OWM Zona8,2019-12-26 05:00:00+01:00,698.0,2019-12-26
uniqueUserZone,OWM Zona7,2019-12-26 05:00:00+01:00,465.0,2019-12-26
uniqueUserZone,OWM Zona6,2019-12-26 05:00:00+01:00,812.0,2019-12-26
uniqueUserZone,OWM Zona5,2019-12-26 05:00:00+01:00,413.0,2019-12-26
uniqueUserZone,OWM Zona4,2019-12-26 05:00:00+01:00,475.0,2019-12-26
uniqueUserZone,OWM Zona3,2019-12-26 05:00:00+01:00,1421.0,2019-12-26
uniqueUserZone,OWM Zona2,2019-12-26 05:00:00+01:00,695.0,2019-12-26
uniqueUserZone,OWM Zona1,2019-12-26 05:00:00+01:00,1496.0,2019-12-26
uniqueUserZone,OWM Zona9,2019-12-25 05:00:00+01:00,598.0,2019-12-25
uniqueUserZone,OWM Zona8,2019-12-25 05:00:00+01:00,702.0,2019-12-25
uniqueUserZone,OWM Zona7,2019-12-25 05:00:00+01:00,505.0,2019-12-25
uniqueUserZone,OWM Zona6,2019-12-25 05:00:00+01:00,839.0,2019-12-25
uniqueUserZone,OWM Zona5,2019-12-25 05:00:00+01:00,432.0,2019-12-25
uniqueUserZone,OWM Zona4,2019-12-25 05:00:00+01:00,445.0,2019-12-25
uniqueUserZone,OWM Zona3,2019-12-25 05:00:00+01:00,1400.0,2019-12-25
uniqueUserZone,OWM Zona2,2019-12-25 05:00:00+01:00,754.0,2019-12-25
uniqueUserZone,OWM Zona1,2019-12-25 05:00:00+01:00,1634.0,2019-12-25
uniqueUserZone,OWM Zona9,2019-12-24 05:00:00+01:00,474.0,2019-12-24
uniqueUserZone,OWM Zona8,2019-12-24 05:00:00+01:00,520.0,2019-12-24
uniqueUserZone,OWM Zona7,2019-12-24 05:00:00+01:00,359.0,2019-12-24
uniqueUserZone,OWM Zona6,2019-12-24 05:00:00+01:00,773.0,2019-12-24
uniqueUserZone,OWM Zona5,2019-12-24 05:00:00+01:00,311.0,2019-12-24
uniqueUserZone,OWM Zona4,2019-12-24 05:00:00+01:00,395.0,2019-12-24
uniqueUserZone,OWM Zona3,2019-12-24 05:00:00+01:00,1060.0,2019-12-24
uniqueUserZone,OWM Zona2,2019-12-24 05:00:00+01:00,590.0,2019-12-24
uniqueUserZone,OWM Zona1,2019-12-24 05:00:00+01:00,1525.0,2019-12-24
uniqueUserZone,OWM Zona9,2019-12-23 05:00:00+01:00,546.0,2019-12-23
uniqueUserZone,OWM Zona8,2019-12-23 05:00:00+01:00,690.0,2019-12-23
uniqueUserZone,OWM Zona7,2019-12-23 05:00:00+01:00,428.0,2019-12-23
uniqueUserZone,OWM Zona6,2019-12-23 05:00:00+01:00,992.0,2019-12-23
uniqueUserZone,OWM Zona5,2019-12-23 05:00:00+01:00,411.0,2019-12-23
uniqueUserZone,OWM Zona4,2019-12-23 05:00:00+01:00,443.0,2019-12-23
uniqueUserZone,OWM Zona3,2019-12-23 05:00:00+01:00,1391.0,2019-12-23
uniqueUserZone,OWM Zona2,2019-12-23 05:00:00+01:00,714.0,2019-12-23
uniqueUserZone,OWM Zona1,2019-12-23 05:00:00+01:00,2043.0,2019-12-23
uniqueUserZone,OWM Zona9,2019-12-22 05:00:00+01:00,640.0,2019-12-22
uniqueUserZone,OWM Zona8,2019-12-22 05:00:00+01:00,743.0,2019-12-22
uniqueUserZone,OWM Zona7,2019-12-22 05:00:00+01:00,478.0,2019-12-22
uniqueUserZone,OWM Zona6,2019-12-22 05:00:00+01:00,907.0,2019-12-22
uniqueUserZone,OWM Zona5,2019-12-22 05:00:00+01:00,442.0,2019-12-22
uniqueUserZone,OWM Zona4,2019-12-22 05:00:00+01:00,479.0,2019-12-22
uniqueUserZone,OWM Zona3,2019-12-22 05:00:00+01:00,1461.0,2019-12-22
uniqueUserZone,OWM Zona2,2019-12-22 05:00:00+01:00,714.0,2019-12-22
uniqueUserZone,OWM Zona1,2019-12-22 05:00:00+01:00,1750.0,2019-12-22
uniqueUserZone,OWM Zona9,2019-12-21 05:00:00+01:00,631.0,2019-12-21
uniqueUserZone,OWM Zona8,2019-12-21 05:00:00+01:00,720.0,2019-12-21
uniqueUserZone,OWM Zona7,2019-12-21 05:00:00+01:00,479.0,2019-12-21
uniqueUserZone,OWM Zona6,2019-12-21 05:00:00+01:00,892.0,2019-12-21
uniqueUserZone,OWM Zona5,2019-12-21 05:00:00+01:00,457.0,2019-12-21
uniqueUserZone,OWM Zona4,2019-12-21 05:00:00+01:00,457.0,2019-12-21
uniqueUserZone,OWM Zona3,2019-12-21 05:00:00+01:00,1501.0,2019-12-21
uniqueUserZone,OWM Zona2,2019-12-21 05:00:00+01:00,738.0,2019-12-21
uniqueUserZone,OWM Zona1,2019-12-21 05:00:00+01:00,1722.0,2019-12-21
uniqueUserZone,OWM Zona9,2019-12-20 05:00:00+01:00,612.0,2019-12-20
uniqueUserZone,OWM Zona8,2019-12-20 05:00:00+01:00,773.0,2019-12-20
uniqueUserZone,OWM Zona7,2019-12-20 05:00:00+01:00,496.0,2019-12-20
uniqueUserZone,OWM Zona6,2019-12-20 05:00:00+01:00,978.0,2019-12-20
uniqueUserZone,OWM Zona5,2019-12-20 05:00:00+01:00,454.0,2019-12-20
uniqueUserZone,OWM Zona4,2019-12-20 05:00:00+01:00,462.0,2019-12-20
uniqueUserZone,OWM Zona3,2019-12-20 05:00:00+01:00,1558.0,2019-12-20
uniqueUserZone,OWM Zona2,2019-12-20 05:00:00+01:00,802.0,2019-12-20
uniqueUserZone,OWM Zona1,2019-12-20 05:00:00+01:00,1898.0,2019-12-20
uniqueUserZone,OWM Zona9,2019-12-19 05:00:00+01:00,608.0,2019-12-19
uniqueUserZone,OWM Zona8,2019-12-19 05:00:00+01:00,785.0,2019-12-19
uniqueUserZone,OWM Zona7,2019-12-19 05:00:00+01:00,558.0,2019-12-19
uniqueUserZone,OWM Zona6,2019-12-19 05:00:00+01:00,895.0,2019-12-19
uniqueUserZone,OWM Zona5,2019-12-19 05:00:00+01:00,441.0,2019-12-19
uniqueUserZone,OWM Zona4,2019-12-19 05:00:00+01:00,457.0,2019-12-19
uniqueUserZone,OWM Zona3,2019-12-19 05:00:00+01:00,1508.0,2019-12-19
uniqueUserZone,OWM Zona2,2019-12-19 05:00:00+01:00,773.0,2019-12-19
uniqueUserZone,OWM Zona1,2019-12-19 05:00:00+01:00,2093.0,2019-12-19
uniqueUserZone,OWM Zona9,2019-12-18 05:00:00+01:00,605.0,2019-12-18
uniqueUserZone,OWM Zona8,2019-12-18 05:00:00+01:00,699.0,2019-12-18
uniqueUserZone,OWM Zona7,2019-12-18 05:00:00+01:00,508.0,2019-12-18
uniqueUserZone,OWM Zona6,2019-12-18 05:00:00+01:00,877.0,2019-12-18
uniqueUserZone,OWM Zona5,2019-12-18 05:00:00+01:00,440.0,2019-12-18
uniqueUserZone,OWM Zona4,2019-12-18 05:00:00+01:00,423.0,2019-12-18
uniqueUserZone,OWM Zona3,2019-12-18 05:00:00+01:00,1485.0,2019-12-18
uniqueUserZone,OWM Zona2,2019-12-18 05:00:00+01:00,698.0,2019-12-18
uniqueUserZone,OWM Zona1,2019-12-18 05:00:00+01:00,1837.0,2019-12-18
uniqueUserZone,OWM Zona9,2019-12-17 05:00:00+01:00,449.0,2019-12-17
uniqueUserZone,OWM Zona8,2019-12-17 05:00:00+01:00,484.0,2019-12-17
uniqueUserZone,OWM Zona7,2019-12-17 05:00:00+01:00,409.0,2019-12-17
uniqueUserZone,OWM Zona6,2019-12-17 05:00:00+01:00,766.0,2019-12-17
uniqueUserZone,OWM Zona5,2019-12-17 05:00:00+01:00,307.0,2019-12-17
uniqueUserZone,OWM Zona4,2019-12-17 05:00:00+01:00,355.0,2019-12-17
uniqueUserZone,OWM Zona3,2019-12-17 05:00:00+01:00,1040.0,2019-12-17
uniqueUserZone,OWM Zona2,2019-12-17 05:00:00+01:00,596.0,2019-12-17
uniqueUserZone,OWM Zona1,2019-12-17 05:00:00+01:00,1897.0,2019-12-17
uniqueUserZone,OWM Zona9,2019-12-16 05:00:00+01:00,479.0,2019-12-16
uniqueUserZone,OWM Zona8,2019-12-16 05:00:00+01:00,539.0,2019-12-16
uniqueUserZone,OWM Zona7,2019-12-16 05:00:00+01:00,390.0,2019-12-16
uniqueUserZone,OWM Zona6,2019-12-16 05:00:00+01:00,882.0,2019-12-16
uniqueUserZone,OWM Zona5,2019-12-16 05:00:00+01:00,349.0,2019-12-16
uniqueUserZone,OWM Zona4,2019-12-16 05:00:00+01:00,378.0,2019-12-16
uniqueUserZone,OWM Zona3,2019-12-16 05:00:00+01:00,1167.0,2019-12-16
uniqueUserZone,OWM Zona2,2019-12-16 05:00:00+01:00,609.0,2019-12-16
uniqueUserZone,OWM Zona1,2019-12-16 05:00:00+01:00,2086.0,2019-12-16
uniqueUserZone,OWM Zona9,2019-12-15 05:00:00+01:00,537.0,2019-12-15
uniqueUserZone,OWM Zona8,2019-12-15 05:00:00+01:00,631.0,2019-12-15
uniqueUserZone,OWM Zona7,2019-12-15 05:00:00+01:00,443.0,2019-12-15
uniqueUserZone,OWM Zona6,2019-12-15 05:00:00+01:00,891.0,2019-12-15
uniqueUserZone,OWM Zona5,2019-12-15 05:00:00+01:00,436.0,2019-12-15
uniqueUserZone,OWM Zona4,2019-12-15 05:00:00+01:00,412.0,2019-12-15
uniqueUserZone,OWM Zona3,2019-12-15 05:00:00+01:00,1448.0,2019-12-15
uniqueUserZone,OWM Zona2,2019-12-15 05:00:00+01:00,689.0,2019-12-15
uniqueUserZone,OWM Zona1,2019-12-15 05:00:00+01:00,2099.0,2019-12-15
uniqueUserZone,OWM Zona9,2019-12-14 05:00:00+01:00,459.0,2019-12-14
uniqueUserZone,OWM Zona8,2019-12-14 05:00:00+01:00,435.0,2019-12-14
uniqueUserZone,OWM Zona7,2019-12-14 05:00:00+01:00,315.0,2019-12-14
uniqueUserZone,OWM Zona6,2019-12-14 05:00:00+01:00,792.0,2019-12-14
uniqueUserZone,OWM Zona5,2019-12-14 05:00:00+01:00,401.0,2019-12-14
uniqueUserZone,OWM Zona4,2019-12-14 05:00:00+01:00,463.0,2019-12-14
uniqueUserZone,OWM Zona3,2019-12-14 05:00:00+01:00,1383.0,2019-12-14
uniqueUserZone,OWM Zona2,2019-12-14 05:00:00+01:00,582.0,2019-12-14
uniqueUserZone,OWM Zona1,2019-12-14 05:00:00+01:00,1578.0,2019-12-14
uniqueUserZone,OWM Zona9,2019-12-13 05:00:00+01:00,543.0,2019-12-13
uniqueUserZone,OWM Zona8,2019-12-13 05:00:00+01:00,427.0,2019-12-13
uniqueUserZone,OWM Zona7,2019-12-13 05:00:00+01:00,314.0,2019-12-13
uniqueUserZone,OWM Zona6,2019-12-13 05:00:00+01:00,797.0,2019-12-13
uniqueUserZone,OWM Zona5,2019-12-13 05:00:00+01:00,378.0,2019-12-13
uniqueUserZone,OWM Zona4,2019-12-13 05:00:00+01:00,438.0,2019-12-13
uniqueUserZone,OWM Zona3,2019-12-13 05:00:00+01:00,1241.0,2019-12-13
uniqueUserZone,OWM Zona2,2019-12-13 05:00:00+01:00,509.0,2019-12-13
uniqueUserZone,OWM Zona1,2019-12-13 05:00:00+01:00,1277.0,2019-12-13
uniqueUserZone,OWM Zona9,2019-12-12 05:00:00+01:00,504.0,2019-12-12
uniqueUserZone,OWM Zona8,2019-12-12 05:00:00+01:00,442.0,2019-12-12
uniqueUserZone,OWM Zona7,2019-12-12 05:00:00+01:00,296.0,2019-12-12
uniqueUserZone,OWM Zona6,2019-12-12 05:00:00+01:00,775.0,2019-12-12
uniqueUserZone,OWM Zona5,2019-12-12 05:00:00+01:00,386.0,2019-12-12
uniqueUserZone,OWM Zona4,2019-12-12 05:00:00+01:00,427.0,2019-12-12
uniqueUserZone,OWM Zona3,2019-12-12 05:00:00+01:00,1298.0,2019-12-12
uniqueUserZone,OWM Zona2,2019-12-12 05:00:00+01:00,499.0,2019-12-12
uniqueUserZone,OWM Zona1,2019-12-12 05:00:00+01:00,1284.0,2019-12-12
uniqueUserZone,OWM Zona9,2019-12-11 05:00:00+01:00,479.0,2019-12-11
uniqueUserZone,OWM Zona8,2019-12-11 05:00:00+01:00,452.0,2019-12-11
uniqueUserZone,OWM Zona7,2019-12-11 05:00:00+01:00,301.0,2019-12-11
uniqueUserZone,OWM Zona6,2019-12-11 05:00:00+01:00,753.0,2019-12-11
uniqueUserZone,OWM Zona5,2019-12-11 05:00:00+01:00,404.0,2019-12-11
uniqueUserZone,OWM Zona4,2019-12-11 05:00:00+01:00,395.0,2019-12-11
uniqueUserZone,OWM Zona3,2019-12-11 05:00:00+01:00,1263.0,2019-12-11
uniqueUserZone,OWM Zona2,2019-12-11 05:00:00+01:00,528.0,2019-12-11
uniqueUserZone,OWM Zona1,2019-12-11 05:00:00+01:00,1336.0,2019-12-11
uniqueUserZone,OWM Zona9,2019-12-10 05:00:00+01:00,323.0,2019-12-10
uniqueUserZone,OWM Zona8,2019-12-10 05:00:00+01:00,297.0,2019-12-10
uniqueUserZone,OWM Zona7,2019-12-10 05:00:00+01:00,255.0,2019-12-10
uniqueUserZone,OWM Zona6,2019-12-10 05:00:00+01:00,558.0,2019-12-10
uniqueUserZone,OWM Zona5,2019-12-10 05:00:00+01:00,248.0,2019-12-10
uniqueUserZone,OWM Zona9,2019-12-09 05:00:00+01:00,395.0,2019-12-09
uniqueUserZone,OWM Zona8,2019-12-09 05:00:00+01:00,421.0,2019-12-09
uniqueUserZone,OWM Zona7,2019-12-09 05:00:00+01:00,326.0,2019-12-09
uniqueUserZone,OWM Zona6,2019-12-09 05:00:00+01:00,805.0,2019-12-09
uniqueUserZone,OWM Zona5,2019-12-09 05:00:00+01:00,343.0,2019-12-09
uniqueUserZone,OWM Zona4,2019-12-09 05:00:00+01:00,405.0,2019-12-09
uniqueUserZone,OWM Zona3,2019-12-09 05:00:00+01:00,1215.0,2019-12-09
uniqueUserZone,OWM Zona2,2019-12-09 05:00:00+01:00,512.0,2019-12-09
uniqueUserZone,OWM Zona1,2019-12-09 05:00:00+01:00,1538.0,2019-12-09
uniqueUserZone,OWM Zona9,2019-12-08 05:00:00+01:00,326.0,2019-12-08
uniqueUserZone,OWM Zona8,2019-12-08 05:00:00+01:00,324.0,2019-12-08
uniqueUserZone,OWM Zona7,2019-12-08 05:00:00+01:00,216.0,2019-12-08
uniqueUserZone,OWM Zona6,2019-12-08 05:00:00+01:00,750.0,2019-12-08
uniqueUserZone,OWM Zona5,2019-12-08 05:00:00+01:00,386.0,2019-12-08
uniqueUserZone,OWM Zona4,2019-12-08 05:00:00+01:00,447.0,2019-12-08
uniqueUserZone,OWM Zona3,2019-12-08 05:00:00+01:00,1430.0,2019-12-08
uniqueUserZone,OWM Zona2,2019-12-08 05:00:00+01:00,576.0,2019-12-08
uniqueUserZone,OWM Zona1,2019-12-08 05:00:00+01:00,1881.0,2019-12-08
uniqueUserZone,OWM Zona9,2019-12-07 05:00:00+01:00,547.0,2019-12-07
uniqueUserZone,OWM Zona5,2019-12-07 05:00:00+01:00,416.0,2019-12-07
uniqueUserZone,OWM Zona4,2019-12-07 05:00:00+01:00,477.0,2019-12-07
uniqueUserZone,OWM Zona3,2019-12-07 05:00:00+01:00,1392.0,2019-12-07
uniqueUserZone,OWM Zona2,2019-12-07 05:00:00+01:00,578.0,2019-12-07
uniqueUserZone,OWM Zona1,2019-12-07 05:00:00+01:00,1503.0,2019-12-07
uniqueUserZone,OWM Zona9,2019-12-06 05:00:00+01:00,462.0,2019-12-06
uniqueUserZone,OWM Zona8,2019-12-06 05:00:00+01:00,490.0,2019-12-06
uniqueUserZone,OWM Zona7,2019-12-06 05:00:00+01:00,249.0,2019-12-06
uniqueUserZone,OWM Zona6,2019-12-06 05:00:00+01:00,697.0,2019-12-06
uniqueUserZone,OWM Zona5,2019-12-06 05:00:00+01:00,366.0,2019-12-06
uniqueUserZone,OWM Zona4,2019-12-06 05:00:00+01:00,414.0,2019-12-06
uniqueUserZone,OWM Zona3,2019-12-06 05:00:00+01:00,1307.0,2019-12-06
uniqueUserZone,OWM Zona2,2019-12-06 05:00:00+01:00,508.0,2019-12-06
uniqueUserZone,OWM Zona1,2019-12-06 05:00:00+01:00,1255.0,2019-12-06
uniqueUserZone,OWM Zona9,2019-12-05 05:00:00+01:00,544.0,2019-12-05
uniqueUserZone,OWM Zona8,2019-12-05 05:00:00+01:00,533.0,2019-12-05
uniqueUserZone,OWM Zona7,2019-12-05 05:00:00+01:00,278.0,2019-12-05
uniqueUserZone,OWM Zona6,2019-12-05 05:00:00+01:00,858.0,2019-12-05
uniqueUserZone,OWM Zona5,2019-12-05 05:00:00+01:00,363.0,2019-12-05
uniqueUserZone,OWM Zona4,2019-12-05 05:00:00+01:00,422.0,2019-12-05
uniqueUserZone,OWM Zona3,2019-12-05 05:00:00+01:00,1369.0,2019-12-05
uniqueUserZone,OWM Zona2,2019-12-05 05:00:00+01:00,545.0,2019-12-05
uniqueUserZone,OWM Zona1,2019-12-05 05:00:00+01:00,1696.0,2019-12-05
uniqueUserZone,OWM Zona9,2019-12-04 05:00:00+01:00,419.0,2019-12-04
uniqueUserZone,OWM Zona8,2019-12-04 05:00:00+01:00,465.0,2019-12-04
uniqueUserZone,OWM Zona7,2019-12-04 05:00:00+01:00,262.0,2019-12-04
uniqueUserZone,OWM Zona6,2019-12-04 05:00:00+01:00,832.0,2019-12-04
uniqueUserZone,OWM Zona5,2019-12-04 05:00:00+01:00,371.0,2019-12-04
uniqueUserZone,OWM Zona4,2019-12-04 05:00:00+01:00,411.0,2019-12-04
uniqueUserZone,OWM Zona3,2019-12-04 05:00:00+01:00,1363.0,2019-12-04
uniqueUserZone,OWM Zona2,2019-12-04 05:00:00+01:00,603.0,2019-12-04
uniqueUserZone,OWM Zona1,2019-12-04 05:00:00+01:00,1793.0,2019-12-04
uniqueUserZone,OWM Zona9,2019-12-03 05:00:00+01:00,59.0,2019-12-03
uniqueUserZone,OWM Zona8,2019-12-03 05:00:00+01:00,58.0,2019-12-03
uniqueUserZone,OWM Zona7,2019-12-03 05:00:00+01:00,42.0,2019-12-03
uniqueUserZone,OWM Zona6,2019-12-03 05:00:00+01:00,124.0,2019-12-03
uniqueUserZone,OWM Zona5,2019-12-03 05:00:00+01:00,36.0,2019-12-03
uniqueUserZone,OWM Zona4,2019-12-03 05:00:00+01:00,66.0,2019-12-03
uniqueUserZone,OWM Zona3,2019-12-03 05:00:00+01:00,156.0,2019-12-03
uniqueUserZone,OWM Zona2,2019-12-03 05:00:00+01:00,90.0,2019-12-03
uniqueUserZone,OWM Zona1,2019-12-03 05:00:00+01:00,161.0,2019-12-03
uniqueUserZone,OWM Zona9,2019-12-02 05:00:00+01:00,398.0,2019-12-02
uniqueUserZone,OWM Zona8,2019-12-02 05:00:00+01:00,414.0,2019-12-02
uniqueUserZone,OWM Zona7,2019-12-02 05:00:00+01:00,248.0,2019-12-02
uniqueUserZone,OWM Zona6,2019-12-02 05:00:00+01:00,752.0,2019-12-02
uniqueUserZone,OWM Zona5,2019-12-02 05:00:00+01:00,323.0,2019-12-02
uniqueUserZone,OWM Zona4,2019-12-02 05:00:00+01:00,377.0,2019-12-02
uniqueUserZone,OWM Zona3,2019-12-02 05:00:00+01:00,1192.0,2019-12-02
uniqueUserZone,OWM Zona2,2019-12-02 05:00:00+01:00,507.0,2019-12-02
uniqueUserZone,OWM Zona1,2019-12-02 05:00:00+01:00,1438.0,2019-12-02
uniqueUserZone,OWM Zona9,2019-12-01 05:00:00+01:00,499.0,2019-12-01
uniqueUserZone,OWM Zona8,2019-12-01 05:00:00+01:00,499.0,2019-12-01
uniqueUserZone,OWM Zona7,2019-12-01 05:00:00+01:00,318.0,2019-12-01
uniqueUserZone,OWM Zona6,2019-12-01 05:00:00+01:00,846.0,2019-12-01
uniqueUserZone,OWM Zona5,2019-12-01 05:00:00+01:00,401.0,2019-12-01
uniqueUserZone,OWM Zona4,2019-12-01 05:00:00+01:00,438.0,2019-12-01
uniqueUserZone,OWM Zona3,2019-12-01 05:00:00+01:00,1375.0,2019-12-01
uniqueUserZone,OWM Zona2,2019-12-01 05:00:00+01:00,534.0,2019-12-01
uniqueUserZone,OWM Zona1,2019-12-01 05:00:00+01:00,1551.0,2019-12-01
uniqueUserZone,OWM Zona9,2019-11-30 05:00:00+01:00,477.0,2019-11-30
uniqueUserZone,OWM Zona8,2019-11-30 05:00:00+01:00,516.0,2019-11-30
uniqueUserZone,OWM Zona7,2019-11-30 05:00:00+01:00,304.0,2019-11-30
uniqueUserZone,OWM Zona6,2019-11-30 05:00:00+01:00,787.0,2019-11-30
uniqueUserZone,OWM Zona5,2019-11-30 05:00:00+01:00,394.0,2019-11-30
uniqueUserZone,OWM Zona4,2019-11-30 05:00:00+01:00,449.0,2019-11-30
uniqueUserZone,OWM Zona3,2019-11-30 05:00:00+01:00,1340.0,2019-11-30
uniqueUserZone,OWM Zona2,2019-11-30 05:00:00+01:00,501.0,2019-11-30
uniqueUserZone,OWM Zona1,2019-11-30 05:00:00+01:00,1493.0,2019-11-30
uniqueUserZone,OWM Zona9,2019-11-29 05:00:00+01:00,467.0,2019-11-29
uniqueUserZone,OWM Zona8,2019-11-29 05:00:00+01:00,518.0,2019-11-29
uniqueUserZone,OWM Zona7,2019-11-29 05:00:00+01:00,295.0,2019-11-29
uniqueUserZone,OWM Zona6,2019-11-29 05:00:00+01:00,774.0,2019-11-29
uniqueUserZone,OWM Zona5,2019-11-29 05:00:00+01:00,368.0,2019-11-29
uniqueUserZone,OWM Zona4,2019-11-29 05:00:00+01:00,461.0,2019-11-29
uniqueUserZone,OWM Zona3,2019-11-29 05:00:00+01:00,1267.0,2019-11-29
uniqueUserZone,OWM Zona2,2019-11-29 05:00:00+01:00,571.0,2019-11-29
uniqueUserZone,OWM Zona1,2019-11-29 05:00:00+01:00,1489.0,2019-11-29
uniqueUserZone,OWM Zona9,2019-11-28 05:00:00+01:00,431.0,2019-11-28
uniqueUserZone,OWM Zona8,2019-11-28 05:00:00+01:00,431.0,2019-11-28
uniqueUserZone,OWM Zona7,2019-11-28 05:00:00+01:00,246.0,2019-11-28
uniqueUserZone,OWM Zona6,2019-11-28 05:00:00+01:00,643.0,2019-11-28
uniqueUserZone,OWM Zona5,2019-11-28 05:00:00+01:00,315.0,2019-11-28
uniqueUserZone,OWM Zona4,2019-11-28 05:00:00+01:00,384.0,2019-11-28
uniqueUserZone,OWM Zona3,2019-11-28 05:00:00+01:00,1111.0,2019-11-28
uniqueUserZone,OWM Zona2,2019-11-28 05:00:00+01:00,464.0,2019-11-28
uniqueUserZone,OWM Zona1,2019-11-28 05:00:00+01:00,1082.0,2019-11-28
uniqueUserZone,OWM Zona9,2019-11-27 05:00:00+01:00,454.0,2019-11-27
uniqueUserZone,OWM Zona8,2019-11-27 05:00:00+01:00,481.0,2019-11-27
uniqueUserZone,OWM Zona7,2019-11-27 05:00:00+01:00,290.0,2019-11-27
uniqueUserZone,OWM Zona6,2019-11-27 05:00:00+01:00,693.0,2019-11-27
uniqueUserZone,OWM Zona5,2019-11-27 05:00:00+01:00,322.0,2019-11-27
uniqueUserZone,OWM Zona4,2019-11-27 05:00:00+01:00,397.0,2019-11-27
uniqueUserZone,OWM Zona3,2019-11-27 05:00:00+01:00,1168.0,2019-11-27
uniqueUserZone,OWM Zona2,2019-11-27 05:00:00+01:00,558.0,2019-11-27
uniqueUserZone,OWM Zona1,2019-11-27 05:00:00+01:00,1271.0,2019-11-27
uniqueUserZone,OWM Zona9,2019-11-26 05:00:00+01:00,317.0,2019-11-26
uniqueUserZone,OWM Zona8,2019-11-26 05:00:00+01:00,285.0,2019-11-26
uniqueUserZone,OWM Zona7,2019-11-26 05:00:00+01:00,219.0,2019-11-26
uniqueUserZone,OWM Zona6,2019-11-26 05:00:00+01:00,610.0,2019-11-26
uniqueUserZone,OWM Zona5,2019-11-26 05:00:00+01:00,208.0,2019-11-26
uniqueUserZone,OWM Zona4,2019-11-26 05:00:00+01:00,314.0,2019-11-26
uniqueUserZone,OWM Zona3,2019-11-26 05:00:00+01:00,858.0,2019-11-26
uniqueUserZone,OWM Zona2,2019-11-26 05:00:00+01:00,374.0,2019-11-26
uniqueUserZone,OWM Zona1,2019-11-26 05:00:00+01:00,1053.0,2019-11-26
uniqueUserZone,OWM Zona9,2019-11-25 05:00:00+01:00,400.0,2019-11-25
uniqueUserZone,OWM Zona8,2019-11-25 05:00:00+01:00,412.0,2019-11-25
uniqueUserZone,OWM Zona7,2019-11-25 05:00:00+01:00,260.0,2019-11-25
uniqueUserZone,OWM Zona6,2019-11-25 05:00:00+01:00,774.0,2019-11-25
uniqueUserZone,OWM Zona5,2019-11-25 05:00:00+01:00,286.0,2019-11-25
uniqueUserZone,OWM Zona4,2019-11-25 05:00:00+01:00,380.0,2019-11-25
uniqueUserZone,OWM Zona3,2019-11-25 05:00:00+01:00,1095.0,2019-11-25
uniqueUserZone,OWM Zona2,2019-11-25 05:00:00+01:00,493.0,2019-11-25
uniqueUserZone,OWM Zona1,2019-11-25 05:00:00+01:00,1384.0,2019-11-25
uniqueUserZone,OWM Zona9,2019-11-24 05:00:00+01:00,462.0,2019-11-24
uniqueUserZone,OWM Zona8,2019-11-24 05:00:00+01:00,485.0,2019-11-24
uniqueUserZone,OWM Zona7,2019-11-24 05:00:00+01:00,303.0,2019-11-24
uniqueUserZone,OWM Zona6,2019-11-24 05:00:00+01:00,784.0,2019-11-24
uniqueUserZone,OWM Zona5,2019-11-24 05:00:00+01:00,311.0,2019-11-24
uniqueUserZone,OWM Zona4,2019-11-24 05:00:00+01:00,417.0,2019-11-24
uniqueUserZone,OWM Zona3,2019-11-24 05:00:00+01:00,1252.0,2019-11-24
uniqueUserZone,OWM Zona2,2019-11-24 05:00:00+01:00,497.0,2019-11-24
uniqueUserZone,OWM Zona1,2019-11-24 05:00:00+01:00,1369.0,2019-11-24
uniqueUserZone,OWM Zona9,2019-11-23 05:00:00+01:00,490.0,2019-11-23
uniqueUserZone,OWM Zona8,2019-11-23 05:00:00+01:00,508.0,2019-11-23
uniqueUserZone,OWM Zona7,2019-11-23 05:00:00+01:00,296.0,2019-11-23
uniqueUserZone,OWM Zona6,2019-11-23 05:00:00+01:00,693.0,2019-11-23
uniqueUserZone,OWM Zona5,2019-11-23 05:00:00+01:00,304.0,2019-11-23
uniqueUserZone,OWM Zona4,2019-11-23 05:00:00+01:00,411.0,2019-11-23
uniqueUserZone,OWM Zona3,2019-11-23 05:00:00+01:00,1243.0,2019-11-23
uniqueUserZone,OWM Zona2,2019-11-23 05:00:00+01:00,510.0,2019-11-23
uniqueUserZone,OWM Zona1,2019-11-23 05:00:00+01:00,1311.0,2019-11-23
uniqueUserZone,OWM Zona9,2019-11-22 05:00:00+01:00,480.0,2019-11-22
uniqueUserZone,OWM Zona8,2019-11-22 05:00:00+01:00,497.0,2019-11-22
uniqueUserZone,OWM Zona7,2019-11-22 05:00:00+01:00,278.0,2019-11-22
uniqueUserZone,OWM Zona6,2019-11-22 05:00:00+01:00,759.0,2019-11-22
uniqueUserZone,OWM Zona5,2019-11-22 05:00:00+01:00,346.0,2019-11-22
uniqueUserZone,OWM Zona4,2019-11-22 05:00:00+01:00,444.0,2019-11-22
uniqueUserZone,OWM Zona3,2019-11-22 05:00:00+01:00,1253.0,2019-11-22
uniqueUserZone,OWM Zona2,2019-11-22 05:00:00+01:00,524.0,2019-11-22
uniqueUserZone,OWM Zona1,2019-11-22 05:00:00+01:00,1540.0,2019-11-22
uniqueUserZone,OWM Zona9,2019-11-21 05:00:00+01:00,448.0,2019-11-21
uniqueUserZone,OWM Zona8,2019-11-21 05:00:00+01:00,467.0,2019-11-21
uniqueUserZone,OWM Zona7,2019-11-21 05:00:00+01:00,279.0,2019-11-21
uniqueUserZone,OWM Zona6,2019-11-21 05:00:00+01:00,675.0,2019-11-21
uniqueUserZone,OWM Zona5,2019-11-21 05:00:00+01:00,324.0,2019-11-21
uniqueUserZone,OWM Zona4,2019-11-21 05:00:00+01:00,461.0,2019-11-21
uniqueUserZone,OWM Zona3,2019-11-21 05:00:00+01:00,1176.0,2019-11-21
uniqueUserZone,OWM Zona2,2019-11-21 05:00:00+01:00,460.0,2019-11-21
uniqueUserZone,OWM Zona1,2019-11-21 05:00:00+01:00,1352.0,2019-11-21
uniqueUserZone,OWM Zona9,2019-11-20 05:00:00+01:00,393.0,2019-11-20
uniqueUserZone,OWM Zona8,2019-11-20 05:00:00+01:00,497.0,2019-11-20
uniqueUserZone,OWM Zona7,2019-11-20 05:00:00+01:00,266.0,2019-11-20
uniqueUserZone,OWM Zona6,2019-11-20 05:00:00+01:00,665.0,2019-11-20
uniqueUserZone,OWM Zona5,2019-11-20 05:00:00+01:00,325.0,2019-11-20
uniqueUserZone,OWM Zona4,2019-11-20 05:00:00+01:00,512.0,2019-11-20
uniqueUserZone,OWM Zona3,2019-11-20 05:00:00+01:00,1134.0,2019-11-20
uniqueUserZone,OWM Zona2,2019-11-20 05:00:00+01:00,531.0,2019-11-20
uniqueUserZone,OWM Zona1,2019-11-20 05:00:00+01:00,1268.0,2019-11-20
uniqueUserZone,OWM Zona9,2019-11-19 05:00:00+01:00,316.0,2019-11-19
uniqueUserZone,OWM Zona8,2019-11-19 05:00:00+01:00,380.0,2019-11-19
uniqueUserZone,OWM Zona7,2019-11-19 05:00:00+01:00,227.0,2019-11-19
uniqueUserZone,OWM Zona6,2019-11-19 05:00:00+01:00,766.0,2019-11-19
uniqueUserZone,OWM Zona5,2019-11-19 05:00:00+01:00,266.0,2019-11-19
uniqueUserZone,OWM Zona4,2019-11-19 05:00:00+01:00,467.0,2019-11-19
uniqueUserZone,OWM Zona3,2019-11-19 05:00:00+01:00,946.0,2019-11-19
uniqueUserZone,OWM Zona2,2019-11-19 05:00:00+01:00,553.0,2019-11-19
uniqueUserZone,OWM Zona1,2019-11-19 05:00:00+01:00,1655.0,2019-11-19
uniqueUserZone,OWM Zona9,2019-11-18 05:00:00+01:00,363.0,2019-11-18
uniqueUserZone,OWM Zona8,2019-11-18 05:00:00+01:00,456.0,2019-11-18
uniqueUserZone,OWM Zona7,2019-11-18 05:00:00+01:00,265.0,2019-11-18
uniqueUserZone,OWM Zona6,2019-11-18 05:00:00+01:00,855.0,2019-11-18
uniqueUserZone,OWM Zona5,2019-11-18 05:00:00+01:00,303.0,2019-11-18
uniqueUserZone,OWM Zona4,2019-11-18 05:00:00+01:00,552.0,2019-11-18
uniqueUserZone,OWM Zona3,2019-11-18 05:00:00+01:00,1102.0,2019-11-18
uniqueUserZone,OWM Zona4,2019-11-17 05:00:00+01:00,544.0,2019-11-17
uniqueUserZone,OWM Zona3,2019-11-17 05:00:00+01:00,1158.0,2019-11-17
uniqueUserZone,OWM Zona2,2019-11-17 05:00:00+01:00,508.0,2019-11-17
uniqueUserZone,OWM Zona1,2019-11-17 05:00:00+01:00,1493.0,2019-11-17
uniqueUserZone,OWM Zona9,2019-11-16 05:00:00+01:00,396.0,2019-11-16
uniqueUserZone,OWM Zona8,2019-11-16 05:00:00+01:00,447.0,2019-11-16
uniqueUserZone,OWM Zona7,2019-11-16 05:00:00+01:00,258.0,2019-11-16
uniqueUserZone,OWM Zona6,2019-11-16 05:00:00+01:00,625.0,2019-11-16
uniqueUserZone,OWM Zona5,2019-11-16 05:00:00+01:00,295.0,2019-11-16
uniqueUserZone,OWM Zona4,2019-11-16 05:00:00+01:00,550.0,2019-11-16
uniqueUserZone,OWM Zona3,2019-11-16 05:00:00+01:00,1102.0,2019-11-16
uniqueUserZone,OWM Zona2,2019-11-16 05:00:00+01:00,507.0,2019-11-16
uniqueUserZone,OWM Zona1,2019-11-16 05:00:00+01:00,1304.0,2019-11-16
uniqueUserZone,OWM Zona9,2019-11-15 05:00:00+01:00,352.0,2019-11-15
uniqueUserZone,OWM Zona8,2019-11-15 05:00:00+01:00,352.0,2019-11-15
uniqueUserZone,OWM Zona7,2019-11-15 05:00:00+01:00,223.0,2019-11-15
uniqueUserZone,OWM Zona6,2019-11-15 05:00:00+01:00,550.0,2019-11-15
uniqueUserZone,OWM Zona5,2019-11-15 05:00:00+01:00,269.0,2019-11-15
uniqueUserZone,OWM Zona4,2019-11-15 05:00:00+01:00,454.0,2019-11-15
uniqueUserZone,OWM Zona3,2019-11-15 05:00:00+01:00,929.0,2019-11-15
uniqueUserZone,OWM Zona2,2019-11-15 05:00:00+01:00,408.0,2019-11-15
uniqueUserZone,OWM Zona1,2019-11-15 05:00:00+01:00,1082.0,2019-11-15
uniqueUserZone,OWM Zona9,2019-11-14 05:00:00+01:00,351.0,2019-11-14
uniqueUserZone,OWM Zona8,2019-11-14 05:00:00+01:00,416.0,2019-11-14
uniqueUserZone,OWM Zona7,2019-11-14 05:00:00+01:00,230.0,2019-11-14
uniqueUserZone,OWM Zona6,2019-11-14 05:00:00+01:00,630.0,2019-11-14
uniqueUserZone,OWM Zona7,2019-11-13 05:00:00+01:00,235.0,2019-11-13
uniqueUserZone,OWM Zona6,2019-11-13 05:00:00+01:00,576.0,2019-11-13
uniqueUserZone,OWM Zona5,2019-11-13 05:00:00+01:00,276.0,2019-11-13
uniqueUserZone,OWM Zona4,2019-11-13 05:00:00+01:00,497.0,2019-11-13
uniqueUserZone,OWM Zona3,2019-11-13 05:00:00+01:00,975.0,2019-11-13
uniqueUserZone,OWM Zona2,2019-11-13 05:00:00+01:00,553.0,2019-11-13
uniqueUserZone,OWM Zona1,2019-11-13 05:00:00+01:00,1202.0,2019-11-13
uniqueUserZone,OWM Zona9,2019-11-12 05:00:00+01:00,221.0,2019-11-12
uniqueUserZone,OWM Zona8,2019-11-12 05:00:00+01:00,271.0,2019-11-12
uniqueUserZone,OWM Zona7,2019-11-12 05:00:00+01:00,163.0,2019-11-12
uniqueUserZone,OWM Zona6,2019-11-12 05:00:00+01:00,429.0,2019-11-12
uniqueUserZone,OWM Zona5,2019-11-12 05:00:00+01:00,190.0,2019-11-12
uniqueUserZone,OWM Zona4,2019-11-12 05:00:00+01:00,317.0,2019-11-12
uniqueUserZone,OWM Zona3,2019-11-12 05:00:00+01:00,681.0,2019-11-12
uniqueUserZone,OWM Zona2,2019-11-12 05:00:00+01:00,389.0,2019-11-12
uniqueUserZone,OWM Zona1,2019-11-12 05:00:00+01:00,950.0,2019-11-12
uniqueUserZone,OWM Zona9,2019-11-11 05:00:00+01:00,266.0,2019-11-11
uniqueUserZone,OWM Zona8,2019-11-11 05:00:00+01:00,344.0,2019-11-11
uniqueUserZone,OWM Zona7,2019-11-11 05:00:00+01:00,172.0,2019-11-11
uniqueUserZone,OWM Zona6,2019-11-11 05:00:00+01:00,599.0,2019-11-11
uniqueUserZone,OWM Zona5,2019-11-11 05:00:00+01:00,208.0,2019-11-11
uniqueUserZone,OWM Zona4,2019-11-11 05:00:00+01:00,367.0,2019-11-11
uniqueUserZone,OWM Zona3,2019-11-11 05:00:00+01:00,861.0,2019-11-11
uniqueUserZone,OWM Zona2,2019-11-11 05:00:00+01:00,495.0,2019-11-11
uniqueUserZone,OWM Zona1,2019-11-11 05:00:00+01:00,1338.0,2019-11-11
uniqueUserZone,OWM Zona9,2019-11-10 05:00:00+01:00,276.0,2019-11-10
uniqueUserZone,OWM Zona8,2019-11-10 05:00:00+01:00,351.0,2019-11-10
uniqueUserZone,OWM Zona9,2019-11-09 05:00:00+01:00,435.0,2019-11-09
uniqueUserZone,OWM Zona8,2019-11-09 05:00:00+01:00,483.0,2019-11-09
uniqueUserZone,OWM Zona7,2019-11-09 05:00:00+01:00,297.0,2019-11-09
uniqueUserZone,OWM Zona6,2019-11-09 05:00:00+01:00,811.0,2019-11-09
uniqueUserZone,OWM Zona5,2019-11-09 05:00:00+01:00,303.0,2019-11-09
uniqueUserZone,OWM Zona4,2019-11-09 05:00:00+01:00,567.0,2019-11-09
uniqueUserZone,OWM Zona3,2019-11-09 05:00:00+01:00,1276.0,2019-11-09
uniqueUserZone,OWM Zona2,2019-11-09 05:00:00+01:00,606.0,2019-11-09
uniqueUserZone,OWM Zona1,2019-11-09 05:00:00+01:00,1831.0,2019-11-09
uniqueUserZone,OWM Zona9,2019-11-08 05:00:00+01:00,363.0,2019-11-08
uniqueUserZone,OWM Zona8,2019-11-08 05:00:00+01:00,444.0,2019-11-08
uniqueUserZone,OWM Zona7,2019-11-08 05:00:00+01:00,246.0,2019-11-08
uniqueUserZone,OWM Zona6,2019-11-08 05:00:00+01:00,647.0,2019-11-08
uniqueUserZone,OWM Zona5,2019-11-08 05:00:00+01:00,270.0,2019-11-08
uniqueUserZone,OWM Zona4,2019-11-08 05:00:00+01:00,487.0,2019-11-08
uniqueUserZone,OWM Zona3,2019-11-08 05:00:00+01:00,996.0,2019-11-08
uniqueUserZone,OWM Zona2,2019-11-08 05:00:00+01:00,566.0,2019-11-08
uniqueUserZone,OWM Zona1,2019-11-08 05:00:00+01:00,1599.0,2019-11-08
uniqueUserZone,OWM Zona9,2019-11-07 05:00:00+01:00,344.0,2019-11-07
uniqueUserZone,OWM Zona8,2019-11-07 05:00:00+01:00,435.0,2019-11-07
uniqueUserZone,OWM Zona7,2019-11-07 05:00:00+01:00,241.0,2019-11-07
uniqueUserZone,OWM Zona6,2019-11-07 05:00:00+01:00,601.0,2019-11-07
uniqueUserZone,OWM Zona9,2019-11-06 05:00:00+01:00,358.0,2019-11-06
uniqueUserZone,OWM Zona8,2019-11-06 05:00:00+01:00,505.0,2019-11-06
uniqueUserZone,OWM Zona7,2019-11-06 05:00:00+01:00,229.0,2019-11-06
uniqueUserZone,OWM Zona6,2019-11-06 05:00:00+01:00,692.0,2019-11-06
uniqueUserZone,OWM Zona5,2019-11-06 05:00:00+01:00,246.0,2019-11-06
uniqueUserZone,OWM Zona4,2019-11-06 05:00:00+01:00,458.0,2019-11-06
uniqueUserZone,OWM Zona3,2019-11-06 05:00:00+01:00,997.0,2019-11-06
uniqueUserZone,OWM Zona2,2019-11-06 05:00:00+01:00,688.0,2019-11-06
uniqueUserZone,OWM Zona1,2019-11-06 05:00:00+01:00,1692.0,2019-11-06
uniqueUserZone,OWM Zona9,2019-11-05 06:00:00+01:00,293.0,2019-11-05
uniqueUserZone,OWM Zona8,2019-11-05 06:00:00+01:00,365.0,2019-11-05
uniqueUserZone,OWM Zona7,2019-11-05 06:00:00+01:00,178.0,2019-11-05
uniqueUserZone,OWM Zona6,2019-11-05 06:00:00+01:00,710.0,2019-11-05
uniqueUserZone,OWM Zona5,2019-11-05 06:00:00+01:00,183.0,2019-11-05
uniqueUserZone,OWM Zona4,2019-11-05 06:00:00+01:00,386.0,2019-11-05
uniqueUserZone,OWM Zona3,2019-11-05 06:00:00+01:00,825.0,2019-11-05
uniqueUserZone,OWM Zona2,2019-11-05 06:00:00+01:00,600.0,2019-11-05
uniqueUserZone,OWM Zona1,2019-11-05 06:00:00+01:00,1836.0,2019-11-05
uniqueUserZone,OWM Zona9,2019-11-04 18:00:00+01:00,319.0,2019-11-04
uniqueUserZone,OWM Zona8,2019-11-04 18:00:00+01:00,377.0,2019-11-04
uniqueUserZone,OWM Zona7,2019-11-04 18:00:00+01:00,178.0,2019-11-04
uniqueUserZone,OWM Zona6,2019-11-04 18:00:00+01:00,717.0,2019-11-04
uniqueUserZone,OWM Zona5,2019-11-04 18:00:00+01:00,198.0,2019-11-04
uniqueUserZone,OWM Zona4,2019-11-04 18:00:00+01:00,355.0,2019-11-04
uniqueUserZone,OWM Zona3,2019-11-04 18:00:00+01:00,876.0,2019-11-04
uniqueUserZone,OWM Zona2,2019-11-04 18:00:00+01:00,604.0,2019-11-04
uniqueUserZone,OWM Zona1,2019-11-04 18:00:00+01:00,1936.0,2019-11-04
uniqueUserZone,OWM Zona9,2019-11-04 06:00:00+01:00,288.0,2019-11-04
uniqueUserZone,OWM Zona8,2019-11-04 06:00:00+01:00,394.0,2019-11-04
uniqueUserZone,OWM Zona7,2019-11-04 06:00:00+01:00,175.0,2019-11-04
uniqueUserZone,OWM Zona6,2019-11-04 06:00:00+01:00,621.0,2019-11-04
uniqueUserZone,OWM Zona5,2019-11-04 06:00:00+01:00,205.0,2019-11-04
uniqueUserZone,OWM Zona4,2019-11-04 06:00:00+01:00,300.0,2019-11-04
uniqueUserZone,OWM Zona3,2019-11-04 06:00:00+01:00,814.0,2019-11-04
uniqueUserZone,OWM Zona2,2019-11-04 06:00:00+01:00,510.0,2019-11-04
uniqueUserZone,OWM Zona1,2019-11-04 06:00:00+01:00,1654.0,2019-11-04
uniqueUserZone,OWM Zona9,2019-11-03 18:00:00+01:00,232.0,2019-11-03
uniqueUserZone,OWM Zona8,2019-11-03 18:00:00+01:00,309.0,2019-11-03
uniqueUserZone,OWM Zona7,2019-11-03 18:00:00+01:00,126.0,2019-11-03
uniqueUserZone,OWM Zona6,2019-11-03 18:00:00+01:00,339.0,2019-11-03
uniqueUserZone,OWM Zona5,2019-11-03 18:00:00+01:00,144.0,2019-11-03
uniqueUserZone,OWM Zona4,2019-11-03 18:00:00+01:00,236.0,2019-11-03
uniqueUserZone,OWM Zona3,2019-11-03 18:00:00+01:00,651.0,2019-11-03
uniqueUserZone,OWM Zona2,2019-11-03 18:00:00+01:00,363.0,2019-11-03
uniqueUserZone,OWM Zona1,2019-11-03 18:00:00+01:00,982.0,2019-11-03
uniqueUserZone,OWM Zona9,2019-11-03 06:00:00+01:00,293.0,2019-11-03
uniqueUserZone,OWM Zona8,2019-11-03 06:00:00+01:00,361.0,2019-11-03
uniqueUserZone,OWM Zona7,2019-11-03 06:00:00+01:00,160.0,2019-11-03
uniqueUserZone,OWM Zona6,2019-11-03 06:00:00+01:00,532.0,2019-11-03
uniqueUserZone,OWM Zona5,2019-11-03 06:00:00+01:00,167.0,2019-11-03
uniqueUserZone,OWM Zona4,2019-11-03 06:00:00+01:00,285.0,2019-11-03
uniqueUserZone,OWM Zona3,2019-11-03 06:00:00+01:00,797.0,2019-11-03
uniqueUserZone,OWM Zona2,2019-11-03 06:00:00+01:00,531.0,2019-11-03
uniqueUserZone,OWM Zona1,2019-11-03 06:00:00+01:00,1508.0,2019-11-03
uniqueUserZone,OWM Zona9,2019-11-02 18:00:00+01:00,258.0,2019-11-02
uniqueUserZone,OWM Zona8,2019-11-02 18:00:00+01:00,326.0,2019-11-02
uniqueUserZone,OWM Zona7,2019-11-02 18:00:00+01:00,130.0,2019-11-02
uniqueUserZone,OWM Zona6,2019-11-02 18:00:00+01:00,482.0,2019-11-02
uniqueUserZone,OWM Zona5,2019-11-02 18:00:00+01:00,141.0,2019-11-02
uniqueUserZone,OWM Zona4,2019-11-02 18:00:00+01:00,231.0,2019-11-02
uniqueUserZone,OWM Zona3,2019-11-02 18:00:00+01:00,733.0,2019-11-02
uniqueUserZone,OWM Zona2,2019-11-02 18:00:00+01:00,439.0,2019-11-02
uniqueUserZone,OWM Zona1,2019-11-02 18:00:00+01:00,1361.0,2019-11-02
uniqueUserZone,OWM Zona9,2019-11-02 06:00:00+01:00,163.0,2019-11-02
uniqueUserZone,OWM Zona8,2019-11-02 06:00:00+01:00,253.0,2019-11-02
uniqueUserZone,OWM Zona7,2019-11-02 06:00:00+01:00,95.0,2019-11-02
uniqueUserZone,OWM Zona6,2019-11-02 06:00:00+01:00,281.0,2019-11-02
uniqueUserZone,OWM Zona5,2019-11-02 06:00:00+01:00,100.0,2019-11-02
uniqueUserZone,OWM Zona4,2019-11-02 06:00:00+01:00,173.0,2019-11-02
uniqueUserZone,OWM Zona3,2019-11-02 06:00:00+01:00,514.0,2019-11-02
uniqueUserZone,OWM Zona2,2019-11-02 06:00:00+01:00,293.0,2019-11-02
uniqueUserZone,OWM Zona1,2019-11-02 06:00:00+01:00,787.0,2019-11-02
uniqueUserZone,OWM Zona9,2019-11-01 18:00:00+01:00,142.0,2019-11-01
uniqueUserZone,OWM Zona8,2019-11-01 18:00:00+01:00,253.0,2019-11-01
uniqueUserZone,OWM Zona7,2019-11-01 18:00:00+01:00,102.0,2019-11-01
uniqueUserZone,OWM Zona6,2019-11-01 18:00:00+01:00,352.0,2019-11-01
uniqueUserZone,OWM Zona5,2019-11-01 18:00:00+01:00,91.0,2019-11-01
uniqueUserZone,OWM Zona4,2019-11-01 18:00:00+01:00,161.0,2019-11-01
uniqueUserZone,OWM Zona8,2019-11-01 06:00:00+01:00,197.0,2019-11-01
uniqueUserZone,OWM Zona7,2019-11-01 06:00:00+01:00,81.0,2019-11-01
uniqueUserZone,OWM Zona6,2019-11-01 06:00:00+01:00,294.0,2019-11-01
uniqueUserZone,OWM Zona5,2019-11-01 06:00:00+01:00,76.0,2019-11-01
uniqueUserZone,OWM Zona4,2019-11-01 06:00:00+01:00,137.0,2019-11-01
uniqueUserZone,OWM Zona3,2019-11-01 06:00:00+01:00,451.0,2019-11-01
uniqueUserZone,OWM Zona2,2019-11-01 06:00:00+01:00,226.0,2019-11-01
uniqueUserZone,OWM Zona1,2019-11-01 06:00:00+01:00,1041.0,2019-11-01
uniqueUserZone,OWM Zona9,2019-10-31 18:00:00+01:00,88.0,2019-10-31
uniqueUserZone,OWM Zona8,2019-10-31 18:00:00+01:00,108.0,2019-10-31
uniqueUserZone,OWM Zona7,2019-10-31 18:00:00+01:00,54.0,2019-10-31
uniqueUserZone,OWM Zona6,2019-10-31 18:00:00+01:00,163.0,2019-10-31
uniqueUserZone,OWM Zona5,2019-10-31 18:00:00+01:00,40.0,2019-10-31
uniqueUserZone,OWM Zona4,2019-10-31 18:00:00+01:00,75.0,2019-10-31
uniqueUserZone,OWM Zona3,2019-10-31 18:00:00+01:00,211.0,2019-10-31
uniqueUserZone,OWM Zona2,2019-10-31 18:00:00+01:00,106.0,2019-10-31
uniqueUserZone,OWM Zona1,2019-10-31 18:00:00+01:00,520.0,2019-10-31
